2026-01-13 16:12:06 Running EnterpriseDB Migration Toolkit (Build 55.13.0) ...
2026-01-13 16:12:06 Reading properties from environment
2026-01-13 16:12:07 Source database connectivity info...
2026-01-13 16:12:07 conn =jdbc:oracle:thin:@testoracle:1521:test1
2026-01-13 16:12:07 user =system
2026-01-13 16:12:07 password=******
2026-01-13 16:12:07 Target database connectivity info...
2026-01-13 16:12:07 conn =jdbc:edb://test1:7654/testpost
2026-01-13 16:12:07 user =testpost1
2026-01-13 16:12:07 password=******
2026-01-13 16:12:07 Connecting with source Oracle database server...
2026-01-13 16:12:07 Connected to Oracle, version 'Oracle Database 12c Enterprise Edition Release 12.2.0.1.0 - 64bit Production'
2026-01-13 16:12:07 Connecting with target EDB Postgres database server...
2026-01-13 16:12:07 Connected to EnterpriseDB, version '15.14.0'
2026-01-13 16:12:07 Importing redwood schema E780...
2026-01-13 16:12:07 Table List: 'E780_IF_FILE_ATTACHMENT'
2026-01-13 16:12:07 Getting Table Definitions
2026-01-13 16:12:10 Evaluating tables for parallel data load...
2026-01-13 16:12:10 Getting Constraint Definitions
2026-01-13 16:12:11 Next table: E780.E780_IF_FILE_ATTACHMENT
2026-01-13 16:12:11 Evaluating table E780.E780_IF_FILE_ATTACHMENT for parallel data load...
2026-01-13 16:12:11 Processing table E780.E780_IF_FILE_ATTACHMENT for parallel data load (Row count: 134150)...
2026-01-13 16:12:11 Row increment = 36375
2026-01-13 16:12:11 Starting row = 1
2026-01-13 16:12:11 Starting row = 36376
2026-01-13 16:12:11 Starting row = 72751
2026-01-13 16:12:11 Starting row = 109126
2026-01-13 16:12:11 Initializing Data Loader 1...
2026-01-13 16:12:12 Initializing Data Loader 2...
2026-01-13 16:12:12 Initializing Data Loader 3...
2026-01-13 16:12:12 Initializing Data Loader 4...
2026-01-13 16:12:14 Loading Table Data in 8 MB batches...
2026-01-13 16:12:14 Loading Large Objects into table: e780.e780_if_file_attachment ...
2026-01-13 16:12:14 Loading Large Objects into table: e780.e780_if_file_attachment ...
2026-01-13 16:12:14 Loading Large Objects into table: e780.e780_if_file_attachment ...
2026-01-13 16:12:14 Loading Large Objects into table: e780.e780_if_file_attachment ...
2026-01-13 16:12:14 getSelectSQL: SELECT ID, CONTENT, FILE_NAME FROM E780.E780_IF_FILE_ATTACHMENT AS OF SCN  9419782475602  WHERE ID BETWEEN 109126 AND 145500
2026-01-13 16:12:14 getSelectSQL: SELECT ID, CONTENT, FILE_NAME FROM E780.E780_IF_FILE_ATTACHMENT AS OF SCN  9419782475602  WHERE ID BETWEEN 36376 AND 72750
2026-01-13 16:12:14 getSelectSQL: SELECT ID, CONTENT, FILE_NAME FROM E780.E780_IF_FILE_ATTACHMENT AS OF SCN  9419782475602  WHERE ID BETWEEN 72751 AND 109125
2026-01-13 16:12:14 getSelectSQL: SELECT ID, CONTENT, FILE_NAME FROM E780.E780_IF_FILE_ATTACHMENT AS OF SCN  9419782475602  WHERE ID BETWEEN 1 AND 36375
2026-01-13 16:12:14 [E780.E780_IF_FILE_ATTACHMENT (Part 3)] Migrated 1 rows.
2026-01-13 16:12:14 [E780.E780_IF_FILE_ATTACHMENT (Part 4)] Migrated 1 rows.
2026-01-13 16:12:14 [E780.E780_IF_FILE_ATTACHMENT (Part 2)] Migrated 1 rows.
2026-01-13 16:12:14 [E780.E780_IF_FILE_ATTACHMENT (Part 1)] Migrated 1 rows.
2026-01-13 16:12:14 [E780.E780_IF_FILE_ATTACHMENT (Part 4)] Migrated 2 rows.
2026-01-13 16:12:14 [E780.E780_IF_FILE_ATTACHMENT (Part 2)] Migrated 2 rows.
2026-01-13 16:12:14 [E780.E780_IF_FILE_ATTACHMENT (Part 1)] Migrated 2 rows.
2026-01-13 16:12:14 [E780.E780_IF_FILE_ATTACHMENT (Part 1)] Migrated 3 rows.
2026-01-13 16:12:14 [E780.E780_IF_FILE_ATTACHMENT (Part 4)] Migrated 3 rows.
2026-01-13 16:12:14 [E780.E780_IF_FILE_ATTACHMENT (Part 1)] Migrated 4 rows.
2026-01-13 16:12:14 [E780.E780_IF_FILE_ATTACHMENT (Part 2)] Migrated 3 rows.
2026-01-13 16:12:14 [E780.E780_IF_FILE_ATTACHMENT (Part 4)] Migrated 4 rows.
2026-01-13 16:12:14 [E780.E780_IF_FILE_ATTACHMENT (Part 1)] Migrated 5 rows.
2026-01-13 16:12:14 [E780.E780_IF_FILE_ATTACHMENT (Part 1)] Migrated 6 rows.
2026-01-13 16:12:14 [E780.E780_IF_FILE_ATTACHMENT (Part 1)] Migrated 7 rows.
2026-01-13 16:12:14 [E780.E780_IF_FILE_ATTACHMENT (Part 1)] Migrated 8 rows.
2026-01-13 16:12:14 [E780.E780_IF_FILE_ATTACHMENT (Part 1)] Migrated 9 rows.
2026-01-13 16:12:14 [E780.E780_IF_FILE_ATTACHMENT (Part 1)] Migrated 10 rows.
2026-01-13 16:12:14 [E780.E780_IF_FILE_ATTACHMENT (Part 2)] Migrated 4 rows.
2026-01-13 16:12:14 [E780.E780_IF_FILE_ATTACHMENT (Part 1)] Migrated 11 rows.
2026-01-13 16:12:15 [E780.E780_IF_FILE_ATTACHMENT (Part 4)] Migrated 5 rows.
2026-01-13 16:12:15 [E780.E780_IF_FILE_ATTACHMENT (Part 2)] Migrated 5 rows.
2026-01-13 16:12:15 [E780.E780_IF_FILE_ATTACHMENT (Part 2)] Migrated 6 rows.
2026-01-13 16:12:15 [E780.E780_IF_FILE_ATTACHMENT (Part 4)] Migrated 6 rows.
2026-01-13 16:12:15 [E780.E780_IF_FILE_ATTACHMENT (Part 1)] Migrated 12 rows.
2026-01-13 16:12:15 [E780.E780_IF_FILE_ATTACHMENT (Part 2)] Migrated 7 rows.
2026-01-13 16:12:15 [E780.E780_IF_FILE_ATTACHMENT (Part 4)] Migrated 7 rows.
2026-01-13 16:12:15 [E780.E780_IF_FILE_ATTACHMENT (Part 1)] Migrated 13 rows.
2026-01-13 16:12:15 [E780.E780_IF_FILE_ATTACHMENT (Part 4)] Migrated 8 rows.
2026-01-13 16:12:15 [E780.E780_IF_FILE_ATTACHMENT (Part 1)] Migrated 14 rows.
2026-01-13 16:12:15 [E780.E780_IF_FILE_ATTACHMENT (Part 4)] Migrated 9 rows.
2026-01-13 16:12:15 [E780.E780_IF_FILE_ATTACHMENT (Part 4)] Migrated 10 rows.
2026-01-13 16:12:15 [E780.E780_IF_FILE_ATTACHMENT (Part 1)] Migrated 15 rows.
2026-01-13 16:12:15 [E780.E780_IF_FILE_ATTACHMENT (Part 3)] Migrated 2 rows.
2026-01-13 16:12:15 [E780.E780_IF_FILE_ATTACHMENT (Part 4)] Migrated 11 rows.
2026-01-13 16:12:15 [E780.E780_IF_FILE_ATTACHMENT (Part 1)] Migrated 16 rows.
2026-01-13 16:12:15 [E780.E780_IF_FILE_ATTACHMENT (Part 4)] Migrated 12 rows.
2026-01-13 16:12:15 [E780.E780_IF_FILE_ATTACHMENT (Part 3)] Migrated 3 rows.
2026-01-13 16:12:15 [E780.E780_IF_FILE_ATTACHMENT (Part 2)] Migrated 8 rows.
2026-01-13 16:12:15 [E780.E780_IF_FILE_ATTACHMENT (Part 1)] Migrated 17 rows.
2026-01-13 16:12:15 [E780.E780_IF_FILE_ATTACHMENT (Part 3)] Migrated 4 rows.
2026-01-13 16:12:15 [E780.E780_IF_FILE_ATTACHMENT (Part 1)] Migrated 18 rows.
2026-01-13 16:12:15 [E780.E780_IF_FILE_ATTACHMENT (Part 3)] Migrated 5 rows.
2026-01-13 16:12:15 [E780.E780_IF_FILE_ATTACHMENT (Part 1)] Migrated 19 rows.
2026-01-13 16:12:15 [E780.E780_IF_FILE_ATTACHMENT (Part 3)] Migrated 6 rows.
2026-01-13 16:12:15 [E780.E780_IF_FILE_ATTACHMENT (Part 3)] Migrated 7 rows.
2026-01-13 16:12:15 [E780.E780_IF_FILE_ATTACHMENT (Part 1)] Migrated 20 rows.
2026-01-13 16:12:15 [E780.E780_IF_FILE_ATTACHMENT (Part 4)] Migrated 13 rows.
2026-01-13 16:12:15 [E780.E780_IF_FILE_ATTACHMENT (Part 3)] Migrated 8 rows.
2026-01-13 16:12:15 [E780.E780_IF_FILE_ATTACHMENT (Part 4)] Migrated 14 rows.
2026-01-13 16:12:15 [E780.E780_IF_FILE_ATTACHMENT (Part 3)] Migrated 9 rows.
2026-01-13 16:12:15 [E780.E780_IF_FILE_ATTACHMENT (Part 1)] Migrated 21 rows.
2026-01-13 16:12:15 [E780.E780_IF_FILE_ATTACHMENT (Part 4)] Migrated 15 rows.
2026-01-13 16:12:15 [E780.E780_IF_FILE_ATTACHMENT (Part 1)] Migrated 22 rows.
2026-01-13 16:12:15 [E780.E780_IF_FILE_ATTACHMENT (Part 1)] Migrated 23 rows.
2026-01-13 16:12:15 [E780.E780_IF_FILE_ATTACHMENT (Part 4)] Migrated 16 rows.
2026-01-13 16:12:15 [E780.E780_IF_FILE_ATTACHMENT (Part 3)] Migrated 10 rows.
2026-01-13 16:12:15 [E780.E780_IF_FILE_ATTACHMENT (Part 1)] Migrated 24 rows.
2026-01-13 16:12:15 [E780.E780_IF_FILE_ATTACHMENT (Part 1)] Migrated 25 rows.
2026-01-13 16:12:15 [E780.E780_IF_FILE_ATTACHMENT (Part 4)] Migrated 17 rows.
2026-01-13 16:12:15 [E780.E780_IF_FILE_ATTACHMENT (Part 3)] Migrated 11 rows.
2026-01-13 16:12:15 [E780.E780_IF_FILE_ATTACHMENT (Part 2)] Migrated 9 rows.
2026-01-13 16:12:15 [E780.E780_IF_FILE_ATTACHMENT (Part 1)] Migrated 26 rows.
2026-01-13 16:12:15 [E780.E780_IF_FILE_ATTACHMENT (Part 1)] Migrated 27 rows.
2026-01-13 16:12:15 [E780.E780_IF_FILE_ATTACHMENT (Part 3)] Migrated 12 rows.
2026-01-13 16:12:15 [E780.E780_IF_FILE_ATTACHMENT (Part 1)] Migrated 28 rows.
2026-01-13 16:12:15 [E780.E780_IF_FILE_ATTACHMENT (Part 3)] Migrated 13 rows.
2026-01-13 16:12:15 [E780.E780_IF_FILE_ATTACHMENT (Part 1)] Migrated 29 rows.
2026-01-13 16:12:16 [E780.E780_IF_FILE_ATTACHMENT (Part 3)] Migrated 14 rows.
2026-01-13 16:12:16 [E780.E780_IF_FILE_ATTACHMENT (Part 1)] Migrated 30 rows.
2026-01-13 16:12:16 [E780.E780_IF_FILE_ATTACHMENT (Part 4)] Migrated 18 rows.
2026-01-13 16:12:16 [E780.E780_IF_FILE_ATTACHMENT (Part 3)] Migrated 15 rows.
2026-01-13 16:12:16 [E780.E780_IF_FILE_ATTACHMENT (Part 2)] Migrated 10 rows.
2026-01-13 16:12:16 [E780.E780_IF_FILE_ATTACHMENT (Part 1)] Migrated 31 rows.
2026-01-13 16:12:16 [E780.E780_IF_FILE_ATTACHMENT (Part 3)] Migrated 16 rows.
2026-01-13 16:12:16 [E780.E780_IF_FILE_ATTACHMENT (Part 4)] Migrated 19 rows.
2026-01-13 16:12:16 [E780.E780_IF_FILE_ATTACHMENT (Part 1)] Migrated 32 rows.
2026-01-13 16:12:16 [E780.E780_IF_FILE_ATTACHMENT (Part 1)] Migrated 33 rows.
2026-01-13 16:12:16 [E780.E780_IF_FILE_ATTACHMENT (Part 4)] Migrated 20 rows.
2026-01-13 16:12:16 [E780.E780_IF_FILE_ATTACHMENT (Part 3)] Migrated 17 rows.
2026-01-13 16:12:16 [E780.E780_IF_FILE_ATTACHMENT (Part 1)] Migrated 34 rows.
2026-01-13 16:12:16 [E780.E780_IF_FILE_ATTACHMENT (Part 3)] Migrated 18 rows.
2026-01-13 16:12:16 [E780.E780_IF_FILE_ATTACHMENT (Part 2)] Migrated 11 rows.
2026-01-13 16:12:16 [E780.E780_IF_FILE_ATTACHMENT (Part 1)] Migrated 35 rows.
2026-01-13 16:12:16 [E780.E780_IF_FILE_ATTACHMENT (Part 3)] Migrated 19 rows.
2026-01-13 16:12:16 [E780.E780_IF_FILE_ATTACHMENT (Part 4)] Migrated 21 rows.
2026-01-13 16:12:16 [E780.E780_IF_FILE_ATTACHMENT (Part 2)] Migrated 12 rows.
2026-01-13 16:12:16 [E780.E780_IF_FILE_ATTACHMENT (Part 4)] Migrated 22 rows.
2026-01-13 16:12:16 [E780.E780_IF_FILE_ATTACHMENT (Part 2)] Migrated 13 rows.
2026-01-13 16:12:16 [E780.E780_IF_FILE_ATTACHMENT (Part 1)] Migrated 36 rows.
2026-01-13 16:12:16 [E780.E780_IF_FILE_ATTACHMENT (Part 3)] Migrated 20 rows.
2026-01-13 16:12:16 [E780.E780_IF_FILE_ATTACHMENT (Part 4)] Migrated 23 rows.
2026-01-13 16:12:16 [E780.E780_IF_FILE_ATTACHMENT (Part 3)] Migrated 21 rows.
2026-01-13 16:12:16 [E780.E780_IF_FILE_ATTACHMENT (Part 3)] Migrated 22 rows.
2026-01-13 16:12:16 [E780.E780_IF_FILE_ATTACHMENT (Part 4)] Migrated 24 rows.
2026-01-13 16:12:16 [E780.E780_IF_FILE_ATTACHMENT (Part 1)] Migrated 37 rows.
2026-01-13 16:12:16 [E780.E780_IF_FILE_ATTACHMENT (Part 3)] Migrated 23 rows.
2026-01-13 16:12:16 [E780.E780_IF_FILE_ATTACHMENT (Part 2)] Migrated 14 rows.
2026-01-13 16:12:16 [E780.E780_IF_FILE_ATTACHMENT (Part 4)] Migrated 25 rows.
2026-01-13 16:12:16 [E780.E780_IF_FILE_ATTACHMENT (Part 3)] Migrated 24 rows.
2026-01-13 16:12:16 [E780.E780_IF_FILE_ATTACHMENT (Part 4)] Migrated 26 rows.
2026-01-13 16:12:16 [E780.E780_IF_FILE_ATTACHMENT (Part 3)] Migrated 25 rows.
2026-01-13 16:12:16 [E780.E780_IF_FILE_ATTACHMENT (Part 1)] Migrated 38 rows.
2026-01-13 16:12:16 [E780.E780_IF_FILE_ATTACHMENT (Part 4)] Migrated 27 rows.
2026-01-13 16:12:16 [E780.E780_IF_FILE_ATTACHMENT (Part 3)] Migrated 26 rows.
2026-01-13 16:12:16 [E780.E780_IF_FILE_ATTACHMENT (Part 4)] Migrated 28 rows.
2026-01-13 16:12:16 [E780.E780_IF_FILE_ATTACHMENT (Part 3)] Migrated 27 rows.
2026-01-13 16:12:16 [E780.E780_IF_FILE_ATTACHMENT (Part 4)] Migrated 29 rows.
2026-01-13 16:12:16 [E780.E780_IF_FILE_ATTACHMENT (Part 2)] Migrated 15 rows.
2026-01-13 16:12:16 [E780.E780_IF_FILE_ATTACHMENT (Part 1)] Migrated 39 rows.
2026-01-13 16:12:16 [E780.E780_IF_FILE_ATTACHMENT (Part 4)] Migrated 30 rows.
2026-01-13 16:12:16 [E780.E780_IF_FILE_ATTACHMENT (Part 4)] Migrated 31 rows.
2026-01-13 16:12:16 [E780.E780_IF_FILE_ATTACHMENT (Part 2)] Migrated 16 rows.
2026-01-13 16:12:16 [E780.E780_IF_FILE_ATTACHMENT (Part 4)] Migrated 32 rows.
2026-01-13 16:12:16 [E780.E780_IF_FILE_ATTACHMENT (Part 3)] Migrated 28 rows.
2026-01-13 16:12:16 [E780.E780_IF_FILE_ATTACHMENT (Part 4)] Migrated 33 rows.
2026-01-13 16:12:16 [E780.E780_IF_FILE_ATTACHMENT (Part 1)] Migrated 40 rows.
2026-01-13 16:12:16 [E780.E780_IF_FILE_ATTACHMENT (Part 4)] Migrated 34 rows.
2026-01-13 16:12:16 [E780.E780_IF_FILE_ATTACHMENT (Part 3)] Migrated 29 rows.
2026-01-13 16:12:16 [E780.E780_IF_FILE_ATTACHMENT (Part 4)] Migrated 35 rows.
2026-01-13 16:12:16 [E780.E780_IF_FILE_ATTACHMENT (Part 1)] Migrated 41 rows.
2026-01-13 16:12:17 [E780.E780_IF_FILE_ATTACHMENT (Part 3)] Migrated 30 rows.
2026-01-13 16:12:17 [E780.E780_IF_FILE_ATTACHMENT (Part 4)] Migrated 36 rows.
2026-01-13 16:12:17 [E780.E780_IF_FILE_ATTACHMENT (Part 1)] Migrated 42 rows.
2026-01-13 16:12:17 [E780.E780_IF_FILE_ATTACHMENT (Part 4)] Migrated 37 rows.
2026-01-13 16:12:17 [E780.E780_IF_FILE_ATTACHMENT (Part 1)] Migrated 43 rows.
2026-01-13 16:12:17 [E780.E780_IF_FILE_ATTACHMENT (Part 4)] Migrated 38 rows.
2026-01-13 16:12:17 [E780.E780_IF_FILE_ATTACHMENT (Part 4)] Migrated 39 rows.
2026-01-13 16:12:17 [E780.E780_IF_FILE_ATTACHMENT (Part 4)] Migrated 40 rows.
2026-01-13 16:12:17 [E780.E780_IF_FILE_ATTACHMENT (Part 4)] Migrated 41 rows.
2026-01-13 16:12:17 [E780.E780_IF_FILE_ATTACHMENT (Part 1)] Migrated 44 rows.
2026-01-13 16:12:17 [E780.E780_IF_FILE_ATTACHMENT (Part 1)] Migrated 45 rows.
2026-01-13 16:12:17 [E780.E780_IF_FILE_ATTACHMENT (Part 4)] Migrated 42 rows.
2026-01-13 16:12:17 [E780.E780_IF_FILE_ATTACHMENT (Part 1)] Migrated 46 rows.
2026-01-13 16:12:17 [E780.E780_IF_FILE_ATTACHMENT (Part 1)] Migrated 47 rows.
2026-01-13 16:12:17 [E780.E780_IF_FILE_ATTACHMENT (Part 1)] Migrated 48 rows.
2026-01-13 16:12:17 [E780.E780_IF_FILE_ATTACHMENT (Part 1)] Migrated 49 rows.
2026-01-13 16:12:17 [E780.E780_IF_FILE_ATTACHMENT (Part 4)] Migrated 43 rows.
2026-01-13 16:12:17 [E780.E780_IF_FILE_ATTACHMENT (Part 1)] Migrated 50 rows.
2026-01-13 16:12:17 [E780.E780_IF_FILE_ATTACHMENT (Part 1)] Migrated 51 rows.
2026-01-13 16:12:17 [E780.E780_IF_FILE_ATTACHMENT (Part 4)] Migrated 44 rows.
2026-01-13 16:12:17 [E780.E780_IF_FILE_ATTACHMENT (Part 1)] Migrated 52 rows.
2026-01-13 16:12:17 [E780.E780_IF_FILE_ATTACHMENT (Part 1)] Migrated 53 rows.
2026-01-13 16:12:17 [E780.E780_IF_FILE_ATTACHMENT (Part 1)] Migrated 54 rows.
2026-01-13 16:12:17 [E780.E780_IF_FILE_ATTACHMENT (Part 1)] Migrated 55 rows.
2026-01-13 16:12:17 [E780.E780_IF_FILE_ATTACHMENT (Part 2)] Migrated 17 rows.
2026-01-13 16:12:17 [E780.E780_IF_FILE_ATTACHMENT (Part 4)] Migrated 45 rows.
2026-01-13 16:12:17 [E780.E780_IF_FILE_ATTACHMENT (Part 3)] Migrated 31 rows.
2026-01-13 16:12:17 [E780.E780_IF_FILE_ATTACHMENT (Part 1)] Migrated 56 rows.
2026-01-13 16:12:17 [E780.E780_IF_FILE_ATTACHMENT (Part 1)] Migrated 57 rows.
2026-01-13 16:12:17 [E780.E780_IF_FILE_ATTACHMENT (Part 2)] Migrated 18 rows.
2026-01-13 16:12:17 [E780.E780_IF_FILE_ATTACHMENT (Part 3)] Migrated 32 rows.
2026-01-13 16:12:17 [E780.E780_IF_FILE_ATTACHMENT (Part 1)] Migrated 58 rows.
2026-01-13 16:12:17 [E780.E780_IF_FILE_ATTACHMENT (Part 4)] Migrated 46 rows.
2026-01-13 16:12:17 [E780.E780_IF_FILE_ATTACHMENT (Part 1)] Migrated 59 rows.
2026-01-13 16:12:17 [E780.E780_IF_FILE_ATTACHMENT (Part 3)] Migrated 33 rows.
2026-01-13 16:12:17 [E780.E780_IF_FILE_ATTACHMENT (Part 2)] Migrated 19 rows.
2026-01-13 16:12:17 [E780.E780_IF_FILE_ATTACHMENT (Part 1)] Migrated 60 rows.
2026-01-13 16:12:17 [E780.E780_IF_FILE_ATTACHMENT (Part 3)] Migrated 34 rows.
2026-01-13 16:12:17 [E780.E780_IF_FILE_ATTACHMENT (Part 2)] Migrated 20 rows.
2026-01-13 16:12:17 [E780.E780_IF_FILE_ATTACHMENT (Part 1)] Migrated 61 rows.
2026-01-13 16:12:17 [E780.E780_IF_FILE_ATTACHMENT (Part 3)] Migrated 35 rows.
2026-01-13 16:12:17 [E780.E780_IF_FILE_ATTACHMENT (Part 3)] Migrated 36 rows.
2026-01-13 16:12:17 [E780.E780_IF_FILE_ATTACHMENT (Part 2)] Migrated 21 rows.
2026-01-13 16:12:17 [E780.E780_IF_FILE_ATTACHMENT (Part 1)] Migrated 62 rows.
2026-01-13 16:12:17 [E780.E780_IF_FILE_ATTACHMENT (Part 3)] Migrated 37 rows.
2026-01-13 16:12:17 [E780.E780_IF_FILE_ATTACHMENT (Part 4)] Migrated 47 rows.
2026-01-13 16:12:17 [E780.E780_IF_FILE_ATTACHMENT (Part 1)] Migrated 63 rows.
2026-01-13 16:12:17 [E780.E780_IF_FILE_ATTACHMENT (Part 3)] Migrated 38 rows.
2026-01-13 16:12:17 [E780.E780_IF_FILE_ATTACHMENT (Part 1)] Migrated 64 rows.
2026-01-13 16:12:17 [E780.E780_IF_FILE_ATTACHMENT (Part 3)] Migrated 39 rows.
2026-01-13 16:12:17 [E780.E780_IF_FILE_ATTACHMENT (Part 1)] Migrated 65 rows.
2026-01-13 16:12:18 [E780.E780_IF_FILE_ATTACHMENT (Part 2)] Migrated 22 rows.
2026-01-13 16:12:18 [E780.E780_IF_FILE_ATTACHMENT (Part 1)] Migrated 66 rows.
2026-01-13 16:12:18 [E780.E780_IF_FILE_ATTACHMENT (Part 3)] Migrated 40 rows.
2026-01-13 16:12:18 [E780.E780_IF_FILE_ATTACHMENT (Part 1)] Migrated 67 rows.
2026-01-13 16:12:18 [E780.E780_IF_FILE_ATTACHMENT (Part 1)] Migrated 68 rows.
2026-01-13 16:12:18 [E780.E780_IF_FILE_ATTACHMENT (Part 3)] Migrated 41 rows.
2026-01-13 16:12:18 [E780.E780_IF_FILE_ATTACHMENT (Part 1)] Migrated 69 rows.
2026-01-13 16:12:18 [E780.E780_IF_FILE_ATTACHMENT (Part 4)] Migrated 48 rows.
2026-01-13 16:12:18 [E780.E780_IF_FILE_ATTACHMENT (Part 1)] Migrated 70 rows.
2026-01-13 16:12:18 [E780.E780_IF_FILE_ATTACHMENT (Part 3)] Migrated 42 rows.
2026-01-13 16:12:18 [E780.E780_IF_FILE_ATTACHMENT (Part 4)] Migrated 49 rows.
2026-01-13 16:12:18 [E780.E780_IF_FILE_ATTACHMENT (Part 3)] Migrated 43 rows.
2026-01-13 16:12:18 [E780.E780_IF_FILE_ATTACHMENT (Part 1)] Migrated 71 rows.
2026-01-13 16:12:18 [E780.E780_IF_FILE_ATTACHMENT (Part 3)] Migrated 44 rows.
2026-01-13 16:12:18 [E780.E780_IF_FILE_ATTACHMENT (Part 2)] Migrated 23 rows.
2026-01-13 16:12:18 [E780.E780_IF_FILE_ATTACHMENT (Part 1)] Migrated 72 rows.
2026-01-13 16:12:18 [E780.E780_IF_FILE_ATTACHMENT (Part 3)] Migrated 45 rows.
2026-01-13 16:12:18 [E780.E780_IF_FILE_ATTACHMENT (Part 2)] Migrated 24 rows.
2026-01-13 16:12:18 [E780.E780_IF_FILE_ATTACHMENT (Part 1)] Migrated 73 rows.
2026-01-13 16:12:18 [E780.E780_IF_FILE_ATTACHMENT (Part 3)] Migrated 46 rows.
2026-01-13 16:12:18 [E780.E780_IF_FILE_ATTACHMENT (Part 2)] Migrated 25 rows.
2026-01-13 16:12:18 [E780.E780_IF_FILE_ATTACHMENT (Part 1)] Migrated 74 rows.
2026-01-13 16:12:18 [E780.E780_IF_FILE_ATTACHMENT (Part 3)] Migrated 47 rows.
2026-01-13 16:12:18 [E780.E780_IF_FILE_ATTACHMENT (Part 4)] Migrated 50 rows.
2026-01-13 16:12:18 [E780.E780_IF_FILE_ATTACHMENT (Part 2)] Migrated 26 rows.
2026-01-13 16:12:18 [E780.E780_IF_FILE_ATTACHMENT (Part 3)] Migrated 48 rows.
2026-01-13 16:12:18 [E780.E780_IF_FILE_ATTACHMENT (Part 1)] Migrated 75 rows.
2026-01-13 16:12:18 [E780.E780_IF_FILE_ATTACHMENT (Part 3)] Migrated 49 rows.
2026-01-13 16:12:18 [E780.E780_IF_FILE_ATTACHMENT (Part 1)] Migrated 76 rows.
2026-01-13 16:12:18 [E780.E780_IF_FILE_ATTACHMENT (Part 3)] Migrated 50 rows.
2026-01-13 16:12:18 [E780.E780_IF_FILE_ATTACHMENT (Part 2)] Migrated 27 rows.
2026-01-13 16:12:18 [E780.E780_IF_FILE_ATTACHMENT (Part 1)] Migrated 77 rows.
2026-01-13 16:12:18 [E780.E780_IF_FILE_ATTACHMENT (Part 2)] Migrated 28 rows.
2026-01-13 16:12:18 [E780.E780_IF_FILE_ATTACHMENT (Part 3)] Migrated 51 rows.
2026-01-13 16:12:18 [E780.E780_IF_FILE_ATTACHMENT (Part 1)] Migrated 78 rows.
2026-01-13 16:12:18 [E780.E780_IF_FILE_ATTACHMENT (Part 1)] Migrated 79 rows.
2026-01-13 16:12:18 [E780.E780_IF_FILE_ATTACHMENT (Part 2)] Migrated 29 rows.
2026-01-13 16:12:18 [E780.E780_IF_FILE_ATTACHMENT (Part 1)] Migrated 80 rows.
2026-01-13 16:12:18 [E780.E780_IF_FILE_ATTACHMENT (Part 1)] Migrated 81 rows.
2026-01-13 16:12:18 [E780.E780_IF_FILE_ATTACHMENT (Part 2)] Migrated 30 rows.
2026-01-13 16:12:18 [E780.E780_IF_FILE_ATTACHMENT (Part 4)] Migrated 51 rows.
2026-01-13 16:12:18 [E780.E780_IF_FILE_ATTACHMENT (Part 1)] Migrated 82 rows.
2026-01-13 16:12:18 [E780.E780_IF_FILE_ATTACHMENT (Part 2)] Migrated 31 rows.
2026-01-13 16:12:18 [E780.E780_IF_FILE_ATTACHMENT (Part 1)] Migrated 83 rows.
2026-01-13 16:12:18 [E780.E780_IF_FILE_ATTACHMENT (Part 2)] Migrated 32 rows.
2026-01-13 16:12:18 [E780.E780_IF_FILE_ATTACHMENT (Part 4)] Migrated 52 rows.
2026-01-13 16:12:18 [E780.E780_IF_FILE_ATTACHMENT (Part 1)] Migrated 84 rows.
2026-01-13 16:12:18 [E780.E780_IF_FILE_ATTACHMENT (Part 2)] Migrated 33 rows.
2026-01-13 16:12:18 [E780.E780_IF_FILE_ATTACHMENT (Part 1)] Migrated 85 rows.
2026-01-13 16:12:18 [E780.E780_IF_FILE_ATTACHMENT (Part 1)] Migrated 86 rows.
2026-01-13 16:12:18 [E780.E780_IF_FILE_ATTACHMENT (Part 4)] Migrated 53 rows.
2026-01-13 16:12:18 [E780.E780_IF_FILE_ATTACHMENT (Part 1)] Migrated 87 rows.
2026-01-13 16:12:18 [E780.E780_IF_FILE_ATTACHMENT (Part 2)] Migrated 34 rows.
2026-01-13 16:12:18 [E780.E780_IF_FILE_ATTACHMENT (Part 1)] Migrated 88 rows.
2026-01-13 16:12:18 [E780.E780_IF_FILE_ATTACHMENT (Part 2)] Migrated 35 rows.
2026-01-13 16:12:18 [E780.E780_IF_FILE_ATTACHMENT (Part 1)] Migrated 89 rows.
2026-01-13 16:12:18 [E780.E780_IF_FILE_ATTACHMENT (Part 2)] Migrated 36 rows.
2026-01-13 16:12:18 [E780.E780_IF_FILE_ATTACHMENT (Part 1)] Migrated 90 rows.
2026-01-13 16:12:19 [E780.E780_IF_FILE_ATTACHMENT (Part 2)] Migrated 37 rows.
2026-01-13 16:12:19 [E780.E780_IF_FILE_ATTACHMENT (Part 1)] Migrated 91 rows.
2026-01-13 16:12:19 [E780.E780_IF_FILE_ATTACHMENT (Part 4)] Migrated 54 rows.
2026-01-13 16:12:19 [E780.E780_IF_FILE_ATTACHMENT (Part 2)] Migrated 38 rows.
2026-01-13 16:12:19 [E780.E780_IF_FILE_ATTACHMENT (Part 1)] Migrated 92 rows.
2026-01-13 16:12:19 [E780.E780_IF_FILE_ATTACHMENT (Part 4)] Migrated 55 rows.
2026-01-13 16:12:19 [E780.E780_IF_FILE_ATTACHMENT (Part 1)] Migrated 93 rows.
2026-01-13 16:12:19 [E780.E780_IF_FILE_ATTACHMENT (Part 2)] Migrated 39 rows.
2026-01-13 16:12:19 [E780.E780_IF_FILE_ATTACHMENT (Part 4)] Migrated 56 rows.
2026-01-13 16:12:19 [E780.E780_IF_FILE_ATTACHMENT (Part 1)] Migrated 94 rows.
2026-01-13 16:12:19 [E780.E780_IF_FILE_ATTACHMENT (Part 1)] Migrated 95 rows.
2026-01-13 16:12:19 [E780.E780_IF_FILE_ATTACHMENT (Part 4)] Migrated 57 rows.
2026-01-13 16:12:19 [E780.E780_IF_FILE_ATTACHMENT (Part 1)] Migrated 96 rows.
2026-01-13 16:12:19 [E780.E780_IF_FILE_ATTACHMENT (Part 4)] Migrated 58 rows.
2026-01-13 16:12:19 [E780.E780_IF_FILE_ATTACHMENT (Part 1)] Migrated 97 rows.
2026-01-13 16:12:19 [E780.E780_IF_FILE_ATTACHMENT (Part 4)] Migrated 59 rows.
2026-01-13 16:12:19 [E780.E780_IF_FILE_ATTACHMENT (Part 4)] Migrated 60 rows.
2026-01-13 16:12:19 [E780.E780_IF_FILE_ATTACHMENT (Part 1)] Migrated 98 rows.
2026-01-13 16:12:19 [E780.E780_IF_FILE_ATTACHMENT (Part 2)] Migrated 40 rows.
2026-01-13 16:12:19 [E780.E780_IF_FILE_ATTACHMENT (Part 1)] Migrated 99 rows.
2026-01-13 16:12:19 [E780.E780_IF_FILE_ATTACHMENT (Part 4)] Migrated 61 rows.
2026-01-13 16:12:19 [E780.E780_IF_FILE_ATTACHMENT (Part 1)] Migrated 100 rows.
2026-01-13 16:12:19 [E780.E780_IF_FILE_ATTACHMENT (Part 3)] Migrated 52 rows.
2026-01-13 16:12:19 [E780.E780_IF_FILE_ATTACHMENT (Part 1)] Migrated 101 rows.
2026-01-13 16:12:19 [E780.E780_IF_FILE_ATTACHMENT (Part 1)] Migrated 102 rows.
2026-01-13 16:12:19 [E780.E780_IF_FILE_ATTACHMENT (Part 4)] Migrated 62 rows.
2026-01-13 16:12:19 [E780.E780_IF_FILE_ATTACHMENT (Part 3)] Migrated 53 rows.
2026-01-13 16:12:19 [E780.E780_IF_FILE_ATTACHMENT (Part 1)] Migrated 103 rows.
2026-01-13 16:12:19 [E780.E780_IF_FILE_ATTACHMENT (Part 1)] Migrated 104 rows.
2026-01-13 16:12:19 [E780.E780_IF_FILE_ATTACHMENT (Part 4)] Migrated 63 rows.
2026-01-13 16:12:19 [E780.E780_IF_FILE_ATTACHMENT (Part 3)] Migrated 54 rows.
2026-01-13 16:12:19 [E780.E780_IF_FILE_ATTACHMENT (Part 1)] Migrated 105 rows.
2026-01-13 16:12:19 [E780.E780_IF_FILE_ATTACHMENT (Part 1)] Migrated 106 rows.
2026-01-13 16:12:19 [E780.E780_IF_FILE_ATTACHMENT (Part 3)] Migrated 55 rows.
2026-01-13 16:12:19 [E780.E780_IF_FILE_ATTACHMENT (Part 1)] Migrated 107 rows.
2026-01-13 16:12:19 [E780.E780_IF_FILE_ATTACHMENT (Part 3)] Migrated 56 rows.
2026-01-13 16:12:19 [E780.E780_IF_FILE_ATTACHMENT (Part 3)] Migrated 57 rows.
2026-01-13 16:12:19 [E780.E780_IF_FILE_ATTACHMENT (Part 3)] Migrated 58 rows.
2026-01-13 16:12:19 [E780.E780_IF_FILE_ATTACHMENT (Part 4)] Migrated 64 rows.
2026-01-13 16:12:20 [E780.E780_IF_FILE_ATTACHMENT (Part 3)] Migrated 59 rows.
2026-01-13 16:12:20 [E780.E780_IF_FILE_ATTACHMENT (Part 1)] Migrated 108 rows.
2026-01-13 16:12:20 [E780.E780_IF_FILE_ATTACHMENT (Part 4)] Migrated 65 rows.
2026-01-13 16:12:20 [E780.E780_IF_FILE_ATTACHMENT (Part 3)] Migrated 60 rows.
2026-01-13 16:12:20 [E780.E780_IF_FILE_ATTACHMENT (Part 2)] Migrated 41 rows.
2026-01-13 16:12:20 [E780.E780_IF_FILE_ATTACHMENT (Part 4)] Migrated 66 rows.
2026-01-13 16:12:20 [E780.E780_IF_FILE_ATTACHMENT (Part 1)] Migrated 109 rows.
2026-01-13 16:12:20 [E780.E780_IF_FILE_ATTACHMENT (Part 4)] Migrated 67 rows.
2026-01-13 16:12:20 [E780.E780_IF_FILE_ATTACHMENT (Part 3)] Migrated 61 rows.
2026-01-13 16:12:20 [E780.E780_IF_FILE_ATTACHMENT (Part 2)] Migrated 42 rows.
2026-01-13 16:12:20 [E780.E780_IF_FILE_ATTACHMENT (Part 4)] Migrated 68 rows.
2026-01-13 16:12:20 [E780.E780_IF_FILE_ATTACHMENT (Part 1)] Migrated 110 rows.
2026-01-13 16:12:20 [E780.E780_IF_FILE_ATTACHMENT (Part 4)] Migrated 69 rows.
2026-01-13 16:12:20 [E780.E780_IF_FILE_ATTACHMENT (Part 1)] Migrated 111 rows.
2026-01-13 16:12:20 [E780.E780_IF_FILE_ATTACHMENT (Part 4)] Migrated 70 rows.
2026-01-13 16:12:20 [E780.E780_IF_FILE_ATTACHMENT (Part 1)] Migrated 112 rows.
2026-01-13 16:12:20 [E780.E780_IF_FILE_ATTACHMENT (Part 4)] Migrated 71 rows.
2026-01-13 16:12:20 [E780.E780_IF_FILE_ATTACHMENT (Part 1)] Migrated 113 rows.
2026-01-13 16:12:20 [E780.E780_IF_FILE_ATTACHMENT (Part 1)] Migrated 114 rows.
2026-01-13 16:12:20 [E780.E780_IF_FILE_ATTACHMENT (Part 1)] Migrated 115 rows.
2026-01-13 16:12:20 [E780.E780_IF_FILE_ATTACHMENT (Part 4)] Migrated 72 rows.
2026-01-13 16:12:20 [E780.E780_IF_FILE_ATTACHMENT (Part 1)] Migrated 116 rows.
2026-01-13 16:12:20 [E780.E780_IF_FILE_ATTACHMENT (Part 1)] Migrated 117 rows.
2026-01-13 16:12:20 [E780.E780_IF_FILE_ATTACHMENT (Part 4)] Migrated 73 rows.
2026-01-13 16:12:20 [E780.E780_IF_FILE_ATTACHMENT (Part 1)] Migrated 118 rows.
2026-01-13 16:12:20 [E780.E780_IF_FILE_ATTACHMENT (Part 4)] Migrated 74 rows.
2026-01-13 16:12:20 [E780.E780_IF_FILE_ATTACHMENT (Part 4)] Migrated 75 rows.
2026-01-13 16:12:20 [E780.E780_IF_FILE_ATTACHMENT (Part 1)] Migrated 119 rows.
2026-01-13 16:12:20 [E780.E780_IF_FILE_ATTACHMENT (Part 4)] Migrated 76 rows.
2026-01-13 16:12:20 [E780.E780_IF_FILE_ATTACHMENT (Part 1)] Migrated 120 rows.
2026-01-13 16:12:20 [E780.E780_IF_FILE_ATTACHMENT (Part 4)] Migrated 77 rows.
2026-01-13 16:12:20 [E780.E780_IF_FILE_ATTACHMENT (Part 3)] Migrated 62 rows.
2026-01-13 16:12:20 [E780.E780_IF_FILE_ATTACHMENT (Part 4)] Migrated 78 rows.
2026-01-13 16:12:20 [E780.E780_IF_FILE_ATTACHMENT (Part 1)] Migrated 121 rows.
2026-01-13 16:12:21 [E780.E780_IF_FILE_ATTACHMENT (Part 4)] Migrated 79 rows.
2026-01-13 16:12:21 [E780.E780_IF_FILE_ATTACHMENT (Part 4)] Migrated 80 rows.
2026-01-13 16:12:21 [E780.E780_IF_FILE_ATTACHMENT (Part 1)] Migrated 122 rows.
2026-01-13 16:12:21 [E780.E780_IF_FILE_ATTACHMENT (Part 1)] Migrated 123 rows.
2026-01-13 16:12:21 [E780.E780_IF_FILE_ATTACHMENT (Part 4)] Migrated 81 rows.
2026-01-13 16:12:21 [E780.E780_IF_FILE_ATTACHMENT (Part 1)] Migrated 124 rows.
2026-01-13 16:12:21 [E780.E780_IF_FILE_ATTACHMENT (Part 1)] Migrated 125 rows.
2026-01-13 16:12:21 [E780.E780_IF_FILE_ATTACHMENT (Part 4)] Migrated 82 rows.
2026-01-13 16:12:21 [E780.E780_IF_FILE_ATTACHMENT (Part 1)] Migrated 126 rows.
2026-01-13 16:12:21 [E780.E780_IF_FILE_ATTACHMENT (Part 4)] Migrated 83 rows.
2026-01-13 16:12:21 [E780.E780_IF_FILE_ATTACHMENT (Part 1)] Migrated 127 rows.
2026-01-13 16:12:21 [E780.E780_IF_FILE_ATTACHMENT (Part 4)] Migrated 84 rows.
2026-01-13 16:12:21 [E780.E780_IF_FILE_ATTACHMENT (Part 4)] Migrated 85 rows.
2026-01-13 16:12:21 [E780.E780_IF_FILE_ATTACHMENT (Part 1)] Migrated 128 rows.
2026-01-13 16:12:21 [E780.E780_IF_FILE_ATTACHMENT (Part 4)] Migrated 86 rows.
2026-01-13 16:12:21 [E780.E780_IF_FILE_ATTACHMENT (Part 1)] Migrated 129 rows.
2026-01-13 16:12:21 [E780.E780_IF_FILE_ATTACHMENT (Part 4)] Migrated 87 rows.
2026-01-13 16:12:21 [E780.E780_IF_FILE_ATTACHMENT (Part 3)] Migrated 63 rows.
2026-01-13 16:12:21 [E780.E780_IF_FILE_ATTACHMENT (Part 1)] Migrated 130 rows.
2026-01-13 16:12:21 [E780.E780_IF_FILE_ATTACHMENT (Part 2)] Migrated 43 rows.
2026-01-13 16:12:21 [E780.E780_IF_FILE_ATTACHMENT (Part 4)] Migrated 88 rows.
2026-01-13 16:12:21 [E780.E780_IF_FILE_ATTACHMENT (Part 1)] Migrated 131 rows.
2026-01-13 16:12:21 [E780.E780_IF_FILE_ATTACHMENT (Part 4)] Migrated 89 rows.
2026-01-13 16:12:21 [E780.E780_IF_FILE_ATTACHMENT (Part 1)] Migrated 132 rows.
2026-01-13 16:12:21 [E780.E780_IF_FILE_ATTACHMENT (Part 4)] Migrated 90 rows.
2026-01-13 16:12:21 [E780.E780_IF_FILE_ATTACHMENT (Part 3)] Migrated 64 rows.
2026-01-13 16:12:21 [E780.E780_IF_FILE_ATTACHMENT (Part 4)] Migrated 91 rows.
2026-01-13 16:12:21 [E780.E780_IF_FILE_ATTACHMENT (Part 1)] Migrated 133 rows.
2026-01-13 16:12:21 [E780.E780_IF_FILE_ATTACHMENT (Part 3)] Migrated 65 rows.
2026-01-13 16:12:21 [E780.E780_IF_FILE_ATTACHMENT (Part 4)] Migrated 92 rows.
2026-01-13 16:12:21 [E780.E780_IF_FILE_ATTACHMENT (Part 3)] Migrated 66 rows.
2026-01-13 16:12:21 [E780.E780_IF_FILE_ATTACHMENT (Part 1)] Migrated 134 rows.
2026-01-13 16:12:21 [E780.E780_IF_FILE_ATTACHMENT (Part 4)] Migrated 93 rows.
2026-01-13 16:12:21 [E780.E780_IF_FILE_ATTACHMENT (Part 3)] Migrated 67 rows.
2026-01-13 16:12:21 [E780.E780_IF_FILE_ATTACHMENT (Part 1)] Migrated 135 rows.
2026-01-13 16:12:21 [E780.E780_IF_FILE_ATTACHMENT (Part 4)] Migrated 94 rows.
2026-01-13 16:12:21 [E780.E780_IF_FILE_ATTACHMENT (Part 3)] Migrated 68 rows.
2026-01-13 16:12:21 [E780.E780_IF_FILE_ATTACHMENT (Part 3)] Migrated 69 rows.
2026-01-13 16:12:21 [E780.E780_IF_FILE_ATTACHMENT (Part 4)] Migrated 95 rows.
2026-01-13 16:12:21 [E780.E780_IF_FILE_ATTACHMENT (Part 1)] Migrated 136 rows.
2026-01-13 16:12:21 [E780.E780_IF_FILE_ATTACHMENT (Part 3)] Migrated 70 rows.
2026-01-13 16:12:21 [E780.E780_IF_FILE_ATTACHMENT (Part 1)] Migrated 137 rows.
2026-01-13 16:12:21 [E780.E780_IF_FILE_ATTACHMENT (Part 3)] Migrated 71 rows.
2026-01-13 16:12:21 [E780.E780_IF_FILE_ATTACHMENT (Part 3)] Migrated 72 rows.
2026-01-13 16:12:21 [E780.E780_IF_FILE_ATTACHMENT (Part 3)] Migrated 73 rows.
2026-01-13 16:12:21 [E780.E780_IF_FILE_ATTACHMENT (Part 3)] Migrated 74 rows.
2026-01-13 16:12:21 [E780.E780_IF_FILE_ATTACHMENT (Part 3)] Migrated 75 rows.
2026-01-13 16:12:21 [E780.E780_IF_FILE_ATTACHMENT (Part 3)] Migrated 76 rows.
2026-01-13 16:12:21 [E780.E780_IF_FILE_ATTACHMENT (Part 1)] Migrated 138 rows.
2026-01-13 16:12:21 [E780.E780_IF_FILE_ATTACHMENT (Part 3)] Migrated 77 rows.
2026-01-13 16:12:22 [E780.E780_IF_FILE_ATTACHMENT (Part 3)] Migrated 78 rows.
2026-01-13 16:12:22 [E780.E780_IF_FILE_ATTACHMENT (Part 3)] Migrated 79 rows.
2026-01-13 16:12:22 [E780.E780_IF_FILE_ATTACHMENT (Part 3)] Migrated 80 rows.
2026-01-13 16:12:22 [E780.E780_IF_FILE_ATTACHMENT (Part 1)] Migrated 139 rows.
2026-01-13 16:12:22 [E780.E780_IF_FILE_ATTACHMENT (Part 3)] Migrated 81 rows.
2026-01-13 16:12:22 [E780.E780_IF_FILE_ATTACHMENT (Part 3)] Migrated 82 rows.
2026-01-13 16:12:22 [E780.E780_IF_FILE_ATTACHMENT (Part 1)] Migrated 140 rows.
2026-01-13 16:12:22 [E780.E780_IF_FILE_ATTACHMENT (Part 3)] Migrated 83 rows.
2026-01-13 16:12:22 [E780.E780_IF_FILE_ATTACHMENT (Part 1)] Migrated 141 rows.
2026-01-13 16:12:22 [E780.E780_IF_FILE_ATTACHMENT (Part 3)] Migrated 84 rows.
2026-01-13 16:12:22 [E780.E780_IF_FILE_ATTACHMENT (Part 1)] Migrated 142 rows.
2026-01-13 16:12:22 [E780.E780_IF_FILE_ATTACHMENT (Part 3)] Migrated 85 rows.
2026-01-13 16:12:22 [E780.E780_IF_FILE_ATTACHMENT (Part 4)] Migrated 96 rows.
2026-01-13 16:12:22 [E780.E780_IF_FILE_ATTACHMENT (Part 1)] Migrated 143 rows.
2026-01-13 16:12:22 [E780.E780_IF_FILE_ATTACHMENT (Part 1)] Migrated 144 rows.
2026-01-13 16:12:22 [E780.E780_IF_FILE_ATTACHMENT (Part 1)] Migrated 145 rows.
2026-01-13 16:12:22 [E780.E780_IF_FILE_ATTACHMENT (Part 1)] Migrated 146 rows.
2026-01-13 16:12:22 [E780.E780_IF_FILE_ATTACHMENT (Part 3)] Migrated 86 rows.
2026-01-13 16:12:22 [E780.E780_IF_FILE_ATTACHMENT (Part 1)] Migrated 147 rows.
2026-01-13 16:12:22 [E780.E780_IF_FILE_ATTACHMENT (Part 2)] Migrated 44 rows.
2026-01-13 16:12:23 [E780.E780_IF_FILE_ATTACHMENT (Part 3)] Migrated 87 rows.
2026-01-13 16:12:23 [E780.E780_IF_FILE_ATTACHMENT (Part 4)] Migrated 97 rows.
2026-01-13 16:12:23 [E780.E780_IF_FILE_ATTACHMENT (Part 1)] Migrated 148 rows.
2026-01-13 16:12:23 [E780.E780_IF_FILE_ATTACHMENT (Part 4)] Migrated 98 rows.
2026-01-13 16:12:23 [E780.E780_IF_FILE_ATTACHMENT (Part 1)] Migrated 149 rows.
2026-01-13 16:12:23 [E780.E780_IF_FILE_ATTACHMENT (Part 4)] Migrated 99 rows.
2026-01-13 16:12:23 [E780.E780_IF_FILE_ATTACHMENT (Part 1)] Migrated 150 rows.
2026-01-13 16:12:23 [E780.E780_IF_FILE_ATTACHMENT (Part 2)] Migrated 45 rows.
2026-01-13 16:12:23 [E780.E780_IF_FILE_ATTACHMENT (Part 1)] Migrated 151 rows.
2026-01-13 16:12:23 [E780.E780_IF_FILE_ATTACHMENT (Part 4)] Migrated 100 rows.
2026-01-13 16:12:23 [E780.E780_IF_FILE_ATTACHMENT (Part 1)] Migrated 152 rows.
2026-01-13 16:12:23 [E780.E780_IF_FILE_ATTACHMENT (Part 3)] Migrated 88 rows.
2026-01-13 16:12:23 [E780.E780_IF_FILE_ATTACHMENT (Part 1)] Migrated 153 rows.
2026-01-13 16:12:23 [E780.E780_IF_FILE_ATTACHMENT (Part 4)] Migrated 101 rows.
2026-01-13 16:12:23 [E780.E780_IF_FILE_ATTACHMENT (Part 2)] Migrated 46 rows.
2026-01-13 16:12:23 [E780.E780_IF_FILE_ATTACHMENT (Part 3)] Migrated 89 rows.
2026-01-13 16:12:23 [E780.E780_IF_FILE_ATTACHMENT (Part 1)] Migrated 154 rows.
2026-01-13 16:12:23 [E780.E780_IF_FILE_ATTACHMENT (Part 3)] Migrated 90 rows.
2026-01-13 16:12:23 [E780.E780_IF_FILE_ATTACHMENT (Part 4)] Migrated 102 rows.
2026-01-13 16:12:23 [E780.E780_IF_FILE_ATTACHMENT (Part 3)] Migrated 91 rows.
2026-01-13 16:12:23 [E780.E780_IF_FILE_ATTACHMENT (Part 3)] Migrated 92 rows.
2026-01-13 16:12:23 [E780.E780_IF_FILE_ATTACHMENT (Part 2)] Migrated 47 rows.
2026-01-13 16:12:23 [E780.E780_IF_FILE_ATTACHMENT (Part 3)] Migrated 93 rows.
2026-01-13 16:12:23 [E780.E780_IF_FILE_ATTACHMENT (Part 3)] Migrated 94 rows.
2026-01-13 16:12:23 [E780.E780_IF_FILE_ATTACHMENT (Part 1)] Migrated 155 rows.
2026-01-13 16:12:23 [E780.E780_IF_FILE_ATTACHMENT (Part 3)] Migrated 95 rows.
2026-01-13 16:12:23 [E780.E780_IF_FILE_ATTACHMENT (Part 4)] Migrated 103 rows.
2026-01-13 16:12:23 [E780.E780_IF_FILE_ATTACHMENT (Part 3)] Migrated 96 rows.
2026-01-13 16:12:23 [E780.E780_IF_FILE_ATTACHMENT (Part 2)] Migrated 48 rows.
2026-01-13 16:12:23 [E780.E780_IF_FILE_ATTACHMENT (Part 3)] Migrated 97 rows.
2026-01-13 16:12:23 [E780.E780_IF_FILE_ATTACHMENT (Part 1)] Migrated 156 rows.
2026-01-13 16:12:23 [E780.E780_IF_FILE_ATTACHMENT (Part 2)] Migrated 49 rows.
2026-01-13 16:12:23 [E780.E780_IF_FILE_ATTACHMENT (Part 4)] Migrated 104 rows.
2026-01-13 16:12:23 [E780.E780_IF_FILE_ATTACHMENT (Part 2)] Migrated 50 rows.
2026-01-13 16:12:23 [E780.E780_IF_FILE_ATTACHMENT (Part 3)] Migrated 98 rows.
2026-01-13 16:12:23 [E780.E780_IF_FILE_ATTACHMENT (Part 2)] Migrated 51 rows.
2026-01-13 16:12:23 [E780.E780_IF_FILE_ATTACHMENT (Part 2)] Migrated 52 rows.
2026-01-13 16:12:23 [E780.E780_IF_FILE_ATTACHMENT (Part 1)] Migrated 157 rows.
2026-01-13 16:12:23 [E780.E780_IF_FILE_ATTACHMENT (Part 2)] Migrated 53 rows.
2026-01-13 16:12:23 [E780.E780_IF_FILE_ATTACHMENT (Part 4)] Migrated 105 rows.
2026-01-13 16:12:23 [E780.E780_IF_FILE_ATTACHMENT (Part 3)] Migrated 99 rows.
2026-01-13 16:12:23 [E780.E780_IF_FILE_ATTACHMENT (Part 2)] Migrated 54 rows.
2026-01-13 16:12:23 [E780.E780_IF_FILE_ATTACHMENT (Part 2)] Migrated 55 rows.
2026-01-13 16:12:23 [E780.E780_IF_FILE_ATTACHMENT (Part 1)] Migrated 158 rows.
2026-01-13 16:12:23 [E780.E780_IF_FILE_ATTACHMENT (Part 4)] Migrated 106 rows.
2026-01-13 16:12:23 [E780.E780_IF_FILE_ATTACHMENT (Part 1)] Migrated 159 rows.
2026-01-13 16:12:24 [E780.E780_IF_FILE_ATTACHMENT (Part 1)] Migrated 160 rows.
2026-01-13 16:12:24 [E780.E780_IF_FILE_ATTACHMENT (Part 3)] Migrated 100 rows.
2026-01-13 16:12:24 [E780.E780_IF_FILE_ATTACHMENT (Part 1)] Migrated 161 rows.
2026-01-13 16:12:24 [E780.E780_IF_FILE_ATTACHMENT (Part 1)] Migrated 162 rows.
2026-01-13 16:12:24 [E780.E780_IF_FILE_ATTACHMENT (Part 1)] Migrated 163 rows.
2026-01-13 16:12:24 [E780.E780_IF_FILE_ATTACHMENT (Part 2)] Migrated 56 rows.
2026-01-13 16:12:24 [E780.E780_IF_FILE_ATTACHMENT (Part 3)] Migrated 101 rows.
2026-01-13 16:12:24 [E780.E780_IF_FILE_ATTACHMENT (Part 3)] Migrated 102 rows.
2026-01-13 16:12:24 [E780.E780_IF_FILE_ATTACHMENT (Part 3)] Migrated 103 rows.
2026-01-13 16:12:24 [E780.E780_IF_FILE_ATTACHMENT (Part 2)] Migrated 57 rows.
2026-01-13 16:12:24 [E780.E780_IF_FILE_ATTACHMENT (Part 1)] Migrated 164 rows.
2026-01-13 16:12:24 [E780.E780_IF_FILE_ATTACHMENT (Part 3)] Migrated 104 rows.
2026-01-13 16:12:24 [E780.E780_IF_FILE_ATTACHMENT (Part 2)] Migrated 58 rows.
2026-01-13 16:12:24 [E780.E780_IF_FILE_ATTACHMENT (Part 1)] Migrated 165 rows.
2026-01-13 16:12:24 [E780.E780_IF_FILE_ATTACHMENT (Part 2)] Migrated 59 rows.
2026-01-13 16:12:24 [E780.E780_IF_FILE_ATTACHMENT (Part 2)] Migrated 60 rows.
2026-01-13 16:12:24 [E780.E780_IF_FILE_ATTACHMENT (Part 3)] Migrated 105 rows.
2026-01-13 16:12:24 [E780.E780_IF_FILE_ATTACHMENT (Part 1)] Migrated 166 rows.
2026-01-13 16:12:24 [E780.E780_IF_FILE_ATTACHMENT (Part 2)] Migrated 61 rows.
2026-01-13 16:12:24 [E780.E780_IF_FILE_ATTACHMENT (Part 3)] Migrated 106 rows.
2026-01-13 16:12:24 [E780.E780_IF_FILE_ATTACHMENT (Part 1)] Migrated 167 rows.
2026-01-13 16:12:24 [E780.E780_IF_FILE_ATTACHMENT (Part 3)] Migrated 107 rows.
2026-01-13 16:12:24 [E780.E780_IF_FILE_ATTACHMENT (Part 1)] Migrated 168 rows.
2026-01-13 16:12:24 [E780.E780_IF_FILE_ATTACHMENT (Part 2)] Migrated 62 rows.
2026-01-13 16:12:24 [E780.E780_IF_FILE_ATTACHMENT (Part 2)] Migrated 63 rows.
2026-01-13 16:12:24 [E780.E780_IF_FILE_ATTACHMENT (Part 1)] Migrated 169 rows.
2026-01-13 16:12:24 [E780.E780_IF_FILE_ATTACHMENT (Part 2)] Migrated 64 rows.
2026-01-13 16:12:24 [E780.E780_IF_FILE_ATTACHMENT (Part 1)] Migrated 170 rows.
2026-01-13 16:12:24 [E780.E780_IF_FILE_ATTACHMENT (Part 4)] Migrated 107 rows.
2026-01-13 16:12:24 [E780.E780_IF_FILE_ATTACHMENT (Part 2)] Migrated 65 rows.
2026-01-13 16:12:24 [E780.E780_IF_FILE_ATTACHMENT (Part 4)] Migrated 108 rows.
2026-01-13 16:12:24 [E780.E780_IF_FILE_ATTACHMENT (Part 3)] Migrated 108 rows.
2026-01-13 16:12:24 [E780.E780_IF_FILE_ATTACHMENT (Part 1)] Migrated 171 rows.
2026-01-13 16:12:24 [E780.E780_IF_FILE_ATTACHMENT (Part 4)] Migrated 109 rows.
2026-01-13 16:12:24 [E780.E780_IF_FILE_ATTACHMENT (Part 4)] Migrated 110 rows.
2026-01-13 16:12:24 [E780.E780_IF_FILE_ATTACHMENT (Part 2)] Migrated 66 rows.
2026-01-13 16:12:24 [E780.E780_IF_FILE_ATTACHMENT (Part 1)] Migrated 172 rows.
2026-01-13 16:12:24 [E780.E780_IF_FILE_ATTACHMENT (Part 4)] Migrated 111 rows.
2026-01-13 16:12:24 [E780.E780_IF_FILE_ATTACHMENT (Part 1)] Migrated 173 rows.
2026-01-13 16:12:24 [E780.E780_IF_FILE_ATTACHMENT (Part 2)] Migrated 67 rows.
2026-01-13 16:12:24 [E780.E780_IF_FILE_ATTACHMENT (Part 4)] Migrated 112 rows.
2026-01-13 16:12:24 [E780.E780_IF_FILE_ATTACHMENT (Part 2)] Migrated 68 rows.
2026-01-13 16:12:24 [E780.E780_IF_FILE_ATTACHMENT (Part 1)] Migrated 174 rows.
2026-01-13 16:12:24 [E780.E780_IF_FILE_ATTACHMENT (Part 2)] Migrated 69 rows.
2026-01-13 16:12:24 [E780.E780_IF_FILE_ATTACHMENT (Part 1)] Migrated 175 rows.
2026-01-13 16:12:24 [E780.E780_IF_FILE_ATTACHMENT (Part 1)] Migrated 176 rows.
2026-01-13 16:12:24 [E780.E780_IF_FILE_ATTACHMENT (Part 4)] Migrated 113 rows.
2026-01-13 16:12:25 [E780.E780_IF_FILE_ATTACHMENT (Part 1)] Migrated 177 rows.
2026-01-13 16:12:25 [E780.E780_IF_FILE_ATTACHMENT (Part 2)] Migrated 70 rows.
2026-01-13 16:12:25 [E780.E780_IF_FILE_ATTACHMENT (Part 3)] Migrated 109 rows.
2026-01-13 16:12:25 [E780.E780_IF_FILE_ATTACHMENT (Part 1)] Migrated 178 rows.
2026-01-13 16:12:25 [E780.E780_IF_FILE_ATTACHMENT (Part 4)] Migrated 114 rows.
2026-01-13 16:12:25 [E780.E780_IF_FILE_ATTACHMENT (Part 1)] Migrated 179 rows.
2026-01-13 16:12:25 [E780.E780_IF_FILE_ATTACHMENT (Part 2)] Migrated 71 rows.
2026-01-13 16:12:25 [E780.E780_IF_FILE_ATTACHMENT (Part 4)] Migrated 115 rows.
2026-01-13 16:12:25 [E780.E780_IF_FILE_ATTACHMENT (Part 2)] Migrated 72 rows.
2026-01-13 16:12:25 [E780.E780_IF_FILE_ATTACHMENT (Part 1)] Migrated 180 rows.
2026-01-13 16:12:25 [E780.E780_IF_FILE_ATTACHMENT (Part 2)] Migrated 73 rows.
2026-01-13 16:12:25 [E780.E780_IF_FILE_ATTACHMENT (Part 1)] Migrated 181 rows.
2026-01-13 16:12:25 [E780.E780_IF_FILE_ATTACHMENT (Part 2)] Migrated 74 rows.
2026-01-13 16:12:25 [E780.E780_IF_FILE_ATTACHMENT (Part 4)] Migrated 116 rows.
2026-01-13 16:12:25 [E780.E780_IF_FILE_ATTACHMENT (Part 3)] Migrated 110 rows.
2026-01-13 16:12:25 [E780.E780_IF_FILE_ATTACHMENT (Part 1)] Migrated 182 rows.
2026-01-13 16:12:25 [E780.E780_IF_FILE_ATTACHMENT (Part 2)] Migrated 75 rows.
2026-01-13 16:12:25 [E780.E780_IF_FILE_ATTACHMENT (Part 1)] Migrated 183 rows.
2026-01-13 16:12:25 [E780.E780_IF_FILE_ATTACHMENT (Part 3)] Migrated 111 rows.
2026-01-13 16:12:25 [E780.E780_IF_FILE_ATTACHMENT (Part 2)] Migrated 76 rows.
2026-01-13 16:12:25 [E780.E780_IF_FILE_ATTACHMENT (Part 4)] Migrated 117 rows.
2026-01-13 16:12:25 [E780.E780_IF_FILE_ATTACHMENT (Part 3)] Migrated 112 rows.
2026-01-13 16:12:25 [E780.E780_IF_FILE_ATTACHMENT (Part 2)] Migrated 77 rows.
2026-01-13 16:12:25 [E780.E780_IF_FILE_ATTACHMENT (Part 1)] Migrated 184 rows.
2026-01-13 16:12:25 [E780.E780_IF_FILE_ATTACHMENT (Part 4)] Migrated 118 rows.
2026-01-13 16:12:25 [E780.E780_IF_FILE_ATTACHMENT (Part 4)] Migrated 119 rows.
2026-01-13 16:12:25 [E780.E780_IF_FILE_ATTACHMENT (Part 1)] Migrated 185 rows.
2026-01-13 16:12:25 [E780.E780_IF_FILE_ATTACHMENT (Part 1)] Migrated 186 rows.
2026-01-13 16:12:25 [E780.E780_IF_FILE_ATTACHMENT (Part 3)] Migrated 113 rows.
2026-01-13 16:12:25 [E780.E780_IF_FILE_ATTACHMENT (Part 1)] Migrated 187 rows.
2026-01-13 16:12:25 [E780.E780_IF_FILE_ATTACHMENT (Part 3)] Migrated 114 rows.
2026-01-13 16:12:25 [E780.E780_IF_FILE_ATTACHMENT (Part 1)] Migrated 188 rows.
2026-01-13 16:12:25 [E780.E780_IF_FILE_ATTACHMENT (Part 1)] Migrated 189 rows.
2026-01-13 16:12:25 [E780.E780_IF_FILE_ATTACHMENT (Part 1)] Migrated 190 rows.
2026-01-13 16:12:25 [E780.E780_IF_FILE_ATTACHMENT (Part 1)] Migrated 191 rows.
2026-01-13 16:12:25 [E780.E780_IF_FILE_ATTACHMENT (Part 4)] Migrated 120 rows.
2026-01-13 16:12:25 [E780.E780_IF_FILE_ATTACHMENT (Part 1)] Migrated 192 rows.
2026-01-13 16:12:25 [E780.E780_IF_FILE_ATTACHMENT (Part 2)] Migrated 78 rows.
2026-01-13 16:12:25 [E780.E780_IF_FILE_ATTACHMENT (Part 3)] Migrated 115 rows.
2026-01-13 16:12:25 [E780.E780_IF_FILE_ATTACHMENT (Part 4)] Migrated 121 rows.
2026-01-13 16:12:25 [E780.E780_IF_FILE_ATTACHMENT (Part 3)] Migrated 116 rows.
2026-01-13 16:12:25 [E780.E780_IF_FILE_ATTACHMENT (Part 1)] Migrated 193 rows.
2026-01-13 16:12:25 [E780.E780_IF_FILE_ATTACHMENT (Part 1)] Migrated 194 rows.
2026-01-13 16:12:25 [E780.E780_IF_FILE_ATTACHMENT (Part 4)] Migrated 122 rows.
2026-01-13 16:12:25 [E780.E780_IF_FILE_ATTACHMENT (Part 1)] Migrated 195 rows.
2026-01-13 16:12:26 [E780.E780_IF_FILE_ATTACHMENT (Part 1)] Migrated 196 rows.
2026-01-13 16:12:26 [E780.E780_IF_FILE_ATTACHMENT (Part 4)] Migrated 123 rows.
2026-01-13 16:12:26 [E780.E780_IF_FILE_ATTACHMENT (Part 4)] Migrated 124 rows.
2026-01-13 16:12:26 [E780.E780_IF_FILE_ATTACHMENT (Part 4)] Migrated 125 rows.
2026-01-13 16:12:26 [E780.E780_IF_FILE_ATTACHMENT (Part 1)] Migrated 197 rows.
2026-01-13 16:12:26 [E780.E780_IF_FILE_ATTACHMENT (Part 4)] Migrated 126 rows.
2026-01-13 16:12:26 [E780.E780_IF_FILE_ATTACHMENT (Part 3)] Migrated 117 rows.
2026-01-13 16:12:26 [E780.E780_IF_FILE_ATTACHMENT (Part 4)] Migrated 127 rows.
2026-01-13 16:12:26 [E780.E780_IF_FILE_ATTACHMENT (Part 4)] Migrated 128 rows.
2026-01-13 16:12:26 [E780.E780_IF_FILE_ATTACHMENT (Part 3)] Migrated 118 rows.
2026-01-13 16:12:26 [E780.E780_IF_FILE_ATTACHMENT (Part 1)] Migrated 198 rows.
2026-01-13 16:12:26 [E780.E780_IF_FILE_ATTACHMENT (Part 3)] Migrated 119 rows.
2026-01-13 16:12:26 [E780.E780_IF_FILE_ATTACHMENT (Part 3)] Migrated 120 rows.
2026-01-13 16:12:26 [E780.E780_IF_FILE_ATTACHMENT (Part 4)] Migrated 129 rows.
2026-01-13 16:12:26 [E780.E780_IF_FILE_ATTACHMENT (Part 1)] Migrated 199 rows.
2026-01-13 16:12:26 [E780.E780_IF_FILE_ATTACHMENT (Part 3)] Migrated 121 rows.
2026-01-13 16:12:26 [E780.E780_IF_FILE_ATTACHMENT (Part 3)] Migrated 122 rows.
2026-01-13 16:12:26 [E780.E780_IF_FILE_ATTACHMENT (Part 1)] Migrated 200 rows.
2026-01-13 16:12:26 [E780.E780_IF_FILE_ATTACHMENT (Part 3)] Migrated 123 rows.
2026-01-13 16:12:26 [E780.E780_IF_FILE_ATTACHMENT (Part 1)] Migrated 201 rows.
2026-01-13 16:12:26 [E780.E780_IF_FILE_ATTACHMENT (Part 4)] Migrated 130 rows.
2026-01-13 16:12:26 [E780.E780_IF_FILE_ATTACHMENT (Part 1)] Migrated 202 rows.
2026-01-13 16:12:26 [E780.E780_IF_FILE_ATTACHMENT (Part 3)] Migrated 124 rows.
2026-01-13 16:12:26 [E780.E780_IF_FILE_ATTACHMENT (Part 4)] Migrated 131 rows.
2026-01-13 16:12:26 [E780.E780_IF_FILE_ATTACHMENT (Part 3)] Migrated 125 rows.
2026-01-13 16:12:26 [E780.E780_IF_FILE_ATTACHMENT (Part 1)] Migrated 203 rows.
2026-01-13 16:12:26 [E780.E780_IF_FILE_ATTACHMENT (Part 4)] Migrated 132 rows.
2026-01-13 16:12:26 [E780.E780_IF_FILE_ATTACHMENT (Part 1)] Migrated 204 rows.
2026-01-13 16:12:26 [E780.E780_IF_FILE_ATTACHMENT (Part 3)] Migrated 126 rows.
2026-01-13 16:12:26 [E780.E780_IF_FILE_ATTACHMENT (Part 4)] Migrated 133 rows.
2026-01-13 16:12:26 [E780.E780_IF_FILE_ATTACHMENT (Part 1)] Migrated 205 rows.
2026-01-13 16:12:26 [E780.E780_IF_FILE_ATTACHMENT (Part 1)] Migrated 206 rows.
2026-01-13 16:12:26 [E780.E780_IF_FILE_ATTACHMENT (Part 4)] Migrated 134 rows.
2026-01-13 16:12:26 [E780.E780_IF_FILE_ATTACHMENT (Part 4)] Migrated 135 rows.
2026-01-13 16:12:26 [E780.E780_IF_FILE_ATTACHMENT (Part 1)] Migrated 207 rows.
2026-01-13 16:12:26 [E780.E780_IF_FILE_ATTACHMENT (Part 4)] Migrated 136 rows.
2026-01-13 16:12:26 [E780.E780_IF_FILE_ATTACHMENT (Part 1)] Migrated 208 rows.
2026-01-13 16:12:26 [E780.E780_IF_FILE_ATTACHMENT (Part 1)] Migrated 209 rows.
2026-01-13 16:12:26 [E780.E780_IF_FILE_ATTACHMENT (Part 1)] Migrated 210 rows.
2026-01-13 16:12:27 [E780.E780_IF_FILE_ATTACHMENT (Part 3)] Migrated 127 rows.
2026-01-13 16:12:27 [E780.E780_IF_FILE_ATTACHMENT (Part 1)] Migrated 211 rows.
2026-01-13 16:12:27 [E780.E780_IF_FILE_ATTACHMENT (Part 1)] Migrated 212 rows.
2026-01-13 16:12:27 [E780.E780_IF_FILE_ATTACHMENT (Part 3)] Migrated 128 rows.
2026-01-13 16:12:27 [E780.E780_IF_FILE_ATTACHMENT (Part 1)] Migrated 213 rows.
2026-01-13 16:12:27 [E780.E780_IF_FILE_ATTACHMENT (Part 1)] Migrated 214 rows.
2026-01-13 16:12:27 [E780.E780_IF_FILE_ATTACHMENT (Part 1)] Migrated 215 rows.
2026-01-13 16:12:27 [E780.E780_IF_FILE_ATTACHMENT (Part 1)] Migrated 216 rows.
2026-01-13 16:12:27 [E780.E780_IF_FILE_ATTACHMENT (Part 1)] Migrated 217 rows.
2026-01-13 16:12:27 [E780.E780_IF_FILE_ATTACHMENT (Part 1)] Migrated 218 rows.
2026-01-13 16:12:27 [E780.E780_IF_FILE_ATTACHMENT (Part 1)] Migrated 219 rows.
2026-01-13 16:12:27 [E780.E780_IF_FILE_ATTACHMENT (Part 1)] Migrated 220 rows.
2026-01-13 16:12:27 [E780.E780_IF_FILE_ATTACHMENT (Part 1)] Migrated 221 rows.
2026-01-13 16:12:27 [E780.E780_IF_FILE_ATTACHMENT (Part 2)] Migrated 79 rows.
2026-01-13 16:12:27 [E780.E780_IF_FILE_ATTACHMENT (Part 1)] Migrated 222 rows.
2026-01-13 16:12:27 [E780.E780_IF_FILE_ATTACHMENT (Part 4)] Migrated 137 rows.
2026-01-13 16:12:27 [E780.E780_IF_FILE_ATTACHMENT (Part 2)] Migrated 80 rows.
2026-01-13 16:12:27 [E780.E780_IF_FILE_ATTACHMENT (Part 1)] Migrated 223 rows.
2026-01-13 16:12:27 [E780.E780_IF_FILE_ATTACHMENT (Part 4)] Migrated 138 rows.
2026-01-13 16:12:27 [E780.E780_IF_FILE_ATTACHMENT (Part 2)] Migrated 81 rows.
2026-01-13 16:12:28 [E780.E780_IF_FILE_ATTACHMENT (Part 4)] Migrated 139 rows.
2026-01-13 16:12:28 [E780.E780_IF_FILE_ATTACHMENT (Part 2)] Migrated 82 rows.
2026-01-13 16:12:28 [E780.E780_IF_FILE_ATTACHMENT (Part 1)] Migrated 224 rows.
2026-01-13 16:12:28 [E780.E780_IF_FILE_ATTACHMENT (Part 3)] Migrated 129 rows.
2026-01-13 16:12:28 [E780.E780_IF_FILE_ATTACHMENT (Part 4)] Migrated 140 rows.
2026-01-13 16:12:28 [E780.E780_IF_FILE_ATTACHMENT (Part 2)] Migrated 83 rows.
2026-01-13 16:12:28 [E780.E780_IF_FILE_ATTACHMENT (Part 4)] Migrated 141 rows.
2026-01-13 16:12:28 [E780.E780_IF_FILE_ATTACHMENT (Part 4)] Migrated 142 rows.
2026-01-13 16:12:28 [E780.E780_IF_FILE_ATTACHMENT (Part 1)] Migrated 225 rows.
2026-01-13 16:12:28 [E780.E780_IF_FILE_ATTACHMENT (Part 4)] Migrated 143 rows.
2026-01-13 16:12:28 [E780.E780_IF_FILE_ATTACHMENT (Part 4)] Migrated 144 rows.
2026-01-13 16:12:28 [E780.E780_IF_FILE_ATTACHMENT (Part 4)] Migrated 145 rows.
2026-01-13 16:12:28 [E780.E780_IF_FILE_ATTACHMENT (Part 4)] Migrated 146 rows.
2026-01-13 16:12:28 [E780.E780_IF_FILE_ATTACHMENT (Part 1)] Migrated 226 rows.
2026-01-13 16:12:28 [E780.E780_IF_FILE_ATTACHMENT (Part 4)] Migrated 147 rows.
2026-01-13 16:12:28 [E780.E780_IF_FILE_ATTACHMENT (Part 1)] Migrated 227 rows.
2026-01-13 16:12:28 [E780.E780_IF_FILE_ATTACHMENT (Part 4)] Migrated 148 rows.
2026-01-13 16:12:28 [E780.E780_IF_FILE_ATTACHMENT (Part 1)] Migrated 228 rows.
2026-01-13 16:12:28 [E780.E780_IF_FILE_ATTACHMENT (Part 4)] Migrated 149 rows.
2026-01-13 16:12:28 [E780.E780_IF_FILE_ATTACHMENT (Part 1)] Migrated 229 rows.
2026-01-13 16:12:28 [E780.E780_IF_FILE_ATTACHMENT (Part 4)] Migrated 150 rows.
2026-01-13 16:12:28 [E780.E780_IF_FILE_ATTACHMENT (Part 1)] Migrated 230 rows.
2026-01-13 16:12:28 [E780.E780_IF_FILE_ATTACHMENT (Part 4)] Migrated 151 rows.
2026-01-13 16:12:28 [E780.E780_IF_FILE_ATTACHMENT (Part 1)] Migrated 231 rows.
2026-01-13 16:12:28 [E780.E780_IF_FILE_ATTACHMENT (Part 4)] Migrated 152 rows.
2026-01-13 16:12:28 [E780.E780_IF_FILE_ATTACHMENT (Part 1)] Migrated 232 rows.
2026-01-13 16:12:28 [E780.E780_IF_FILE_ATTACHMENT (Part 4)] Migrated 153 rows.
2026-01-13 16:12:28 [E780.E780_IF_FILE_ATTACHMENT (Part 4)] Migrated 154 rows.
2026-01-13 16:12:28 [E780.E780_IF_FILE_ATTACHMENT (Part 1)] Migrated 233 rows.
2026-01-13 16:12:28 [E780.E780_IF_FILE_ATTACHMENT (Part 4)] Migrated 155 rows.
2026-01-13 16:12:28 [E780.E780_IF_FILE_ATTACHMENT (Part 1)] Migrated 234 rows.
2026-01-13 16:12:28 [E780.E780_IF_FILE_ATTACHMENT (Part 2)] Migrated 84 rows.
2026-01-13 16:12:28 [E780.E780_IF_FILE_ATTACHMENT (Part 1)] Migrated 235 rows.
2026-01-13 16:12:28 [E780.E780_IF_FILE_ATTACHMENT (Part 1)] Migrated 236 rows.
2026-01-13 16:12:28 [E780.E780_IF_FILE_ATTACHMENT (Part 2)] Migrated 85 rows.
2026-01-13 16:12:28 [E780.E780_IF_FILE_ATTACHMENT (Part 1)] Migrated 237 rows.
2026-01-13 16:12:28 [E780.E780_IF_FILE_ATTACHMENT (Part 4)] Migrated 156 rows.
2026-01-13 16:12:28 [E780.E780_IF_FILE_ATTACHMENT (Part 2)] Migrated 86 rows.
2026-01-13 16:12:28 [E780.E780_IF_FILE_ATTACHMENT (Part 1)] Migrated 238 rows.
2026-01-13 16:12:28 [E780.E780_IF_FILE_ATTACHMENT (Part 2)] Migrated 87 rows.
2026-01-13 16:12:28 [E780.E780_IF_FILE_ATTACHMENT (Part 1)] Migrated 239 rows.
2026-01-13 16:12:28 [E780.E780_IF_FILE_ATTACHMENT (Part 2)] Migrated 88 rows.
2026-01-13 16:12:28 [E780.E780_IF_FILE_ATTACHMENT (Part 1)] Migrated 240 rows.
2026-01-13 16:12:28 [E780.E780_IF_FILE_ATTACHMENT (Part 2)] Migrated 89 rows.
2026-01-13 16:12:28 [E780.E780_IF_FILE_ATTACHMENT (Part 1)] Migrated 241 rows.
2026-01-13 16:12:28 [E780.E780_IF_FILE_ATTACHMENT (Part 2)] Migrated 90 rows.
2026-01-13 16:12:29 [E780.E780_IF_FILE_ATTACHMENT (Part 2)] Migrated 91 rows.
2026-01-13 16:12:29 [E780.E780_IF_FILE_ATTACHMENT (Part 1)] Migrated 242 rows.
2026-01-13 16:12:29 [E780.E780_IF_FILE_ATTACHMENT (Part 4)] Migrated 157 rows.
2026-01-13 16:12:29 [E780.E780_IF_FILE_ATTACHMENT (Part 2)] Migrated 92 rows.
2026-01-13 16:12:29 [E780.E780_IF_FILE_ATTACHMENT (Part 2)] Migrated 93 rows.
2026-01-13 16:12:29 [E780.E780_IF_FILE_ATTACHMENT (Part 2)] Migrated 94 rows.
2026-01-13 16:12:29 [E780.E780_IF_FILE_ATTACHMENT (Part 1)] Migrated 243 rows.
2026-01-13 16:12:29 [E780.E780_IF_FILE_ATTACHMENT (Part 2)] Migrated 95 rows.
2026-01-13 16:12:29 [E780.E780_IF_FILE_ATTACHMENT (Part 2)] Migrated 96 rows.
2026-01-13 16:12:29 [E780.E780_IF_FILE_ATTACHMENT (Part 2)] Migrated 97 rows.
2026-01-13 16:12:29 [E780.E780_IF_FILE_ATTACHMENT (Part 1)] Migrated 244 rows.
2026-01-13 16:12:29 [E780.E780_IF_FILE_ATTACHMENT (Part 4)] Migrated 158 rows.
2026-01-13 16:12:29 [E780.E780_IF_FILE_ATTACHMENT (Part 2)] Migrated 98 rows.
2026-01-13 16:12:29 [E780.E780_IF_FILE_ATTACHMENT (Part 3)] Migrated 130 rows.
2026-01-13 16:12:29 [E780.E780_IF_FILE_ATTACHMENT (Part 2)] Migrated 99 rows.
2026-01-13 16:12:29 [E780.E780_IF_FILE_ATTACHMENT (Part 2)] Migrated 100 rows.
2026-01-13 16:12:29 [E780.E780_IF_FILE_ATTACHMENT (Part 1)] Migrated 245 rows.
2026-01-13 16:12:29 [E780.E780_IF_FILE_ATTACHMENT (Part 2)] Migrated 101 rows.
2026-01-13 16:12:29 [E780.E780_IF_FILE_ATTACHMENT (Part 2)] Migrated 102 rows.
2026-01-13 16:12:29 [E780.E780_IF_FILE_ATTACHMENT (Part 2)] Migrated 103 rows.
2026-01-13 16:12:29 [E780.E780_IF_FILE_ATTACHMENT (Part 1)] Migrated 246 rows.
2026-01-13 16:12:29 [E780.E780_IF_FILE_ATTACHMENT (Part 2)] Migrated 104 rows.
2026-01-13 16:12:29 [E780.E780_IF_FILE_ATTACHMENT (Part 4)] Migrated 159 rows.
2026-01-13 16:12:29 [E780.E780_IF_FILE_ATTACHMENT (Part 1)] Migrated 247 rows.
2026-01-13 16:12:29 [E780.E780_IF_FILE_ATTACHMENT (Part 4)] Migrated 160 rows.
2026-01-13 16:12:30 [E780.E780_IF_FILE_ATTACHMENT (Part 2)] Migrated 105 rows.
2026-01-13 16:12:30 [E780.E780_IF_FILE_ATTACHMENT (Part 1)] Migrated 248 rows.
2026-01-13 16:12:30 [E780.E780_IF_FILE_ATTACHMENT (Part 1)] Migrated 249 rows.
2026-01-13 16:12:30 [E780.E780_IF_FILE_ATTACHMENT (Part 2)] Migrated 106 rows.
2026-01-13 16:12:30 [E780.E780_IF_FILE_ATTACHMENT (Part 1)] Migrated 250 rows.
2026-01-13 16:12:30 [E780.E780_IF_FILE_ATTACHMENT (Part 2)] Migrated 107 rows.
2026-01-13 16:12:30 [E780.E780_IF_FILE_ATTACHMENT (Part 1)] Migrated 251 rows.
2026-01-13 16:12:30 [E780.E780_IF_FILE_ATTACHMENT (Part 4)] Migrated 161 rows.
2026-01-13 16:12:30 [E780.E780_IF_FILE_ATTACHMENT (Part 3)] Migrated 131 rows.
2026-01-13 16:12:30 [E780.E780_IF_FILE_ATTACHMENT (Part 2)] Migrated 108 rows.
2026-01-13 16:12:30 [E780.E780_IF_FILE_ATTACHMENT (Part 4)] Migrated 162 rows.
2026-01-13 16:12:30 [E780.E780_IF_FILE_ATTACHMENT (Part 4)] Migrated 163 rows.
2026-01-13 16:12:30 [E780.E780_IF_FILE_ATTACHMENT (Part 1)] Migrated 252 rows.
2026-01-13 16:12:30 [E780.E780_IF_FILE_ATTACHMENT (Part 3)] Migrated 132 rows.
2026-01-13 16:12:30 [E780.E780_IF_FILE_ATTACHMENT (Part 4)] Migrated 164 rows.
2026-01-13 16:12:30 [E780.E780_IF_FILE_ATTACHMENT (Part 1)] Migrated 253 rows.
2026-01-13 16:12:30 [E780.E780_IF_FILE_ATTACHMENT (Part 3)] Migrated 133 rows.
2026-01-13 16:12:30 [E780.E780_IF_FILE_ATTACHMENT (Part 2)] Migrated 109 rows.
2026-01-13 16:12:30 [E780.E780_IF_FILE_ATTACHMENT (Part 4)] Migrated 165 rows.
2026-01-13 16:12:30 [E780.E780_IF_FILE_ATTACHMENT (Part 1)] Migrated 254 rows.
2026-01-13 16:12:30 [E780.E780_IF_FILE_ATTACHMENT (Part 3)] Migrated 134 rows.
2026-01-13 16:12:30 [E780.E780_IF_FILE_ATTACHMENT (Part 1)] Migrated 255 rows.
2026-01-13 16:12:30 [E780.E780_IF_FILE_ATTACHMENT (Part 2)] Migrated 110 rows.
2026-01-13 16:12:30 [E780.E780_IF_FILE_ATTACHMENT (Part 3)] Migrated 135 rows.
2026-01-13 16:12:30 [E780.E780_IF_FILE_ATTACHMENT (Part 3)] Migrated 136 rows.
2026-01-13 16:12:30 [E780.E780_IF_FILE_ATTACHMENT (Part 2)] Migrated 111 rows.
2026-01-13 16:12:30 [E780.E780_IF_FILE_ATTACHMENT (Part 3)] Migrated 137 rows.
2026-01-13 16:12:30 [E780.E780_IF_FILE_ATTACHMENT (Part 2)] Migrated 112 rows.
2026-01-13 16:12:30 [E780.E780_IF_FILE_ATTACHMENT (Part 3)] Migrated 138 rows.
2026-01-13 16:12:30 [E780.E780_IF_FILE_ATTACHMENT (Part 1)] Migrated 256 rows.
2026-01-13 16:12:30 [E780.E780_IF_FILE_ATTACHMENT (Part 2)] Migrated 113 rows.
2026-01-13 16:12:30 [E780.E780_IF_FILE_ATTACHMENT (Part 3)] Migrated 139 rows.
2026-01-13 16:12:30 [E780.E780_IF_FILE_ATTACHMENT (Part 2)] Migrated 114 rows.
2026-01-13 16:12:30 [E780.E780_IF_FILE_ATTACHMENT (Part 3)] Migrated 140 rows.
2026-01-13 16:12:30 [E780.E780_IF_FILE_ATTACHMENT (Part 2)] Migrated 115 rows.
2026-01-13 16:12:30 [E780.E780_IF_FILE_ATTACHMENT (Part 1)] Migrated 257 rows.
2026-01-13 16:12:30 [E780.E780_IF_FILE_ATTACHMENT (Part 2)] Migrated 116 rows.
2026-01-13 16:12:30 [E780.E780_IF_FILE_ATTACHMENT (Part 2)] Migrated 117 rows.
2026-01-13 16:12:30 [E780.E780_IF_FILE_ATTACHMENT (Part 2)] Migrated 118 rows.
2026-01-13 16:12:30 [E780.E780_IF_FILE_ATTACHMENT (Part 3)] Migrated 141 rows.
2026-01-13 16:12:30 [E780.E780_IF_FILE_ATTACHMENT (Part 1)] Migrated 258 rows.
2026-01-13 16:12:30 [E780.E780_IF_FILE_ATTACHMENT (Part 2)] Migrated 119 rows.
2026-01-13 16:12:30 [E780.E780_IF_FILE_ATTACHMENT (Part 4)] Migrated 166 rows.
2026-01-13 16:12:30 [E780.E780_IF_FILE_ATTACHMENT (Part 3)] Migrated 142 rows.
2026-01-13 16:12:30 [E780.E780_IF_FILE_ATTACHMENT (Part 1)] Migrated 259 rows.
2026-01-13 16:12:30 [E780.E780_IF_FILE_ATTACHMENT (Part 2)] Migrated 120 rows.
2026-01-13 16:12:30 [E780.E780_IF_FILE_ATTACHMENT (Part 3)] Migrated 143 rows.
2026-01-13 16:12:31 [E780.E780_IF_FILE_ATTACHMENT (Part 4)] Migrated 167 rows.
2026-01-13 16:12:31 [E780.E780_IF_FILE_ATTACHMENT (Part 1)] Migrated 260 rows.
2026-01-13 16:12:31 [E780.E780_IF_FILE_ATTACHMENT (Part 2)] Migrated 121 rows.
2026-01-13 16:12:31 [E780.E780_IF_FILE_ATTACHMENT (Part 3)] Migrated 144 rows.
2026-01-13 16:12:31 [E780.E780_IF_FILE_ATTACHMENT (Part 4)] Migrated 168 rows.
2026-01-13 16:12:31 [E780.E780_IF_FILE_ATTACHMENT (Part 2)] Migrated 122 rows.
2026-01-13 16:12:31 [E780.E780_IF_FILE_ATTACHMENT (Part 2)] Migrated 123 rows.
2026-01-13 16:12:31 [E780.E780_IF_FILE_ATTACHMENT (Part 4)] Migrated 169 rows.
2026-01-13 16:12:31 [E780.E780_IF_FILE_ATTACHMENT (Part 2)] Migrated 124 rows.
2026-01-13 16:12:31 [E780.E780_IF_FILE_ATTACHMENT (Part 3)] Migrated 145 rows.
2026-01-13 16:12:31 [E780.E780_IF_FILE_ATTACHMENT (Part 4)] Migrated 170 rows.
2026-01-13 16:12:31 [E780.E780_IF_FILE_ATTACHMENT (Part 2)] Migrated 125 rows.
2026-01-13 16:12:31 [E780.E780_IF_FILE_ATTACHMENT (Part 3)] Migrated 146 rows.
2026-01-13 16:12:31 [E780.E780_IF_FILE_ATTACHMENT (Part 4)] Migrated 171 rows.
2026-01-13 16:12:31 [E780.E780_IF_FILE_ATTACHMENT (Part 2)] Migrated 126 rows.
2026-01-13 16:12:31 [E780.E780_IF_FILE_ATTACHMENT (Part 1)] Migrated 261 rows.
2026-01-13 16:12:31 [E780.E780_IF_FILE_ATTACHMENT (Part 4)] Migrated 172 rows.
2026-01-13 16:12:31 [E780.E780_IF_FILE_ATTACHMENT (Part 2)] Migrated 127 rows.
2026-01-13 16:12:31 [E780.E780_IF_FILE_ATTACHMENT (Part 4)] Migrated 173 rows.
2026-01-13 16:12:31 [E780.E780_IF_FILE_ATTACHMENT (Part 2)] Migrated 128 rows.
2026-01-13 16:12:31 [E780.E780_IF_FILE_ATTACHMENT (Part 4)] Migrated 174 rows.
2026-01-13 16:12:31 [E780.E780_IF_FILE_ATTACHMENT (Part 1)] Migrated 262 rows.
2026-01-13 16:12:31 [E780.E780_IF_FILE_ATTACHMENT (Part 2)] Migrated 129 rows.
2026-01-13 16:12:31 [E780.E780_IF_FILE_ATTACHMENT (Part 4)] Migrated 175 rows.
2026-01-13 16:12:31 [E780.E780_IF_FILE_ATTACHMENT (Part 4)] Migrated 176 rows.
2026-01-13 16:12:31 [E780.E780_IF_FILE_ATTACHMENT (Part 1)] Migrated 263 rows.
2026-01-13 16:12:31 [E780.E780_IF_FILE_ATTACHMENT (Part 3)] Migrated 147 rows.
2026-01-13 16:12:31 [E780.E780_IF_FILE_ATTACHMENT (Part 1)] Migrated 264 rows.
2026-01-13 16:12:31 [E780.E780_IF_FILE_ATTACHMENT (Part 1)] Migrated 265 rows.
2026-01-13 16:12:31 [E780.E780_IF_FILE_ATTACHMENT (Part 1)] Migrated 266 rows.
2026-01-13 16:12:31 [E780.E780_IF_FILE_ATTACHMENT (Part 1)] Migrated 267 rows.
2026-01-13 16:12:31 [E780.E780_IF_FILE_ATTACHMENT (Part 1)] Migrated 268 rows.
2026-01-13 16:12:31 [E780.E780_IF_FILE_ATTACHMENT (Part 3)] Migrated 148 rows.
2026-01-13 16:12:31 [E780.E780_IF_FILE_ATTACHMENT (Part 1)] Migrated 269 rows.
2026-01-13 16:12:31 [E780.E780_IF_FILE_ATTACHMENT (Part 3)] Migrated 149 rows.
2026-01-13 16:12:31 [E780.E780_IF_FILE_ATTACHMENT (Part 1)] Migrated 270 rows.
2026-01-13 16:12:31 [E780.E780_IF_FILE_ATTACHMENT (Part 1)] Migrated 271 rows.
2026-01-13 16:12:31 [E780.E780_IF_FILE_ATTACHMENT (Part 1)] Migrated 272 rows.
2026-01-13 16:12:31 [E780.E780_IF_FILE_ATTACHMENT (Part 3)] Migrated 150 rows.
2026-01-13 16:12:31 [E780.E780_IF_FILE_ATTACHMENT (Part 1)] Migrated 273 rows.
2026-01-13 16:12:31 [E780.E780_IF_FILE_ATTACHMENT (Part 2)] Migrated 130 rows.
2026-01-13 16:12:32 [E780.E780_IF_FILE_ATTACHMENT (Part 1)] Migrated 274 rows.
2026-01-13 16:12:32 [E780.E780_IF_FILE_ATTACHMENT (Part 3)] Migrated 151 rows.
2026-01-13 16:12:32 [E780.E780_IF_FILE_ATTACHMENT (Part 1)] Migrated 275 rows.
2026-01-13 16:12:32 [E780.E780_IF_FILE_ATTACHMENT (Part 2)] Migrated 131 rows.
2026-01-13 16:12:32 [E780.E780_IF_FILE_ATTACHMENT (Part 1)] Migrated 276 rows.
2026-01-13 16:12:32 [E780.E780_IF_FILE_ATTACHMENT (Part 3)] Migrated 152 rows.
2026-01-13 16:12:32 [E780.E780_IF_FILE_ATTACHMENT (Part 1)] Migrated 277 rows.
2026-01-13 16:12:32 [E780.E780_IF_FILE_ATTACHMENT (Part 4)] Migrated 177 rows.
2026-01-13 16:12:32 [E780.E780_IF_FILE_ATTACHMENT (Part 2)] Migrated 132 rows.
2026-01-13 16:12:32 [E780.E780_IF_FILE_ATTACHMENT (Part 1)] Migrated 278 rows.
2026-01-13 16:12:32 [E780.E780_IF_FILE_ATTACHMENT (Part 3)] Migrated 153 rows.
2026-01-13 16:12:32 [E780.E780_IF_FILE_ATTACHMENT (Part 2)] Migrated 133 rows.
2026-01-13 16:12:32 [E780.E780_IF_FILE_ATTACHMENT (Part 1)] Migrated 279 rows.
2026-01-13 16:12:32 [E780.E780_IF_FILE_ATTACHMENT (Part 2)] Migrated 134 rows.
2026-01-13 16:12:32 [E780.E780_IF_FILE_ATTACHMENT (Part 3)] Migrated 154 rows.
2026-01-13 16:12:32 [E780.E780_IF_FILE_ATTACHMENT (Part 2)] Migrated 135 rows.
2026-01-13 16:12:32 [E780.E780_IF_FILE_ATTACHMENT (Part 2)] Migrated 136 rows.
2026-01-13 16:12:32 [E780.E780_IF_FILE_ATTACHMENT (Part 3)] Migrated 155 rows.
2026-01-13 16:12:32 [E780.E780_IF_FILE_ATTACHMENT (Part 1)] Migrated 280 rows.
2026-01-13 16:12:32 [E780.E780_IF_FILE_ATTACHMENT (Part 2)] Migrated 137 rows.
2026-01-13 16:12:32 [E780.E780_IF_FILE_ATTACHMENT (Part 2)] Migrated 138 rows.
2026-01-13 16:12:32 [E780.E780_IF_FILE_ATTACHMENT (Part 1)] Migrated 281 rows.
2026-01-13 16:12:32 [E780.E780_IF_FILE_ATTACHMENT (Part 2)] Migrated 139 rows.
2026-01-13 16:12:32 [E780.E780_IF_FILE_ATTACHMENT (Part 3)] Migrated 156 rows.
2026-01-13 16:12:32 [E780.E780_IF_FILE_ATTACHMENT (Part 2)] Migrated 140 rows.
2026-01-13 16:12:32 [E780.E780_IF_FILE_ATTACHMENT (Part 1)] Migrated 282 rows.
2026-01-13 16:12:32 [E780.E780_IF_FILE_ATTACHMENT (Part 2)] Migrated 141 rows.
2026-01-13 16:12:32 [E780.E780_IF_FILE_ATTACHMENT (Part 3)] Migrated 157 rows.
2026-01-13 16:12:32 [E780.E780_IF_FILE_ATTACHMENT (Part 2)] Migrated 142 rows.
2026-01-13 16:12:32 [E780.E780_IF_FILE_ATTACHMENT (Part 1)] Migrated 283 rows.
2026-01-13 16:12:32 [E780.E780_IF_FILE_ATTACHMENT (Part 3)] Migrated 158 rows.
2026-01-13 16:12:32 [E780.E780_IF_FILE_ATTACHMENT (Part 1)] Migrated 284 rows.
2026-01-13 16:12:32 [E780.E780_IF_FILE_ATTACHMENT (Part 3)] Migrated 159 rows.
2026-01-13 16:12:32 [E780.E780_IF_FILE_ATTACHMENT (Part 2)] Migrated 143 rows.
2026-01-13 16:12:32 [E780.E780_IF_FILE_ATTACHMENT (Part 1)] Migrated 285 rows.
2026-01-13 16:12:32 [E780.E780_IF_FILE_ATTACHMENT (Part 3)] Migrated 160 rows.
2026-01-13 16:12:32 [E780.E780_IF_FILE_ATTACHMENT (Part 1)] Migrated 286 rows.
2026-01-13 16:12:32 [E780.E780_IF_FILE_ATTACHMENT (Part 1)] Migrated 287 rows.
2026-01-13 16:12:32 [E780.E780_IF_FILE_ATTACHMENT (Part 2)] Migrated 144 rows.
2026-01-13 16:12:32 [E780.E780_IF_FILE_ATTACHMENT (Part 3)] Migrated 161 rows.
2026-01-13 16:12:32 [E780.E780_IF_FILE_ATTACHMENT (Part 1)] Migrated 288 rows.
2026-01-13 16:12:32 [E780.E780_IF_FILE_ATTACHMENT (Part 2)] Migrated 145 rows.
2026-01-13 16:12:32 [E780.E780_IF_FILE_ATTACHMENT (Part 4)] Migrated 178 rows.
2026-01-13 16:12:32 [E780.E780_IF_FILE_ATTACHMENT (Part 2)] Migrated 146 rows.
2026-01-13 16:12:32 [E780.E780_IF_FILE_ATTACHMENT (Part 2)] Migrated 147 rows.
2026-01-13 16:12:32 [E780.E780_IF_FILE_ATTACHMENT (Part 1)] Migrated 289 rows.
2026-01-13 16:12:32 [E780.E780_IF_FILE_ATTACHMENT (Part 3)] Migrated 162 rows.
2026-01-13 16:12:32 [E780.E780_IF_FILE_ATTACHMENT (Part 2)] Migrated 148 rows.
2026-01-13 16:12:32 [E780.E780_IF_FILE_ATTACHMENT (Part 1)] Migrated 290 rows.
2026-01-13 16:12:32 [E780.E780_IF_FILE_ATTACHMENT (Part 3)] Migrated 163 rows.
2026-01-13 16:12:32 [E780.E780_IF_FILE_ATTACHMENT (Part 2)] Migrated 149 rows.
2026-01-13 16:12:32 [E780.E780_IF_FILE_ATTACHMENT (Part 3)] Migrated 164 rows.
2026-01-13 16:12:33 [E780.E780_IF_FILE_ATTACHMENT (Part 3)] Migrated 165 rows.
2026-01-13 16:12:33 [E780.E780_IF_FILE_ATTACHMENT (Part 3)] Migrated 166 rows.
2026-01-13 16:12:33 [E780.E780_IF_FILE_ATTACHMENT (Part 1)] Migrated 291 rows.
2026-01-13 16:12:33 [E780.E780_IF_FILE_ATTACHMENT (Part 3)] Migrated 167 rows.
2026-01-13 16:12:33 [E780.E780_IF_FILE_ATTACHMENT (Part 2)] Migrated 150 rows.
2026-01-13 16:12:33 [E780.E780_IF_FILE_ATTACHMENT (Part 3)] Migrated 168 rows.
2026-01-13 16:12:33 [E780.E780_IF_FILE_ATTACHMENT (Part 1)] Migrated 292 rows.
2026-01-13 16:12:33 [E780.E780_IF_FILE_ATTACHMENT (Part 4)] Migrated 179 rows.
2026-01-13 16:12:33 [E780.E780_IF_FILE_ATTACHMENT (Part 1)] Migrated 293 rows.
2026-01-13 16:12:33 [E780.E780_IF_FILE_ATTACHMENT (Part 4)] Migrated 180 rows.
2026-01-13 16:12:33 [E780.E780_IF_FILE_ATTACHMENT (Part 3)] Migrated 169 rows.
2026-01-13 16:12:33 [E780.E780_IF_FILE_ATTACHMENT (Part 1)] Migrated 294 rows.
2026-01-13 16:12:33 [E780.E780_IF_FILE_ATTACHMENT (Part 3)] Migrated 170 rows.
2026-01-13 16:12:33 [E780.E780_IF_FILE_ATTACHMENT (Part 1)] Migrated 295 rows.
2026-01-13 16:12:33 [E780.E780_IF_FILE_ATTACHMENT (Part 4)] Migrated 181 rows.
2026-01-13 16:12:33 [E780.E780_IF_FILE_ATTACHMENT (Part 3)] Migrated 171 rows.
2026-01-13 16:12:33 [E780.E780_IF_FILE_ATTACHMENT (Part 1)] Migrated 296 rows.
2026-01-13 16:12:33 [E780.E780_IF_FILE_ATTACHMENT (Part 4)] Migrated 182 rows.
2026-01-13 16:12:33 [E780.E780_IF_FILE_ATTACHMENT (Part 3)] Migrated 172 rows.
2026-01-13 16:12:33 [E780.E780_IF_FILE_ATTACHMENT (Part 2)] Migrated 151 rows.
2026-01-13 16:12:33 [E780.E780_IF_FILE_ATTACHMENT (Part 1)] Migrated 297 rows.
2026-01-13 16:12:33 [E780.E780_IF_FILE_ATTACHMENT (Part 3)] Migrated 173 rows.
2026-01-13 16:12:33 [E780.E780_IF_FILE_ATTACHMENT (Part 1)] Migrated 298 rows.
2026-01-13 16:12:33 [E780.E780_IF_FILE_ATTACHMENT (Part 4)] Migrated 183 rows.
2026-01-13 16:12:33 [E780.E780_IF_FILE_ATTACHMENT (Part 3)] Migrated 174 rows.
2026-01-13 16:12:33 [E780.E780_IF_FILE_ATTACHMENT (Part 1)] Migrated 299 rows.
2026-01-13 16:12:33 [E780.E780_IF_FILE_ATTACHMENT (Part 3)] Migrated 175 rows.
2026-01-13 16:12:33 [E780.E780_IF_FILE_ATTACHMENT (Part 1)] Migrated 300 rows.
2026-01-13 16:12:33 [E780.E780_IF_FILE_ATTACHMENT (Part 3)] Migrated 176 rows.
2026-01-13 16:12:33 [E780.E780_IF_FILE_ATTACHMENT (Part 1)] Migrated 301 rows.
2026-01-13 16:12:33 [E780.E780_IF_FILE_ATTACHMENT (Part 2)] Migrated 152 rows.
2026-01-13 16:12:33 [E780.E780_IF_FILE_ATTACHMENT (Part 1)] Migrated 302 rows.
2026-01-13 16:12:33 [E780.E780_IF_FILE_ATTACHMENT (Part 1)] Migrated 303 rows.
2026-01-13 16:12:33 [E780.E780_IF_FILE_ATTACHMENT (Part 4)] Migrated 184 rows.
2026-01-13 16:12:33 [E780.E780_IF_FILE_ATTACHMENT (Part 1)] Migrated 304 rows.
2026-01-13 16:12:33 [E780.E780_IF_FILE_ATTACHMENT (Part 1)] Migrated 305 rows.
2026-01-13 16:12:33 [E780.E780_IF_FILE_ATTACHMENT (Part 2)] Migrated 153 rows.
2026-01-13 16:12:33 [E780.E780_IF_FILE_ATTACHMENT (Part 4)] Migrated 185 rows.
2026-01-13 16:12:33 [E780.E780_IF_FILE_ATTACHMENT (Part 1)] Migrated 306 rows.
2026-01-13 16:12:33 [E780.E780_IF_FILE_ATTACHMENT (Part 3)] Migrated 177 rows.
2026-01-13 16:12:33 [E780.E780_IF_FILE_ATTACHMENT (Part 1)] Migrated 307 rows.
2026-01-13 16:12:33 [E780.E780_IF_FILE_ATTACHMENT (Part 2)] Migrated 154 rows.
2026-01-13 16:12:33 [E780.E780_IF_FILE_ATTACHMENT (Part 1)] Migrated 308 rows.
2026-01-13 16:12:33 [E780.E780_IF_FILE_ATTACHMENT (Part 1)] Migrated 309 rows.
2026-01-13 16:12:33 [E780.E780_IF_FILE_ATTACHMENT (Part 1)] Migrated 310 rows.
2026-01-13 16:12:34 [E780.E780_IF_FILE_ATTACHMENT (Part 4)] Migrated 186 rows.
2026-01-13 16:12:34 [E780.E780_IF_FILE_ATTACHMENT (Part 1)] Migrated 311 rows.
2026-01-13 16:12:34 [E780.E780_IF_FILE_ATTACHMENT (Part 3)] Migrated 178 rows.
2026-01-13 16:12:34 [E780.E780_IF_FILE_ATTACHMENT (Part 1)] Migrated 312 rows.
2026-01-13 16:12:34 [E780.E780_IF_FILE_ATTACHMENT (Part 2)] Migrated 155 rows.
2026-01-13 16:12:34 [E780.E780_IF_FILE_ATTACHMENT (Part 1)] Migrated 313 rows.
2026-01-13 16:12:34 [E780.E780_IF_FILE_ATTACHMENT (Part 1)] Migrated 314 rows.
2026-01-13 16:12:34 [E780.E780_IF_FILE_ATTACHMENT (Part 1)] Migrated 315 rows.
2026-01-13 16:12:34 [E780.E780_IF_FILE_ATTACHMENT (Part 1)] Migrated 316 rows.
2026-01-13 16:12:34 [E780.E780_IF_FILE_ATTACHMENT (Part 1)] Migrated 317 rows.
2026-01-13 16:12:34 [E780.E780_IF_FILE_ATTACHMENT (Part 4)] Migrated 187 rows.
2026-01-13 16:12:34 [E780.E780_IF_FILE_ATTACHMENT (Part 1)] Migrated 318 rows.
2026-01-13 16:12:34 [E780.E780_IF_FILE_ATTACHMENT (Part 3)] Migrated 179 rows.
2026-01-13 16:12:34 [E780.E780_IF_FILE_ATTACHMENT (Part 1)] Migrated 319 rows.
2026-01-13 16:12:34 [E780.E780_IF_FILE_ATTACHMENT (Part 1)] Migrated 320 rows.
2026-01-13 16:12:34 [E780.E780_IF_FILE_ATTACHMENT (Part 4)] Migrated 188 rows.
2026-01-13 16:12:34 [E780.E780_IF_FILE_ATTACHMENT (Part 1)] Migrated 321 rows.
2026-01-13 16:12:34 [E780.E780_IF_FILE_ATTACHMENT (Part 1)] Migrated 322 rows.
2026-01-13 16:12:34 [E780.E780_IF_FILE_ATTACHMENT (Part 1)] Migrated 323 rows.
2026-01-13 16:12:34 [E780.E780_IF_FILE_ATTACHMENT (Part 4)] Migrated 189 rows.
2026-01-13 16:12:34 [E780.E780_IF_FILE_ATTACHMENT (Part 3)] Migrated 180 rows.
2026-01-13 16:12:34 [E780.E780_IF_FILE_ATTACHMENT (Part 1)] Migrated 324 rows.
2026-01-13 16:12:34 [E780.E780_IF_FILE_ATTACHMENT (Part 1)] Migrated 325 rows.
2026-01-13 16:12:34 [E780.E780_IF_FILE_ATTACHMENT (Part 4)] Migrated 190 rows.
2026-01-13 16:12:34 [E780.E780_IF_FILE_ATTACHMENT (Part 3)] Migrated 181 rows.
2026-01-13 16:12:34 [E780.E780_IF_FILE_ATTACHMENT (Part 1)] Migrated 326 rows.
2026-01-13 16:12:34 [E780.E780_IF_FILE_ATTACHMENT (Part 3)] Migrated 182 rows.
2026-01-13 16:12:34 [E780.E780_IF_FILE_ATTACHMENT (Part 1)] Migrated 327 rows.
2026-01-13 16:12:34 [E780.E780_IF_FILE_ATTACHMENT (Part 3)] Migrated 183 rows.
2026-01-13 16:12:34 [E780.E780_IF_FILE_ATTACHMENT (Part 1)] Migrated 328 rows.
2026-01-13 16:12:34 [E780.E780_IF_FILE_ATTACHMENT (Part 3)] Migrated 184 rows.
2026-01-13 16:12:34 [E780.E780_IF_FILE_ATTACHMENT (Part 2)] Migrated 156 rows.
2026-01-13 16:12:34 [E780.E780_IF_FILE_ATTACHMENT (Part 4)] Migrated 191 rows.
2026-01-13 16:12:34 [E780.E780_IF_FILE_ATTACHMENT (Part 3)] Migrated 185 rows.
2026-01-13 16:12:34 [E780.E780_IF_FILE_ATTACHMENT (Part 1)] Migrated 329 rows.
2026-01-13 16:12:34 [E780.E780_IF_FILE_ATTACHMENT (Part 3)] Migrated 186 rows.
2026-01-13 16:12:34 [E780.E780_IF_FILE_ATTACHMENT (Part 4)] Migrated 192 rows.
2026-01-13 16:12:34 [E780.E780_IF_FILE_ATTACHMENT (Part 1)] Migrated 330 rows.
2026-01-13 16:12:34 [E780.E780_IF_FILE_ATTACHMENT (Part 3)] Migrated 187 rows.
2026-01-13 16:12:34 [E780.E780_IF_FILE_ATTACHMENT (Part 3)] Migrated 188 rows.
2026-01-13 16:12:34 [E780.E780_IF_FILE_ATTACHMENT (Part 4)] Migrated 193 rows.
2026-01-13 16:12:35 [E780.E780_IF_FILE_ATTACHMENT (Part 2)] Migrated 157 rows.
2026-01-13 16:12:35 [E780.E780_IF_FILE_ATTACHMENT (Part 1)] Migrated 331 rows.
2026-01-13 16:12:35 [E780.E780_IF_FILE_ATTACHMENT (Part 1)] Migrated 332 rows.
2026-01-13 16:12:35 [E780.E780_IF_FILE_ATTACHMENT (Part 1)] Migrated 333 rows.
2026-01-13 16:12:35 [E780.E780_IF_FILE_ATTACHMENT (Part 2)] Migrated 158 rows.
2026-01-13 16:12:35 [E780.E780_IF_FILE_ATTACHMENT (Part 1)] Migrated 334 rows.
2026-01-13 16:12:35 [E780.E780_IF_FILE_ATTACHMENT (Part 4)] Migrated 194 rows.
2026-01-13 16:12:35 [E780.E780_IF_FILE_ATTACHMENT (Part 1)] Migrated 335 rows.
2026-01-13 16:12:35 [E780.E780_IF_FILE_ATTACHMENT (Part 3)] Migrated 189 rows.
2026-01-13 16:12:35 [E780.E780_IF_FILE_ATTACHMENT (Part 4)] Migrated 195 rows.
2026-01-13 16:12:35 [E780.E780_IF_FILE_ATTACHMENT (Part 4)] Migrated 196 rows.
2026-01-13 16:12:35 [E780.E780_IF_FILE_ATTACHMENT (Part 1)] Migrated 336 rows.
2026-01-13 16:12:35 [E780.E780_IF_FILE_ATTACHMENT (Part 1)] Migrated 337 rows.
2026-01-13 16:12:35 [E780.E780_IF_FILE_ATTACHMENT (Part 1)] Migrated 338 rows.
2026-01-13 16:12:35 [E780.E780_IF_FILE_ATTACHMENT (Part 1)] Migrated 339 rows.
2026-01-13 16:12:35 [E780.E780_IF_FILE_ATTACHMENT (Part 3)] Migrated 190 rows.
2026-01-13 16:12:35 [E780.E780_IF_FILE_ATTACHMENT (Part 1)] Migrated 340 rows.
2026-01-13 16:12:35 [E780.E780_IF_FILE_ATTACHMENT (Part 4)] Migrated 197 rows.
2026-01-13 16:12:35 [E780.E780_IF_FILE_ATTACHMENT (Part 1)] Migrated 341 rows.
2026-01-13 16:12:35 [E780.E780_IF_FILE_ATTACHMENT (Part 4)] Migrated 198 rows.
2026-01-13 16:12:35 [E780.E780_IF_FILE_ATTACHMENT (Part 1)] Migrated 342 rows.
2026-01-13 16:12:35 [E780.E780_IF_FILE_ATTACHMENT (Part 4)] Migrated 199 rows.
2026-01-13 16:12:35 [E780.E780_IF_FILE_ATTACHMENT (Part 1)] Migrated 343 rows.
2026-01-13 16:12:35 [E780.E780_IF_FILE_ATTACHMENT (Part 3)] Migrated 191 rows.
2026-01-13 16:12:35 [E780.E780_IF_FILE_ATTACHMENT (Part 1)] Migrated 344 rows.
2026-01-13 16:12:35 [E780.E780_IF_FILE_ATTACHMENT (Part 4)] Migrated 200 rows.
2026-01-13 16:12:35 [E780.E780_IF_FILE_ATTACHMENT (Part 1)] Migrated 345 rows.
2026-01-13 16:12:35 [E780.E780_IF_FILE_ATTACHMENT (Part 1)] Migrated 346 rows.
2026-01-13 16:12:35 [E780.E780_IF_FILE_ATTACHMENT (Part 2)] Migrated 159 rows.
2026-01-13 16:12:35 [E780.E780_IF_FILE_ATTACHMENT (Part 4)] Migrated 201 rows.
2026-01-13 16:12:35 [E780.E780_IF_FILE_ATTACHMENT (Part 1)] Migrated 347 rows.
2026-01-13 16:12:35 [E780.E780_IF_FILE_ATTACHMENT (Part 3)] Migrated 192 rows.
2026-01-13 16:12:35 [E780.E780_IF_FILE_ATTACHMENT (Part 4)] Migrated 202 rows.
2026-01-13 16:12:35 [E780.E780_IF_FILE_ATTACHMENT (Part 3)] Migrated 193 rows.
2026-01-13 16:12:35 [E780.E780_IF_FILE_ATTACHMENT (Part 1)] Migrated 348 rows.
2026-01-13 16:12:35 [E780.E780_IF_FILE_ATTACHMENT (Part 3)] Migrated 194 rows.
2026-01-13 16:12:35 [E780.E780_IF_FILE_ATTACHMENT (Part 1)] Migrated 349 rows.
2026-01-13 16:12:35 [E780.E780_IF_FILE_ATTACHMENT (Part 2)] Migrated 160 rows.
2026-01-13 16:12:35 [E780.E780_IF_FILE_ATTACHMENT (Part 4)] Migrated 203 rows.
2026-01-13 16:12:35 [E780.E780_IF_FILE_ATTACHMENT (Part 3)] Migrated 195 rows.
2026-01-13 16:12:35 [E780.E780_IF_FILE_ATTACHMENT (Part 1)] Migrated 350 rows.
2026-01-13 16:12:35 [E780.E780_IF_FILE_ATTACHMENT (Part 4)] Migrated 204 rows.
2026-01-13 16:12:35 [E780.E780_IF_FILE_ATTACHMENT (Part 3)] Migrated 196 rows.
2026-01-13 16:12:36 [E780.E780_IF_FILE_ATTACHMENT (Part 2)] Migrated 161 rows.
2026-01-13 16:12:36 [E780.E780_IF_FILE_ATTACHMENT (Part 4)] Migrated 205 rows.
2026-01-13 16:12:36 [E780.E780_IF_FILE_ATTACHMENT (Part 3)] Migrated 197 rows.
2026-01-13 16:12:36 [E780.E780_IF_FILE_ATTACHMENT (Part 1)] Migrated 351 rows.
2026-01-13 16:12:36 [E780.E780_IF_FILE_ATTACHMENT (Part 3)] Migrated 198 rows.
2026-01-13 16:12:36 [E780.E780_IF_FILE_ATTACHMENT (Part 4)] Migrated 206 rows.
2026-01-13 16:12:36 [E780.E780_IF_FILE_ATTACHMENT (Part 3)] Migrated 199 rows.
2026-01-13 16:12:36 [E780.E780_IF_FILE_ATTACHMENT (Part 1)] Migrated 352 rows.
2026-01-13 16:12:36 [E780.E780_IF_FILE_ATTACHMENT (Part 4)] Migrated 207 rows.
2026-01-13 16:12:36 [E780.E780_IF_FILE_ATTACHMENT (Part 3)] Migrated 200 rows.
2026-01-13 16:12:36 [E780.E780_IF_FILE_ATTACHMENT (Part 1)] Migrated 353 rows.
2026-01-13 16:12:36 [E780.E780_IF_FILE_ATTACHMENT (Part 1)] Migrated 354 rows.
2026-01-13 16:12:36 [E780.E780_IF_FILE_ATTACHMENT (Part 3)] Migrated 201 rows.
2026-01-13 16:12:36 [E780.E780_IF_FILE_ATTACHMENT (Part 4)] Migrated 208 rows.
2026-01-13 16:12:36 [E780.E780_IF_FILE_ATTACHMENT (Part 1)] Migrated 355 rows.
2026-01-13 16:12:36 [E780.E780_IF_FILE_ATTACHMENT (Part 2)] Migrated 162 rows.
2026-01-13 16:12:36 [E780.E780_IF_FILE_ATTACHMENT (Part 4)] Migrated 209 rows.
2026-01-13 16:12:36 [E780.E780_IF_FILE_ATTACHMENT (Part 3)] Migrated 202 rows.
2026-01-13 16:12:36 [E780.E780_IF_FILE_ATTACHMENT (Part 1)] Migrated 356 rows.
2026-01-13 16:12:36 [E780.E780_IF_FILE_ATTACHMENT (Part 3)] Migrated 203 rows.
2026-01-13 16:12:36 [E780.E780_IF_FILE_ATTACHMENT (Part 1)] Migrated 357 rows.
2026-01-13 16:12:36 [E780.E780_IF_FILE_ATTACHMENT (Part 4)] Migrated 210 rows.
2026-01-13 16:12:36 [E780.E780_IF_FILE_ATTACHMENT (Part 3)] Migrated 204 rows.
2026-01-13 16:12:36 [E780.E780_IF_FILE_ATTACHMENT (Part 1)] Migrated 358 rows.
2026-01-13 16:12:36 [E780.E780_IF_FILE_ATTACHMENT (Part 3)] Migrated 205 rows.
2026-01-13 16:12:36 [E780.E780_IF_FILE_ATTACHMENT (Part 1)] Migrated 359 rows.
2026-01-13 16:12:36 [E780.E780_IF_FILE_ATTACHMENT (Part 4)] Migrated 211 rows.
2026-01-13 16:12:36 [E780.E780_IF_FILE_ATTACHMENT (Part 3)] Migrated 206 rows.
2026-01-13 16:12:36 [E780.E780_IF_FILE_ATTACHMENT (Part 1)] Migrated 360 rows.
2026-01-13 16:12:36 [E780.E780_IF_FILE_ATTACHMENT (Part 2)] Migrated 163 rows.
2026-01-13 16:12:36 [E780.E780_IF_FILE_ATTACHMENT (Part 1)] Migrated 361 rows.
2026-01-13 16:12:36 [E780.E780_IF_FILE_ATTACHMENT (Part 1)] Migrated 362 rows.
2026-01-13 16:12:36 [E780.E780_IF_FILE_ATTACHMENT (Part 1)] Migrated 363 rows.
2026-01-13 16:12:36 [E780.E780_IF_FILE_ATTACHMENT (Part 1)] Migrated 364 rows.
2026-01-13 16:12:36 [E780.E780_IF_FILE_ATTACHMENT (Part 1)] Migrated 365 rows.
2026-01-13 16:12:36 [E780.E780_IF_FILE_ATTACHMENT (Part 1)] Migrated 366 rows.
2026-01-13 16:12:36 [E780.E780_IF_FILE_ATTACHMENT (Part 2)] Migrated 164 rows.
2026-01-13 16:12:36 [E780.E780_IF_FILE_ATTACHMENT (Part 1)] Migrated 367 rows.
2026-01-13 16:12:36 [E780.E780_IF_FILE_ATTACHMENT (Part 3)] Migrated 207 rows.
2026-01-13 16:12:36 [E780.E780_IF_FILE_ATTACHMENT (Part 1)] Migrated 368 rows.
2026-01-13 16:12:36 [E780.E780_IF_FILE_ATTACHMENT (Part 1)] Migrated 369 rows.
2026-01-13 16:12:36 [E780.E780_IF_FILE_ATTACHMENT (Part 1)] Migrated 370 rows.
2026-01-13 16:12:36 [E780.E780_IF_FILE_ATTACHMENT (Part 1)] Migrated 371 rows.
2026-01-13 16:12:36 [E780.E780_IF_FILE_ATTACHMENT (Part 2)] Migrated 165 rows.
2026-01-13 16:12:36 [E780.E780_IF_FILE_ATTACHMENT (Part 1)] Migrated 372 rows.
2026-01-13 16:12:36 [E780.E780_IF_FILE_ATTACHMENT (Part 2)] Migrated 166 rows.
2026-01-13 16:12:36 [E780.E780_IF_FILE_ATTACHMENT (Part 1)] Migrated 373 rows.
2026-01-13 16:12:36 [E780.E780_IF_FILE_ATTACHMENT (Part 2)] Migrated 167 rows.
2026-01-13 16:12:36 [E780.E780_IF_FILE_ATTACHMENT (Part 4)] Migrated 212 rows.
2026-01-13 16:12:36 [E780.E780_IF_FILE_ATTACHMENT (Part 1)] Migrated 374 rows.
2026-01-13 16:12:36 [E780.E780_IF_FILE_ATTACHMENT (Part 2)] Migrated 168 rows.
2026-01-13 16:12:36 [E780.E780_IF_FILE_ATTACHMENT (Part 4)] Migrated 213 rows.
2026-01-13 16:12:36 [E780.E780_IF_FILE_ATTACHMENT (Part 1)] Migrated 375 rows.
2026-01-13 16:12:36 [E780.E780_IF_FILE_ATTACHMENT (Part 2)] Migrated 169 rows.
2026-01-13 16:12:36 [E780.E780_IF_FILE_ATTACHMENT (Part 4)] Migrated 214 rows.
2026-01-13 16:12:36 [E780.E780_IF_FILE_ATTACHMENT (Part 1)] Migrated 376 rows.
2026-01-13 16:12:36 [E780.E780_IF_FILE_ATTACHMENT (Part 4)] Migrated 215 rows.
2026-01-13 16:12:37 [E780.E780_IF_FILE_ATTACHMENT (Part 4)] Migrated 216 rows.
2026-01-13 16:12:37 [E780.E780_IF_FILE_ATTACHMENT (Part 2)] Migrated 170 rows.
2026-01-13 16:12:37 [E780.E780_IF_FILE_ATTACHMENT (Part 1)] Migrated 377 rows.
2026-01-13 16:12:37 [E780.E780_IF_FILE_ATTACHMENT (Part 4)] Migrated 217 rows.
2026-01-13 16:12:37 [E780.E780_IF_FILE_ATTACHMENT (Part 1)] Migrated 378 rows.
2026-01-13 16:12:37 [E780.E780_IF_FILE_ATTACHMENT (Part 2)] Migrated 171 rows.
2026-01-13 16:12:37 [E780.E780_IF_FILE_ATTACHMENT (Part 1)] Migrated 379 rows.
2026-01-13 16:12:37 [E780.E780_IF_FILE_ATTACHMENT (Part 3)] Migrated 208 rows.
2026-01-13 16:12:37 [E780.E780_IF_FILE_ATTACHMENT (Part 1)] Migrated 380 rows.
2026-01-13 16:12:37 [E780.E780_IF_FILE_ATTACHMENT (Part 2)] Migrated 172 rows.
2026-01-13 16:12:37 [E780.E780_IF_FILE_ATTACHMENT (Part 3)] Migrated 209 rows.
2026-01-13 16:12:37 [E780.E780_IF_FILE_ATTACHMENT (Part 1)] Migrated 381 rows.
2026-01-13 16:12:37 [E780.E780_IF_FILE_ATTACHMENT (Part 1)] Migrated 382 rows.
2026-01-13 16:12:37 [E780.E780_IF_FILE_ATTACHMENT (Part 3)] Migrated 210 rows.
2026-01-13 16:12:37 [E780.E780_IF_FILE_ATTACHMENT (Part 4)] Migrated 218 rows.
2026-01-13 16:12:37 [E780.E780_IF_FILE_ATTACHMENT (Part 1)] Migrated 383 rows.
2026-01-13 16:12:37 [E780.E780_IF_FILE_ATTACHMENT (Part 2)] Migrated 173 rows.
2026-01-13 16:12:37 [E780.E780_IF_FILE_ATTACHMENT (Part 1)] Migrated 384 rows.
2026-01-13 16:12:37 [E780.E780_IF_FILE_ATTACHMENT (Part 2)] Migrated 174 rows.
2026-01-13 16:12:37 [E780.E780_IF_FILE_ATTACHMENT (Part 1)] Migrated 385 rows.
2026-01-13 16:12:37 [E780.E780_IF_FILE_ATTACHMENT (Part 1)] Migrated 386 rows.
2026-01-13 16:12:37 [E780.E780_IF_FILE_ATTACHMENT (Part 4)] Migrated 219 rows.
2026-01-13 16:12:37 [E780.E780_IF_FILE_ATTACHMENT (Part 2)] Migrated 175 rows.
2026-01-13 16:12:37 [E780.E780_IF_FILE_ATTACHMENT (Part 1)] Migrated 387 rows.
2026-01-13 16:12:37 [E780.E780_IF_FILE_ATTACHMENT (Part 1)] Migrated 388 rows.
2026-01-13 16:12:37 [E780.E780_IF_FILE_ATTACHMENT (Part 1)] Migrated 389 rows.
2026-01-13 16:12:37 [E780.E780_IF_FILE_ATTACHMENT (Part 3)] Migrated 211 rows.
2026-01-13 16:12:37 [E780.E780_IF_FILE_ATTACHMENT (Part 1)] Migrated 390 rows.
2026-01-13 16:12:37 [E780.E780_IF_FILE_ATTACHMENT (Part 2)] Migrated 176 rows.
2026-01-13 16:12:37 [E780.E780_IF_FILE_ATTACHMENT (Part 1)] Migrated 391 rows.
2026-01-13 16:12:37 [E780.E780_IF_FILE_ATTACHMENT (Part 4)] Migrated 220 rows.
2026-01-13 16:12:37 [E780.E780_IF_FILE_ATTACHMENT (Part 1)] Migrated 392 rows.
2026-01-13 16:12:37 [E780.E780_IF_FILE_ATTACHMENT (Part 1)] Migrated 393 rows.
2026-01-13 16:12:37 [E780.E780_IF_FILE_ATTACHMENT (Part 2)] Migrated 177 rows.
2026-01-13 16:12:37 [E780.E780_IF_FILE_ATTACHMENT (Part 1)] Migrated 394 rows.
2026-01-13 16:12:37 [E780.E780_IF_FILE_ATTACHMENT (Part 1)] Migrated 395 rows.
2026-01-13 16:12:37 [E780.E780_IF_FILE_ATTACHMENT (Part 4)] Migrated 221 rows.
2026-01-13 16:12:37 [E780.E780_IF_FILE_ATTACHMENT (Part 3)] Migrated 212 rows.
2026-01-13 16:12:37 [E780.E780_IF_FILE_ATTACHMENT (Part 2)] Migrated 178 rows.
2026-01-13 16:12:37 [E780.E780_IF_FILE_ATTACHMENT (Part 1)] Migrated 396 rows.
2026-01-13 16:12:37 [E780.E780_IF_FILE_ATTACHMENT (Part 3)] Migrated 213 rows.
2026-01-13 16:12:37 [E780.E780_IF_FILE_ATTACHMENT (Part 1)] Migrated 397 rows.
2026-01-13 16:12:37 [E780.E780_IF_FILE_ATTACHMENT (Part 3)] Migrated 214 rows.
2026-01-13 16:12:37 [E780.E780_IF_FILE_ATTACHMENT (Part 1)] Migrated 398 rows.
2026-01-13 16:12:37 [E780.E780_IF_FILE_ATTACHMENT (Part 3)] Migrated 215 rows.
2026-01-13 16:12:37 [E780.E780_IF_FILE_ATTACHMENT (Part 1)] Migrated 399 rows.
2026-01-13 16:12:37 [E780.E780_IF_FILE_ATTACHMENT (Part 1)] Migrated 400 rows.
2026-01-13 16:12:37 [E780.E780_IF_FILE_ATTACHMENT (Part 3)] Migrated 216 rows.
2026-01-13 16:12:37 [E780.E780_IF_FILE_ATTACHMENT (Part 4)] Migrated 222 rows.
2026-01-13 16:12:37 [E780.E780_IF_FILE_ATTACHMENT (Part 4)] Migrated 223 rows.
2026-01-13 16:12:38 [E780.E780_IF_FILE_ATTACHMENT (Part 3)] Migrated 217 rows.
2026-01-13 16:12:38 [E780.E780_IF_FILE_ATTACHMENT (Part 4)] Migrated 224 rows.
2026-01-13 16:12:38 [E780.E780_IF_FILE_ATTACHMENT (Part 4)] Migrated 225 rows.
2026-01-13 16:12:38 [E780.E780_IF_FILE_ATTACHMENT (Part 3)] Migrated 218 rows.
2026-01-13 16:12:38 [E780.E780_IF_FILE_ATTACHMENT (Part 4)] Migrated 226 rows.
2026-01-13 16:12:38 [E780.E780_IF_FILE_ATTACHMENT (Part 1)] Migrated 401 rows.
2026-01-13 16:12:38 [E780.E780_IF_FILE_ATTACHMENT (Part 3)] Migrated 219 rows.
2026-01-13 16:12:38 [E780.E780_IF_FILE_ATTACHMENT (Part 1)] Migrated 402 rows.
2026-01-13 16:12:38 [E780.E780_IF_FILE_ATTACHMENT (Part 4)] Migrated 227 rows.
2026-01-13 16:12:38 [E780.E780_IF_FILE_ATTACHMENT (Part 1)] Migrated 403 rows.
2026-01-13 16:12:38 [E780.E780_IF_FILE_ATTACHMENT (Part 4)] Migrated 228 rows.
2026-01-13 16:12:38 [E780.E780_IF_FILE_ATTACHMENT (Part 1)] Migrated 404 rows.
2026-01-13 16:12:38 [E780.E780_IF_FILE_ATTACHMENT (Part 4)] Migrated 229 rows.
2026-01-13 16:12:38 [E780.E780_IF_FILE_ATTACHMENT (Part 4)] Migrated 230 rows.
2026-01-13 16:12:38 [E780.E780_IF_FILE_ATTACHMENT (Part 1)] Migrated 405 rows.
2026-01-13 16:12:38 [E780.E780_IF_FILE_ATTACHMENT (Part 4)] Migrated 231 rows.
2026-01-13 16:12:38 [E780.E780_IF_FILE_ATTACHMENT (Part 2)] Migrated 179 rows.
2026-01-13 16:12:38 [E780.E780_IF_FILE_ATTACHMENT (Part 1)] Migrated 406 rows.
2026-01-13 16:12:38 [E780.E780_IF_FILE_ATTACHMENT (Part 4)] Migrated 232 rows.
2026-01-13 16:12:38 [E780.E780_IF_FILE_ATTACHMENT (Part 2)] Migrated 180 rows.
2026-01-13 16:12:38 [E780.E780_IF_FILE_ATTACHMENT (Part 1)] Migrated 407 rows.
2026-01-13 16:12:38 [E780.E780_IF_FILE_ATTACHMENT (Part 4)] Migrated 233 rows.
2026-01-13 16:12:38 [E780.E780_IF_FILE_ATTACHMENT (Part 2)] Migrated 181 rows.
2026-01-13 16:12:38 [E780.E780_IF_FILE_ATTACHMENT (Part 3)] Migrated 220 rows.
2026-01-13 16:12:38 [E780.E780_IF_FILE_ATTACHMENT (Part 1)] Migrated 408 rows.
2026-01-13 16:12:38 [E780.E780_IF_FILE_ATTACHMENT (Part 1)] Migrated 409 rows.
2026-01-13 16:12:38 [E780.E780_IF_FILE_ATTACHMENT (Part 2)] Migrated 182 rows.
2026-01-13 16:12:39 [E780.E780_IF_FILE_ATTACHMENT (Part 4)] Migrated 234 rows.
2026-01-13 16:12:39 [E780.E780_IF_FILE_ATTACHMENT (Part 1)] Migrated 410 rows.
2026-01-13 16:12:39 [E780.E780_IF_FILE_ATTACHMENT (Part 3)] Migrated 221 rows.
2026-01-13 16:12:39 [E780.E780_IF_FILE_ATTACHMENT (Part 4)] Migrated 235 rows.
2026-01-13 16:12:39 [E780.E780_IF_FILE_ATTACHMENT (Part 1)] Migrated 411 rows.
2026-01-13 16:12:39 [E780.E780_IF_FILE_ATTACHMENT (Part 1)] Migrated 412 rows.
2026-01-13 16:12:39 [E780.E780_IF_FILE_ATTACHMENT (Part 1)] Migrated 413 rows.
2026-01-13 16:12:39 [E780.E780_IF_FILE_ATTACHMENT (Part 4)] Migrated 236 rows.
2026-01-13 16:12:39 [E780.E780_IF_FILE_ATTACHMENT (Part 1)] Migrated 414 rows.
2026-01-13 16:12:39 [E780.E780_IF_FILE_ATTACHMENT (Part 1)] Migrated 415 rows.
2026-01-13 16:12:39 [E780.E780_IF_FILE_ATTACHMENT (Part 4)] Migrated 237 rows.
2026-01-13 16:12:39 [E780.E780_IF_FILE_ATTACHMENT (Part 3)] Migrated 222 rows.
2026-01-13 16:12:39 [E780.E780_IF_FILE_ATTACHMENT (Part 1)] Migrated 416 rows.
2026-01-13 16:12:39 [E780.E780_IF_FILE_ATTACHMENT (Part 1)] Migrated 417 rows.
2026-01-13 16:12:39 [E780.E780_IF_FILE_ATTACHMENT (Part 4)] Migrated 238 rows.
2026-01-13 16:12:39 [E780.E780_IF_FILE_ATTACHMENT (Part 1)] Migrated 418 rows.
2026-01-13 16:12:39 [E780.E780_IF_FILE_ATTACHMENT (Part 1)] Migrated 419 rows.
2026-01-13 16:12:39 [E780.E780_IF_FILE_ATTACHMENT (Part 4)] Migrated 239 rows.
2026-01-13 16:12:39 [E780.E780_IF_FILE_ATTACHMENT (Part 1)] Migrated 420 rows.
2026-01-13 16:12:39 [E780.E780_IF_FILE_ATTACHMENT (Part 3)] Migrated 223 rows.
2026-01-13 16:12:39 [E780.E780_IF_FILE_ATTACHMENT (Part 4)] Migrated 240 rows.
2026-01-13 16:12:39 [E780.E780_IF_FILE_ATTACHMENT (Part 1)] Migrated 421 rows.
2026-01-13 16:12:39 [E780.E780_IF_FILE_ATTACHMENT (Part 3)] Migrated 224 rows.
2026-01-13 16:12:39 [E780.E780_IF_FILE_ATTACHMENT (Part 1)] Migrated 422 rows.
2026-01-13 16:12:39 [E780.E780_IF_FILE_ATTACHMENT (Part 3)] Migrated 225 rows.
2026-01-13 16:12:39 [E780.E780_IF_FILE_ATTACHMENT (Part 1)] Migrated 423 rows.
2026-01-13 16:12:39 [E780.E780_IF_FILE_ATTACHMENT (Part 3)] Migrated 226 rows.
2026-01-13 16:12:39 [E780.E780_IF_FILE_ATTACHMENT (Part 1)] Migrated 424 rows.
2026-01-13 16:12:39 [E780.E780_IF_FILE_ATTACHMENT (Part 3)] Migrated 227 rows.
2026-01-13 16:12:39 [E780.E780_IF_FILE_ATTACHMENT (Part 1)] Migrated 425 rows.
2026-01-13 16:12:39 [E780.E780_IF_FILE_ATTACHMENT (Part 3)] Migrated 228 rows.
2026-01-13 16:12:39 [E780.E780_IF_FILE_ATTACHMENT (Part 4)] Migrated 241 rows.
2026-01-13 16:12:39 [E780.E780_IF_FILE_ATTACHMENT (Part 1)] Migrated 426 rows.
2026-01-13 16:12:39 [E780.E780_IF_FILE_ATTACHMENT (Part 1)] Migrated 427 rows.
2026-01-13 16:12:39 [E780.E780_IF_FILE_ATTACHMENT (Part 3)] Migrated 229 rows.
2026-01-13 16:12:39 [E780.E780_IF_FILE_ATTACHMENT (Part 1)] Migrated 428 rows.
2026-01-13 16:12:39 [E780.E780_IF_FILE_ATTACHMENT (Part 4)] Migrated 242 rows.
2026-01-13 16:12:39 [E780.E780_IF_FILE_ATTACHMENT (Part 1)] Migrated 429 rows.
2026-01-13 16:12:39 [E780.E780_IF_FILE_ATTACHMENT (Part 1)] Migrated 430 rows.
2026-01-13 16:12:39 [E780.E780_IF_FILE_ATTACHMENT (Part 1)] Migrated 431 rows.
2026-01-13 16:12:40 [E780.E780_IF_FILE_ATTACHMENT (Part 1)] Migrated 432 rows.
2026-01-13 16:12:40 [E780.E780_IF_FILE_ATTACHMENT (Part 1)] Migrated 433 rows.
2026-01-13 16:12:40 [E780.E780_IF_FILE_ATTACHMENT (Part 1)] Migrated 434 rows.
2026-01-13 16:12:40 [E780.E780_IF_FILE_ATTACHMENT (Part 2)] Migrated 183 rows.
2026-01-13 16:12:40 [E780.E780_IF_FILE_ATTACHMENT (Part 4)] Migrated 243 rows.
2026-01-13 16:12:40 [E780.E780_IF_FILE_ATTACHMENT (Part 1)] Migrated 435 rows.
2026-01-13 16:12:40 [E780.E780_IF_FILE_ATTACHMENT (Part 2)] Migrated 184 rows.
2026-01-13 16:12:40 [E780.E780_IF_FILE_ATTACHMENT (Part 3)] Migrated 230 rows.
2026-01-13 16:12:40 [E780.E780_IF_FILE_ATTACHMENT (Part 1)] Migrated 436 rows.
2026-01-13 16:12:40 [E780.E780_IF_FILE_ATTACHMENT (Part 4)] Migrated 244 rows.
2026-01-13 16:12:40 [E780.E780_IF_FILE_ATTACHMENT (Part 2)] Migrated 185 rows.
2026-01-13 16:12:40 [E780.E780_IF_FILE_ATTACHMENT (Part 1)] Migrated 437 rows.
2026-01-13 16:12:40 [E780.E780_IF_FILE_ATTACHMENT (Part 1)] Migrated 438 rows.
2026-01-13 16:12:40 [E780.E780_IF_FILE_ATTACHMENT (Part 4)] Migrated 245 rows.
2026-01-13 16:12:40 [E780.E780_IF_FILE_ATTACHMENT (Part 2)] Migrated 186 rows.
2026-01-13 16:12:40 [E780.E780_IF_FILE_ATTACHMENT (Part 1)] Migrated 439 rows.
2026-01-13 16:12:40 [E780.E780_IF_FILE_ATTACHMENT (Part 4)] Migrated 246 rows.
2026-01-13 16:12:40 [E780.E780_IF_FILE_ATTACHMENT (Part 4)] Migrated 247 rows.
2026-01-13 16:12:40 [E780.E780_IF_FILE_ATTACHMENT (Part 1)] Migrated 440 rows.
2026-01-13 16:12:40 [E780.E780_IF_FILE_ATTACHMENT (Part 3)] Migrated 231 rows.
2026-01-13 16:12:40 [E780.E780_IF_FILE_ATTACHMENT (Part 4)] Migrated 248 rows.
2026-01-13 16:12:40 [E780.E780_IF_FILE_ATTACHMENT (Part 1)] Migrated 441 rows.
2026-01-13 16:12:40 [E780.E780_IF_FILE_ATTACHMENT (Part 4)] Migrated 249 rows.
2026-01-13 16:12:40 [E780.E780_IF_FILE_ATTACHMENT (Part 2)] Migrated 187 rows.
2026-01-13 16:12:40 [E780.E780_IF_FILE_ATTACHMENT (Part 3)] Migrated 232 rows.
2026-01-13 16:12:40 [E780.E780_IF_FILE_ATTACHMENT (Part 2)] Migrated 188 rows.
2026-01-13 16:12:40 [E780.E780_IF_FILE_ATTACHMENT (Part 4)] Migrated 250 rows.
2026-01-13 16:12:40 [E780.E780_IF_FILE_ATTACHMENT (Part 1)] Migrated 442 rows.
2026-01-13 16:12:40 [E780.E780_IF_FILE_ATTACHMENT (Part 2)] Migrated 189 rows.
2026-01-13 16:12:40 [E780.E780_IF_FILE_ATTACHMENT (Part 4)] Migrated 251 rows.
2026-01-13 16:12:40 [E780.E780_IF_FILE_ATTACHMENT (Part 1)] Migrated 443 rows.
2026-01-13 16:12:40 [E780.E780_IF_FILE_ATTACHMENT (Part 2)] Migrated 190 rows.
2026-01-13 16:12:40 [E780.E780_IF_FILE_ATTACHMENT (Part 3)] Migrated 233 rows.
2026-01-13 16:12:40 [E780.E780_IF_FILE_ATTACHMENT (Part 4)] Migrated 252 rows.
2026-01-13 16:12:40 [E780.E780_IF_FILE_ATTACHMENT (Part 1)] Migrated 444 rows.
2026-01-13 16:12:40 [E780.E780_IF_FILE_ATTACHMENT (Part 2)] Migrated 191 rows.
2026-01-13 16:12:40 [E780.E780_IF_FILE_ATTACHMENT (Part 3)] Migrated 234 rows.
2026-01-13 16:12:40 [E780.E780_IF_FILE_ATTACHMENT (Part 1)] Migrated 445 rows.
2026-01-13 16:12:40 [E780.E780_IF_FILE_ATTACHMENT (Part 3)] Migrated 235 rows.
2026-01-13 16:12:40 [E780.E780_IF_FILE_ATTACHMENT (Part 1)] Migrated 446 rows.
2026-01-13 16:12:40 [E780.E780_IF_FILE_ATTACHMENT (Part 4)] Migrated 253 rows.
2026-01-13 16:12:40 [E780.E780_IF_FILE_ATTACHMENT (Part 1)] Migrated 447 rows.
2026-01-13 16:12:40 [E780.E780_IF_FILE_ATTACHMENT (Part 3)] Migrated 236 rows.
2026-01-13 16:12:40 [E780.E780_IF_FILE_ATTACHMENT (Part 1)] Migrated 448 rows.
2026-01-13 16:12:40 [E780.E780_IF_FILE_ATTACHMENT (Part 2)] Migrated 192 rows.
2026-01-13 16:12:40 [E780.E780_IF_FILE_ATTACHMENT (Part 1)] Migrated 449 rows.
2026-01-13 16:12:40 [E780.E780_IF_FILE_ATTACHMENT (Part 2)] Migrated 193 rows.
2026-01-13 16:12:40 [E780.E780_IF_FILE_ATTACHMENT (Part 2)] Migrated 194 rows.
2026-01-13 16:12:40 [E780.E780_IF_FILE_ATTACHMENT (Part 1)] Migrated 450 rows.
2026-01-13 16:12:40 [E780.E780_IF_FILE_ATTACHMENT (Part 1)] Migrated 451 rows.
2026-01-13 16:12:40 [E780.E780_IF_FILE_ATTACHMENT (Part 2)] Migrated 195 rows.
2026-01-13 16:12:40 [E780.E780_IF_FILE_ATTACHMENT (Part 4)] Migrated 254 rows.
2026-01-13 16:12:40 [E780.E780_IF_FILE_ATTACHMENT (Part 1)] Migrated 452 rows.
2026-01-13 16:12:41 [E780.E780_IF_FILE_ATTACHMENT (Part 2)] Migrated 196 rows.
2026-01-13 16:12:41 [E780.E780_IF_FILE_ATTACHMENT (Part 2)] Migrated 197 rows.
2026-01-13 16:12:41 [E780.E780_IF_FILE_ATTACHMENT (Part 1)] Migrated 453 rows.
2026-01-13 16:12:41 [E780.E780_IF_FILE_ATTACHMENT (Part 2)] Migrated 198 rows.
2026-01-13 16:12:41 [E780.E780_IF_FILE_ATTACHMENT (Part 2)] Migrated 199 rows.
2026-01-13 16:12:41 [E780.E780_IF_FILE_ATTACHMENT (Part 1)] Migrated 454 rows.
2026-01-13 16:12:41 [E780.E780_IF_FILE_ATTACHMENT (Part 4)] Migrated 255 rows.
2026-01-13 16:12:41 [E780.E780_IF_FILE_ATTACHMENT (Part 2)] Migrated 200 rows.
2026-01-13 16:12:41 [E780.E780_IF_FILE_ATTACHMENT (Part 1)] Migrated 455 rows.
2026-01-13 16:12:41 [E780.E780_IF_FILE_ATTACHMENT (Part 1)] Migrated 456 rows.
2026-01-13 16:12:41 [E780.E780_IF_FILE_ATTACHMENT (Part 1)] Migrated 457 rows.
2026-01-13 16:12:41 [E780.E780_IF_FILE_ATTACHMENT (Part 4)] Migrated 256 rows.
2026-01-13 16:12:41 [E780.E780_IF_FILE_ATTACHMENT (Part 1)] Migrated 458 rows.
2026-01-13 16:12:41 [E780.E780_IF_FILE_ATTACHMENT (Part 1)] Migrated 459 rows.
2026-01-13 16:12:41 [E780.E780_IF_FILE_ATTACHMENT (Part 2)] Migrated 201 rows.
2026-01-13 16:12:41 [E780.E780_IF_FILE_ATTACHMENT (Part 1)] Migrated 460 rows.
2026-01-13 16:12:41 [E780.E780_IF_FILE_ATTACHMENT (Part 2)] Migrated 202 rows.
2026-01-13 16:12:41 [E780.E780_IF_FILE_ATTACHMENT (Part 2)] Migrated 203 rows.
2026-01-13 16:12:41 [E780.E780_IF_FILE_ATTACHMENT (Part 1)] Migrated 461 rows.
2026-01-13 16:12:41 [E780.E780_IF_FILE_ATTACHMENT (Part 2)] Migrated 204 rows.
2026-01-13 16:12:41 [E780.E780_IF_FILE_ATTACHMENT (Part 4)] Migrated 257 rows.
2026-01-13 16:12:41 [E780.E780_IF_FILE_ATTACHMENT (Part 1)] Migrated 462 rows.
2026-01-13 16:12:41 [E780.E780_IF_FILE_ATTACHMENT (Part 4)] Migrated 258 rows.
2026-01-13 16:12:41 [E780.E780_IF_FILE_ATTACHMENT (Part 4)] Migrated 259 rows.
2026-01-13 16:12:41 [E780.E780_IF_FILE_ATTACHMENT (Part 2)] Migrated 205 rows.
2026-01-13 16:12:41 [E780.E780_IF_FILE_ATTACHMENT (Part 1)] Migrated 463 rows.
2026-01-13 16:12:41 [E780.E780_IF_FILE_ATTACHMENT (Part 4)] Migrated 260 rows.
2026-01-13 16:12:41 [E780.E780_IF_FILE_ATTACHMENT (Part 2)] Migrated 206 rows.
2026-01-13 16:12:41 [E780.E780_IF_FILE_ATTACHMENT (Part 1)] Migrated 464 rows.
2026-01-13 16:12:41 [E780.E780_IF_FILE_ATTACHMENT (Part 4)] Migrated 261 rows.
2026-01-13 16:12:41 [E780.E780_IF_FILE_ATTACHMENT (Part 1)] Migrated 465 rows.
2026-01-13 16:12:41 [E780.E780_IF_FILE_ATTACHMENT (Part 1)] Migrated 466 rows.
2026-01-13 16:12:41 [E780.E780_IF_FILE_ATTACHMENT (Part 1)] Migrated 467 rows.
2026-01-13 16:12:41 [E780.E780_IF_FILE_ATTACHMENT (Part 4)] Migrated 262 rows.
2026-01-13 16:12:42 [E780.E780_IF_FILE_ATTACHMENT (Part 1)] Migrated 468 rows.
2026-01-13 16:12:42 [E780.E780_IF_FILE_ATTACHMENT (Part 4)] Migrated 263 rows.
2026-01-13 16:12:42 [E780.E780_IF_FILE_ATTACHMENT (Part 4)] Migrated 264 rows.
2026-01-13 16:12:42 [E780.E780_IF_FILE_ATTACHMENT (Part 4)] Migrated 265 rows.
2026-01-13 16:12:42 [E780.E780_IF_FILE_ATTACHMENT (Part 1)] Migrated 469 rows.
2026-01-13 16:12:42 [E780.E780_IF_FILE_ATTACHMENT (Part 4)] Migrated 266 rows.
2026-01-13 16:12:42 [E780.E780_IF_FILE_ATTACHMENT (Part 2)] Migrated 207 rows.
2026-01-13 16:12:42 [E780.E780_IF_FILE_ATTACHMENT (Part 4)] Migrated 267 rows.
2026-01-13 16:12:42 [E780.E780_IF_FILE_ATTACHMENT (Part 1)] Migrated 470 rows.
2026-01-13 16:12:42 [E780.E780_IF_FILE_ATTACHMENT (Part 4)] Migrated 268 rows.
2026-01-13 16:12:42 [E780.E780_IF_FILE_ATTACHMENT (Part 1)] Migrated 471 rows.
2026-01-13 16:12:42 [E780.E780_IF_FILE_ATTACHMENT (Part 1)] Migrated 472 rows.
2026-01-13 16:12:42 [E780.E780_IF_FILE_ATTACHMENT (Part 4)] Migrated 269 rows.
2026-01-13 16:12:42 [E780.E780_IF_FILE_ATTACHMENT (Part 1)] Migrated 473 rows.
2026-01-13 16:12:42 [E780.E780_IF_FILE_ATTACHMENT (Part 1)] Migrated 474 rows.
2026-01-13 16:12:42 [E780.E780_IF_FILE_ATTACHMENT (Part 3)] Migrated 237 rows.
2026-01-13 16:12:42 [E780.E780_IF_FILE_ATTACHMENT (Part 2)] Migrated 208 rows.
2026-01-13 16:12:42 [E780.E780_IF_FILE_ATTACHMENT (Part 1)] Migrated 475 rows.
2026-01-13 16:12:42 [E780.E780_IF_FILE_ATTACHMENT (Part 4)] Migrated 270 rows.
2026-01-13 16:12:42 [E780.E780_IF_FILE_ATTACHMENT (Part 4)] Migrated 271 rows.
2026-01-13 16:12:42 [E780.E780_IF_FILE_ATTACHMENT (Part 1)] Migrated 476 rows.
2026-01-13 16:12:42 [E780.E780_IF_FILE_ATTACHMENT (Part 3)] Migrated 238 rows.
2026-01-13 16:12:42 [E780.E780_IF_FILE_ATTACHMENT (Part 1)] Migrated 477 rows.
2026-01-13 16:12:42 [E780.E780_IF_FILE_ATTACHMENT (Part 1)] Migrated 478 rows.
2026-01-13 16:12:42 [E780.E780_IF_FILE_ATTACHMENT (Part 1)] Migrated 479 rows.
2026-01-13 16:12:42 [E780.E780_IF_FILE_ATTACHMENT (Part 3)] Migrated 239 rows.
2026-01-13 16:12:42 [E780.E780_IF_FILE_ATTACHMENT (Part 1)] Migrated 480 rows.
2026-01-13 16:12:42 [E780.E780_IF_FILE_ATTACHMENT (Part 3)] Migrated 240 rows.
2026-01-13 16:12:42 [E780.E780_IF_FILE_ATTACHMENT (Part 3)] Migrated 241 rows.
2026-01-13 16:12:42 [E780.E780_IF_FILE_ATTACHMENT (Part 2)] Migrated 209 rows.
2026-01-13 16:12:42 [E780.E780_IF_FILE_ATTACHMENT (Part 1)] Migrated 481 rows.
2026-01-13 16:12:42 [E780.E780_IF_FILE_ATTACHMENT (Part 4)] Migrated 272 rows.
2026-01-13 16:12:43 [E780.E780_IF_FILE_ATTACHMENT (Part 4)] Migrated 273 rows.
2026-01-13 16:12:43 [E780.E780_IF_FILE_ATTACHMENT (Part 1)] Migrated 482 rows.
2026-01-13 16:12:43 [E780.E780_IF_FILE_ATTACHMENT (Part 4)] Migrated 274 rows.
2026-01-13 16:12:43 [E780.E780_IF_FILE_ATTACHMENT (Part 1)] Migrated 483 rows.
2026-01-13 16:12:43 [E780.E780_IF_FILE_ATTACHMENT (Part 4)] Migrated 275 rows.
2026-01-13 16:12:43 [E780.E780_IF_FILE_ATTACHMENT (Part 1)] Migrated 484 rows.
2026-01-13 16:12:43 [E780.E780_IF_FILE_ATTACHMENT (Part 4)] Migrated 276 rows.
2026-01-13 16:12:43 [E780.E780_IF_FILE_ATTACHMENT (Part 1)] Migrated 485 rows.
2026-01-13 16:12:43 [E780.E780_IF_FILE_ATTACHMENT (Part 4)] Migrated 277 rows.
2026-01-13 16:12:43 [E780.E780_IF_FILE_ATTACHMENT (Part 1)] Migrated 486 rows.
2026-01-13 16:12:43 [E780.E780_IF_FILE_ATTACHMENT (Part 1)] Migrated 487 rows.
2026-01-13 16:12:43 [E780.E780_IF_FILE_ATTACHMENT (Part 4)] Migrated 278 rows.
2026-01-13 16:12:43 [E780.E780_IF_FILE_ATTACHMENT (Part 1)] Migrated 488 rows.
2026-01-13 16:12:43 [E780.E780_IF_FILE_ATTACHMENT (Part 4)] Migrated 279 rows.
2026-01-13 16:12:44 [E780.E780_IF_FILE_ATTACHMENT (Part 1)] Migrated 489 rows.
2026-01-13 16:12:44 [E780.E780_IF_FILE_ATTACHMENT (Part 4)] Migrated 280 rows.
2026-01-13 16:12:44 [E780.E780_IF_FILE_ATTACHMENT (Part 1)] Migrated 490 rows.
2026-01-13 16:12:44 [E780.E780_IF_FILE_ATTACHMENT (Part 4)] Migrated 281 rows.
2026-01-13 16:12:44 [E780.E780_IF_FILE_ATTACHMENT (Part 2)] Migrated 210 rows.
2026-01-13 16:12:44 [E780.E780_IF_FILE_ATTACHMENT (Part 1)] Migrated 491 rows.
2026-01-13 16:12:44 [E780.E780_IF_FILE_ATTACHMENT (Part 3)] Migrated 242 rows.
2026-01-13 16:12:44 [E780.E780_IF_FILE_ATTACHMENT (Part 2)] Migrated 211 rows.
2026-01-13 16:12:44 [E780.E780_IF_FILE_ATTACHMENT (Part 4)] Migrated 282 rows.
2026-01-13 16:12:44 [E780.E780_IF_FILE_ATTACHMENT (Part 1)] Migrated 492 rows.
2026-01-13 16:12:44 [E780.E780_IF_FILE_ATTACHMENT (Part 1)] Migrated 493 rows.
2026-01-13 16:12:44 [E780.E780_IF_FILE_ATTACHMENT (Part 2)] Migrated 212 rows.
2026-01-13 16:12:44 [E780.E780_IF_FILE_ATTACHMENT (Part 4)] Migrated 283 rows.
2026-01-13 16:12:45 [E780.E780_IF_FILE_ATTACHMENT (Part 1)] Migrated 494 rows.
2026-01-13 16:12:45 [E780.E780_IF_FILE_ATTACHMENT (Part 3)] Migrated 243 rows.
2026-01-13 16:12:45 [E780.E780_IF_FILE_ATTACHMENT (Part 1)] Migrated 495 rows.
2026-01-13 16:12:45 [E780.E780_IF_FILE_ATTACHMENT (Part 2)] Migrated 213 rows.
2026-01-13 16:12:45 [E780.E780_IF_FILE_ATTACHMENT (Part 2)] Migrated 214 rows.
2026-01-13 16:12:45 [E780.E780_IF_FILE_ATTACHMENT (Part 4)] Migrated 284 rows.
2026-01-13 16:12:45 [E780.E780_IF_FILE_ATTACHMENT (Part 3)] Migrated 244 rows.
2026-01-13 16:12:45 [E780.E780_IF_FILE_ATTACHMENT (Part 2)] Migrated 215 rows.
2026-01-13 16:12:45 [E780.E780_IF_FILE_ATTACHMENT (Part 1)] Migrated 496 rows.
2026-01-13 16:12:45 [E780.E780_IF_FILE_ATTACHMENT (Part 2)] Migrated 216 rows.
2026-01-13 16:12:45 [E780.E780_IF_FILE_ATTACHMENT (Part 1)] Migrated 497 rows.
2026-01-13 16:12:45 [E780.E780_IF_FILE_ATTACHMENT (Part 4)] Migrated 285 rows.
2026-01-13 16:12:45 [E780.E780_IF_FILE_ATTACHMENT (Part 1)] Migrated 498 rows.
2026-01-13 16:12:45 [E780.E780_IF_FILE_ATTACHMENT (Part 1)] Migrated 499 rows.
2026-01-13 16:12:45 [E780.E780_IF_FILE_ATTACHMENT (Part 2)] Migrated 217 rows.
2026-01-13 16:12:45 [E780.E780_IF_FILE_ATTACHMENT (Part 2)] Migrated 218 rows.
2026-01-13 16:12:45 [E780.E780_IF_FILE_ATTACHMENT (Part 4)] Migrated 286 rows.
2026-01-13 16:12:45 [E780.E780_IF_FILE_ATTACHMENT (Part 2)] Migrated 219 rows.
2026-01-13 16:12:45 [E780.E780_IF_FILE_ATTACHMENT (Part 3)] Migrated 245 rows.
2026-01-13 16:12:46 [E780.E780_IF_FILE_ATTACHMENT (Part 1)] Migrated 500 rows.
2026-01-13 16:12:46 [E780.E780_IF_FILE_ATTACHMENT (Part 2)] Migrated 220 rows.
2026-01-13 16:12:46 [E780.E780_IF_FILE_ATTACHMENT (Part 4)] Migrated 287 rows.
2026-01-13 16:12:46 [E780.E780_IF_FILE_ATTACHMENT (Part 1)] Migrated 501 rows.
2026-01-13 16:12:46 [E780.E780_IF_FILE_ATTACHMENT (Part 4)] Migrated 288 rows.
2026-01-13 16:12:46 [E780.E780_IF_FILE_ATTACHMENT (Part 1)] Migrated 502 rows.
2026-01-13 16:12:46 [E780.E780_IF_FILE_ATTACHMENT (Part 1)] Migrated 503 rows.
2026-01-13 16:12:46 [E780.E780_IF_FILE_ATTACHMENT (Part 2)] Migrated 221 rows.
2026-01-13 16:12:46 [E780.E780_IF_FILE_ATTACHMENT (Part 4)] Migrated 289 rows.
2026-01-13 16:12:46 [E780.E780_IF_FILE_ATTACHMENT (Part 1)] Migrated 504 rows.
2026-01-13 16:12:46 [E780.E780_IF_FILE_ATTACHMENT (Part 4)] Migrated 290 rows.
2026-01-13 16:12:47 [E780.E780_IF_FILE_ATTACHMENT (Part 1)] Migrated 505 rows.
2026-01-13 16:12:47 [E780.E780_IF_FILE_ATTACHMENT (Part 4)] Migrated 291 rows.
2026-01-13 16:12:47 [E780.E780_IF_FILE_ATTACHMENT (Part 4)] Migrated 292 rows.
2026-01-13 16:12:47 [E780.E780_IF_FILE_ATTACHMENT (Part 1)] Migrated 506 rows.
2026-01-13 16:12:47 [E780.E780_IF_FILE_ATTACHMENT (Part 1)] Migrated 507 rows.
2026-01-13 16:12:47 [E780.E780_IF_FILE_ATTACHMENT (Part 1)] Migrated 508 rows.
2026-01-13 16:12:47 [E780.E780_IF_FILE_ATTACHMENT (Part 1)] Migrated 509 rows.
2026-01-13 16:12:47 [E780.E780_IF_FILE_ATTACHMENT (Part 1)] Migrated 510 rows.
2026-01-13 16:12:47 [E780.E780_IF_FILE_ATTACHMENT (Part 2)] Migrated 222 rows.
2026-01-13 16:12:47 [E780.E780_IF_FILE_ATTACHMENT (Part 1)] Migrated 511 rows.
2026-01-13 16:12:48 [E780.E780_IF_FILE_ATTACHMENT (Part 1)] Migrated 512 rows.
2026-01-13 16:12:48 [E780.E780_IF_FILE_ATTACHMENT (Part 1)] Migrated 513 rows.
2026-01-13 16:12:48 [E780.E780_IF_FILE_ATTACHMENT (Part 2)] Migrated 223 rows.
2026-01-13 16:12:48 [E780.E780_IF_FILE_ATTACHMENT (Part 1)] Migrated 514 rows.
2026-01-13 16:12:48 [E780.E780_IF_FILE_ATTACHMENT (Part 4)] Migrated 293 rows.
2026-01-13 16:12:48 [E780.E780_IF_FILE_ATTACHMENT (Part 1)] Migrated 515 rows.
2026-01-13 16:12:48 [E780.E780_IF_FILE_ATTACHMENT (Part 4)] Migrated 294 rows.
2026-01-13 16:12:48 [E780.E780_IF_FILE_ATTACHMENT (Part 1)] Migrated 516 rows.
2026-01-13 16:12:48 [E780.E780_IF_FILE_ATTACHMENT (Part 4)] Migrated 295 rows.
2026-01-13 16:12:48 [E780.E780_IF_FILE_ATTACHMENT (Part 1)] Migrated 517 rows.
2026-01-13 16:12:48 [E780.E780_IF_FILE_ATTACHMENT (Part 2)] Migrated 224 rows.
2026-01-13 16:12:48 [E780.E780_IF_FILE_ATTACHMENT (Part 4)] Migrated 296 rows.
2026-01-13 16:12:48 [E780.E780_IF_FILE_ATTACHMENT (Part 1)] Migrated 518 rows.
2026-01-13 16:12:48 [E780.E780_IF_FILE_ATTACHMENT (Part 3)] Migrated 246 rows.
2026-01-13 16:12:48 [E780.E780_IF_FILE_ATTACHMENT (Part 1)] Migrated 519 rows.
2026-01-13 16:12:48 [E780.E780_IF_FILE_ATTACHMENT (Part 3)] Migrated 247 rows.
2026-01-13 16:12:48 [E780.E780_IF_FILE_ATTACHMENT (Part 3)] Migrated 248 rows.
2026-01-13 16:12:48 [E780.E780_IF_FILE_ATTACHMENT (Part 1)] Migrated 520 rows.
2026-01-13 16:12:48 [E780.E780_IF_FILE_ATTACHMENT (Part 4)] Migrated 297 rows.
2026-01-13 16:12:48 [E780.E780_IF_FILE_ATTACHMENT (Part 2)] Migrated 225 rows.
2026-01-13 16:12:48 [E780.E780_IF_FILE_ATTACHMENT (Part 4)] Migrated 298 rows.
2026-01-13 16:12:48 [E780.E780_IF_FILE_ATTACHMENT (Part 1)] Migrated 521 rows.
2026-01-13 16:12:48 [E780.E780_IF_FILE_ATTACHMENT (Part 1)] Migrated 522 rows.
2026-01-13 16:12:48 [E780.E780_IF_FILE_ATTACHMENT (Part 4)] Migrated 299 rows.
2026-01-13 16:12:48 [E780.E780_IF_FILE_ATTACHMENT (Part 1)] Migrated 523 rows.
2026-01-13 16:12:48 [E780.E780_IF_FILE_ATTACHMENT (Part 4)] Migrated 300 rows.
2026-01-13 16:12:48 [E780.E780_IF_FILE_ATTACHMENT (Part 1)] Migrated 524 rows.
2026-01-13 16:12:48 [E780.E780_IF_FILE_ATTACHMENT (Part 2)] Migrated 226 rows.
2026-01-13 16:12:48 [E780.E780_IF_FILE_ATTACHMENT (Part 1)] Migrated 525 rows.
2026-01-13 16:12:48 [E780.E780_IF_FILE_ATTACHMENT (Part 2)] Migrated 227 rows.
2026-01-13 16:12:48 [E780.E780_IF_FILE_ATTACHMENT (Part 1)] Migrated 526 rows.
2026-01-13 16:12:48 [E780.E780_IF_FILE_ATTACHMENT (Part 2)] Migrated 228 rows.
2026-01-13 16:12:48 [E780.E780_IF_FILE_ATTACHMENT (Part 4)] Migrated 301 rows.
2026-01-13 16:12:48 [E780.E780_IF_FILE_ATTACHMENT (Part 2)] Migrated 229 rows.
2026-01-13 16:12:48 [E780.E780_IF_FILE_ATTACHMENT (Part 2)] Migrated 230 rows.
2026-01-13 16:12:48 [E780.E780_IF_FILE_ATTACHMENT (Part 4)] Migrated 302 rows.
2026-01-13 16:12:48 [E780.E780_IF_FILE_ATTACHMENT (Part 2)] Migrated 231 rows.
2026-01-13 16:12:48 [E780.E780_IF_FILE_ATTACHMENT (Part 4)] Migrated 303 rows.
2026-01-13 16:12:48 [E780.E780_IF_FILE_ATTACHMENT (Part 2)] Migrated 232 rows.
2026-01-13 16:12:49 [E780.E780_IF_FILE_ATTACHMENT (Part 4)] Migrated 304 rows.
2026-01-13 16:12:49 [E780.E780_IF_FILE_ATTACHMENT (Part 4)] Migrated 305 rows.
2026-01-13 16:12:49 [E780.E780_IF_FILE_ATTACHMENT (Part 2)] Migrated 233 rows.
2026-01-13 16:12:49 [E780.E780_IF_FILE_ATTACHMENT (Part 1)] Migrated 527 rows.
2026-01-13 16:12:49 [E780.E780_IF_FILE_ATTACHMENT (Part 4)] Migrated 306 rows.
2026-01-13 16:12:49 [E780.E780_IF_FILE_ATTACHMENT (Part 1)] Migrated 528 rows.
2026-01-13 16:12:49 [E780.E780_IF_FILE_ATTACHMENT (Part 1)] Migrated 529 rows.
2026-01-13 16:12:49 [E780.E780_IF_FILE_ATTACHMENT (Part 1)] Migrated 530 rows.
2026-01-13 16:12:49 [E780.E780_IF_FILE_ATTACHMENT (Part 2)] Migrated 234 rows.
2026-01-13 16:12:49 [E780.E780_IF_FILE_ATTACHMENT (Part 2)] Migrated 235 rows.
2026-01-13 16:12:49 [E780.E780_IF_FILE_ATTACHMENT (Part 1)] Migrated 531 rows.
2026-01-13 16:12:49 [E780.E780_IF_FILE_ATTACHMENT (Part 2)] Migrated 236 rows.
2026-01-13 16:12:49 [E780.E780_IF_FILE_ATTACHMENT (Part 2)] Migrated 237 rows.
2026-01-13 16:12:49 [E780.E780_IF_FILE_ATTACHMENT (Part 1)] Migrated 532 rows.
2026-01-13 16:12:49 [E780.E780_IF_FILE_ATTACHMENT (Part 2)] Migrated 238 rows.
2026-01-13 16:12:49 [E780.E780_IF_FILE_ATTACHMENT (Part 4)] Migrated 307 rows.
2026-01-13 16:12:49 [E780.E780_IF_FILE_ATTACHMENT (Part 2)] Migrated 239 rows.
2026-01-13 16:12:49 [E780.E780_IF_FILE_ATTACHMENT (Part 1)] Migrated 533 rows.
2026-01-13 16:12:49 [E780.E780_IF_FILE_ATTACHMENT (Part 1)] Migrated 534 rows.
2026-01-13 16:12:49 [E780.E780_IF_FILE_ATTACHMENT (Part 2)] Migrated 240 rows.
2026-01-13 16:12:49 [E780.E780_IF_FILE_ATTACHMENT (Part 1)] Migrated 535 rows.
2026-01-13 16:12:49 [E780.E780_IF_FILE_ATTACHMENT (Part 4)] Migrated 308 rows.
2026-01-13 16:12:49 [E780.E780_IF_FILE_ATTACHMENT (Part 1)] Migrated 536 rows.
2026-01-13 16:12:49 [E780.E780_IF_FILE_ATTACHMENT (Part 2)] Migrated 241 rows.
2026-01-13 16:12:49 [E780.E780_IF_FILE_ATTACHMENT (Part 1)] Migrated 537 rows.
2026-01-13 16:12:49 [E780.E780_IF_FILE_ATTACHMENT (Part 2)] Migrated 242 rows.
2026-01-13 16:12:49 [E780.E780_IF_FILE_ATTACHMENT (Part 1)] Migrated 538 rows.
2026-01-13 16:12:49 [E780.E780_IF_FILE_ATTACHMENT (Part 4)] Migrated 309 rows.
2026-01-13 16:12:49 [E780.E780_IF_FILE_ATTACHMENT (Part 1)] Migrated 539 rows.
2026-01-13 16:12:49 [E780.E780_IF_FILE_ATTACHMENT (Part 1)] Migrated 540 rows.
2026-01-13 16:12:49 [E780.E780_IF_FILE_ATTACHMENT (Part 2)] Migrated 243 rows.
2026-01-13 16:12:49 [E780.E780_IF_FILE_ATTACHMENT (Part 1)] Migrated 541 rows.
2026-01-13 16:12:49 [E780.E780_IF_FILE_ATTACHMENT (Part 2)] Migrated 244 rows.
2026-01-13 16:12:49 [E780.E780_IF_FILE_ATTACHMENT (Part 1)] Migrated 542 rows.
2026-01-13 16:12:49 [E780.E780_IF_FILE_ATTACHMENT (Part 2)] Migrated 245 rows.
2026-01-13 16:12:49 [E780.E780_IF_FILE_ATTACHMENT (Part 1)] Migrated 543 rows.
2026-01-13 16:12:49 [E780.E780_IF_FILE_ATTACHMENT (Part 4)] Migrated 310 rows.
2026-01-13 16:12:49 [E780.E780_IF_FILE_ATTACHMENT (Part 1)] Migrated 544 rows.
2026-01-13 16:12:49 [E780.E780_IF_FILE_ATTACHMENT (Part 4)] Migrated 311 rows.
2026-01-13 16:12:49 [E780.E780_IF_FILE_ATTACHMENT (Part 1)] Migrated 545 rows.
2026-01-13 16:12:49 [E780.E780_IF_FILE_ATTACHMENT (Part 2)] Migrated 246 rows.
2026-01-13 16:12:49 [E780.E780_IF_FILE_ATTACHMENT (Part 4)] Migrated 312 rows.
2026-01-13 16:12:49 [E780.E780_IF_FILE_ATTACHMENT (Part 1)] Migrated 546 rows.
2026-01-13 16:12:49 [E780.E780_IF_FILE_ATTACHMENT (Part 2)] Migrated 247 rows.
2026-01-13 16:12:49 [E780.E780_IF_FILE_ATTACHMENT (Part 2)] Migrated 248 rows.
2026-01-13 16:12:49 [E780.E780_IF_FILE_ATTACHMENT (Part 4)] Migrated 313 rows.
2026-01-13 16:12:49 [E780.E780_IF_FILE_ATTACHMENT (Part 1)] Migrated 547 rows.
2026-01-13 16:12:49 [E780.E780_IF_FILE_ATTACHMENT (Part 2)] Migrated 249 rows.
2026-01-13 16:12:49 [E780.E780_IF_FILE_ATTACHMENT (Part 4)] Migrated 314 rows.
2026-01-13 16:12:49 [E780.E780_IF_FILE_ATTACHMENT (Part 1)] Migrated 548 rows.
2026-01-13 16:12:49 [E780.E780_IF_FILE_ATTACHMENT (Part 4)] Migrated 315 rows.
2026-01-13 16:12:49 [E780.E780_IF_FILE_ATTACHMENT (Part 2)] Migrated 250 rows.
2026-01-13 16:12:49 [E780.E780_IF_FILE_ATTACHMENT (Part 1)] Migrated 549 rows.
2026-01-13 16:12:49 [E780.E780_IF_FILE_ATTACHMENT (Part 4)] Migrated 316 rows.
2026-01-13 16:12:49 [E780.E780_IF_FILE_ATTACHMENT (Part 4)] Migrated 317 rows.
2026-01-13 16:12:49 [E780.E780_IF_FILE_ATTACHMENT (Part 1)] Migrated 550 rows.
2026-01-13 16:12:50 [E780.E780_IF_FILE_ATTACHMENT (Part 2)] Migrated 251 rows.
2026-01-13 16:12:50 [E780.E780_IF_FILE_ATTACHMENT (Part 3)] Migrated 249 rows.
2026-01-13 16:12:50 [E780.E780_IF_FILE_ATTACHMENT (Part 1)] Migrated 551 rows.
2026-01-13 16:12:50 [E780.E780_IF_FILE_ATTACHMENT (Part 3)] Migrated 250 rows.
2026-01-13 16:12:50 [E780.E780_IF_FILE_ATTACHMENT (Part 1)] Migrated 552 rows.
2026-01-13 16:12:50 [E780.E780_IF_FILE_ATTACHMENT (Part 3)] Migrated 251 rows.
2026-01-13 16:12:50 [E780.E780_IF_FILE_ATTACHMENT (Part 1)] Migrated 553 rows.
2026-01-13 16:12:50 [E780.E780_IF_FILE_ATTACHMENT (Part 3)] Migrated 252 rows.
2026-01-13 16:12:50 [E780.E780_IF_FILE_ATTACHMENT (Part 1)] Migrated 554 rows.
2026-01-13 16:12:50 [E780.E780_IF_FILE_ATTACHMENT (Part 1)] Migrated 555 rows.
2026-01-13 16:12:50 [E780.E780_IF_FILE_ATTACHMENT (Part 2)] Migrated 252 rows.
2026-01-13 16:12:50 [E780.E780_IF_FILE_ATTACHMENT (Part 3)] Migrated 253 rows.
2026-01-13 16:12:50 [E780.E780_IF_FILE_ATTACHMENT (Part 1)] Migrated 556 rows.
2026-01-13 16:12:50 [E780.E780_IF_FILE_ATTACHMENT (Part 1)] Migrated 557 rows.
2026-01-13 16:12:50 [E780.E780_IF_FILE_ATTACHMENT (Part 1)] Migrated 558 rows.
2026-01-13 16:12:50 [E780.E780_IF_FILE_ATTACHMENT (Part 3)] Migrated 254 rows.
2026-01-13 16:12:50 [E780.E780_IF_FILE_ATTACHMENT (Part 3)] Migrated 255 rows.
2026-01-13 16:12:50 [E780.E780_IF_FILE_ATTACHMENT (Part 3)] Migrated 256 rows.
2026-01-13 16:12:50 [E780.E780_IF_FILE_ATTACHMENT (Part 1)] Migrated 559 rows.
2026-01-13 16:12:50 [E780.E780_IF_FILE_ATTACHMENT (Part 1)] Migrated 560 rows.
2026-01-13 16:12:50 [E780.E780_IF_FILE_ATTACHMENT (Part 3)] Migrated 257 rows.
2026-01-13 16:12:50 [E780.E780_IF_FILE_ATTACHMENT (Part 1)] Migrated 561 rows.
2026-01-13 16:12:50 [E780.E780_IF_FILE_ATTACHMENT (Part 1)] Migrated 562 rows.
2026-01-13 16:12:50 [E780.E780_IF_FILE_ATTACHMENT (Part 3)] Migrated 258 rows.
2026-01-13 16:12:50 [E780.E780_IF_FILE_ATTACHMENT (Part 1)] Migrated 563 rows.
2026-01-13 16:12:50 [E780.E780_IF_FILE_ATTACHMENT (Part 3)] Migrated 259 rows.
2026-01-13 16:12:50 [E780.E780_IF_FILE_ATTACHMENT (Part 1)] Migrated 564 rows.
2026-01-13 16:12:50 [E780.E780_IF_FILE_ATTACHMENT (Part 3)] Migrated 260 rows.
2026-01-13 16:12:51 [E780.E780_IF_FILE_ATTACHMENT (Part 1)] Migrated 565 rows.
2026-01-13 16:12:51 [E780.E780_IF_FILE_ATTACHMENT (Part 3)] Migrated 261 rows.
2026-01-13 16:12:51 [E780.E780_IF_FILE_ATTACHMENT (Part 1)] Migrated 566 rows.
2026-01-13 16:12:51 [E780.E780_IF_FILE_ATTACHMENT (Part 4)] Migrated 318 rows.
2026-01-13 16:12:51 [E780.E780_IF_FILE_ATTACHMENT (Part 3)] Migrated 262 rows.
2026-01-13 16:12:51 [E780.E780_IF_FILE_ATTACHMENT (Part 1)] Migrated 567 rows.
2026-01-13 16:12:51 [E780.E780_IF_FILE_ATTACHMENT (Part 1)] Migrated 568 rows.
2026-01-13 16:12:51 [E780.E780_IF_FILE_ATTACHMENT (Part 4)] Migrated 319 rows.
2026-01-13 16:12:51 [E780.E780_IF_FILE_ATTACHMENT (Part 1)] Migrated 569 rows.
2026-01-13 16:12:51 [E780.E780_IF_FILE_ATTACHMENT (Part 2)] Migrated 253 rows.
2026-01-13 16:12:51 [E780.E780_IF_FILE_ATTACHMENT (Part 3)] Migrated 263 rows.
2026-01-13 16:12:51 [E780.E780_IF_FILE_ATTACHMENT (Part 3)] Migrated 264 rows.
2026-01-13 16:12:51 [E780.E780_IF_FILE_ATTACHMENT (Part 1)] Migrated 570 rows.
2026-01-13 16:12:51 [E780.E780_IF_FILE_ATTACHMENT (Part 3)] Migrated 265 rows.
2026-01-13 16:12:51 [E780.E780_IF_FILE_ATTACHMENT (Part 3)] Migrated 266 rows.
2026-01-13 16:12:51 [E780.E780_IF_FILE_ATTACHMENT (Part 4)] Migrated 320 rows.
2026-01-13 16:12:51 [E780.E780_IF_FILE_ATTACHMENT (Part 3)] Migrated 267 rows.
2026-01-13 16:12:51 [E780.E780_IF_FILE_ATTACHMENT (Part 1)] Migrated 571 rows.
2026-01-13 16:12:51 [E780.E780_IF_FILE_ATTACHMENT (Part 1)] Migrated 572 rows.
2026-01-13 16:12:51 [E780.E780_IF_FILE_ATTACHMENT (Part 1)] Migrated 573 rows.
2026-01-13 16:12:51 [E780.E780_IF_FILE_ATTACHMENT (Part 3)] Migrated 268 rows.
2026-01-13 16:12:51 [E780.E780_IF_FILE_ATTACHMENT (Part 1)] Migrated 574 rows.
2026-01-13 16:12:51 [E780.E780_IF_FILE_ATTACHMENT (Part 1)] Migrated 575 rows.
2026-01-13 16:12:51 [E780.E780_IF_FILE_ATTACHMENT (Part 3)] Migrated 269 rows.
2026-01-13 16:12:51 [E780.E780_IF_FILE_ATTACHMENT (Part 1)] Migrated 576 rows.
2026-01-13 16:12:51 [E780.E780_IF_FILE_ATTACHMENT (Part 3)] Migrated 270 rows.
2026-01-13 16:12:51 [E780.E780_IF_FILE_ATTACHMENT (Part 1)] Migrated 577 rows.
2026-01-13 16:12:51 [E780.E780_IF_FILE_ATTACHMENT (Part 4)] Migrated 321 rows.
2026-01-13 16:12:51 [E780.E780_IF_FILE_ATTACHMENT (Part 1)] Migrated 578 rows.
2026-01-13 16:12:51 [E780.E780_IF_FILE_ATTACHMENT (Part 3)] Migrated 271 rows.
2026-01-13 16:12:51 [E780.E780_IF_FILE_ATTACHMENT (Part 2)] Migrated 254 rows.
2026-01-13 16:12:51 [E780.E780_IF_FILE_ATTACHMENT (Part 1)] Migrated 579 rows.
2026-01-13 16:12:51 [E780.E780_IF_FILE_ATTACHMENT (Part 3)] Migrated 272 rows.
2026-01-13 16:12:52 [E780.E780_IF_FILE_ATTACHMENT (Part 2)] Migrated 255 rows.
2026-01-13 16:12:52 [E780.E780_IF_FILE_ATTACHMENT (Part 3)] Migrated 273 rows.
2026-01-13 16:12:52 [E780.E780_IF_FILE_ATTACHMENT (Part 2)] Migrated 256 rows.
2026-01-13 16:12:52 [E780.E780_IF_FILE_ATTACHMENT (Part 3)] Migrated 274 rows.
2026-01-13 16:12:52 [E780.E780_IF_FILE_ATTACHMENT (Part 2)] Migrated 257 rows.
2026-01-13 16:12:52 [E780.E780_IF_FILE_ATTACHMENT (Part 1)] Migrated 580 rows.
2026-01-13 16:12:52 [E780.E780_IF_FILE_ATTACHMENT (Part 2)] Migrated 258 rows.
2026-01-13 16:12:52 [E780.E780_IF_FILE_ATTACHMENT (Part 3)] Migrated 275 rows.
2026-01-13 16:12:52 [E780.E780_IF_FILE_ATTACHMENT (Part 2)] Migrated 259 rows.
2026-01-13 16:12:52 [E780.E780_IF_FILE_ATTACHMENT (Part 1)] Migrated 581 rows.
2026-01-13 16:12:52 [E780.E780_IF_FILE_ATTACHMENT (Part 2)] Migrated 260 rows.
2026-01-13 16:12:52 [E780.E780_IF_FILE_ATTACHMENT (Part 1)] Migrated 582 rows.
2026-01-13 16:12:52 [E780.E780_IF_FILE_ATTACHMENT (Part 2)] Migrated 261 rows.
2026-01-13 16:12:52 [E780.E780_IF_FILE_ATTACHMENT (Part 3)] Migrated 276 rows.
2026-01-13 16:12:52 [E780.E780_IF_FILE_ATTACHMENT (Part 1)] Migrated 583 rows.
2026-01-13 16:12:52 [E780.E780_IF_FILE_ATTACHMENT (Part 3)] Migrated 277 rows.
2026-01-13 16:12:52 [E780.E780_IF_FILE_ATTACHMENT (Part 2)] Migrated 262 rows.
2026-01-13 16:12:52 [E780.E780_IF_FILE_ATTACHMENT (Part 1)] Migrated 584 rows.
2026-01-13 16:12:52 [E780.E780_IF_FILE_ATTACHMENT (Part 1)] Migrated 585 rows.
2026-01-13 16:12:52 [E780.E780_IF_FILE_ATTACHMENT (Part 1)] Migrated 586 rows.
2026-01-13 16:12:52 [E780.E780_IF_FILE_ATTACHMENT (Part 1)] Migrated 587 rows.
2026-01-13 16:12:52 [E780.E780_IF_FILE_ATTACHMENT (Part 1)] Migrated 588 rows.
2026-01-13 16:12:52 [E780.E780_IF_FILE_ATTACHMENT (Part 2)] Migrated 263 rows.
2026-01-13 16:12:52 [E780.E780_IF_FILE_ATTACHMENT (Part 1)] Migrated 589 rows.
2026-01-13 16:12:52 [E780.E780_IF_FILE_ATTACHMENT (Part 4)] Migrated 322 rows.
2026-01-13 16:12:52 [E780.E780_IF_FILE_ATTACHMENT (Part 1)] Migrated 590 rows.
2026-01-13 16:12:52 [E780.E780_IF_FILE_ATTACHMENT (Part 3)] Migrated 278 rows.
2026-01-13 16:12:52 [E780.E780_IF_FILE_ATTACHMENT (Part 1)] Migrated 591 rows.
2026-01-13 16:12:52 [E780.E780_IF_FILE_ATTACHMENT (Part 2)] Migrated 264 rows.
2026-01-13 16:12:52 [E780.E780_IF_FILE_ATTACHMENT (Part 1)] Migrated 592 rows.
2026-01-13 16:12:52 [E780.E780_IF_FILE_ATTACHMENT (Part 1)] Migrated 593 rows.
2026-01-13 16:12:52 [E780.E780_IF_FILE_ATTACHMENT (Part 4)] Migrated 323 rows.
2026-01-13 16:12:52 [E780.E780_IF_FILE_ATTACHMENT (Part 1)] Migrated 594 rows.
2026-01-13 16:12:52 [E780.E780_IF_FILE_ATTACHMENT (Part 1)] Migrated 595 rows.
2026-01-13 16:12:52 [E780.E780_IF_FILE_ATTACHMENT (Part 1)] Migrated 596 rows.
2026-01-13 16:12:52 [E780.E780_IF_FILE_ATTACHMENT (Part 1)] Migrated 597 rows.
2026-01-13 16:12:52 [E780.E780_IF_FILE_ATTACHMENT (Part 1)] Migrated 598 rows.
2026-01-13 16:12:52 [E780.E780_IF_FILE_ATTACHMENT (Part 2)] Migrated 265 rows.
2026-01-13 16:12:52 [E780.E780_IF_FILE_ATTACHMENT (Part 1)] Migrated 599 rows.
2026-01-13 16:12:52 [E780.E780_IF_FILE_ATTACHMENT (Part 4)] Migrated 324 rows.
2026-01-13 16:12:53 [E780.E780_IF_FILE_ATTACHMENT (Part 1)] Migrated 600 rows.
2026-01-13 16:12:53 [E780.E780_IF_FILE_ATTACHMENT (Part 1)] Migrated 601 rows.
2026-01-13 16:12:53 [E780.E780_IF_FILE_ATTACHMENT (Part 3)] Migrated 279 rows.
2026-01-13 16:12:53 [E780.E780_IF_FILE_ATTACHMENT (Part 1)] Migrated 602 rows.
2026-01-13 16:12:53 [E780.E780_IF_FILE_ATTACHMENT (Part 2)] Migrated 266 rows.
2026-01-13 16:12:53 [E780.E780_IF_FILE_ATTACHMENT (Part 4)] Migrated 325 rows.
2026-01-13 16:12:53 [E780.E780_IF_FILE_ATTACHMENT (Part 1)] Migrated 603 rows.
2026-01-13 16:12:53 [E780.E780_IF_FILE_ATTACHMENT (Part 1)] Migrated 604 rows.
2026-01-13 16:12:53 [E780.E780_IF_FILE_ATTACHMENT (Part 1)] Migrated 605 rows.
2026-01-13 16:12:53 [E780.E780_IF_FILE_ATTACHMENT (Part 1)] Migrated 606 rows.
2026-01-13 16:12:53 [E780.E780_IF_FILE_ATTACHMENT (Part 1)] Migrated 607 rows.
2026-01-13 16:12:53 [E780.E780_IF_FILE_ATTACHMENT (Part 2)] Migrated 267 rows.
2026-01-13 16:12:53 [E780.E780_IF_FILE_ATTACHMENT (Part 1)] Migrated 608 rows.
2026-01-13 16:12:53 [E780.E780_IF_FILE_ATTACHMENT (Part 3)] Migrated 280 rows.
2026-01-13 16:12:53 [E780.E780_IF_FILE_ATTACHMENT (Part 4)] Migrated 326 rows.
2026-01-13 16:12:53 [E780.E780_IF_FILE_ATTACHMENT (Part 1)] Migrated 609 rows.
2026-01-13 16:12:53 [E780.E780_IF_FILE_ATTACHMENT (Part 2)] Migrated 268 rows.
2026-01-13 16:12:53 [E780.E780_IF_FILE_ATTACHMENT (Part 4)] Migrated 327 rows.
2026-01-13 16:12:53 [E780.E780_IF_FILE_ATTACHMENT (Part 1)] Migrated 610 rows.
2026-01-13 16:12:53 [E780.E780_IF_FILE_ATTACHMENT (Part 3)] Migrated 281 rows.
2026-01-13 16:12:53 [E780.E780_IF_FILE_ATTACHMENT (Part 1)] Migrated 611 rows.
2026-01-13 16:12:53 [E780.E780_IF_FILE_ATTACHMENT (Part 2)] Migrated 269 rows.
2026-01-13 16:12:53 [E780.E780_IF_FILE_ATTACHMENT (Part 1)] Migrated 612 rows.
2026-01-13 16:12:53 [E780.E780_IF_FILE_ATTACHMENT (Part 4)] Migrated 328 rows.
2026-01-13 16:12:53 [E780.E780_IF_FILE_ATTACHMENT (Part 1)] Migrated 613 rows.
2026-01-13 16:12:54 [E780.E780_IF_FILE_ATTACHMENT (Part 2)] Migrated 270 rows.
2026-01-13 16:12:54 [E780.E780_IF_FILE_ATTACHMENT (Part 3)] Migrated 282 rows.
2026-01-13 16:12:54 [E780.E780_IF_FILE_ATTACHMENT (Part 1)] Migrated 614 rows.
2026-01-13 16:12:54 [E780.E780_IF_FILE_ATTACHMENT (Part 4)] Migrated 329 rows.
2026-01-13 16:12:54 [E780.E780_IF_FILE_ATTACHMENT (Part 1)] Migrated 615 rows.
2026-01-13 16:12:54 [E780.E780_IF_FILE_ATTACHMENT (Part 2)] Migrated 271 rows.
2026-01-13 16:12:54 [E780.E780_IF_FILE_ATTACHMENT (Part 1)] Migrated 616 rows.
2026-01-13 16:12:54 [E780.E780_IF_FILE_ATTACHMENT (Part 1)] Migrated 617 rows.
2026-01-13 16:12:54 [E780.E780_IF_FILE_ATTACHMENT (Part 3)] Migrated 283 rows.
2026-01-13 16:12:54 [E780.E780_IF_FILE_ATTACHMENT (Part 1)] Migrated 618 rows.
2026-01-13 16:12:54 [E780.E780_IF_FILE_ATTACHMENT (Part 3)] Migrated 284 rows.
2026-01-13 16:12:54 [E780.E780_IF_FILE_ATTACHMENT (Part 4)] Migrated 330 rows.
2026-01-13 16:12:54 [E780.E780_IF_FILE_ATTACHMENT (Part 2)] Migrated 272 rows.
2026-01-13 16:12:54 [E780.E780_IF_FILE_ATTACHMENT (Part 3)] Migrated 285 rows.
2026-01-13 16:12:54 [E780.E780_IF_FILE_ATTACHMENT (Part 2)] Migrated 273 rows.
2026-01-13 16:12:54 [E780.E780_IF_FILE_ATTACHMENT (Part 2)] Migrated 274 rows.
2026-01-13 16:12:54 [E780.E780_IF_FILE_ATTACHMENT (Part 1)] Migrated 619 rows.
2026-01-13 16:12:54 [E780.E780_IF_FILE_ATTACHMENT (Part 2)] Migrated 275 rows.
2026-01-13 16:12:54 [E780.E780_IF_FILE_ATTACHMENT (Part 3)] Migrated 286 rows.
2026-01-13 16:12:54 [E780.E780_IF_FILE_ATTACHMENT (Part 2)] Migrated 276 rows.
2026-01-13 16:12:54 [E780.E780_IF_FILE_ATTACHMENT (Part 4)] Migrated 331 rows.
2026-01-13 16:12:54 [E780.E780_IF_FILE_ATTACHMENT (Part 2)] Migrated 277 rows.
2026-01-13 16:12:54 [E780.E780_IF_FILE_ATTACHMENT (Part 3)] Migrated 287 rows.
2026-01-13 16:12:54 [E780.E780_IF_FILE_ATTACHMENT (Part 1)] Migrated 620 rows.
2026-01-13 16:12:54 [E780.E780_IF_FILE_ATTACHMENT (Part 2)] Migrated 278 rows.
2026-01-13 16:12:54 [E780.E780_IF_FILE_ATTACHMENT (Part 2)] Migrated 279 rows.
2026-01-13 16:12:54 [E780.E780_IF_FILE_ATTACHMENT (Part 1)] Migrated 621 rows.
2026-01-13 16:12:54 [E780.E780_IF_FILE_ATTACHMENT (Part 2)] Migrated 280 rows.
2026-01-13 16:12:54 [E780.E780_IF_FILE_ATTACHMENT (Part 3)] Migrated 288 rows.
2026-01-13 16:12:54 [E780.E780_IF_FILE_ATTACHMENT (Part 1)] Migrated 622 rows.
2026-01-13 16:12:54 [E780.E780_IF_FILE_ATTACHMENT (Part 2)] Migrated 281 rows.
2026-01-13 16:12:54 [E780.E780_IF_FILE_ATTACHMENT (Part 2)] Migrated 282 rows.
2026-01-13 16:12:54 [E780.E780_IF_FILE_ATTACHMENT (Part 2)] Migrated 283 rows.
2026-01-13 16:12:54 [E780.E780_IF_FILE_ATTACHMENT (Part 3)] Migrated 289 rows.
2026-01-13 16:12:54 [E780.E780_IF_FILE_ATTACHMENT (Part 2)] Migrated 284 rows.
2026-01-13 16:12:54 [E780.E780_IF_FILE_ATTACHMENT (Part 1)] Migrated 623 rows.
2026-01-13 16:12:54 [E780.E780_IF_FILE_ATTACHMENT (Part 2)] Migrated 285 rows.
2026-01-13 16:12:54 [E780.E780_IF_FILE_ATTACHMENT (Part 2)] Migrated 286 rows.
2026-01-13 16:12:54 [E780.E780_IF_FILE_ATTACHMENT (Part 4)] Migrated 332 rows.
2026-01-13 16:12:54 [E780.E780_IF_FILE_ATTACHMENT (Part 1)] Migrated 624 rows.
2026-01-13 16:12:55 [E780.E780_IF_FILE_ATTACHMENT (Part 1)] Migrated 625 rows.
2026-01-13 16:12:55 [E780.E780_IF_FILE_ATTACHMENT (Part 1)] Migrated 626 rows.
2026-01-13 16:12:55 [E780.E780_IF_FILE_ATTACHMENT (Part 1)] Migrated 627 rows.
2026-01-13 16:12:55 [E780.E780_IF_FILE_ATTACHMENT (Part 3)] Migrated 290 rows.
2026-01-13 16:12:55 [E780.E780_IF_FILE_ATTACHMENT (Part 2)] Migrated 287 rows.
2026-01-13 16:12:55 [E780.E780_IF_FILE_ATTACHMENT (Part 1)] Migrated 628 rows.
2026-01-13 16:12:55 [E780.E780_IF_FILE_ATTACHMENT (Part 2)] Migrated 288 rows.
2026-01-13 16:12:55 [E780.E780_IF_FILE_ATTACHMENT (Part 1)] Migrated 629 rows.
2026-01-13 16:12:55 [E780.E780_IF_FILE_ATTACHMENT (Part 2)] Migrated 289 rows.
2026-01-13 16:12:55 [E780.E780_IF_FILE_ATTACHMENT (Part 1)] Migrated 630 rows.
2026-01-13 16:12:55 [E780.E780_IF_FILE_ATTACHMENT (Part 4)] Migrated 333 rows.
2026-01-13 16:12:55 [E780.E780_IF_FILE_ATTACHMENT (Part 3)] Migrated 291 rows.
2026-01-13 16:12:55 [E780.E780_IF_FILE_ATTACHMENT (Part 1)] Migrated 631 rows.
2026-01-13 16:12:55 [E780.E780_IF_FILE_ATTACHMENT (Part 2)] Migrated 290 rows.
2026-01-13 16:12:55 [E780.E780_IF_FILE_ATTACHMENT (Part 3)] Migrated 292 rows.
2026-01-13 16:12:55 [E780.E780_IF_FILE_ATTACHMENT (Part 1)] Migrated 632 rows.
2026-01-13 16:12:55 [E780.E780_IF_FILE_ATTACHMENT (Part 1)] Migrated 633 rows.
2026-01-13 16:12:55 [E780.E780_IF_FILE_ATTACHMENT (Part 3)] Migrated 293 rows.
2026-01-13 16:12:55 [E780.E780_IF_FILE_ATTACHMENT (Part 1)] Migrated 634 rows.
2026-01-13 16:12:55 [E780.E780_IF_FILE_ATTACHMENT (Part 2)] Migrated 291 rows.
2026-01-13 16:12:55 [E780.E780_IF_FILE_ATTACHMENT (Part 1)] Migrated 635 rows.
2026-01-13 16:12:55 [E780.E780_IF_FILE_ATTACHMENT (Part 2)] Migrated 292 rows.
2026-01-13 16:12:55 [E780.E780_IF_FILE_ATTACHMENT (Part 1)] Migrated 636 rows.
2026-01-13 16:12:55 [E780.E780_IF_FILE_ATTACHMENT (Part 1)] Migrated 637 rows.
2026-01-13 16:12:55 [E780.E780_IF_FILE_ATTACHMENT (Part 3)] Migrated 294 rows.
2026-01-13 16:12:55 [E780.E780_IF_FILE_ATTACHMENT (Part 1)] Migrated 638 rows.
2026-01-13 16:12:55 [E780.E780_IF_FILE_ATTACHMENT (Part 4)] Migrated 334 rows.
2026-01-13 16:12:55 [E780.E780_IF_FILE_ATTACHMENT (Part 1)] Migrated 639 rows.
2026-01-13 16:12:55 [E780.E780_IF_FILE_ATTACHMENT (Part 1)] Migrated 640 rows.
2026-01-13 16:12:55 [E780.E780_IF_FILE_ATTACHMENT (Part 2)] Migrated 293 rows.
2026-01-13 16:12:55 [E780.E780_IF_FILE_ATTACHMENT (Part 1)] Migrated 641 rows.
2026-01-13 16:12:55 [E780.E780_IF_FILE_ATTACHMENT (Part 3)] Migrated 295 rows.
2026-01-13 16:12:55 [E780.E780_IF_FILE_ATTACHMENT (Part 1)] Migrated 642 rows.
2026-01-13 16:12:55 [E780.E780_IF_FILE_ATTACHMENT (Part 3)] Migrated 296 rows.
2026-01-13 16:12:55 [E780.E780_IF_FILE_ATTACHMENT (Part 2)] Migrated 294 rows.
2026-01-13 16:12:55 [E780.E780_IF_FILE_ATTACHMENT (Part 1)] Migrated 643 rows.
2026-01-13 16:12:55 [E780.E780_IF_FILE_ATTACHMENT (Part 1)] Migrated 644 rows.
2026-01-13 16:12:55 [E780.E780_IF_FILE_ATTACHMENT (Part 4)] Migrated 335 rows.
2026-01-13 16:12:56 [E780.E780_IF_FILE_ATTACHMENT (Part 3)] Migrated 297 rows.
2026-01-13 16:12:56 [E780.E780_IF_FILE_ATTACHMENT (Part 2)] Migrated 295 rows.
2026-01-13 16:12:56 [E780.E780_IF_FILE_ATTACHMENT (Part 4)] Migrated 336 rows.
2026-01-13 16:12:56 [E780.E780_IF_FILE_ATTACHMENT (Part 1)] Migrated 645 rows.
2026-01-13 16:12:56 [E780.E780_IF_FILE_ATTACHMENT (Part 4)] Migrated 337 rows.
2026-01-13 16:12:56 [E780.E780_IF_FILE_ATTACHMENT (Part 1)] Migrated 646 rows.
2026-01-13 16:12:56 [E780.E780_IF_FILE_ATTACHMENT (Part 3)] Migrated 298 rows.
2026-01-13 16:12:56 [E780.E780_IF_FILE_ATTACHMENT (Part 4)] Migrated 338 rows.
2026-01-13 16:12:56 [E780.E780_IF_FILE_ATTACHMENT (Part 1)] Migrated 647 rows.
2026-01-13 16:12:56 [E780.E780_IF_FILE_ATTACHMENT (Part 4)] Migrated 339 rows.
2026-01-13 16:12:56 [E780.E780_IF_FILE_ATTACHMENT (Part 1)] Migrated 648 rows.
2026-01-13 16:12:56 [E780.E780_IF_FILE_ATTACHMENT (Part 3)] Migrated 299 rows.
2026-01-13 16:12:56 [E780.E780_IF_FILE_ATTACHMENT (Part 1)] Migrated 649 rows.
2026-01-13 16:12:56 [E780.E780_IF_FILE_ATTACHMENT (Part 2)] Migrated 296 rows.
2026-01-13 16:12:56 [E780.E780_IF_FILE_ATTACHMENT (Part 1)] Migrated 650 rows.
2026-01-13 16:12:56 [E780.E780_IF_FILE_ATTACHMENT (Part 1)] Migrated 651 rows.
2026-01-13 16:12:56 [E780.E780_IF_FILE_ATTACHMENT (Part 4)] Migrated 340 rows.
2026-01-13 16:12:56 [E780.E780_IF_FILE_ATTACHMENT (Part 1)] Migrated 652 rows.
2026-01-13 16:12:56 [E780.E780_IF_FILE_ATTACHMENT (Part 4)] Migrated 341 rows.
2026-01-13 16:12:56 [E780.E780_IF_FILE_ATTACHMENT (Part 4)] Migrated 342 rows.
2026-01-13 16:12:56 [E780.E780_IF_FILE_ATTACHMENT (Part 1)] Migrated 653 rows.
2026-01-13 16:12:56 [E780.E780_IF_FILE_ATTACHMENT (Part 2)] Migrated 297 rows.
2026-01-13 16:12:56 [E780.E780_IF_FILE_ATTACHMENT (Part 1)] Migrated 654 rows.
2026-01-13 16:12:56 [E780.E780_IF_FILE_ATTACHMENT (Part 3)] Migrated 300 rows.
2026-01-13 16:12:56 [E780.E780_IF_FILE_ATTACHMENT (Part 1)] Migrated 655 rows.
2026-01-13 16:12:56 [E780.E780_IF_FILE_ATTACHMENT (Part 1)] Migrated 656 rows.
2026-01-13 16:12:56 [E780.E780_IF_FILE_ATTACHMENT (Part 1)] Migrated 657 rows.
2026-01-13 16:12:56 [E780.E780_IF_FILE_ATTACHMENT (Part 1)] Migrated 658 rows.
2026-01-13 16:12:56 [E780.E780_IF_FILE_ATTACHMENT (Part 4)] Migrated 343 rows.
2026-01-13 16:12:56 [E780.E780_IF_FILE_ATTACHMENT (Part 1)] Migrated 659 rows.
2026-01-13 16:12:56 [E780.E780_IF_FILE_ATTACHMENT (Part 1)] Migrated 660 rows.
2026-01-13 16:12:56 [E780.E780_IF_FILE_ATTACHMENT (Part 3)] Migrated 301 rows.
2026-01-13 16:12:56 [E780.E780_IF_FILE_ATTACHMENT (Part 2)] Migrated 298 rows.
2026-01-13 16:12:56 [E780.E780_IF_FILE_ATTACHMENT (Part 1)] Migrated 661 rows.
2026-01-13 16:12:56 [E780.E780_IF_FILE_ATTACHMENT (Part 1)] Migrated 662 rows.
2026-01-13 16:12:56 [E780.E780_IF_FILE_ATTACHMENT (Part 4)] Migrated 344 rows.
2026-01-13 16:12:56 [E780.E780_IF_FILE_ATTACHMENT (Part 1)] Migrated 663 rows.
2026-01-13 16:12:56 [E780.E780_IF_FILE_ATTACHMENT (Part 1)] Migrated 664 rows.
2026-01-13 16:12:56 [E780.E780_IF_FILE_ATTACHMENT (Part 1)] Migrated 665 rows.
2026-01-13 16:12:56 [E780.E780_IF_FILE_ATTACHMENT (Part 1)] Migrated 666 rows.
2026-01-13 16:12:56 [E780.E780_IF_FILE_ATTACHMENT (Part 2)] Migrated 299 rows.
2026-01-13 16:12:56 [E780.E780_IF_FILE_ATTACHMENT (Part 1)] Migrated 667 rows.
2026-01-13 16:12:57 [E780.E780_IF_FILE_ATTACHMENT (Part 3)] Migrated 302 rows.
2026-01-13 16:12:57 [E780.E780_IF_FILE_ATTACHMENT (Part 1)] Migrated 668 rows.
2026-01-13 16:12:57 [E780.E780_IF_FILE_ATTACHMENT (Part 4)] Migrated 345 rows.
2026-01-13 16:12:57 [E780.E780_IF_FILE_ATTACHMENT (Part 1)] Migrated 669 rows.
2026-01-13 16:12:57 [E780.E780_IF_FILE_ATTACHMENT (Part 4)] Migrated 346 rows.
2026-01-13 16:12:57 [E780.E780_IF_FILE_ATTACHMENT (Part 1)] Migrated 670 rows.
2026-01-13 16:12:57 [E780.E780_IF_FILE_ATTACHMENT (Part 4)] Migrated 347 rows.
2026-01-13 16:12:57 [E780.E780_IF_FILE_ATTACHMENT (Part 2)] Migrated 300 rows.
2026-01-13 16:12:57 [E780.E780_IF_FILE_ATTACHMENT (Part 1)] Migrated 671 rows.
2026-01-13 16:12:57 [E780.E780_IF_FILE_ATTACHMENT (Part 3)] Migrated 303 rows.
2026-01-13 16:12:57 [E780.E780_IF_FILE_ATTACHMENT (Part 1)] Migrated 672 rows.
2026-01-13 16:12:57 [E780.E780_IF_FILE_ATTACHMENT (Part 4)] Migrated 348 rows.
2026-01-13 16:12:57 [E780.E780_IF_FILE_ATTACHMENT (Part 1)] Migrated 673 rows.
2026-01-13 16:12:57 [E780.E780_IF_FILE_ATTACHMENT (Part 3)] Migrated 304 rows.
2026-01-13 16:12:57 [E780.E780_IF_FILE_ATTACHMENT (Part 2)] Migrated 301 rows.
2026-01-13 16:12:57 [E780.E780_IF_FILE_ATTACHMENT (Part 1)] Migrated 674 rows.
2026-01-13 16:12:57 [E780.E780_IF_FILE_ATTACHMENT (Part 3)] Migrated 305 rows.
2026-01-13 16:12:57 [E780.E780_IF_FILE_ATTACHMENT (Part 4)] Migrated 349 rows.
2026-01-13 16:12:57 [E780.E780_IF_FILE_ATTACHMENT (Part 3)] Migrated 306 rows.
2026-01-13 16:12:57 [E780.E780_IF_FILE_ATTACHMENT (Part 1)] Migrated 675 rows.
2026-01-13 16:12:57 [E780.E780_IF_FILE_ATTACHMENT (Part 4)] Migrated 350 rows.
2026-01-13 16:12:57 [E780.E780_IF_FILE_ATTACHMENT (Part 3)] Migrated 307 rows.
2026-01-13 16:12:57 [E780.E780_IF_FILE_ATTACHMENT (Part 1)] Migrated 676 rows.
2026-01-13 16:12:57 [E780.E780_IF_FILE_ATTACHMENT (Part 3)] Migrated 308 rows.
2026-01-13 16:12:57 [E780.E780_IF_FILE_ATTACHMENT (Part 4)] Migrated 351 rows.
2026-01-13 16:12:57 [E780.E780_IF_FILE_ATTACHMENT (Part 1)] Migrated 677 rows.
2026-01-13 16:12:57 [E780.E780_IF_FILE_ATTACHMENT (Part 1)] Migrated 678 rows.
2026-01-13 16:12:57 [E780.E780_IF_FILE_ATTACHMENT (Part 2)] Migrated 302 rows.
2026-01-13 16:12:57 [E780.E780_IF_FILE_ATTACHMENT (Part 1)] Migrated 679 rows.
2026-01-13 16:12:57 [E780.E780_IF_FILE_ATTACHMENT (Part 3)] Migrated 309 rows.
2026-01-13 16:12:57 [E780.E780_IF_FILE_ATTACHMENT (Part 1)] Migrated 680 rows.
2026-01-13 16:12:57 [E780.E780_IF_FILE_ATTACHMENT (Part 4)] Migrated 352 rows.
2026-01-13 16:12:57 [E780.E780_IF_FILE_ATTACHMENT (Part 1)] Migrated 681 rows.
2026-01-13 16:12:57 [E780.E780_IF_FILE_ATTACHMENT (Part 1)] Migrated 682 rows.
2026-01-13 16:12:57 [E780.E780_IF_FILE_ATTACHMENT (Part 4)] Migrated 353 rows.
2026-01-13 16:12:57 [E780.E780_IF_FILE_ATTACHMENT (Part 2)] Migrated 303 rows.
2026-01-13 16:12:58 [E780.E780_IF_FILE_ATTACHMENT (Part 1)] Migrated 683 rows.
2026-01-13 16:12:58 [E780.E780_IF_FILE_ATTACHMENT (Part 4)] Migrated 354 rows.
2026-01-13 16:12:58 [E780.E780_IF_FILE_ATTACHMENT (Part 1)] Migrated 684 rows.
2026-01-13 16:12:58 [E780.E780_IF_FILE_ATTACHMENT (Part 1)] Migrated 685 rows.
2026-01-13 16:12:58 [E780.E780_IF_FILE_ATTACHMENT (Part 3)] Migrated 310 rows.
2026-01-13 16:12:58 [E780.E780_IF_FILE_ATTACHMENT (Part 1)] Migrated 686 rows.
2026-01-13 16:12:58 [E780.E780_IF_FILE_ATTACHMENT (Part 4)] Migrated 355 rows.
2026-01-13 16:12:58 [E780.E780_IF_FILE_ATTACHMENT (Part 4)] Migrated 356 rows.
2026-01-13 16:12:58 [E780.E780_IF_FILE_ATTACHMENT (Part 2)] Migrated 304 rows.
2026-01-13 16:12:58 [E780.E780_IF_FILE_ATTACHMENT (Part 4)] Migrated 357 rows.
2026-01-13 16:12:58 [E780.E780_IF_FILE_ATTACHMENT (Part 1)] Migrated 687 rows.
2026-01-13 16:12:58 [E780.E780_IF_FILE_ATTACHMENT (Part 3)] Migrated 311 rows.
2026-01-13 16:12:58 [E780.E780_IF_FILE_ATTACHMENT (Part 1)] Migrated 688 rows.
2026-01-13 16:12:58 [E780.E780_IF_FILE_ATTACHMENT (Part 2)] Migrated 305 rows.
2026-01-13 16:12:58 [E780.E780_IF_FILE_ATTACHMENT (Part 3)] Migrated 312 rows.
2026-01-13 16:12:58 [E780.E780_IF_FILE_ATTACHMENT (Part 3)] Migrated 313 rows.
2026-01-13 16:12:58 [E780.E780_IF_FILE_ATTACHMENT (Part 1)] Migrated 689 rows.
2026-01-13 16:12:58 [E780.E780_IF_FILE_ATTACHMENT (Part 3)] Migrated 314 rows.
2026-01-13 16:12:58 [E780.E780_IF_FILE_ATTACHMENT (Part 3)] Migrated 315 rows.
2026-01-13 16:12:58 [E780.E780_IF_FILE_ATTACHMENT (Part 3)] Migrated 316 rows.
2026-01-13 16:12:58 [E780.E780_IF_FILE_ATTACHMENT (Part 1)] Migrated 690 rows.
2026-01-13 16:12:58 [E780.E780_IF_FILE_ATTACHMENT (Part 4)] Migrated 358 rows.
2026-01-13 16:12:58 [E780.E780_IF_FILE_ATTACHMENT (Part 4)] Migrated 359 rows.
2026-01-13 16:12:58 [E780.E780_IF_FILE_ATTACHMENT (Part 2)] Migrated 306 rows.
2026-01-13 16:12:58 [E780.E780_IF_FILE_ATTACHMENT (Part 3)] Migrated 317 rows.
2026-01-13 16:12:58 [E780.E780_IF_FILE_ATTACHMENT (Part 1)] Migrated 691 rows.
2026-01-13 16:12:58 [E780.E780_IF_FILE_ATTACHMENT (Part 4)] Migrated 360 rows.
2026-01-13 16:12:58 [E780.E780_IF_FILE_ATTACHMENT (Part 1)] Migrated 692 rows.
2026-01-13 16:12:58 [E780.E780_IF_FILE_ATTACHMENT (Part 3)] Migrated 318 rows.
2026-01-13 16:12:58 [E780.E780_IF_FILE_ATTACHMENT (Part 3)] Migrated 319 rows.
2026-01-13 16:12:58 [E780.E780_IF_FILE_ATTACHMENT (Part 3)] Migrated 320 rows.
2026-01-13 16:12:58 [E780.E780_IF_FILE_ATTACHMENT (Part 1)] Migrated 693 rows.
2026-01-13 16:12:58 [E780.E780_IF_FILE_ATTACHMENT (Part 3)] Migrated 321 rows.
2026-01-13 16:12:59 [E780.E780_IF_FILE_ATTACHMENT (Part 3)] Migrated 322 rows.
2026-01-13 16:12:59 [E780.E780_IF_FILE_ATTACHMENT (Part 4)] Migrated 361 rows.
2026-01-13 16:12:59 [E780.E780_IF_FILE_ATTACHMENT (Part 1)] Migrated 694 rows.
2026-01-13 16:12:59 [E780.E780_IF_FILE_ATTACHMENT (Part 2)] Migrated 307 rows.
2026-01-13 16:12:59 [E780.E780_IF_FILE_ATTACHMENT (Part 1)] Migrated 695 rows.
2026-01-13 16:12:59 [E780.E780_IF_FILE_ATTACHMENT (Part 2)] Migrated 308 rows.
2026-01-13 16:12:59 [E780.E780_IF_FILE_ATTACHMENT (Part 1)] Migrated 696 rows.
2026-01-13 16:12:59 [E780.E780_IF_FILE_ATTACHMENT (Part 2)] Migrated 309 rows.
2026-01-13 16:12:59 [E780.E780_IF_FILE_ATTACHMENT (Part 1)] Migrated 697 rows.
2026-01-13 16:12:59 [E780.E780_IF_FILE_ATTACHMENT (Part 3)] Migrated 323 rows.
2026-01-13 16:12:59 [E780.E780_IF_FILE_ATTACHMENT (Part 2)] Migrated 310 rows.
2026-01-13 16:12:59 [E780.E780_IF_FILE_ATTACHMENT (Part 1)] Migrated 698 rows.
2026-01-13 16:12:59 [E780.E780_IF_FILE_ATTACHMENT (Part 1)] Migrated 699 rows.
2026-01-13 16:12:59 [E780.E780_IF_FILE_ATTACHMENT (Part 1)] Migrated 700 rows.
2026-01-13 16:12:59 [E780.E780_IF_FILE_ATTACHMENT (Part 4)] Migrated 362 rows.
2026-01-13 16:12:59 [E780.E780_IF_FILE_ATTACHMENT (Part 1)] Migrated 701 rows.
2026-01-13 16:12:59 [E780.E780_IF_FILE_ATTACHMENT (Part 3)] Migrated 324 rows.
2026-01-13 16:12:59 [E780.E780_IF_FILE_ATTACHMENT (Part 1)] Migrated 702 rows.
2026-01-13 16:12:59 [E780.E780_IF_FILE_ATTACHMENT (Part 1)] Migrated 703 rows.
2026-01-13 16:12:59 [E780.E780_IF_FILE_ATTACHMENT (Part 4)] Migrated 363 rows.
2026-01-13 16:12:59 [E780.E780_IF_FILE_ATTACHMENT (Part 3)] Migrated 325 rows.
2026-01-13 16:12:59 [E780.E780_IF_FILE_ATTACHMENT (Part 4)] Migrated 364 rows.
2026-01-13 16:12:59 [E780.E780_IF_FILE_ATTACHMENT (Part 1)] Migrated 704 rows.
2026-01-13 16:12:59 [E780.E780_IF_FILE_ATTACHMENT (Part 1)] Migrated 705 rows.
2026-01-13 16:12:59 [E780.E780_IF_FILE_ATTACHMENT (Part 1)] Migrated 706 rows.
2026-01-13 16:12:59 [E780.E780_IF_FILE_ATTACHMENT (Part 4)] Migrated 365 rows.
2026-01-13 16:12:59 [E780.E780_IF_FILE_ATTACHMENT (Part 3)] Migrated 326 rows.
2026-01-13 16:12:59 [E780.E780_IF_FILE_ATTACHMENT (Part 2)] Migrated 311 rows.
2026-01-13 16:12:59 [E780.E780_IF_FILE_ATTACHMENT (Part 1)] Migrated 707 rows.
2026-01-13 16:12:59 [E780.E780_IF_FILE_ATTACHMENT (Part 4)] Migrated 366 rows.
2026-01-13 16:12:59 [E780.E780_IF_FILE_ATTACHMENT (Part 3)] Migrated 327 rows.
2026-01-13 16:12:59 [E780.E780_IF_FILE_ATTACHMENT (Part 1)] Migrated 708 rows.
2026-01-13 16:12:59 [E780.E780_IF_FILE_ATTACHMENT (Part 4)] Migrated 367 rows.
2026-01-13 16:12:59 [E780.E780_IF_FILE_ATTACHMENT (Part 1)] Migrated 709 rows.
2026-01-13 16:12:59 [E780.E780_IF_FILE_ATTACHMENT (Part 3)] Migrated 328 rows.
2026-01-13 16:12:59 [E780.E780_IF_FILE_ATTACHMENT (Part 1)] Migrated 710 rows.
2026-01-13 16:12:59 [E780.E780_IF_FILE_ATTACHMENT (Part 4)] Migrated 368 rows.
2026-01-13 16:12:59 [E780.E780_IF_FILE_ATTACHMENT (Part 3)] Migrated 329 rows.
2026-01-13 16:12:59 [E780.E780_IF_FILE_ATTACHMENT (Part 4)] Migrated 369 rows.
2026-01-13 16:12:59 [E780.E780_IF_FILE_ATTACHMENT (Part 1)] Migrated 711 rows.
2026-01-13 16:12:59 [E780.E780_IF_FILE_ATTACHMENT (Part 3)] Migrated 330 rows.
2026-01-13 16:12:59 [E780.E780_IF_FILE_ATTACHMENT (Part 4)] Migrated 370 rows.
2026-01-13 16:12:59 [E780.E780_IF_FILE_ATTACHMENT (Part 2)] Migrated 312 rows.
2026-01-13 16:12:59 [E780.E780_IF_FILE_ATTACHMENT (Part 3)] Migrated 331 rows.
2026-01-13 16:12:59 [E780.E780_IF_FILE_ATTACHMENT (Part 1)] Migrated 712 rows.
2026-01-13 16:12:59 [E780.E780_IF_FILE_ATTACHMENT (Part 1)] Migrated 713 rows.
2026-01-13 16:12:59 [E780.E780_IF_FILE_ATTACHMENT (Part 1)] Migrated 714 rows.
2026-01-13 16:12:59 [E780.E780_IF_FILE_ATTACHMENT (Part 3)] Migrated 332 rows.
2026-01-13 16:12:59 [E780.E780_IF_FILE_ATTACHMENT (Part 1)] Migrated 715 rows.
2026-01-13 16:12:59 [E780.E780_IF_FILE_ATTACHMENT (Part 4)] Migrated 371 rows.
2026-01-13 16:12:59 [E780.E780_IF_FILE_ATTACHMENT (Part 3)] Migrated 333 rows.
2026-01-13 16:12:59 [E780.E780_IF_FILE_ATTACHMENT (Part 3)] Migrated 334 rows.
2026-01-13 16:12:59 [E780.E780_IF_FILE_ATTACHMENT (Part 1)] Migrated 716 rows.
2026-01-13 16:13:00 [E780.E780_IF_FILE_ATTACHMENT (Part 3)] Migrated 335 rows.
2026-01-13 16:13:00 [E780.E780_IF_FILE_ATTACHMENT (Part 4)] Migrated 372 rows.
2026-01-13 16:13:00 [E780.E780_IF_FILE_ATTACHMENT (Part 1)] Migrated 717 rows.
2026-01-13 16:13:00 [E780.E780_IF_FILE_ATTACHMENT (Part 4)] Migrated 373 rows.
2026-01-13 16:13:00 [E780.E780_IF_FILE_ATTACHMENT (Part 1)] Migrated 718 rows.
2026-01-13 16:13:00 [E780.E780_IF_FILE_ATTACHMENT (Part 2)] Migrated 313 rows.
2026-01-13 16:13:00 [E780.E780_IF_FILE_ATTACHMENT (Part 4)] Migrated 374 rows.
2026-01-13 16:13:00 [E780.E780_IF_FILE_ATTACHMENT (Part 3)] Migrated 336 rows.
2026-01-13 16:13:00 [E780.E780_IF_FILE_ATTACHMENT (Part 1)] Migrated 719 rows.
2026-01-13 16:13:00 [E780.E780_IF_FILE_ATTACHMENT (Part 4)] Migrated 375 rows.
2026-01-13 16:13:00 [E780.E780_IF_FILE_ATTACHMENT (Part 1)] Migrated 720 rows.
2026-01-13 16:13:00 [E780.E780_IF_FILE_ATTACHMENT (Part 4)] Migrated 376 rows.
2026-01-13 16:13:00 [E780.E780_IF_FILE_ATTACHMENT (Part 1)] Migrated 721 rows.
2026-01-13 16:13:00 [E780.E780_IF_FILE_ATTACHMENT (Part 4)] Migrated 377 rows.
2026-01-13 16:13:00 [E780.E780_IF_FILE_ATTACHMENT (Part 1)] Migrated 722 rows.
2026-01-13 16:13:00 [E780.E780_IF_FILE_ATTACHMENT (Part 1)] Migrated 723 rows.
2026-01-13 16:13:00 [E780.E780_IF_FILE_ATTACHMENT (Part 2)] Migrated 314 rows.
2026-01-13 16:13:00 [E780.E780_IF_FILE_ATTACHMENT (Part 1)] Migrated 724 rows.
2026-01-13 16:13:00 [E780.E780_IF_FILE_ATTACHMENT (Part 1)] Migrated 725 rows.
2026-01-13 16:13:00 [E780.E780_IF_FILE_ATTACHMENT (Part 1)] Migrated 726 rows.
2026-01-13 16:13:00 [E780.E780_IF_FILE_ATTACHMENT (Part 2)] Migrated 315 rows.
2026-01-13 16:13:00 [E780.E780_IF_FILE_ATTACHMENT (Part 1)] Migrated 727 rows.
2026-01-13 16:13:00 [E780.E780_IF_FILE_ATTACHMENT (Part 3)] Migrated 337 rows.
2026-01-13 16:13:00 [E780.E780_IF_FILE_ATTACHMENT (Part 1)] Migrated 728 rows.
2026-01-13 16:13:00 [E780.E780_IF_FILE_ATTACHMENT (Part 2)] Migrated 316 rows.
2026-01-13 16:13:00 [E780.E780_IF_FILE_ATTACHMENT (Part 1)] Migrated 729 rows.
2026-01-13 16:13:00 [E780.E780_IF_FILE_ATTACHMENT (Part 3)] Migrated 338 rows.
2026-01-13 16:13:00 [E780.E780_IF_FILE_ATTACHMENT (Part 4)] Migrated 378 rows.
2026-01-13 16:13:00 [E780.E780_IF_FILE_ATTACHMENT (Part 1)] Migrated 730 rows.
2026-01-13 16:13:00 [E780.E780_IF_FILE_ATTACHMENT (Part 3)] Migrated 339 rows.
2026-01-13 16:13:00 [E780.E780_IF_FILE_ATTACHMENT (Part 2)] Migrated 317 rows.
2026-01-13 16:13:00 [E780.E780_IF_FILE_ATTACHMENT (Part 1)] Migrated 731 rows.
2026-01-13 16:13:00 [E780.E780_IF_FILE_ATTACHMENT (Part 1)] Migrated 732 rows.
2026-01-13 16:13:00 [E780.E780_IF_FILE_ATTACHMENT (Part 2)] Migrated 318 rows.
2026-01-13 16:13:00 [E780.E780_IF_FILE_ATTACHMENT (Part 1)] Migrated 733 rows.
2026-01-13 16:13:00 [E780.E780_IF_FILE_ATTACHMENT (Part 2)] Migrated 319 rows.
2026-01-13 16:13:00 [E780.E780_IF_FILE_ATTACHMENT (Part 2)] Migrated 320 rows.
2026-01-13 16:13:00 [E780.E780_IF_FILE_ATTACHMENT (Part 1)] Migrated 734 rows.
2026-01-13 16:13:00 [E780.E780_IF_FILE_ATTACHMENT (Part 2)] Migrated 321 rows.
2026-01-13 16:13:00 [E780.E780_IF_FILE_ATTACHMENT (Part 2)] Migrated 322 rows.
2026-01-13 16:13:00 [E780.E780_IF_FILE_ATTACHMENT (Part 1)] Migrated 735 rows.
2026-01-13 16:13:01 [E780.E780_IF_FILE_ATTACHMENT (Part 2)] Migrated 323 rows.
2026-01-13 16:13:01 [E780.E780_IF_FILE_ATTACHMENT (Part 1)] Migrated 736 rows.
2026-01-13 16:13:01 [E780.E780_IF_FILE_ATTACHMENT (Part 3)] Migrated 340 rows.
2026-01-13 16:13:01 [E780.E780_IF_FILE_ATTACHMENT (Part 1)] Migrated 737 rows.
2026-01-13 16:13:01 [E780.E780_IF_FILE_ATTACHMENT (Part 2)] Migrated 324 rows.
2026-01-13 16:13:01 [E780.E780_IF_FILE_ATTACHMENT (Part 1)] Migrated 738 rows.
2026-01-13 16:13:01 [E780.E780_IF_FILE_ATTACHMENT (Part 2)] Migrated 325 rows.
2026-01-13 16:13:01 [E780.E780_IF_FILE_ATTACHMENT (Part 1)] Migrated 739 rows.
2026-01-13 16:13:01 [E780.E780_IF_FILE_ATTACHMENT (Part 1)] Migrated 740 rows.
2026-01-13 16:13:01 [E780.E780_IF_FILE_ATTACHMENT (Part 1)] Migrated 741 rows.
2026-01-13 16:13:01 [E780.E780_IF_FILE_ATTACHMENT (Part 4)] Migrated 379 rows.
2026-01-13 16:13:01 [E780.E780_IF_FILE_ATTACHMENT (Part 1)] Migrated 742 rows.
2026-01-13 16:13:01 [E780.E780_IF_FILE_ATTACHMENT (Part 1)] Migrated 743 rows.
2026-01-13 16:13:01 [E780.E780_IF_FILE_ATTACHMENT (Part 1)] Migrated 744 rows.
2026-01-13 16:13:01 [E780.E780_IF_FILE_ATTACHMENT (Part 2)] Migrated 326 rows.
2026-01-13 16:13:01 [E780.E780_IF_FILE_ATTACHMENT (Part 1)] Migrated 745 rows.
2026-01-13 16:13:01 [E780.E780_IF_FILE_ATTACHMENT (Part 1)] Migrated 746 rows.
2026-01-13 16:13:01 [E780.E780_IF_FILE_ATTACHMENT (Part 1)] Migrated 747 rows.
2026-01-13 16:13:01 [E780.E780_IF_FILE_ATTACHMENT (Part 2)] Migrated 327 rows.
2026-01-13 16:13:01 [E780.E780_IF_FILE_ATTACHMENT (Part 3)] Migrated 341 rows.
2026-01-13 16:13:01 [E780.E780_IF_FILE_ATTACHMENT (Part 3)] Migrated 342 rows.
2026-01-13 16:13:01 [E780.E780_IF_FILE_ATTACHMENT (Part 3)] Migrated 343 rows.
2026-01-13 16:13:01 [E780.E780_IF_FILE_ATTACHMENT (Part 3)] Migrated 344 rows.
2026-01-13 16:13:01 [E780.E780_IF_FILE_ATTACHMENT (Part 1)] Migrated 748 rows.
2026-01-13 16:13:01 [E780.E780_IF_FILE_ATTACHMENT (Part 1)] Migrated 749 rows.
2026-01-13 16:13:01 [E780.E780_IF_FILE_ATTACHMENT (Part 3)] Migrated 345 rows.
2026-01-13 16:13:01 [E780.E780_IF_FILE_ATTACHMENT (Part 1)] Migrated 750 rows.
2026-01-13 16:13:01 [E780.E780_IF_FILE_ATTACHMENT (Part 3)] Migrated 346 rows.
2026-01-13 16:13:01 [E780.E780_IF_FILE_ATTACHMENT (Part 1)] Migrated 751 rows.
2026-01-13 16:13:01 [E780.E780_IF_FILE_ATTACHMENT (Part 3)] Migrated 347 rows.
2026-01-13 16:13:01 [E780.E780_IF_FILE_ATTACHMENT (Part 1)] Migrated 752 rows.
2026-01-13 16:13:01 [E780.E780_IF_FILE_ATTACHMENT (Part 3)] Migrated 348 rows.
2026-01-13 16:13:01 [E780.E780_IF_FILE_ATTACHMENT (Part 4)] Migrated 380 rows.
2026-01-13 16:13:01 [E780.E780_IF_FILE_ATTACHMENT (Part 3)] Migrated 349 rows.
2026-01-13 16:13:01 [E780.E780_IF_FILE_ATTACHMENT (Part 1)] Migrated 753 rows.
2026-01-13 16:13:01 [E780.E780_IF_FILE_ATTACHMENT (Part 3)] Migrated 350 rows.
2026-01-13 16:13:01 [E780.E780_IF_FILE_ATTACHMENT (Part 4)] Migrated 381 rows.
2026-01-13 16:13:01 [E780.E780_IF_FILE_ATTACHMENT (Part 1)] Migrated 754 rows.
2026-01-13 16:13:01 [E780.E780_IF_FILE_ATTACHMENT (Part 4)] Migrated 382 rows.
2026-01-13 16:13:01 [E780.E780_IF_FILE_ATTACHMENT (Part 3)] Migrated 351 rows.
2026-01-13 16:13:02 [E780.E780_IF_FILE_ATTACHMENT (Part 2)] Migrated 328 rows.
2026-01-13 16:13:02 [E780.E780_IF_FILE_ATTACHMENT (Part 1)] Migrated 755 rows.
2026-01-13 16:13:02 [E780.E780_IF_FILE_ATTACHMENT (Part 4)] Migrated 383 rows.
2026-01-13 16:13:02 [E780.E780_IF_FILE_ATTACHMENT (Part 3)] Migrated 352 rows.
2026-01-13 16:13:02 [E780.E780_IF_FILE_ATTACHMENT (Part 4)] Migrated 384 rows.
2026-01-13 16:13:02 [E780.E780_IF_FILE_ATTACHMENT (Part 1)] Migrated 756 rows.
2026-01-13 16:13:02 [E780.E780_IF_FILE_ATTACHMENT (Part 4)] Migrated 385 rows.
2026-01-13 16:13:02 [E780.E780_IF_FILE_ATTACHMENT (Part 3)] Migrated 353 rows.
2026-01-13 16:13:02 [E780.E780_IF_FILE_ATTACHMENT (Part 1)] Migrated 757 rows.
2026-01-13 16:13:02 [E780.E780_IF_FILE_ATTACHMENT (Part 4)] Migrated 386 rows.
2026-01-13 16:13:02 [E780.E780_IF_FILE_ATTACHMENT (Part 3)] Migrated 354 rows.
2026-01-13 16:13:02 [E780.E780_IF_FILE_ATTACHMENT (Part 4)] Migrated 387 rows.
2026-01-13 16:13:02 [E780.E780_IF_FILE_ATTACHMENT (Part 2)] Migrated 329 rows.
2026-01-13 16:13:02 [E780.E780_IF_FILE_ATTACHMENT (Part 1)] Migrated 758 rows.
2026-01-13 16:13:02 [E780.E780_IF_FILE_ATTACHMENT (Part 3)] Migrated 355 rows.
2026-01-13 16:13:02 [E780.E780_IF_FILE_ATTACHMENT (Part 2)] Migrated 330 rows.
2026-01-13 16:13:02 [E780.E780_IF_FILE_ATTACHMENT (Part 4)] Migrated 388 rows.
2026-01-13 16:13:02 [E780.E780_IF_FILE_ATTACHMENT (Part 3)] Migrated 356 rows.
2026-01-13 16:13:02 [E780.E780_IF_FILE_ATTACHMENT (Part 1)] Migrated 759 rows.
2026-01-13 16:13:02 [E780.E780_IF_FILE_ATTACHMENT (Part 4)] Migrated 389 rows.
2026-01-13 16:13:02 [E780.E780_IF_FILE_ATTACHMENT (Part 2)] Migrated 331 rows.
2026-01-13 16:13:02 [E780.E780_IF_FILE_ATTACHMENT (Part 3)] Migrated 357 rows.
2026-01-13 16:13:02 [E780.E780_IF_FILE_ATTACHMENT (Part 1)] Migrated 760 rows.
2026-01-13 16:13:02 [E780.E780_IF_FILE_ATTACHMENT (Part 4)] Migrated 390 rows.
2026-01-13 16:13:02 [E780.E780_IF_FILE_ATTACHMENT (Part 2)] Migrated 332 rows.
2026-01-13 16:13:02 [E780.E780_IF_FILE_ATTACHMENT (Part 3)] Migrated 358 rows.
2026-01-13 16:13:02 [E780.E780_IF_FILE_ATTACHMENT (Part 1)] Migrated 761 rows.
2026-01-13 16:13:02 [E780.E780_IF_FILE_ATTACHMENT (Part 4)] Migrated 391 rows.
2026-01-13 16:13:02 [E780.E780_IF_FILE_ATTACHMENT (Part 2)] Migrated 333 rows.
2026-01-13 16:13:02 [E780.E780_IF_FILE_ATTACHMENT (Part 3)] Migrated 359 rows.
2026-01-13 16:13:02 [E780.E780_IF_FILE_ATTACHMENT (Part 4)] Migrated 392 rows.
2026-01-13 16:13:02 [E780.E780_IF_FILE_ATTACHMENT (Part 1)] Migrated 762 rows.
2026-01-13 16:13:02 [E780.E780_IF_FILE_ATTACHMENT (Part 2)] Migrated 334 rows.
2026-01-13 16:13:02 [E780.E780_IF_FILE_ATTACHMENT (Part 3)] Migrated 360 rows.
2026-01-13 16:13:02 [E780.E780_IF_FILE_ATTACHMENT (Part 4)] Migrated 393 rows.
2026-01-13 16:13:02 [E780.E780_IF_FILE_ATTACHMENT (Part 4)] Migrated 394 rows.
2026-01-13 16:13:02 [E780.E780_IF_FILE_ATTACHMENT (Part 3)] Migrated 361 rows.
2026-01-13 16:13:02 [E780.E780_IF_FILE_ATTACHMENT (Part 1)] Migrated 763 rows.
2026-01-13 16:13:02 [E780.E780_IF_FILE_ATTACHMENT (Part 4)] Migrated 395 rows.
2026-01-13 16:13:02 [E780.E780_IF_FILE_ATTACHMENT (Part 3)] Migrated 362 rows.
2026-01-13 16:13:02 [E780.E780_IF_FILE_ATTACHMENT (Part 4)] Migrated 396 rows.
2026-01-13 16:13:02 [E780.E780_IF_FILE_ATTACHMENT (Part 1)] Migrated 764 rows.
2026-01-13 16:13:02 [E780.E780_IF_FILE_ATTACHMENT (Part 4)] Migrated 397 rows.
2026-01-13 16:13:02 [E780.E780_IF_FILE_ATTACHMENT (Part 3)] Migrated 363 rows.
2026-01-13 16:13:02 [E780.E780_IF_FILE_ATTACHMENT (Part 2)] Migrated 335 rows.
2026-01-13 16:13:02 [E780.E780_IF_FILE_ATTACHMENT (Part 1)] Migrated 765 rows.
2026-01-13 16:13:02 [E780.E780_IF_FILE_ATTACHMENT (Part 4)] Migrated 398 rows.
2026-01-13 16:13:02 [E780.E780_IF_FILE_ATTACHMENT (Part 3)] Migrated 364 rows.
2026-01-13 16:13:02 [E780.E780_IF_FILE_ATTACHMENT (Part 2)] Migrated 336 rows.
2026-01-13 16:13:02 [E780.E780_IF_FILE_ATTACHMENT (Part 3)] Migrated 365 rows.
2026-01-13 16:13:02 [E780.E780_IF_FILE_ATTACHMENT (Part 1)] Migrated 766 rows.
2026-01-13 16:13:02 [E780.E780_IF_FILE_ATTACHMENT (Part 4)] Migrated 399 rows.
2026-01-13 16:13:02 [E780.E780_IF_FILE_ATTACHMENT (Part 2)] Migrated 337 rows.
2026-01-13 16:13:02 [E780.E780_IF_FILE_ATTACHMENT (Part 2)] Migrated 338 rows.
2026-01-13 16:13:02 [E780.E780_IF_FILE_ATTACHMENT (Part 3)] Migrated 366 rows.
2026-01-13 16:13:02 [E780.E780_IF_FILE_ATTACHMENT (Part 4)] Migrated 400 rows.
2026-01-13 16:13:02 [E780.E780_IF_FILE_ATTACHMENT (Part 1)] Migrated 767 rows.
2026-01-13 16:13:02 [E780.E780_IF_FILE_ATTACHMENT (Part 2)] Migrated 339 rows.
2026-01-13 16:13:02 [E780.E780_IF_FILE_ATTACHMENT (Part 3)] Migrated 367 rows.
2026-01-13 16:13:02 [E780.E780_IF_FILE_ATTACHMENT (Part 2)] Migrated 340 rows.
2026-01-13 16:13:02 [E780.E780_IF_FILE_ATTACHMENT (Part 3)] Migrated 368 rows.
2026-01-13 16:13:02 [E780.E780_IF_FILE_ATTACHMENT (Part 1)] Migrated 768 rows.
2026-01-13 16:13:02 [E780.E780_IF_FILE_ATTACHMENT (Part 2)] Migrated 341 rows.
2026-01-13 16:13:02 [E780.E780_IF_FILE_ATTACHMENT (Part 4)] Migrated 401 rows.
2026-01-13 16:13:02 [E780.E780_IF_FILE_ATTACHMENT (Part 3)] Migrated 369 rows.
2026-01-13 16:13:02 [E780.E780_IF_FILE_ATTACHMENT (Part 2)] Migrated 342 rows.
2026-01-13 16:13:02 [E780.E780_IF_FILE_ATTACHMENT (Part 1)] Migrated 769 rows.
2026-01-13 16:13:02 [E780.E780_IF_FILE_ATTACHMENT (Part 4)] Migrated 402 rows.
2026-01-13 16:13:02 [E780.E780_IF_FILE_ATTACHMENT (Part 3)] Migrated 370 rows.
2026-01-13 16:13:02 [E780.E780_IF_FILE_ATTACHMENT (Part 2)] Migrated 343 rows.
2026-01-13 16:13:02 [E780.E780_IF_FILE_ATTACHMENT (Part 1)] Migrated 770 rows.
2026-01-13 16:13:02 [E780.E780_IF_FILE_ATTACHMENT (Part 4)] Migrated 403 rows.
2026-01-13 16:13:02 [E780.E780_IF_FILE_ATTACHMENT (Part 2)] Migrated 344 rows.
2026-01-13 16:13:03 [E780.E780_IF_FILE_ATTACHMENT (Part 2)] Migrated 345 rows.
2026-01-13 16:13:03 [E780.E780_IF_FILE_ATTACHMENT (Part 4)] Migrated 404 rows.
2026-01-13 16:13:03 [E780.E780_IF_FILE_ATTACHMENT (Part 1)] Migrated 771 rows.
2026-01-13 16:13:03 [E780.E780_IF_FILE_ATTACHMENT (Part 2)] Migrated 346 rows.
2026-01-13 16:13:03 [E780.E780_IF_FILE_ATTACHMENT (Part 1)] Migrated 772 rows.
2026-01-13 16:13:03 [E780.E780_IF_FILE_ATTACHMENT (Part 4)] Migrated 405 rows.
2026-01-13 16:13:03 [E780.E780_IF_FILE_ATTACHMENT (Part 4)] Migrated 406 rows.
2026-01-13 16:13:03 [E780.E780_IF_FILE_ATTACHMENT (Part 2)] Migrated 347 rows.
2026-01-13 16:13:03 [E780.E780_IF_FILE_ATTACHMENT (Part 1)] Migrated 773 rows.
2026-01-13 16:13:03 [E780.E780_IF_FILE_ATTACHMENT (Part 2)] Migrated 348 rows.
2026-01-13 16:13:03 [E780.E780_IF_FILE_ATTACHMENT (Part 4)] Migrated 407 rows.
2026-01-13 16:13:03 [E780.E780_IF_FILE_ATTACHMENT (Part 1)] Migrated 774 rows.
2026-01-13 16:13:03 [E780.E780_IF_FILE_ATTACHMENT (Part 2)] Migrated 349 rows.
2026-01-13 16:13:03 [E780.E780_IF_FILE_ATTACHMENT (Part 2)] Migrated 350 rows.
2026-01-13 16:13:03 [E780.E780_IF_FILE_ATTACHMENT (Part 4)] Migrated 408 rows.
2026-01-13 16:13:03 [E780.E780_IF_FILE_ATTACHMENT (Part 1)] Migrated 775 rows.
2026-01-13 16:13:03 [E780.E780_IF_FILE_ATTACHMENT (Part 2)] Migrated 351 rows.
2026-01-13 16:13:03 [E780.E780_IF_FILE_ATTACHMENT (Part 2)] Migrated 352 rows.
2026-01-13 16:13:03 [E780.E780_IF_FILE_ATTACHMENT (Part 1)] Migrated 776 rows.
2026-01-13 16:13:03 [E780.E780_IF_FILE_ATTACHMENT (Part 2)] Migrated 353 rows.
2026-01-13 16:13:03 [E780.E780_IF_FILE_ATTACHMENT (Part 2)] Migrated 354 rows.
2026-01-13 16:13:03 [E780.E780_IF_FILE_ATTACHMENT (Part 4)] Migrated 409 rows.
2026-01-13 16:13:03 [E780.E780_IF_FILE_ATTACHMENT (Part 1)] Migrated 777 rows.
2026-01-13 16:13:03 [E780.E780_IF_FILE_ATTACHMENT (Part 2)] Migrated 355 rows.
2026-01-13 16:13:03 [E780.E780_IF_FILE_ATTACHMENT (Part 2)] Migrated 356 rows.
2026-01-13 16:13:03 [E780.E780_IF_FILE_ATTACHMENT (Part 1)] Migrated 778 rows.
2026-01-13 16:13:03 [E780.E780_IF_FILE_ATTACHMENT (Part 2)] Migrated 357 rows.
2026-01-13 16:13:03 [E780.E780_IF_FILE_ATTACHMENT (Part 2)] Migrated 358 rows.
2026-01-13 16:13:03 [E780.E780_IF_FILE_ATTACHMENT (Part 1)] Migrated 779 rows.
2026-01-13 16:13:03 [E780.E780_IF_FILE_ATTACHMENT (Part 2)] Migrated 359 rows.
2026-01-13 16:13:03 [E780.E780_IF_FILE_ATTACHMENT (Part 4)] Migrated 410 rows.
2026-01-13 16:13:03 [E780.E780_IF_FILE_ATTACHMENT (Part 1)] Migrated 780 rows.
2026-01-13 16:13:03 [E780.E780_IF_FILE_ATTACHMENT (Part 1)] Migrated 781 rows.
2026-01-13 16:13:03 [E780.E780_IF_FILE_ATTACHMENT (Part 1)] Migrated 782 rows.
2026-01-13 16:13:03 [E780.E780_IF_FILE_ATTACHMENT (Part 1)] Migrated 783 rows.
2026-01-13 16:13:03 [E780.E780_IF_FILE_ATTACHMENT (Part 3)] Migrated 371 rows.
2026-01-13 16:13:03 [E780.E780_IF_FILE_ATTACHMENT (Part 1)] Migrated 784 rows.
2026-01-13 16:13:03 [E780.E780_IF_FILE_ATTACHMENT (Part 2)] Migrated 360 rows.
2026-01-13 16:13:03 [E780.E780_IF_FILE_ATTACHMENT (Part 3)] Migrated 372 rows.
2026-01-13 16:13:03 [E780.E780_IF_FILE_ATTACHMENT (Part 1)] Migrated 785 rows.
2026-01-13 16:13:03 [E780.E780_IF_FILE_ATTACHMENT (Part 2)] Migrated 361 rows.
2026-01-13 16:13:03 [E780.E780_IF_FILE_ATTACHMENT (Part 1)] Migrated 786 rows.
2026-01-13 16:13:03 [E780.E780_IF_FILE_ATTACHMENT (Part 3)] Migrated 373 rows.
2026-01-13 16:13:03 [E780.E780_IF_FILE_ATTACHMENT (Part 2)] Migrated 362 rows.
2026-01-13 16:13:03 [E780.E780_IF_FILE_ATTACHMENT (Part 3)] Migrated 374 rows.
2026-01-13 16:13:03 [E780.E780_IF_FILE_ATTACHMENT (Part 3)] Migrated 375 rows.
2026-01-13 16:13:03 [E780.E780_IF_FILE_ATTACHMENT (Part 2)] Migrated 363 rows.
2026-01-13 16:13:03 [E780.E780_IF_FILE_ATTACHMENT (Part 3)] Migrated 376 rows.
2026-01-13 16:13:03 [E780.E780_IF_FILE_ATTACHMENT (Part 1)] Migrated 787 rows.
2026-01-13 16:13:04 [E780.E780_IF_FILE_ATTACHMENT (Part 2)] Migrated 364 rows.
2026-01-13 16:13:04 [E780.E780_IF_FILE_ATTACHMENT (Part 1)] Migrated 788 rows.
2026-01-13 16:13:04 [E780.E780_IF_FILE_ATTACHMENT (Part 1)] Migrated 789 rows.
2026-01-13 16:13:04 [E780.E780_IF_FILE_ATTACHMENT (Part 2)] Migrated 365 rows.
2026-01-13 16:13:04 [E780.E780_IF_FILE_ATTACHMENT (Part 1)] Migrated 790 rows.
2026-01-13 16:13:04 [E780.E780_IF_FILE_ATTACHMENT (Part 2)] Migrated 366 rows.
2026-01-13 16:13:04 [E780.E780_IF_FILE_ATTACHMENT (Part 2)] Migrated 367 rows.
2026-01-13 16:13:04 [E780.E780_IF_FILE_ATTACHMENT (Part 2)] Migrated 368 rows.
2026-01-13 16:13:04 [E780.E780_IF_FILE_ATTACHMENT (Part 1)] Migrated 791 rows.
2026-01-13 16:13:04 [E780.E780_IF_FILE_ATTACHMENT (Part 2)] Migrated 369 rows.
2026-01-13 16:13:04 [E780.E780_IF_FILE_ATTACHMENT (Part 4)] Migrated 411 rows.
2026-01-13 16:13:04 [E780.E780_IF_FILE_ATTACHMENT (Part 1)] Migrated 792 rows.
2026-01-13 16:13:04 [E780.E780_IF_FILE_ATTACHMENT (Part 3)] Migrated 377 rows.
2026-01-13 16:13:04 [E780.E780_IF_FILE_ATTACHMENT (Part 1)] Migrated 793 rows.
2026-01-13 16:13:04 [E780.E780_IF_FILE_ATTACHMENT (Part 2)] Migrated 370 rows.
2026-01-13 16:13:04 [E780.E780_IF_FILE_ATTACHMENT (Part 1)] Migrated 794 rows.
2026-01-13 16:13:04 [E780.E780_IF_FILE_ATTACHMENT (Part 1)] Migrated 795 rows.
2026-01-13 16:13:04 [E780.E780_IF_FILE_ATTACHMENT (Part 1)] Migrated 796 rows.
2026-01-13 16:13:04 [E780.E780_IF_FILE_ATTACHMENT (Part 3)] Migrated 378 rows.
2026-01-13 16:13:04 [E780.E780_IF_FILE_ATTACHMENT (Part 1)] Migrated 797 rows.
2026-01-13 16:13:04 [E780.E780_IF_FILE_ATTACHMENT (Part 4)] Migrated 412 rows.
2026-01-13 16:13:04 [E780.E780_IF_FILE_ATTACHMENT (Part 1)] Migrated 798 rows.
2026-01-13 16:13:04 [E780.E780_IF_FILE_ATTACHMENT (Part 1)] Migrated 799 rows.
2026-01-13 16:13:04 [E780.E780_IF_FILE_ATTACHMENT (Part 2)] Migrated 371 rows.
2026-01-13 16:13:05 [E780.E780_IF_FILE_ATTACHMENT (Part 1)] Migrated 800 rows.
2026-01-13 16:13:05 [E780.E780_IF_FILE_ATTACHMENT (Part 4)] Migrated 413 rows.
2026-01-13 16:13:05 [E780.E780_IF_FILE_ATTACHMENT (Part 1)] Migrated 801 rows.
2026-01-13 16:13:05 [E780.E780_IF_FILE_ATTACHMENT (Part 4)] Migrated 414 rows.
2026-01-13 16:13:05 [E780.E780_IF_FILE_ATTACHMENT (Part 2)] Migrated 372 rows.
2026-01-13 16:13:05 [E780.E780_IF_FILE_ATTACHMENT (Part 1)] Migrated 802 rows.
2026-01-13 16:13:05 [E780.E780_IF_FILE_ATTACHMENT (Part 3)] Migrated 379 rows.
2026-01-13 16:13:05 [E780.E780_IF_FILE_ATTACHMENT (Part 4)] Migrated 415 rows.
2026-01-13 16:13:05 [E780.E780_IF_FILE_ATTACHMENT (Part 3)] Migrated 380 rows.
2026-01-13 16:13:05 [E780.E780_IF_FILE_ATTACHMENT (Part 2)] Migrated 373 rows.
2026-01-13 16:13:05 [E780.E780_IF_FILE_ATTACHMENT (Part 3)] Migrated 381 rows.
2026-01-13 16:13:05 [E780.E780_IF_FILE_ATTACHMENT (Part 4)] Migrated 416 rows.
2026-01-13 16:13:05 [E780.E780_IF_FILE_ATTACHMENT (Part 2)] Migrated 374 rows.
2026-01-13 16:13:05 [E780.E780_IF_FILE_ATTACHMENT (Part 3)] Migrated 382 rows.
2026-01-13 16:13:05 [E780.E780_IF_FILE_ATTACHMENT (Part 1)] Migrated 803 rows.
2026-01-13 16:13:05 [E780.E780_IF_FILE_ATTACHMENT (Part 2)] Migrated 375 rows.
2026-01-13 16:13:05 [E780.E780_IF_FILE_ATTACHMENT (Part 4)] Migrated 417 rows.
2026-01-13 16:13:05 [E780.E780_IF_FILE_ATTACHMENT (Part 3)] Migrated 383 rows.
2026-01-13 16:13:05 [E780.E780_IF_FILE_ATTACHMENT (Part 2)] Migrated 376 rows.
2026-01-13 16:13:05 [E780.E780_IF_FILE_ATTACHMENT (Part 4)] Migrated 418 rows.
2026-01-13 16:13:05 [E780.E780_IF_FILE_ATTACHMENT (Part 3)] Migrated 384 rows.
2026-01-13 16:13:05 [E780.E780_IF_FILE_ATTACHMENT (Part 4)] Migrated 419 rows.
2026-01-13 16:13:05 [E780.E780_IF_FILE_ATTACHMENT (Part 1)] Migrated 804 rows.
2026-01-13 16:13:05 [E780.E780_IF_FILE_ATTACHMENT (Part 4)] Migrated 420 rows.
2026-01-13 16:13:05 [E780.E780_IF_FILE_ATTACHMENT (Part 2)] Migrated 377 rows.
2026-01-13 16:13:05 [E780.E780_IF_FILE_ATTACHMENT (Part 4)] Migrated 421 rows.
2026-01-13 16:13:05 [E780.E780_IF_FILE_ATTACHMENT (Part 1)] Migrated 805 rows.
2026-01-13 16:13:05 [E780.E780_IF_FILE_ATTACHMENT (Part 3)] Migrated 385 rows.
2026-01-13 16:13:05 [E780.E780_IF_FILE_ATTACHMENT (Part 4)] Migrated 422 rows.
2026-01-13 16:13:05 [E780.E780_IF_FILE_ATTACHMENT (Part 3)] Migrated 386 rows.
2026-01-13 16:13:05 [E780.E780_IF_FILE_ATTACHMENT (Part 4)] Migrated 423 rows.
2026-01-13 16:13:05 [E780.E780_IF_FILE_ATTACHMENT (Part 3)] Migrated 387 rows.
2026-01-13 16:13:05 [E780.E780_IF_FILE_ATTACHMENT (Part 3)] Migrated 388 rows.
2026-01-13 16:13:05 [E780.E780_IF_FILE_ATTACHMENT (Part 1)] Migrated 806 rows.
2026-01-13 16:13:05 [E780.E780_IF_FILE_ATTACHMENT (Part 4)] Migrated 424 rows.
2026-01-13 16:13:05 [E780.E780_IF_FILE_ATTACHMENT (Part 3)] Migrated 389 rows.
2026-01-13 16:13:05 [E780.E780_IF_FILE_ATTACHMENT (Part 1)] Migrated 807 rows.
2026-01-13 16:13:05 [E780.E780_IF_FILE_ATTACHMENT (Part 4)] Migrated 425 rows.
2026-01-13 16:13:05 [E780.E780_IF_FILE_ATTACHMENT (Part 3)] Migrated 390 rows.
2026-01-13 16:13:05 [E780.E780_IF_FILE_ATTACHMENT (Part 1)] Migrated 808 rows.
2026-01-13 16:13:05 [E780.E780_IF_FILE_ATTACHMENT (Part 4)] Migrated 426 rows.
2026-01-13 16:13:05 [E780.E780_IF_FILE_ATTACHMENT (Part 3)] Migrated 391 rows.
2026-01-13 16:13:05 [E780.E780_IF_FILE_ATTACHMENT (Part 1)] Migrated 809 rows.
2026-01-13 16:13:05 [E780.E780_IF_FILE_ATTACHMENT (Part 3)] Migrated 392 rows.
2026-01-13 16:13:05 [E780.E780_IF_FILE_ATTACHMENT (Part 4)] Migrated 427 rows.
2026-01-13 16:13:05 [E780.E780_IF_FILE_ATTACHMENT (Part 4)] Migrated 428 rows.
2026-01-13 16:13:05 [E780.E780_IF_FILE_ATTACHMENT (Part 3)] Migrated 393 rows.
2026-01-13 16:13:05 [E780.E780_IF_FILE_ATTACHMENT (Part 1)] Migrated 810 rows.
2026-01-13 16:13:05 [E780.E780_IF_FILE_ATTACHMENT (Part 3)] Migrated 394 rows.
2026-01-13 16:13:05 [E780.E780_IF_FILE_ATTACHMENT (Part 4)] Migrated 429 rows.
2026-01-13 16:13:05 [E780.E780_IF_FILE_ATTACHMENT (Part 2)] Migrated 378 rows.
2026-01-13 16:13:05 [E780.E780_IF_FILE_ATTACHMENT (Part 1)] Migrated 811 rows.
2026-01-13 16:13:05 [E780.E780_IF_FILE_ATTACHMENT (Part 1)] Migrated 812 rows.
2026-01-13 16:13:05 [E780.E780_IF_FILE_ATTACHMENT (Part 3)] Migrated 395 rows.
2026-01-13 16:13:05 [E780.E780_IF_FILE_ATTACHMENT (Part 1)] Migrated 813 rows.
2026-01-13 16:13:05 [E780.E780_IF_FILE_ATTACHMENT (Part 1)] Migrated 814 rows.
2026-01-13 16:13:05 [E780.E780_IF_FILE_ATTACHMENT (Part 3)] Migrated 396 rows.
2026-01-13 16:13:05 [E780.E780_IF_FILE_ATTACHMENT (Part 1)] Migrated 815 rows.
2026-01-13 16:13:05 [E780.E780_IF_FILE_ATTACHMENT (Part 1)] Migrated 816 rows.
2026-01-13 16:13:05 [E780.E780_IF_FILE_ATTACHMENT (Part 3)] Migrated 397 rows.
2026-01-13 16:13:06 [E780.E780_IF_FILE_ATTACHMENT (Part 3)] Migrated 398 rows.
2026-01-13 16:13:06 [E780.E780_IF_FILE_ATTACHMENT (Part 4)] Migrated 430 rows.
2026-01-13 16:13:06 [E780.E780_IF_FILE_ATTACHMENT (Part 1)] Migrated 817 rows.
2026-01-13 16:13:06 [E780.E780_IF_FILE_ATTACHMENT (Part 3)] Migrated 399 rows.
2026-01-13 16:13:06 [E780.E780_IF_FILE_ATTACHMENT (Part 3)] Migrated 400 rows.
2026-01-13 16:13:06 [E780.E780_IF_FILE_ATTACHMENT (Part 4)] Migrated 431 rows.
2026-01-13 16:13:06 [E780.E780_IF_FILE_ATTACHMENT (Part 3)] Migrated 401 rows.
2026-01-13 16:13:06 [E780.E780_IF_FILE_ATTACHMENT (Part 3)] Migrated 402 rows.
2026-01-13 16:13:06 [E780.E780_IF_FILE_ATTACHMENT (Part 4)] Migrated 432 rows.
2026-01-13 16:13:06 [E780.E780_IF_FILE_ATTACHMENT (Part 2)] Migrated 379 rows.
2026-01-13 16:13:06 [E780.E780_IF_FILE_ATTACHMENT (Part 3)] Migrated 403 rows.
2026-01-13 16:13:06 [E780.E780_IF_FILE_ATTACHMENT (Part 3)] Migrated 404 rows.
2026-01-13 16:13:06 [E780.E780_IF_FILE_ATTACHMENT (Part 1)] Migrated 818 rows.
2026-01-13 16:13:06 [E780.E780_IF_FILE_ATTACHMENT (Part 1)] Migrated 819 rows.
2026-01-13 16:13:06 [E780.E780_IF_FILE_ATTACHMENT (Part 3)] Migrated 405 rows.
2026-01-13 16:13:06 [E780.E780_IF_FILE_ATTACHMENT (Part 2)] Migrated 380 rows.
2026-01-13 16:13:06 [E780.E780_IF_FILE_ATTACHMENT (Part 3)] Migrated 406 rows.
2026-01-13 16:13:06 [E780.E780_IF_FILE_ATTACHMENT (Part 3)] Migrated 407 rows.
2026-01-13 16:13:06 [E780.E780_IF_FILE_ATTACHMENT (Part 1)] Migrated 820 rows.
2026-01-13 16:13:06 [E780.E780_IF_FILE_ATTACHMENT (Part 3)] Migrated 408 rows.
2026-01-13 16:13:06 [E780.E780_IF_FILE_ATTACHMENT (Part 2)] Migrated 381 rows.
2026-01-13 16:13:06 [E780.E780_IF_FILE_ATTACHMENT (Part 3)] Migrated 409 rows.
2026-01-13 16:13:06 [E780.E780_IF_FILE_ATTACHMENT (Part 4)] Migrated 433 rows.
2026-01-13 16:13:06 [E780.E780_IF_FILE_ATTACHMENT (Part 3)] Migrated 410 rows.
2026-01-13 16:13:06 [E780.E780_IF_FILE_ATTACHMENT (Part 1)] Migrated 821 rows.
2026-01-13 16:13:06 [E780.E780_IF_FILE_ATTACHMENT (Part 4)] Migrated 434 rows.
2026-01-13 16:13:06 [E780.E780_IF_FILE_ATTACHMENT (Part 2)] Migrated 382 rows.
2026-01-13 16:13:06 [E780.E780_IF_FILE_ATTACHMENT (Part 4)] Migrated 435 rows.
2026-01-13 16:13:06 [E780.E780_IF_FILE_ATTACHMENT (Part 4)] Migrated 436 rows.
2026-01-13 16:13:06 [E780.E780_IF_FILE_ATTACHMENT (Part 1)] Migrated 822 rows.
2026-01-13 16:13:06 [E780.E780_IF_FILE_ATTACHMENT (Part 3)] Migrated 411 rows.
2026-01-13 16:13:06 [E780.E780_IF_FILE_ATTACHMENT (Part 4)] Migrated 437 rows.
2026-01-13 16:13:06 [E780.E780_IF_FILE_ATTACHMENT (Part 2)] Migrated 383 rows.
2026-01-13 16:13:06 [E780.E780_IF_FILE_ATTACHMENT (Part 4)] Migrated 438 rows.
2026-01-13 16:13:06 [E780.E780_IF_FILE_ATTACHMENT (Part 3)] Migrated 412 rows.
2026-01-13 16:13:06 [E780.E780_IF_FILE_ATTACHMENT (Part 1)] Migrated 823 rows.
2026-01-13 16:13:06 [E780.E780_IF_FILE_ATTACHMENT (Part 1)] Migrated 824 rows.
2026-01-13 16:13:06 [E780.E780_IF_FILE_ATTACHMENT (Part 3)] Migrated 413 rows.
2026-01-13 16:13:06 [E780.E780_IF_FILE_ATTACHMENT (Part 2)] Migrated 384 rows.
2026-01-13 16:13:06 [E780.E780_IF_FILE_ATTACHMENT (Part 3)] Migrated 414 rows.
2026-01-13 16:13:07 [E780.E780_IF_FILE_ATTACHMENT (Part 1)] Migrated 825 rows.
2026-01-13 16:13:07 [E780.E780_IF_FILE_ATTACHMENT (Part 3)] Migrated 415 rows.
2026-01-13 16:13:07 [E780.E780_IF_FILE_ATTACHMENT (Part 4)] Migrated 439 rows.
2026-01-13 16:13:07 [E780.E780_IF_FILE_ATTACHMENT (Part 2)] Migrated 385 rows.
2026-01-13 16:13:07 [E780.E780_IF_FILE_ATTACHMENT (Part 3)] Migrated 416 rows.
2026-01-13 16:13:07 [E780.E780_IF_FILE_ATTACHMENT (Part 4)] Migrated 440 rows.
2026-01-13 16:13:07 [E780.E780_IF_FILE_ATTACHMENT (Part 1)] Migrated 826 rows.
2026-01-13 16:13:07 [E780.E780_IF_FILE_ATTACHMENT (Part 4)] Migrated 441 rows.
2026-01-13 16:13:07 [E780.E780_IF_FILE_ATTACHMENT (Part 2)] Migrated 386 rows.
2026-01-13 16:13:07 [E780.E780_IF_FILE_ATTACHMENT (Part 4)] Migrated 442 rows.
2026-01-13 16:13:07 [E780.E780_IF_FILE_ATTACHMENT (Part 1)] Migrated 827 rows.
2026-01-13 16:13:07 [E780.E780_IF_FILE_ATTACHMENT (Part 4)] Migrated 443 rows.
2026-01-13 16:13:07 [E780.E780_IF_FILE_ATTACHMENT (Part 1)] Migrated 828 rows.
2026-01-13 16:13:07 [E780.E780_IF_FILE_ATTACHMENT (Part 2)] Migrated 387 rows.
2026-01-13 16:13:07 [E780.E780_IF_FILE_ATTACHMENT (Part 1)] Migrated 829 rows.
2026-01-13 16:13:07 [E780.E780_IF_FILE_ATTACHMENT (Part 1)] Migrated 830 rows.
2026-01-13 16:13:07 [E780.E780_IF_FILE_ATTACHMENT (Part 3)] Migrated 417 rows.
2026-01-13 16:13:07 [E780.E780_IF_FILE_ATTACHMENT (Part 4)] Migrated 444 rows.
2026-01-13 16:13:07 [E780.E780_IF_FILE_ATTACHMENT (Part 2)] Migrated 388 rows.
2026-01-13 16:13:07 [E780.E780_IF_FILE_ATTACHMENT (Part 4)] Migrated 445 rows.
2026-01-13 16:13:07 [E780.E780_IF_FILE_ATTACHMENT (Part 1)] Migrated 831 rows.
2026-01-13 16:13:07 [E780.E780_IF_FILE_ATTACHMENT (Part 1)] Migrated 832 rows.
2026-01-13 16:13:07 [E780.E780_IF_FILE_ATTACHMENT (Part 1)] Migrated 833 rows.
2026-01-13 16:13:07 [E780.E780_IF_FILE_ATTACHMENT (Part 1)] Migrated 834 rows.
2026-01-13 16:13:07 [E780.E780_IF_FILE_ATTACHMENT (Part 2)] Migrated 389 rows.
2026-01-13 16:13:07 [E780.E780_IF_FILE_ATTACHMENT (Part 1)] Migrated 835 rows.
2026-01-13 16:13:07 [E780.E780_IF_FILE_ATTACHMENT (Part 2)] Migrated 390 rows.
2026-01-13 16:13:07 [E780.E780_IF_FILE_ATTACHMENT (Part 3)] Migrated 418 rows.
2026-01-13 16:13:07 [E780.E780_IF_FILE_ATTACHMENT (Part 1)] Migrated 836 rows.
2026-01-13 16:13:07 [E780.E780_IF_FILE_ATTACHMENT (Part 1)] Migrated 837 rows.
2026-01-13 16:13:07 [E780.E780_IF_FILE_ATTACHMENT (Part 1)] Migrated 838 rows.
2026-01-13 16:13:07 [E780.E780_IF_FILE_ATTACHMENT (Part 3)] Migrated 419 rows.
2026-01-13 16:13:07 [E780.E780_IF_FILE_ATTACHMENT (Part 1)] Migrated 839 rows.
2026-01-13 16:13:07 [E780.E780_IF_FILE_ATTACHMENT (Part 2)] Migrated 391 rows.
2026-01-13 16:13:07 [E780.E780_IF_FILE_ATTACHMENT (Part 1)] Migrated 840 rows.
2026-01-13 16:13:07 [E780.E780_IF_FILE_ATTACHMENT (Part 1)] Migrated 841 rows.
2026-01-13 16:13:07 [E780.E780_IF_FILE_ATTACHMENT (Part 2)] Migrated 392 rows.
2026-01-13 16:13:07 [E780.E780_IF_FILE_ATTACHMENT (Part 1)] Migrated 842 rows.
2026-01-13 16:13:07 [E780.E780_IF_FILE_ATTACHMENT (Part 3)] Migrated 420 rows.
2026-01-13 16:13:08 [E780.E780_IF_FILE_ATTACHMENT (Part 1)] Migrated 843 rows.
2026-01-13 16:13:08 [E780.E780_IF_FILE_ATTACHMENT (Part 3)] Migrated 421 rows.
2026-01-13 16:13:08 [E780.E780_IF_FILE_ATTACHMENT (Part 3)] Migrated 422 rows.
2026-01-13 16:13:08 [E780.E780_IF_FILE_ATTACHMENT (Part 1)] Migrated 844 rows.
2026-01-13 16:13:08 [E780.E780_IF_FILE_ATTACHMENT (Part 3)] Migrated 423 rows.
2026-01-13 16:13:08 [E780.E780_IF_FILE_ATTACHMENT (Part 1)] Migrated 845 rows.
2026-01-13 16:13:08 [E780.E780_IF_FILE_ATTACHMENT (Part 3)] Migrated 424 rows.
2026-01-13 16:13:08 [E780.E780_IF_FILE_ATTACHMENT (Part 3)] Migrated 425 rows.
2026-01-13 16:13:08 [E780.E780_IF_FILE_ATTACHMENT (Part 3)] Migrated 426 rows.
2026-01-13 16:13:08 [E780.E780_IF_FILE_ATTACHMENT (Part 1)] Migrated 846 rows.
2026-01-13 16:13:08 [E780.E780_IF_FILE_ATTACHMENT (Part 4)] Migrated 446 rows.
2026-01-13 16:13:08 [E780.E780_IF_FILE_ATTACHMENT (Part 2)] Migrated 393 rows.
2026-01-13 16:13:08 [E780.E780_IF_FILE_ATTACHMENT (Part 3)] Migrated 427 rows.
2026-01-13 16:13:08 [E780.E780_IF_FILE_ATTACHMENT (Part 1)] Migrated 847 rows.
2026-01-13 16:13:08 [E780.E780_IF_FILE_ATTACHMENT (Part 1)] Migrated 848 rows.
2026-01-13 16:13:08 [E780.E780_IF_FILE_ATTACHMENT (Part 1)] Migrated 849 rows.
2026-01-13 16:13:08 [E780.E780_IF_FILE_ATTACHMENT (Part 4)] Migrated 447 rows.
2026-01-13 16:13:08 [E780.E780_IF_FILE_ATTACHMENT (Part 1)] Migrated 850 rows.
2026-01-13 16:13:08 [E780.E780_IF_FILE_ATTACHMENT (Part 2)] Migrated 394 rows.
2026-01-13 16:13:08 [E780.E780_IF_FILE_ATTACHMENT (Part 3)] Migrated 428 rows.
2026-01-13 16:13:08 [E780.E780_IF_FILE_ATTACHMENT (Part 1)] Migrated 851 rows.
2026-01-13 16:13:08 [E780.E780_IF_FILE_ATTACHMENT (Part 2)] Migrated 395 rows.
2026-01-13 16:13:08 [E780.E780_IF_FILE_ATTACHMENT (Part 1)] Migrated 852 rows.
2026-01-13 16:13:08 [E780.E780_IF_FILE_ATTACHMENT (Part 1)] Migrated 853 rows.
2026-01-13 16:13:08 [E780.E780_IF_FILE_ATTACHMENT (Part 1)] Migrated 854 rows.
2026-01-13 16:13:08 [E780.E780_IF_FILE_ATTACHMENT (Part 2)] Migrated 396 rows.
2026-01-13 16:13:08 [E780.E780_IF_FILE_ATTACHMENT (Part 1)] Migrated 855 rows.
2026-01-13 16:13:08 [E780.E780_IF_FILE_ATTACHMENT (Part 4)] Migrated 448 rows.
2026-01-13 16:13:08 [E780.E780_IF_FILE_ATTACHMENT (Part 1)] Migrated 856 rows.
2026-01-13 16:13:08 [E780.E780_IF_FILE_ATTACHMENT (Part 2)] Migrated 397 rows.
2026-01-13 16:13:08 [E780.E780_IF_FILE_ATTACHMENT (Part 3)] Migrated 429 rows.
2026-01-13 16:13:08 [E780.E780_IF_FILE_ATTACHMENT (Part 2)] Migrated 398 rows.
2026-01-13 16:13:09 [E780.E780_IF_FILE_ATTACHMENT (Part 1)] Migrated 857 rows.
2026-01-13 16:13:09 [E780.E780_IF_FILE_ATTACHMENT (Part 4)] Migrated 449 rows.
2026-01-13 16:13:09 [E780.E780_IF_FILE_ATTACHMENT (Part 1)] Migrated 858 rows.
2026-01-13 16:13:09 [E780.E780_IF_FILE_ATTACHMENT (Part 4)] Migrated 450 rows.
2026-01-13 16:13:09 [E780.E780_IF_FILE_ATTACHMENT (Part 1)] Migrated 859 rows.
2026-01-13 16:13:09 [E780.E780_IF_FILE_ATTACHMENT (Part 4)] Migrated 451 rows.
2026-01-13 16:13:09 [E780.E780_IF_FILE_ATTACHMENT (Part 4)] Migrated 452 rows.
2026-01-13 16:13:09 [E780.E780_IF_FILE_ATTACHMENT (Part 1)] Migrated 860 rows.
2026-01-13 16:13:09 [E780.E780_IF_FILE_ATTACHMENT (Part 4)] Migrated 453 rows.
2026-01-13 16:13:09 [E780.E780_IF_FILE_ATTACHMENT (Part 3)] Migrated 430 rows.
2026-01-13 16:13:09 [E780.E780_IF_FILE_ATTACHMENT (Part 2)] Migrated 399 rows.
2026-01-13 16:13:09 [E780.E780_IF_FILE_ATTACHMENT (Part 4)] Migrated 454 rows.
2026-01-13 16:13:09 [E780.E780_IF_FILE_ATTACHMENT (Part 1)] Migrated 861 rows.
2026-01-13 16:13:09 [E780.E780_IF_FILE_ATTACHMENT (Part 4)] Migrated 455 rows.
2026-01-13 16:13:09 [E780.E780_IF_FILE_ATTACHMENT (Part 2)] Migrated 400 rows.
2026-01-13 16:13:09 [E780.E780_IF_FILE_ATTACHMENT (Part 1)] Migrated 862 rows.
2026-01-13 16:13:09 [E780.E780_IF_FILE_ATTACHMENT (Part 1)] Migrated 863 rows.
2026-01-13 16:13:09 [E780.E780_IF_FILE_ATTACHMENT (Part 2)] Migrated 401 rows.
2026-01-13 16:13:09 [E780.E780_IF_FILE_ATTACHMENT (Part 1)] Migrated 864 rows.
2026-01-13 16:13:09 [E780.E780_IF_FILE_ATTACHMENT (Part 3)] Migrated 431 rows.
2026-01-13 16:13:09 [E780.E780_IF_FILE_ATTACHMENT (Part 1)] Migrated 865 rows.
2026-01-13 16:13:09 [E780.E780_IF_FILE_ATTACHMENT (Part 4)] Migrated 456 rows.
2026-01-13 16:13:09 [E780.E780_IF_FILE_ATTACHMENT (Part 1)] Migrated 866 rows.
2026-01-13 16:13:09 [E780.E780_IF_FILE_ATTACHMENT (Part 4)] Migrated 457 rows.
2026-01-13 16:13:09 [E780.E780_IF_FILE_ATTACHMENT (Part 3)] Migrated 432 rows.
2026-01-13 16:13:09 [E780.E780_IF_FILE_ATTACHMENT (Part 1)] Migrated 867 rows.
2026-01-13 16:13:09 [E780.E780_IF_FILE_ATTACHMENT (Part 1)] Migrated 868 rows.
2026-01-13 16:13:09 [E780.E780_IF_FILE_ATTACHMENT (Part 1)] Migrated 869 rows.
2026-01-13 16:13:10 [E780.E780_IF_FILE_ATTACHMENT (Part 2)] Migrated 402 rows.
2026-01-13 16:13:10 [E780.E780_IF_FILE_ATTACHMENT (Part 3)] Migrated 433 rows.
2026-01-13 16:13:10 [E780.E780_IF_FILE_ATTACHMENT (Part 4)] Migrated 458 rows.
2026-01-13 16:13:10 [E780.E780_IF_FILE_ATTACHMENT (Part 1)] Migrated 870 rows.
2026-01-13 16:13:10 [E780.E780_IF_FILE_ATTACHMENT (Part 2)] Migrated 403 rows.
2026-01-13 16:13:10 [E780.E780_IF_FILE_ATTACHMENT (Part 3)] Migrated 434 rows.
2026-01-13 16:13:10 [E780.E780_IF_FILE_ATTACHMENT (Part 1)] Migrated 871 rows.
2026-01-13 16:13:10 [E780.E780_IF_FILE_ATTACHMENT (Part 3)] Migrated 435 rows.
2026-01-13 16:13:10 [E780.E780_IF_FILE_ATTACHMENT (Part 4)] Migrated 459 rows.
2026-01-13 16:13:10 [E780.E780_IF_FILE_ATTACHMENT (Part 1)] Migrated 872 rows.
2026-01-13 16:13:10 [E780.E780_IF_FILE_ATTACHMENT (Part 2)] Migrated 404 rows.
2026-01-13 16:13:10 [E780.E780_IF_FILE_ATTACHMENT (Part 3)] Migrated 436 rows.
2026-01-13 16:13:10 [E780.E780_IF_FILE_ATTACHMENT (Part 4)] Migrated 460 rows.
2026-01-13 16:13:10 [E780.E780_IF_FILE_ATTACHMENT (Part 2)] Migrated 405 rows.
2026-01-13 16:13:10 [E780.E780_IF_FILE_ATTACHMENT (Part 3)] Migrated 437 rows.
2026-01-13 16:13:10 [E780.E780_IF_FILE_ATTACHMENT (Part 2)] Migrated 406 rows.
2026-01-13 16:13:10 [E780.E780_IF_FILE_ATTACHMENT (Part 1)] Migrated 873 rows.
2026-01-13 16:13:10 [E780.E780_IF_FILE_ATTACHMENT (Part 3)] Migrated 438 rows.
2026-01-13 16:13:10 [E780.E780_IF_FILE_ATTACHMENT (Part 1)] Migrated 874 rows.
2026-01-13 16:13:10 [E780.E780_IF_FILE_ATTACHMENT (Part 1)] Migrated 875 rows.
2026-01-13 16:13:10 [E780.E780_IF_FILE_ATTACHMENT (Part 3)] Migrated 439 rows.
2026-01-13 16:13:10 [E780.E780_IF_FILE_ATTACHMENT (Part 3)] Migrated 440 rows.
2026-01-13 16:13:10 [E780.E780_IF_FILE_ATTACHMENT (Part 2)] Migrated 407 rows.
2026-01-13 16:13:10 [E780.E780_IF_FILE_ATTACHMENT (Part 1)] Migrated 876 rows.
2026-01-13 16:13:10 [E780.E780_IF_FILE_ATTACHMENT (Part 1)] Migrated 877 rows.
2026-01-13 16:13:10 [E780.E780_IF_FILE_ATTACHMENT (Part 4)] Migrated 461 rows.
2026-01-13 16:13:10 [E780.E780_IF_FILE_ATTACHMENT (Part 2)] Migrated 408 rows.
2026-01-13 16:13:10 [E780.E780_IF_FILE_ATTACHMENT (Part 1)] Migrated 878 rows.
2026-01-13 16:13:10 [E780.E780_IF_FILE_ATTACHMENT (Part 1)] Migrated 879 rows.
2026-01-13 16:13:10 [E780.E780_IF_FILE_ATTACHMENT (Part 2)] Migrated 409 rows.
2026-01-13 16:13:10 [E780.E780_IF_FILE_ATTACHMENT (Part 1)] Migrated 880 rows.
2026-01-13 16:13:10 [E780.E780_IF_FILE_ATTACHMENT (Part 2)] Migrated 410 rows.
2026-01-13 16:13:10 [E780.E780_IF_FILE_ATTACHMENT (Part 4)] Migrated 462 rows.
2026-01-13 16:13:10 [E780.E780_IF_FILE_ATTACHMENT (Part 1)] Migrated 881 rows.
2026-01-13 16:13:10 [E780.E780_IF_FILE_ATTACHMENT (Part 4)] Migrated 463 rows.
2026-01-13 16:13:10 [E780.E780_IF_FILE_ATTACHMENT (Part 1)] Migrated 882 rows.
2026-01-13 16:13:10 [E780.E780_IF_FILE_ATTACHMENT (Part 1)] Migrated 883 rows.
2026-01-13 16:13:11 [E780.E780_IF_FILE_ATTACHMENT (Part 1)] Migrated 884 rows.
2026-01-13 16:13:11 [E780.E780_IF_FILE_ATTACHMENT (Part 4)] Migrated 464 rows.
2026-01-13 16:13:11 [E780.E780_IF_FILE_ATTACHMENT (Part 2)] Migrated 411 rows.
2026-01-13 16:13:11 [E780.E780_IF_FILE_ATTACHMENT (Part 4)] Migrated 465 rows.
2026-01-13 16:13:11 [E780.E780_IF_FILE_ATTACHMENT (Part 1)] Migrated 885 rows.
2026-01-13 16:13:11 [E780.E780_IF_FILE_ATTACHMENT (Part 4)] Migrated 466 rows.
2026-01-13 16:13:11 [E780.E780_IF_FILE_ATTACHMENT (Part 4)] Migrated 467 rows.
2026-01-13 16:13:11 [E780.E780_IF_FILE_ATTACHMENT (Part 2)] Migrated 412 rows.
2026-01-13 16:13:11 [E780.E780_IF_FILE_ATTACHMENT (Part 1)] Migrated 886 rows.
2026-01-13 16:13:11 [E780.E780_IF_FILE_ATTACHMENT (Part 4)] Migrated 468 rows.
2026-01-13 16:13:11 [E780.E780_IF_FILE_ATTACHMENT (Part 2)] Migrated 413 rows.
2026-01-13 16:13:11 [E780.E780_IF_FILE_ATTACHMENT (Part 3)] Migrated 441 rows.
2026-01-13 16:13:11 [E780.E780_IF_FILE_ATTACHMENT (Part 4)] Migrated 469 rows.
2026-01-13 16:13:11 [E780.E780_IF_FILE_ATTACHMENT (Part 1)] Migrated 887 rows.
2026-01-13 16:13:11 [E780.E780_IF_FILE_ATTACHMENT (Part 3)] Migrated 442 rows.
2026-01-13 16:13:11 [E780.E780_IF_FILE_ATTACHMENT (Part 2)] Migrated 414 rows.
2026-01-13 16:13:11 [E780.E780_IF_FILE_ATTACHMENT (Part 4)] Migrated 470 rows.
2026-01-13 16:13:11 [E780.E780_IF_FILE_ATTACHMENT (Part 1)] Migrated 888 rows.
2026-01-13 16:13:11 [E780.E780_IF_FILE_ATTACHMENT (Part 3)] Migrated 443 rows.
2026-01-13 16:13:11 [E780.E780_IF_FILE_ATTACHMENT (Part 4)] Migrated 471 rows.
2026-01-13 16:13:11 [E780.E780_IF_FILE_ATTACHMENT (Part 2)] Migrated 415 rows.
2026-01-13 16:13:11 [E780.E780_IF_FILE_ATTACHMENT (Part 4)] Migrated 472 rows.
2026-01-13 16:13:11 [E780.E780_IF_FILE_ATTACHMENT (Part 2)] Migrated 416 rows.
2026-01-13 16:13:11 [E780.E780_IF_FILE_ATTACHMENT (Part 4)] Migrated 473 rows.
2026-01-13 16:13:11 [E780.E780_IF_FILE_ATTACHMENT (Part 3)] Migrated 444 rows.
2026-01-13 16:13:11 [E780.E780_IF_FILE_ATTACHMENT (Part 4)] Migrated 474 rows.
2026-01-13 16:13:11 [E780.E780_IF_FILE_ATTACHMENT (Part 2)] Migrated 417 rows.
2026-01-13 16:13:11 [E780.E780_IF_FILE_ATTACHMENT (Part 2)] Migrated 418 rows.
2026-01-13 16:13:11 [E780.E780_IF_FILE_ATTACHMENT (Part 1)] Migrated 889 rows.
2026-01-13 16:13:11 [E780.E780_IF_FILE_ATTACHMENT (Part 3)] Migrated 445 rows.
2026-01-13 16:13:11 [E780.E780_IF_FILE_ATTACHMENT (Part 1)] Migrated 890 rows.
2026-01-13 16:13:11 [E780.E780_IF_FILE_ATTACHMENT (Part 2)] Migrated 419 rows.
2026-01-13 16:13:11 [E780.E780_IF_FILE_ATTACHMENT (Part 1)] Migrated 891 rows.
2026-01-13 16:13:11 [E780.E780_IF_FILE_ATTACHMENT (Part 3)] Migrated 446 rows.
2026-01-13 16:13:11 [E780.E780_IF_FILE_ATTACHMENT (Part 2)] Migrated 420 rows.
2026-01-13 16:13:11 [E780.E780_IF_FILE_ATTACHMENT (Part 3)] Migrated 447 rows.
2026-01-13 16:13:11 [E780.E780_IF_FILE_ATTACHMENT (Part 1)] Migrated 892 rows.
2026-01-13 16:13:11 [E780.E780_IF_FILE_ATTACHMENT (Part 4)] Migrated 475 rows.
2026-01-13 16:13:11 [E780.E780_IF_FILE_ATTACHMENT (Part 4)] Migrated 476 rows.
2026-01-13 16:13:11 [E780.E780_IF_FILE_ATTACHMENT (Part 1)] Migrated 893 rows.
2026-01-13 16:13:11 [E780.E780_IF_FILE_ATTACHMENT (Part 4)] Migrated 477 rows.
2026-01-13 16:13:11 [E780.E780_IF_FILE_ATTACHMENT (Part 1)] Migrated 894 rows.
2026-01-13 16:13:11 [E780.E780_IF_FILE_ATTACHMENT (Part 4)] Migrated 478 rows.
2026-01-13 16:13:11 [E780.E780_IF_FILE_ATTACHMENT (Part 2)] Migrated 421 rows.
2026-01-13 16:13:11 [E780.E780_IF_FILE_ATTACHMENT (Part 4)] Migrated 479 rows.
2026-01-13 16:13:11 [E780.E780_IF_FILE_ATTACHMENT (Part 1)] Migrated 895 rows.
2026-01-13 16:13:12 [E780.E780_IF_FILE_ATTACHMENT (Part 3)] Migrated 448 rows.
2026-01-13 16:13:12 [E780.E780_IF_FILE_ATTACHMENT (Part 2)] Migrated 422 rows.
2026-01-13 16:13:12 [E780.E780_IF_FILE_ATTACHMENT (Part 1)] Migrated 896 rows.
2026-01-13 16:13:12 [E780.E780_IF_FILE_ATTACHMENT (Part 4)] Migrated 480 rows.
2026-01-13 16:13:12 [E780.E780_IF_FILE_ATTACHMENT (Part 2)] Migrated 423 rows.
2026-01-13 16:13:12 [E780.E780_IF_FILE_ATTACHMENT (Part 1)] Migrated 897 rows.
2026-01-13 16:13:12 [E780.E780_IF_FILE_ATTACHMENT (Part 2)] Migrated 424 rows.
2026-01-13 16:13:12 [E780.E780_IF_FILE_ATTACHMENT (Part 4)] Migrated 481 rows.
2026-01-13 16:13:12 [E780.E780_IF_FILE_ATTACHMENT (Part 1)] Migrated 898 rows.
2026-01-13 16:13:12 [E780.E780_IF_FILE_ATTACHMENT (Part 2)] Migrated 425 rows.
2026-01-13 16:13:12 [E780.E780_IF_FILE_ATTACHMENT (Part 4)] Migrated 482 rows.
2026-01-13 16:13:12 [E780.E780_IF_FILE_ATTACHMENT (Part 1)] Migrated 899 rows.
2026-01-13 16:13:12 [E780.E780_IF_FILE_ATTACHMENT (Part 1)] Migrated 900 rows.
2026-01-13 16:13:12 [E780.E780_IF_FILE_ATTACHMENT (Part 3)] Migrated 449 rows.
2026-01-13 16:13:12 [E780.E780_IF_FILE_ATTACHMENT (Part 1)] Migrated 901 rows.
2026-01-13 16:13:12 [E780.E780_IF_FILE_ATTACHMENT (Part 3)] Migrated 450 rows.
2026-01-13 16:13:12 [E780.E780_IF_FILE_ATTACHMENT (Part 1)] Migrated 902 rows.
2026-01-13 16:13:12 [E780.E780_IF_FILE_ATTACHMENT (Part 1)] Migrated 903 rows.
2026-01-13 16:13:12 [E780.E780_IF_FILE_ATTACHMENT (Part 1)] Migrated 904 rows.
2026-01-13 16:13:12 [E780.E780_IF_FILE_ATTACHMENT (Part 3)] Migrated 451 rows.
2026-01-13 16:13:12 [E780.E780_IF_FILE_ATTACHMENT (Part 1)] Migrated 905 rows.
2026-01-13 16:13:12 [E780.E780_IF_FILE_ATTACHMENT (Part 1)] Migrated 906 rows.
2026-01-13 16:13:12 [E780.E780_IF_FILE_ATTACHMENT (Part 4)] Migrated 483 rows.
2026-01-13 16:13:12 [E780.E780_IF_FILE_ATTACHMENT (Part 1)] Migrated 907 rows.
2026-01-13 16:13:12 [E780.E780_IF_FILE_ATTACHMENT (Part 3)] Migrated 452 rows.
2026-01-13 16:13:12 [E780.E780_IF_FILE_ATTACHMENT (Part 4)] Migrated 484 rows.
2026-01-13 16:13:12 [E780.E780_IF_FILE_ATTACHMENT (Part 3)] Migrated 453 rows.
2026-01-13 16:13:12 [E780.E780_IF_FILE_ATTACHMENT (Part 4)] Migrated 485 rows.
2026-01-13 16:13:12 [E780.E780_IF_FILE_ATTACHMENT (Part 1)] Migrated 908 rows.
2026-01-13 16:13:12 [E780.E780_IF_FILE_ATTACHMENT (Part 4)] Migrated 486 rows.
2026-01-13 16:13:12 [E780.E780_IF_FILE_ATTACHMENT (Part 3)] Migrated 454 rows.
2026-01-13 16:13:12 [E780.E780_IF_FILE_ATTACHMENT (Part 4)] Migrated 487 rows.
2026-01-13 16:13:12 [E780.E780_IF_FILE_ATTACHMENT (Part 1)] Migrated 909 rows.
2026-01-13 16:13:12 [E780.E780_IF_FILE_ATTACHMENT (Part 3)] Migrated 455 rows.
2026-01-13 16:13:12 [E780.E780_IF_FILE_ATTACHMENT (Part 4)] Migrated 488 rows.
2026-01-13 16:13:12 [E780.E780_IF_FILE_ATTACHMENT (Part 4)] Migrated 489 rows.
2026-01-13 16:13:12 [E780.E780_IF_FILE_ATTACHMENT (Part 4)] Migrated 490 rows.
2026-01-13 16:13:12 [E780.E780_IF_FILE_ATTACHMENT (Part 1)] Migrated 910 rows.
2026-01-13 16:13:12 [E780.E780_IF_FILE_ATTACHMENT (Part 3)] Migrated 456 rows.
2026-01-13 16:13:12 [E780.E780_IF_FILE_ATTACHMENT (Part 4)] Migrated 491 rows.
2026-01-13 16:13:12 [E780.E780_IF_FILE_ATTACHMENT (Part 3)] Migrated 457 rows.
2026-01-13 16:13:12 [E780.E780_IF_FILE_ATTACHMENT (Part 2)] Migrated 426 rows.
2026-01-13 16:13:12 [E780.E780_IF_FILE_ATTACHMENT (Part 1)] Migrated 911 rows.
2026-01-13 16:13:12 [E780.E780_IF_FILE_ATTACHMENT (Part 3)] Migrated 458 rows.
2026-01-13 16:13:12 [E780.E780_IF_FILE_ATTACHMENT (Part 4)] Migrated 492 rows.
2026-01-13 16:13:12 [E780.E780_IF_FILE_ATTACHMENT (Part 3)] Migrated 459 rows.
2026-01-13 16:13:12 [E780.E780_IF_FILE_ATTACHMENT (Part 2)] Migrated 427 rows.
2026-01-13 16:13:12 [E780.E780_IF_FILE_ATTACHMENT (Part 1)] Migrated 912 rows.
2026-01-13 16:13:12 [E780.E780_IF_FILE_ATTACHMENT (Part 3)] Migrated 460 rows.
2026-01-13 16:13:12 [E780.E780_IF_FILE_ATTACHMENT (Part 2)] Migrated 428 rows.
2026-01-13 16:13:12 [E780.E780_IF_FILE_ATTACHMENT (Part 3)] Migrated 461 rows.
2026-01-13 16:13:12 [E780.E780_IF_FILE_ATTACHMENT (Part 4)] Migrated 493 rows.
2026-01-13 16:13:12 [E780.E780_IF_FILE_ATTACHMENT (Part 3)] Migrated 462 rows.
2026-01-13 16:13:13 [E780.E780_IF_FILE_ATTACHMENT (Part 2)] Migrated 429 rows.
2026-01-13 16:13:13 [E780.E780_IF_FILE_ATTACHMENT (Part 3)] Migrated 463 rows.
2026-01-13 16:13:13 [E780.E780_IF_FILE_ATTACHMENT (Part 1)] Migrated 913 rows.
2026-01-13 16:13:13 [E780.E780_IF_FILE_ATTACHMENT (Part 4)] Migrated 494 rows.
2026-01-13 16:13:13 [E780.E780_IF_FILE_ATTACHMENT (Part 3)] Migrated 464 rows.
2026-01-13 16:13:13 [E780.E780_IF_FILE_ATTACHMENT (Part 1)] Migrated 914 rows.
2026-01-13 16:13:13 [E780.E780_IF_FILE_ATTACHMENT (Part 4)] Migrated 495 rows.
2026-01-13 16:13:13 [E780.E780_IF_FILE_ATTACHMENT (Part 2)] Migrated 430 rows.
2026-01-13 16:13:13 [E780.E780_IF_FILE_ATTACHMENT (Part 1)] Migrated 915 rows.
2026-01-13 16:13:13 [E780.E780_IF_FILE_ATTACHMENT (Part 4)] Migrated 496 rows.
2026-01-13 16:13:13 [E780.E780_IF_FILE_ATTACHMENT (Part 2)] Migrated 431 rows.
2026-01-13 16:13:13 [E780.E780_IF_FILE_ATTACHMENT (Part 4)] Migrated 497 rows.
2026-01-13 16:13:13 [E780.E780_IF_FILE_ATTACHMENT (Part 2)] Migrated 432 rows.
2026-01-13 16:13:13 [E780.E780_IF_FILE_ATTACHMENT (Part 4)] Migrated 498 rows.
2026-01-13 16:13:13 [E780.E780_IF_FILE_ATTACHMENT (Part 2)] Migrated 433 rows.
2026-01-13 16:13:13 [E780.E780_IF_FILE_ATTACHMENT (Part 3)] Migrated 465 rows.
2026-01-13 16:13:13 [E780.E780_IF_FILE_ATTACHMENT (Part 1)] Migrated 916 rows.
2026-01-13 16:13:13 [E780.E780_IF_FILE_ATTACHMENT (Part 2)] Migrated 434 rows.
2026-01-13 16:13:13 [E780.E780_IF_FILE_ATTACHMENT (Part 1)] Migrated 917 rows.
2026-01-13 16:13:13 [E780.E780_IF_FILE_ATTACHMENT (Part 1)] Migrated 918 rows.
2026-01-13 16:13:13 [E780.E780_IF_FILE_ATTACHMENT (Part 2)] Migrated 435 rows.
2026-01-13 16:13:13 [E780.E780_IF_FILE_ATTACHMENT (Part 3)] Migrated 466 rows.
2026-01-13 16:13:13 [E780.E780_IF_FILE_ATTACHMENT (Part 1)] Migrated 919 rows.
2026-01-13 16:13:13 [E780.E780_IF_FILE_ATTACHMENT (Part 1)] Migrated 920 rows.
2026-01-13 16:13:13 [E780.E780_IF_FILE_ATTACHMENT (Part 3)] Migrated 467 rows.
2026-01-13 16:13:13 [E780.E780_IF_FILE_ATTACHMENT (Part 4)] Migrated 499 rows.
2026-01-13 16:13:13 [E780.E780_IF_FILE_ATTACHMENT (Part 1)] Migrated 921 rows.
2026-01-13 16:13:13 [E780.E780_IF_FILE_ATTACHMENT (Part 4)] Migrated 500 rows.
2026-01-13 16:13:13 [E780.E780_IF_FILE_ATTACHMENT (Part 2)] Migrated 436 rows.
2026-01-13 16:13:13 [E780.E780_IF_FILE_ATTACHMENT (Part 3)] Migrated 468 rows.
2026-01-13 16:13:13 [E780.E780_IF_FILE_ATTACHMENT (Part 1)] Migrated 922 rows.
2026-01-13 16:13:13 [E780.E780_IF_FILE_ATTACHMENT (Part 3)] Migrated 469 rows.
2026-01-13 16:13:13 [E780.E780_IF_FILE_ATTACHMENT (Part 2)] Migrated 437 rows.
2026-01-13 16:13:13 [E780.E780_IF_FILE_ATTACHMENT (Part 1)] Migrated 923 rows.
2026-01-13 16:13:13 [E780.E780_IF_FILE_ATTACHMENT (Part 1)] Migrated 924 rows.
2026-01-13 16:13:13 [E780.E780_IF_FILE_ATTACHMENT (Part 2)] Migrated 438 rows.
2026-01-13 16:13:13 [E780.E780_IF_FILE_ATTACHMENT (Part 1)] Migrated 925 rows.
2026-01-13 16:13:13 [E780.E780_IF_FILE_ATTACHMENT (Part 2)] Migrated 439 rows.
2026-01-13 16:13:13 [E780.E780_IF_FILE_ATTACHMENT (Part 1)] Migrated 926 rows.
2026-01-13 16:13:13 [E780.E780_IF_FILE_ATTACHMENT (Part 1)] Migrated 927 rows.
2026-01-13 16:13:13 [E780.E780_IF_FILE_ATTACHMENT (Part 2)] Migrated 440 rows.
2026-01-13 16:13:13 [E780.E780_IF_FILE_ATTACHMENT (Part 1)] Migrated 928 rows.
2026-01-13 16:13:13 [E780.E780_IF_FILE_ATTACHMENT (Part 3)] Migrated 470 rows.
2026-01-13 16:13:13 [E780.E780_IF_FILE_ATTACHMENT (Part 2)] Migrated 441 rows.
2026-01-13 16:13:13 [E780.E780_IF_FILE_ATTACHMENT (Part 1)] Migrated 929 rows.
2026-01-13 16:13:13 [E780.E780_IF_FILE_ATTACHMENT (Part 2)] Migrated 442 rows.
2026-01-13 16:13:13 [E780.E780_IF_FILE_ATTACHMENT (Part 4)] Migrated 501 rows.
2026-01-13 16:13:13 [E780.E780_IF_FILE_ATTACHMENT (Part 4)] Migrated 502 rows.
2026-01-13 16:13:13 [E780.E780_IF_FILE_ATTACHMENT (Part 1)] Migrated 930 rows.
2026-01-13 16:13:13 [E780.E780_IF_FILE_ATTACHMENT (Part 2)] Migrated 443 rows.
2026-01-13 16:13:13 [E780.E780_IF_FILE_ATTACHMENT (Part 4)] Migrated 503 rows.
2026-01-13 16:13:14 [E780.E780_IF_FILE_ATTACHMENT (Part 2)] Migrated 444 rows.
2026-01-13 16:13:14 [E780.E780_IF_FILE_ATTACHMENT (Part 4)] Migrated 504 rows.
2026-01-13 16:13:14 [E780.E780_IF_FILE_ATTACHMENT (Part 3)] Migrated 471 rows.
2026-01-13 16:13:14 [E780.E780_IF_FILE_ATTACHMENT (Part 2)] Migrated 445 rows.
2026-01-13 16:13:14 [E780.E780_IF_FILE_ATTACHMENT (Part 1)] Migrated 931 rows.
2026-01-13 16:13:14 [E780.E780_IF_FILE_ATTACHMENT (Part 4)] Migrated 505 rows.
2026-01-13 16:13:14 [E780.E780_IF_FILE_ATTACHMENT (Part 2)] Migrated 446 rows.
2026-01-13 16:13:14 [E780.E780_IF_FILE_ATTACHMENT (Part 3)] Migrated 472 rows.
2026-01-13 16:13:14 [E780.E780_IF_FILE_ATTACHMENT (Part 4)] Migrated 506 rows.
2026-01-13 16:13:14 [E780.E780_IF_FILE_ATTACHMENT (Part 1)] Migrated 932 rows.
2026-01-13 16:13:14 [E780.E780_IF_FILE_ATTACHMENT (Part 3)] Migrated 473 rows.
2026-01-13 16:13:14 [E780.E780_IF_FILE_ATTACHMENT (Part 1)] Migrated 933 rows.
2026-01-13 16:13:14 [E780.E780_IF_FILE_ATTACHMENT (Part 2)] Migrated 447 rows.
2026-01-13 16:13:14 [E780.E780_IF_FILE_ATTACHMENT (Part 1)] Migrated 934 rows.
2026-01-13 16:13:14 [E780.E780_IF_FILE_ATTACHMENT (Part 3)] Migrated 474 rows.
2026-01-13 16:13:14 [E780.E780_IF_FILE_ATTACHMENT (Part 4)] Migrated 507 rows.
2026-01-13 16:13:14 [E780.E780_IF_FILE_ATTACHMENT (Part 3)] Migrated 475 rows.
2026-01-13 16:13:14 [E780.E780_IF_FILE_ATTACHMENT (Part 2)] Migrated 448 rows.
2026-01-13 16:13:14 [E780.E780_IF_FILE_ATTACHMENT (Part 1)] Migrated 935 rows.
2026-01-13 16:13:14 [E780.E780_IF_FILE_ATTACHMENT (Part 4)] Migrated 508 rows.
2026-01-13 16:13:14 [E780.E780_IF_FILE_ATTACHMENT (Part 2)] Migrated 449 rows.
2026-01-13 16:13:14 [E780.E780_IF_FILE_ATTACHMENT (Part 1)] Migrated 936 rows.
2026-01-13 16:13:14 [E780.E780_IF_FILE_ATTACHMENT (Part 3)] Migrated 476 rows.
2026-01-13 16:13:14 [E780.E780_IF_FILE_ATTACHMENT (Part 2)] Migrated 450 rows.
2026-01-13 16:13:14 [E780.E780_IF_FILE_ATTACHMENT (Part 4)] Migrated 509 rows.
2026-01-13 16:13:14 [E780.E780_IF_FILE_ATTACHMENT (Part 3)] Migrated 477 rows.
2026-01-13 16:13:14 [E780.E780_IF_FILE_ATTACHMENT (Part 2)] Migrated 451 rows.
2026-01-13 16:13:14 [E780.E780_IF_FILE_ATTACHMENT (Part 4)] Migrated 510 rows.
2026-01-13 16:13:14 [E780.E780_IF_FILE_ATTACHMENT (Part 3)] Migrated 478 rows.
2026-01-13 16:13:14 [E780.E780_IF_FILE_ATTACHMENT (Part 2)] Migrated 452 rows.
2026-01-13 16:13:14 [E780.E780_IF_FILE_ATTACHMENT (Part 1)] Migrated 937 rows.
2026-01-13 16:13:14 [E780.E780_IF_FILE_ATTACHMENT (Part 2)] Migrated 453 rows.
2026-01-13 16:13:14 [E780.E780_IF_FILE_ATTACHMENT (Part 3)] Migrated 479 rows.
2026-01-13 16:13:14 [E780.E780_IF_FILE_ATTACHMENT (Part 4)] Migrated 511 rows.
2026-01-13 16:13:14 [E780.E780_IF_FILE_ATTACHMENT (Part 2)] Migrated 454 rows.
2026-01-13 16:13:14 [E780.E780_IF_FILE_ATTACHMENT (Part 3)] Migrated 480 rows.
2026-01-13 16:13:14 [E780.E780_IF_FILE_ATTACHMENT (Part 2)] Migrated 455 rows.
2026-01-13 16:13:14 [E780.E780_IF_FILE_ATTACHMENT (Part 1)] Migrated 938 rows.
2026-01-13 16:13:14 [E780.E780_IF_FILE_ATTACHMENT (Part 3)] Migrated 481 rows.
2026-01-13 16:13:14 [E780.E780_IF_FILE_ATTACHMENT (Part 2)] Migrated 456 rows.
2026-01-13 16:13:14 [E780.E780_IF_FILE_ATTACHMENT (Part 1)] Migrated 939 rows.
2026-01-13 16:13:14 [E780.E780_IF_FILE_ATTACHMENT (Part 3)] Migrated 482 rows.
2026-01-13 16:13:14 [E780.E780_IF_FILE_ATTACHMENT (Part 1)] Migrated 940 rows.
2026-01-13 16:13:14 [E780.E780_IF_FILE_ATTACHMENT (Part 2)] Migrated 457 rows.
2026-01-13 16:13:14 [E780.E780_IF_FILE_ATTACHMENT (Part 2)] Migrated 458 rows.
2026-01-13 16:13:14 [E780.E780_IF_FILE_ATTACHMENT (Part 1)] Migrated 941 rows.
2026-01-13 16:13:14 [E780.E780_IF_FILE_ATTACHMENT (Part 3)] Migrated 483 rows.
2026-01-13 16:13:14 [E780.E780_IF_FILE_ATTACHMENT (Part 4)] Migrated 512 rows.
2026-01-13 16:13:14 [E780.E780_IF_FILE_ATTACHMENT (Part 1)] Migrated 942 rows.
2026-01-13 16:13:14 [E780.E780_IF_FILE_ATTACHMENT (Part 4)] Migrated 513 rows.
2026-01-13 16:13:14 [E780.E780_IF_FILE_ATTACHMENT (Part 1)] Migrated 943 rows.
2026-01-13 16:13:14 [E780.E780_IF_FILE_ATTACHMENT (Part 3)] Migrated 484 rows.
2026-01-13 16:13:15 [E780.E780_IF_FILE_ATTACHMENT (Part 2)] Migrated 459 rows.
2026-01-13 16:13:15 [E780.E780_IF_FILE_ATTACHMENT (Part 4)] Migrated 514 rows.
2026-01-13 16:13:15 [E780.E780_IF_FILE_ATTACHMENT (Part 3)] Migrated 485 rows.
2026-01-13 16:13:15 [E780.E780_IF_FILE_ATTACHMENT (Part 1)] Migrated 944 rows.
2026-01-13 16:13:15 [E780.E780_IF_FILE_ATTACHMENT (Part 4)] Migrated 515 rows.
2026-01-13 16:13:15 [E780.E780_IF_FILE_ATTACHMENT (Part 2)] Migrated 460 rows.
2026-01-13 16:13:15 [E780.E780_IF_FILE_ATTACHMENT (Part 3)] Migrated 486 rows.
2026-01-13 16:13:15 [E780.E780_IF_FILE_ATTACHMENT (Part 1)] Migrated 945 rows.
2026-01-13 16:13:15 [E780.E780_IF_FILE_ATTACHMENT (Part 3)] Migrated 487 rows.
2026-01-13 16:13:15 [E780.E780_IF_FILE_ATTACHMENT (Part 4)] Migrated 516 rows.
2026-01-13 16:13:15 [E780.E780_IF_FILE_ATTACHMENT (Part 2)] Migrated 461 rows.
2026-01-13 16:13:15 [E780.E780_IF_FILE_ATTACHMENT (Part 3)] Migrated 488 rows.
2026-01-13 16:13:15 [E780.E780_IF_FILE_ATTACHMENT (Part 1)] Migrated 946 rows.
2026-01-13 16:13:15 [E780.E780_IF_FILE_ATTACHMENT (Part 2)] Migrated 462 rows.
2026-01-13 16:13:15 [E780.E780_IF_FILE_ATTACHMENT (Part 2)] Migrated 463 rows.
2026-01-13 16:13:15 [E780.E780_IF_FILE_ATTACHMENT (Part 1)] Migrated 947 rows.
2026-01-13 16:13:15 [E780.E780_IF_FILE_ATTACHMENT (Part 4)] Migrated 517 rows.
2026-01-13 16:13:15 [E780.E780_IF_FILE_ATTACHMENT (Part 1)] Migrated 948 rows.
2026-01-13 16:13:15 [E780.E780_IF_FILE_ATTACHMENT (Part 3)] Migrated 489 rows.
2026-01-13 16:13:15 [E780.E780_IF_FILE_ATTACHMENT (Part 1)] Migrated 949 rows.
2026-01-13 16:13:15 [E780.E780_IF_FILE_ATTACHMENT (Part 2)] Migrated 464 rows.
2026-01-13 16:13:15 [E780.E780_IF_FILE_ATTACHMENT (Part 1)] Migrated 950 rows.
2026-01-13 16:13:15 [E780.E780_IF_FILE_ATTACHMENT (Part 3)] Migrated 490 rows.
2026-01-13 16:13:15 [E780.E780_IF_FILE_ATTACHMENT (Part 1)] Migrated 951 rows.
2026-01-13 16:13:15 [E780.E780_IF_FILE_ATTACHMENT (Part 1)] Migrated 952 rows.
2026-01-13 16:13:15 [E780.E780_IF_FILE_ATTACHMENT (Part 3)] Migrated 491 rows.
2026-01-13 16:13:15 [E780.E780_IF_FILE_ATTACHMENT (Part 1)] Migrated 953 rows.
2026-01-13 16:13:15 [E780.E780_IF_FILE_ATTACHMENT (Part 2)] Migrated 465 rows.
2026-01-13 16:13:15 [E780.E780_IF_FILE_ATTACHMENT (Part 1)] Migrated 954 rows.
2026-01-13 16:13:15 [E780.E780_IF_FILE_ATTACHMENT (Part 1)] Migrated 955 rows.
2026-01-13 16:13:15 [E780.E780_IF_FILE_ATTACHMENT (Part 3)] Migrated 492 rows.
2026-01-13 16:13:15 [E780.E780_IF_FILE_ATTACHMENT (Part 1)] Migrated 956 rows.
2026-01-13 16:13:15 [E780.E780_IF_FILE_ATTACHMENT (Part 2)] Migrated 466 rows.
2026-01-13 16:13:15 [E780.E780_IF_FILE_ATTACHMENT (Part 1)] Migrated 957 rows.
2026-01-13 16:13:15 [E780.E780_IF_FILE_ATTACHMENT (Part 3)] Migrated 493 rows.
2026-01-13 16:13:15 [E780.E780_IF_FILE_ATTACHMENT (Part 1)] Migrated 958 rows.
2026-01-13 16:13:15 [E780.E780_IF_FILE_ATTACHMENT (Part 1)] Migrated 959 rows.
2026-01-13 16:13:15 [E780.E780_IF_FILE_ATTACHMENT (Part 2)] Migrated 467 rows.
2026-01-13 16:13:15 [E780.E780_IF_FILE_ATTACHMENT (Part 1)] Migrated 960 rows.
2026-01-13 16:13:15 [E780.E780_IF_FILE_ATTACHMENT (Part 3)] Migrated 494 rows.
2026-01-13 16:13:15 [E780.E780_IF_FILE_ATTACHMENT (Part 1)] Migrated 961 rows.
2026-01-13 16:13:15 [E780.E780_IF_FILE_ATTACHMENT (Part 1)] Migrated 962 rows.
2026-01-13 16:13:15 [E780.E780_IF_FILE_ATTACHMENT (Part 3)] Migrated 495 rows.
2026-01-13 16:13:15 [E780.E780_IF_FILE_ATTACHMENT (Part 2)] Migrated 468 rows.
2026-01-13 16:13:15 [E780.E780_IF_FILE_ATTACHMENT (Part 1)] Migrated 963 rows.
2026-01-13 16:13:15 [E780.E780_IF_FILE_ATTACHMENT (Part 1)] Migrated 964 rows.
2026-01-13 16:13:15 [E780.E780_IF_FILE_ATTACHMENT (Part 1)] Migrated 965 rows.
2026-01-13 16:13:15 [E780.E780_IF_FILE_ATTACHMENT (Part 2)] Migrated 469 rows.
2026-01-13 16:13:15 [E780.E780_IF_FILE_ATTACHMENT (Part 1)] Migrated 966 rows.
2026-01-13 16:13:15 [E780.E780_IF_FILE_ATTACHMENT (Part 1)] Migrated 967 rows.
2026-01-13 16:13:15 [E780.E780_IF_FILE_ATTACHMENT (Part 1)] Migrated 968 rows.
2026-01-13 16:13:15 [E780.E780_IF_FILE_ATTACHMENT (Part 1)] Migrated 969 rows.
2026-01-13 16:13:15 [E780.E780_IF_FILE_ATTACHMENT (Part 2)] Migrated 470 rows.
2026-01-13 16:13:15 [E780.E780_IF_FILE_ATTACHMENT (Part 1)] Migrated 970 rows.
2026-01-13 16:13:16 [E780.E780_IF_FILE_ATTACHMENT (Part 1)] Migrated 971 rows.
2026-01-13 16:13:16 [E780.E780_IF_FILE_ATTACHMENT (Part 2)] Migrated 471 rows.
2026-01-13 16:13:16 [E780.E780_IF_FILE_ATTACHMENT (Part 3)] Migrated 496 rows.
2026-01-13 16:13:16 [E780.E780_IF_FILE_ATTACHMENT (Part 1)] Migrated 972 rows.
2026-01-13 16:13:16 [E780.E780_IF_FILE_ATTACHMENT (Part 1)] Migrated 973 rows.
2026-01-13 16:13:16 [E780.E780_IF_FILE_ATTACHMENT (Part 3)] Migrated 497 rows.
2026-01-13 16:13:16 [E780.E780_IF_FILE_ATTACHMENT (Part 1)] Migrated 974 rows.
2026-01-13 16:13:16 [E780.E780_IF_FILE_ATTACHMENT (Part 3)] Migrated 498 rows.
2026-01-13 16:13:16 [E780.E780_IF_FILE_ATTACHMENT (Part 2)] Migrated 472 rows.
2026-01-13 16:13:16 [E780.E780_IF_FILE_ATTACHMENT (Part 1)] Migrated 975 rows.
2026-01-13 16:13:16 [E780.E780_IF_FILE_ATTACHMENT (Part 1)] Migrated 976 rows.
2026-01-13 16:13:16 [E780.E780_IF_FILE_ATTACHMENT (Part 3)] Migrated 499 rows.
2026-01-13 16:13:16 [E780.E780_IF_FILE_ATTACHMENT (Part 1)] Migrated 977 rows.
2026-01-13 16:13:16 [E780.E780_IF_FILE_ATTACHMENT (Part 3)] Migrated 500 rows.
2026-01-13 16:13:16 [E780.E780_IF_FILE_ATTACHMENT (Part 2)] Migrated 473 rows.
2026-01-13 16:13:16 [E780.E780_IF_FILE_ATTACHMENT (Part 1)] Migrated 978 rows.
2026-01-13 16:13:16 [E780.E780_IF_FILE_ATTACHMENT (Part 3)] Migrated 501 rows.
2026-01-13 16:13:16 [E780.E780_IF_FILE_ATTACHMENT (Part 1)] Migrated 979 rows.
2026-01-13 16:13:16 [E780.E780_IF_FILE_ATTACHMENT (Part 2)] Migrated 474 rows.
2026-01-13 16:13:16 [E780.E780_IF_FILE_ATTACHMENT (Part 3)] Migrated 502 rows.
2026-01-13 16:13:16 [E780.E780_IF_FILE_ATTACHMENT (Part 2)] Migrated 475 rows.
2026-01-13 16:13:16 [E780.E780_IF_FILE_ATTACHMENT (Part 3)] Migrated 503 rows.
2026-01-13 16:13:16 [E780.E780_IF_FILE_ATTACHMENT (Part 1)] Migrated 980 rows.
2026-01-13 16:13:16 [E780.E780_IF_FILE_ATTACHMENT (Part 3)] Migrated 504 rows.
2026-01-13 16:13:16 [E780.E780_IF_FILE_ATTACHMENT (Part 2)] Migrated 476 rows.
2026-01-13 16:13:16 [E780.E780_IF_FILE_ATTACHMENT (Part 1)] Migrated 981 rows.
2026-01-13 16:13:16 [E780.E780_IF_FILE_ATTACHMENT (Part 4)] Migrated 518 rows.
2026-01-13 16:13:16 [E780.E780_IF_FILE_ATTACHMENT (Part 4)] Migrated 519 rows.
2026-01-13 16:13:16 [E780.E780_IF_FILE_ATTACHMENT (Part 1)] Migrated 982 rows.
2026-01-13 16:13:16 [E780.E780_IF_FILE_ATTACHMENT (Part 4)] Migrated 520 rows.
2026-01-13 16:13:16 [E780.E780_IF_FILE_ATTACHMENT (Part 2)] Migrated 477 rows.
2026-01-13 16:13:16 [E780.E780_IF_FILE_ATTACHMENT (Part 1)] Migrated 983 rows.
2026-01-13 16:13:16 [E780.E780_IF_FILE_ATTACHMENT (Part 3)] Migrated 505 rows.
2026-01-13 16:13:16 [E780.E780_IF_FILE_ATTACHMENT (Part 1)] Migrated 984 rows.
2026-01-13 16:13:16 [E780.E780_IF_FILE_ATTACHMENT (Part 3)] Migrated 506 rows.
2026-01-13 16:13:16 [E780.E780_IF_FILE_ATTACHMENT (Part 1)] Migrated 985 rows.
2026-01-13 16:13:16 [E780.E780_IF_FILE_ATTACHMENT (Part 1)] Migrated 986 rows.
2026-01-13 16:13:16 [E780.E780_IF_FILE_ATTACHMENT (Part 2)] Migrated 478 rows.
2026-01-13 16:13:16 [E780.E780_IF_FILE_ATTACHMENT (Part 4)] Migrated 521 rows.
2026-01-13 16:13:16 [E780.E780_IF_FILE_ATTACHMENT (Part 1)] Migrated 987 rows.
2026-01-13 16:13:16 [E780.E780_IF_FILE_ATTACHMENT (Part 4)] Migrated 522 rows.
2026-01-13 16:13:16 [E780.E780_IF_FILE_ATTACHMENT (Part 3)] Migrated 507 rows.
2026-01-13 16:13:17 [E780.E780_IF_FILE_ATTACHMENT (Part 4)] Migrated 523 rows.
2026-01-13 16:13:17 [E780.E780_IF_FILE_ATTACHMENT (Part 1)] Migrated 988 rows.
2026-01-13 16:13:17 [E780.E780_IF_FILE_ATTACHMENT (Part 4)] Migrated 524 rows.
2026-01-13 16:13:17 [E780.E780_IF_FILE_ATTACHMENT (Part 3)] Migrated 508 rows.
2026-01-13 16:13:17 [E780.E780_IF_FILE_ATTACHMENT (Part 4)] Migrated 525 rows.
2026-01-13 16:13:17 [E780.E780_IF_FILE_ATTACHMENT (Part 2)] Migrated 479 rows.
2026-01-13 16:13:17 [E780.E780_IF_FILE_ATTACHMENT (Part 1)] Migrated 989 rows.
2026-01-13 16:13:17 [E780.E780_IF_FILE_ATTACHMENT (Part 3)] Migrated 509 rows.
2026-01-13 16:13:17 [E780.E780_IF_FILE_ATTACHMENT (Part 4)] Migrated 526 rows.
2026-01-13 16:13:17 [E780.E780_IF_FILE_ATTACHMENT (Part 1)] Migrated 990 rows.
2026-01-13 16:13:17 [E780.E780_IF_FILE_ATTACHMENT (Part 4)] Migrated 527 rows.
2026-01-13 16:13:17 [E780.E780_IF_FILE_ATTACHMENT (Part 2)] Migrated 480 rows.
2026-01-13 16:13:17 [E780.E780_IF_FILE_ATTACHMENT (Part 3)] Migrated 510 rows.
2026-01-13 16:13:17 [E780.E780_IF_FILE_ATTACHMENT (Part 2)] Migrated 481 rows.
2026-01-13 16:13:17 [E780.E780_IF_FILE_ATTACHMENT (Part 4)] Migrated 528 rows.
2026-01-13 16:13:17 [E780.E780_IF_FILE_ATTACHMENT (Part 3)] Migrated 511 rows.
2026-01-13 16:13:17 [E780.E780_IF_FILE_ATTACHMENT (Part 1)] Migrated 991 rows.
2026-01-13 16:13:17 [E780.E780_IF_FILE_ATTACHMENT (Part 3)] Migrated 512 rows.
2026-01-13 16:13:17 [E780.E780_IF_FILE_ATTACHMENT (Part 2)] Migrated 482 rows.
2026-01-13 16:13:17 [E780.E780_IF_FILE_ATTACHMENT (Part 4)] Migrated 529 rows.
2026-01-13 16:13:17 [E780.E780_IF_FILE_ATTACHMENT (Part 3)] Migrated 513 rows.
2026-01-13 16:13:17 [E780.E780_IF_FILE_ATTACHMENT (Part 3)] Migrated 514 rows.
2026-01-13 16:13:17 [E780.E780_IF_FILE_ATTACHMENT (Part 2)] Migrated 483 rows.
2026-01-13 16:13:17 [E780.E780_IF_FILE_ATTACHMENT (Part 1)] Migrated 992 rows.
2026-01-13 16:13:17 [E780.E780_IF_FILE_ATTACHMENT (Part 2)] Migrated 484 rows.
2026-01-13 16:13:17 [E780.E780_IF_FILE_ATTACHMENT (Part 3)] Migrated 515 rows.
2026-01-13 16:13:17 [E780.E780_IF_FILE_ATTACHMENT (Part 2)] Migrated 485 rows.
2026-01-13 16:13:17 [E780.E780_IF_FILE_ATTACHMENT (Part 1)] Migrated 993 rows.
2026-01-13 16:13:17 [E780.E780_IF_FILE_ATTACHMENT (Part 3)] Migrated 516 rows.
2026-01-13 16:13:17 [E780.E780_IF_FILE_ATTACHMENT (Part 2)] Migrated 486 rows.
2026-01-13 16:13:17 [E780.E780_IF_FILE_ATTACHMENT (Part 4)] Migrated 530 rows.
2026-01-13 16:13:17 [E780.E780_IF_FILE_ATTACHMENT (Part 1)] Migrated 994 rows.
2026-01-13 16:13:17 [E780.E780_IF_FILE_ATTACHMENT (Part 2)] Migrated 487 rows.
2026-01-13 16:13:17 [E780.E780_IF_FILE_ATTACHMENT (Part 1)] Migrated 995 rows.
2026-01-13 16:13:17 [E780.E780_IF_FILE_ATTACHMENT (Part 3)] Migrated 517 rows.
2026-01-13 16:13:17 [E780.E780_IF_FILE_ATTACHMENT (Part 1)] Migrated 996 rows.
2026-01-13 16:13:17 [E780.E780_IF_FILE_ATTACHMENT (Part 3)] Migrated 518 rows.
2026-01-13 16:13:17 [E780.E780_IF_FILE_ATTACHMENT (Part 1)] Migrated 997 rows.
2026-01-13 16:13:17 [E780.E780_IF_FILE_ATTACHMENT (Part 3)] Migrated 519 rows.
2026-01-13 16:13:17 [E780.E780_IF_FILE_ATTACHMENT (Part 2)] Migrated 488 rows.
2026-01-13 16:13:17 [E780.E780_IF_FILE_ATTACHMENT (Part 1)] Migrated 998 rows.
2026-01-13 16:13:17 [E780.E780_IF_FILE_ATTACHMENT (Part 3)] Migrated 520 rows.
2026-01-13 16:13:17 [E780.E780_IF_FILE_ATTACHMENT (Part 4)] Migrated 531 rows.
2026-01-13 16:13:17 [E780.E780_IF_FILE_ATTACHMENT (Part 1)] Migrated 999 rows.
2026-01-13 16:13:17 [E780.E780_IF_FILE_ATTACHMENT (Part 3)] Migrated 521 rows.
2026-01-13 16:13:17 [E780.E780_IF_FILE_ATTACHMENT (Part 1)] Migrated 1,000 rows.
2026-01-13 16:13:17 [E780.E780_IF_FILE_ATTACHMENT (Part 1)] Migrated 1,001 rows.
2026-01-13 16:13:17 [E780.E780_IF_FILE_ATTACHMENT (Part 4)] Migrated 532 rows.
2026-01-13 16:13:17 [E780.E780_IF_FILE_ATTACHMENT (Part 1)] Migrated 1,002 rows.
2026-01-13 16:13:17 [E780.E780_IF_FILE_ATTACHMENT (Part 4)] Migrated 533 rows.
2026-01-13 16:13:18 [E780.E780_IF_FILE_ATTACHMENT (Part 1)] Migrated 1,003 rows.
2026-01-13 16:13:18 [E780.E780_IF_FILE_ATTACHMENT (Part 3)] Migrated 522 rows.
2026-01-13 16:13:18 [E780.E780_IF_FILE_ATTACHMENT (Part 4)] Migrated 534 rows.
2026-01-13 16:13:18 [E780.E780_IF_FILE_ATTACHMENT (Part 1)] Migrated 1,004 rows.
2026-01-13 16:13:18 [E780.E780_IF_FILE_ATTACHMENT (Part 2)] Migrated 489 rows.
2026-01-13 16:13:18 [E780.E780_IF_FILE_ATTACHMENT (Part 4)] Migrated 535 rows.
2026-01-13 16:13:18 [E780.E780_IF_FILE_ATTACHMENT (Part 1)] Migrated 1,005 rows.
2026-01-13 16:13:18 [E780.E780_IF_FILE_ATTACHMENT (Part 1)] Migrated 1,006 rows.
2026-01-13 16:13:18 [E780.E780_IF_FILE_ATTACHMENT (Part 4)] Migrated 536 rows.
2026-01-13 16:13:18 [E780.E780_IF_FILE_ATTACHMENT (Part 3)] Migrated 523 rows.
2026-01-13 16:13:18 [E780.E780_IF_FILE_ATTACHMENT (Part 1)] Migrated 1,007 rows.
2026-01-13 16:13:18 [E780.E780_IF_FILE_ATTACHMENT (Part 2)] Migrated 490 rows.
2026-01-13 16:13:18 [E780.E780_IF_FILE_ATTACHMENT (Part 1)] Migrated 1,008 rows.
2026-01-13 16:13:18 [E780.E780_IF_FILE_ATTACHMENT (Part 4)] Migrated 537 rows.
2026-01-13 16:13:18 [E780.E780_IF_FILE_ATTACHMENT (Part 1)] Migrated 1,009 rows.
2026-01-13 16:13:18 [E780.E780_IF_FILE_ATTACHMENT (Part 1)] Migrated 1,010 rows.
2026-01-13 16:13:18 [E780.E780_IF_FILE_ATTACHMENT (Part 4)] Migrated 538 rows.
2026-01-13 16:13:18 [E780.E780_IF_FILE_ATTACHMENT (Part 3)] Migrated 524 rows.
2026-01-13 16:13:18 [E780.E780_IF_FILE_ATTACHMENT (Part 1)] Migrated 1,011 rows.
2026-01-13 16:13:18 [E780.E780_IF_FILE_ATTACHMENT (Part 4)] Migrated 539 rows.
2026-01-13 16:13:18 [E780.E780_IF_FILE_ATTACHMENT (Part 1)] Migrated 1,012 rows.
2026-01-13 16:13:18 [E780.E780_IF_FILE_ATTACHMENT (Part 3)] Migrated 525 rows.
2026-01-13 16:13:18 [E780.E780_IF_FILE_ATTACHMENT (Part 1)] Migrated 1,013 rows.
2026-01-13 16:13:18 [E780.E780_IF_FILE_ATTACHMENT (Part 1)] Migrated 1,014 rows.
2026-01-13 16:13:18 [E780.E780_IF_FILE_ATTACHMENT (Part 4)] Migrated 540 rows.
2026-01-13 16:13:18 [E780.E780_IF_FILE_ATTACHMENT (Part 1)] Migrated 1,015 rows.
2026-01-13 16:13:18 [E780.E780_IF_FILE_ATTACHMENT (Part 2)] Migrated 491 rows.
2026-01-13 16:13:18 [E780.E780_IF_FILE_ATTACHMENT (Part 3)] Migrated 526 rows.
2026-01-13 16:13:18 [E780.E780_IF_FILE_ATTACHMENT (Part 1)] Migrated 1,016 rows.
2026-01-13 16:13:18 [E780.E780_IF_FILE_ATTACHMENT (Part 1)] Migrated 1,017 rows.
2026-01-13 16:13:18 [E780.E780_IF_FILE_ATTACHMENT (Part 1)] Migrated 1,018 rows.
2026-01-13 16:13:18 [E780.E780_IF_FILE_ATTACHMENT (Part 4)] Migrated 541 rows.
2026-01-13 16:13:18 [E780.E780_IF_FILE_ATTACHMENT (Part 1)] Migrated 1,019 rows.
2026-01-13 16:13:18 [E780.E780_IF_FILE_ATTACHMENT (Part 3)] Migrated 527 rows.
2026-01-13 16:13:18 [E780.E780_IF_FILE_ATTACHMENT (Part 1)] Migrated 1,020 rows.
2026-01-13 16:13:18 [E780.E780_IF_FILE_ATTACHMENT (Part 1)] Migrated 1,021 rows.
2026-01-13 16:13:18 [E780.E780_IF_FILE_ATTACHMENT (Part 2)] Migrated 492 rows.
2026-01-13 16:13:18 [E780.E780_IF_FILE_ATTACHMENT (Part 1)] Migrated 1,022 rows.
2026-01-13 16:13:18 [E780.E780_IF_FILE_ATTACHMENT (Part 4)] Migrated 542 rows.
2026-01-13 16:13:18 [E780.E780_IF_FILE_ATTACHMENT (Part 1)] Migrated 1,023 rows.
2026-01-13 16:13:18 [E780.E780_IF_FILE_ATTACHMENT (Part 3)] Migrated 528 rows.
2026-01-13 16:13:18 [E780.E780_IF_FILE_ATTACHMENT (Part 1)] Migrated 1,024 rows.
2026-01-13 16:13:18 [E780.E780_IF_FILE_ATTACHMENT (Part 1)] Migrated 1,025 rows.
2026-01-13 16:13:18 [E780.E780_IF_FILE_ATTACHMENT (Part 4)] Migrated 543 rows.
2026-01-13 16:13:18 [E780.E780_IF_FILE_ATTACHMENT (Part 2)] Migrated 493 rows.
2026-01-13 16:13:18 [E780.E780_IF_FILE_ATTACHMENT (Part 1)] Migrated 1,026 rows.
2026-01-13 16:13:19 [E780.E780_IF_FILE_ATTACHMENT (Part 1)] Migrated 1,027 rows.
2026-01-13 16:13:19 [E780.E780_IF_FILE_ATTACHMENT (Part 2)] Migrated 494 rows.
2026-01-13 16:13:19 [E780.E780_IF_FILE_ATTACHMENT (Part 1)] Migrated 1,028 rows.
2026-01-13 16:13:19 [E780.E780_IF_FILE_ATTACHMENT (Part 2)] Migrated 495 rows.
2026-01-13 16:13:19 [E780.E780_IF_FILE_ATTACHMENT (Part 1)] Migrated 1,029 rows.
2026-01-13 16:13:19 [E780.E780_IF_FILE_ATTACHMENT (Part 2)] Migrated 496 rows.
2026-01-13 16:13:19 [E780.E780_IF_FILE_ATTACHMENT (Part 4)] Migrated 544 rows.
2026-01-13 16:13:19 [E780.E780_IF_FILE_ATTACHMENT (Part 2)] Migrated 497 rows.
2026-01-13 16:13:19 [E780.E780_IF_FILE_ATTACHMENT (Part 1)] Migrated 1,030 rows.
2026-01-13 16:13:19 [E780.E780_IF_FILE_ATTACHMENT (Part 1)] Migrated 1,031 rows.
2026-01-13 16:13:19 [E780.E780_IF_FILE_ATTACHMENT (Part 2)] Migrated 498 rows.
2026-01-13 16:13:19 [E780.E780_IF_FILE_ATTACHMENT (Part 1)] Migrated 1,032 rows.
2026-01-13 16:13:19 [E780.E780_IF_FILE_ATTACHMENT (Part 2)] Migrated 499 rows.
2026-01-13 16:13:19 [E780.E780_IF_FILE_ATTACHMENT (Part 2)] Migrated 500 rows.
2026-01-13 16:13:19 [E780.E780_IF_FILE_ATTACHMENT (Part 1)] Migrated 1,033 rows.
2026-01-13 16:13:19 [E780.E780_IF_FILE_ATTACHMENT (Part 3)] Migrated 529 rows.
2026-01-13 16:13:19 [E780.E780_IF_FILE_ATTACHMENT (Part 2)] Migrated 501 rows.
2026-01-13 16:13:19 [E780.E780_IF_FILE_ATTACHMENT (Part 4)] Migrated 545 rows.
2026-01-13 16:13:19 [E780.E780_IF_FILE_ATTACHMENT (Part 1)] Migrated 1,034 rows.
2026-01-13 16:13:19 [E780.E780_IF_FILE_ATTACHMENT (Part 2)] Migrated 502 rows.
2026-01-13 16:13:19 [E780.E780_IF_FILE_ATTACHMENT (Part 4)] Migrated 546 rows.
2026-01-13 16:13:19 [E780.E780_IF_FILE_ATTACHMENT (Part 3)] Migrated 530 rows.
2026-01-13 16:13:19 [E780.E780_IF_FILE_ATTACHMENT (Part 1)] Migrated 1,035 rows.
2026-01-13 16:13:19 [E780.E780_IF_FILE_ATTACHMENT (Part 2)] Migrated 503 rows.
2026-01-13 16:13:19 [E780.E780_IF_FILE_ATTACHMENT (Part 1)] Migrated 1,036 rows.
2026-01-13 16:13:19 [E780.E780_IF_FILE_ATTACHMENT (Part 1)] Migrated 1,037 rows.
2026-01-13 16:13:19 [E780.E780_IF_FILE_ATTACHMENT (Part 4)] Migrated 547 rows.
2026-01-13 16:13:19 [E780.E780_IF_FILE_ATTACHMENT (Part 2)] Migrated 504 rows.
2026-01-13 16:13:19 [E780.E780_IF_FILE_ATTACHMENT (Part 2)] Migrated 505 rows.
2026-01-13 16:13:19 [E780.E780_IF_FILE_ATTACHMENT (Part 1)] Migrated 1,038 rows.
2026-01-13 16:13:19 [E780.E780_IF_FILE_ATTACHMENT (Part 2)] Migrated 506 rows.
2026-01-13 16:13:19 [E780.E780_IF_FILE_ATTACHMENT (Part 1)] Migrated 1,039 rows.
2026-01-13 16:13:19 [E780.E780_IF_FILE_ATTACHMENT (Part 1)] Migrated 1,040 rows.
2026-01-13 16:13:19 [E780.E780_IF_FILE_ATTACHMENT (Part 2)] Migrated 507 rows.
2026-01-13 16:13:19 [E780.E780_IF_FILE_ATTACHMENT (Part 1)] Migrated 1,041 rows.
2026-01-13 16:13:19 [E780.E780_IF_FILE_ATTACHMENT (Part 4)] Migrated 548 rows.
2026-01-13 16:13:19 [E780.E780_IF_FILE_ATTACHMENT (Part 2)] Migrated 508 rows.
2026-01-13 16:13:20 [E780.E780_IF_FILE_ATTACHMENT (Part 4)] Migrated 549 rows.
2026-01-13 16:13:20 [E780.E780_IF_FILE_ATTACHMENT (Part 3)] Migrated 531 rows.
2026-01-13 16:13:20 [E780.E780_IF_FILE_ATTACHMENT (Part 2)] Migrated 509 rows.
2026-01-13 16:13:20 [E780.E780_IF_FILE_ATTACHMENT (Part 4)] Migrated 550 rows.
2026-01-13 16:13:20 [E780.E780_IF_FILE_ATTACHMENT (Part 1)] Migrated 1,042 rows.
2026-01-13 16:13:20 [E780.E780_IF_FILE_ATTACHMENT (Part 1)] Migrated 1,043 rows.
2026-01-13 16:13:20 [E780.E780_IF_FILE_ATTACHMENT (Part 2)] Migrated 510 rows.
2026-01-13 16:13:20 [E780.E780_IF_FILE_ATTACHMENT (Part 4)] Migrated 551 rows.
2026-01-13 16:13:20 [E780.E780_IF_FILE_ATTACHMENT (Part 1)] Migrated 1,044 rows.
2026-01-13 16:13:20 [E780.E780_IF_FILE_ATTACHMENT (Part 2)] Migrated 511 rows.
2026-01-13 16:13:20 [E780.E780_IF_FILE_ATTACHMENT (Part 2)] Migrated 512 rows.
2026-01-13 16:13:20 [E780.E780_IF_FILE_ATTACHMENT (Part 2)] Migrated 513 rows.
2026-01-13 16:13:20 [E780.E780_IF_FILE_ATTACHMENT (Part 1)] Migrated 1,045 rows.
2026-01-13 16:13:20 [E780.E780_IF_FILE_ATTACHMENT (Part 4)] Migrated 552 rows.
2026-01-13 16:13:20 [E780.E780_IF_FILE_ATTACHMENT (Part 1)] Migrated 1,046 rows.
2026-01-13 16:13:20 [E780.E780_IF_FILE_ATTACHMENT (Part 4)] Migrated 553 rows.
2026-01-13 16:13:20 [E780.E780_IF_FILE_ATTACHMENT (Part 2)] Migrated 514 rows.
2026-01-13 16:13:20 [E780.E780_IF_FILE_ATTACHMENT (Part 4)] Migrated 554 rows.
2026-01-13 16:13:20 [E780.E780_IF_FILE_ATTACHMENT (Part 4)] Migrated 555 rows.
2026-01-13 16:13:20 [E780.E780_IF_FILE_ATTACHMENT (Part 2)] Migrated 515 rows.
2026-01-13 16:13:20 [E780.E780_IF_FILE_ATTACHMENT (Part 1)] Migrated 1,047 rows.
2026-01-13 16:13:20 [E780.E780_IF_FILE_ATTACHMENT (Part 4)] Migrated 556 rows.
2026-01-13 16:13:20 [E780.E780_IF_FILE_ATTACHMENT (Part 2)] Migrated 516 rows.
2026-01-13 16:13:20 [E780.E780_IF_FILE_ATTACHMENT (Part 3)] Migrated 532 rows.
2026-01-13 16:13:20 [E780.E780_IF_FILE_ATTACHMENT (Part 1)] Migrated 1,048 rows.
2026-01-13 16:13:20 [E780.E780_IF_FILE_ATTACHMENT (Part 4)] Migrated 557 rows.
2026-01-13 16:13:20 [E780.E780_IF_FILE_ATTACHMENT (Part 1)] Migrated 1,049 rows.
2026-01-13 16:13:20 [E780.E780_IF_FILE_ATTACHMENT (Part 2)] Migrated 517 rows.
2026-01-13 16:13:20 [E780.E780_IF_FILE_ATTACHMENT (Part 4)] Migrated 558 rows.
2026-01-13 16:13:20 [E780.E780_IF_FILE_ATTACHMENT (Part 1)] Migrated 1,050 rows.
2026-01-13 16:13:20 [E780.E780_IF_FILE_ATTACHMENT (Part 2)] Migrated 518 rows.
2026-01-13 16:13:20 [E780.E780_IF_FILE_ATTACHMENT (Part 1)] Migrated 1,051 rows.
2026-01-13 16:13:20 [E780.E780_IF_FILE_ATTACHMENT (Part 1)] Migrated 1,052 rows.
2026-01-13 16:13:20 [E780.E780_IF_FILE_ATTACHMENT (Part 2)] Migrated 519 rows.
2026-01-13 16:13:20 [E780.E780_IF_FILE_ATTACHMENT (Part 1)] Migrated 1,053 rows.
2026-01-13 16:13:20 [E780.E780_IF_FILE_ATTACHMENT (Part 1)] Migrated 1,054 rows.
2026-01-13 16:13:21 [E780.E780_IF_FILE_ATTACHMENT (Part 1)] Migrated 1,055 rows.
2026-01-13 16:13:21 [E780.E780_IF_FILE_ATTACHMENT (Part 4)] Migrated 559 rows.
2026-01-13 16:13:21 [E780.E780_IF_FILE_ATTACHMENT (Part 1)] Migrated 1,056 rows.
2026-01-13 16:13:21 [E780.E780_IF_FILE_ATTACHMENT (Part 2)] Migrated 520 rows.
2026-01-13 16:13:21 [E780.E780_IF_FILE_ATTACHMENT (Part 4)] Migrated 560 rows.
2026-01-13 16:13:21 [E780.E780_IF_FILE_ATTACHMENT (Part 1)] Migrated 1,057 rows.
2026-01-13 16:13:21 [E780.E780_IF_FILE_ATTACHMENT (Part 2)] Migrated 521 rows.
2026-01-13 16:13:21 [E780.E780_IF_FILE_ATTACHMENT (Part 1)] Migrated 1,058 rows.
2026-01-13 16:13:21 [E780.E780_IF_FILE_ATTACHMENT (Part 1)] Migrated 1,059 rows.
2026-01-13 16:13:21 [E780.E780_IF_FILE_ATTACHMENT (Part 1)] Migrated 1,060 rows.
2026-01-13 16:13:21 [E780.E780_IF_FILE_ATTACHMENT (Part 1)] Migrated 1,061 rows.
2026-01-13 16:13:21 [E780.E780_IF_FILE_ATTACHMENT (Part 3)] Migrated 533 rows.
2026-01-13 16:13:21 [E780.E780_IF_FILE_ATTACHMENT (Part 2)] Migrated 522 rows.
2026-01-13 16:13:21 [E780.E780_IF_FILE_ATTACHMENT (Part 4)] Migrated 561 rows.
2026-01-13 16:13:21 [E780.E780_IF_FILE_ATTACHMENT (Part 1)] Migrated 1,062 rows.
2026-01-13 16:13:21 [E780.E780_IF_FILE_ATTACHMENT (Part 2)] Migrated 523 rows.
2026-01-13 16:13:21 [E780.E780_IF_FILE_ATTACHMENT (Part 1)] Migrated 1,063 rows.
2026-01-13 16:13:21 [E780.E780_IF_FILE_ATTACHMENT (Part 1)] Migrated 1,064 rows.
2026-01-13 16:13:21 [E780.E780_IF_FILE_ATTACHMENT (Part 1)] Migrated 1,065 rows.
2026-01-13 16:13:21 [E780.E780_IF_FILE_ATTACHMENT (Part 4)] Migrated 562 rows.
2026-01-13 16:13:21 [E780.E780_IF_FILE_ATTACHMENT (Part 4)] Migrated 563 rows.
2026-01-13 16:13:21 [E780.E780_IF_FILE_ATTACHMENT (Part 2)] Migrated 524 rows.
2026-01-13 16:13:21 [E780.E780_IF_FILE_ATTACHMENT (Part 1)] Migrated 1,066 rows.
2026-01-13 16:13:21 [E780.E780_IF_FILE_ATTACHMENT (Part 2)] Migrated 525 rows.
2026-01-13 16:13:21 [E780.E780_IF_FILE_ATTACHMENT (Part 2)] Migrated 526 rows.
2026-01-13 16:13:21 [E780.E780_IF_FILE_ATTACHMENT (Part 2)] Migrated 527 rows.
2026-01-13 16:13:21 [E780.E780_IF_FILE_ATTACHMENT (Part 1)] Migrated 1,067 rows.
2026-01-13 16:13:21 [E780.E780_IF_FILE_ATTACHMENT (Part 2)] Migrated 528 rows.
2026-01-13 16:13:21 [E780.E780_IF_FILE_ATTACHMENT (Part 4)] Migrated 564 rows.
2026-01-13 16:13:21 [E780.E780_IF_FILE_ATTACHMENT (Part 1)] Migrated 1,068 rows.
2026-01-13 16:13:21 [E780.E780_IF_FILE_ATTACHMENT (Part 4)] Migrated 565 rows.
2026-01-13 16:13:21 [E780.E780_IF_FILE_ATTACHMENT (Part 2)] Migrated 529 rows.
2026-01-13 16:13:21 [E780.E780_IF_FILE_ATTACHMENT (Part 1)] Migrated 1,069 rows.
2026-01-13 16:13:21 [E780.E780_IF_FILE_ATTACHMENT (Part 1)] Migrated 1,070 rows.
2026-01-13 16:13:21 [E780.E780_IF_FILE_ATTACHMENT (Part 4)] Migrated 566 rows.
2026-01-13 16:13:21 [E780.E780_IF_FILE_ATTACHMENT (Part 1)] Migrated 1,071 rows.
2026-01-13 16:13:21 [E780.E780_IF_FILE_ATTACHMENT (Part 4)] Migrated 567 rows.
2026-01-13 16:13:21 [E780.E780_IF_FILE_ATTACHMENT (Part 1)] Migrated 1,072 rows.
2026-01-13 16:13:21 [E780.E780_IF_FILE_ATTACHMENT (Part 2)] Migrated 530 rows.
2026-01-13 16:13:21 [E780.E780_IF_FILE_ATTACHMENT (Part 3)] Migrated 534 rows.
2026-01-13 16:13:21 [E780.E780_IF_FILE_ATTACHMENT (Part 1)] Migrated 1,073 rows.
2026-01-13 16:13:22 [E780.E780_IF_FILE_ATTACHMENT (Part 1)] Migrated 1,074 rows.
2026-01-13 16:13:22 [E780.E780_IF_FILE_ATTACHMENT (Part 4)] Migrated 568 rows.
2026-01-13 16:13:22 [E780.E780_IF_FILE_ATTACHMENT (Part 1)] Migrated 1,075 rows.
2026-01-13 16:13:22 [E780.E780_IF_FILE_ATTACHMENT (Part 1)] Migrated 1,076 rows.
2026-01-13 16:13:22 [E780.E780_IF_FILE_ATTACHMENT (Part 3)] Migrated 535 rows.
2026-01-13 16:13:22 [E780.E780_IF_FILE_ATTACHMENT (Part 1)] Migrated 1,077 rows.
2026-01-13 16:13:22 [E780.E780_IF_FILE_ATTACHMENT (Part 1)] Migrated 1,078 rows.
2026-01-13 16:13:22 [E780.E780_IF_FILE_ATTACHMENT (Part 2)] Migrated 531 rows.
2026-01-13 16:13:22 [E780.E780_IF_FILE_ATTACHMENT (Part 1)] Migrated 1,079 rows.
2026-01-13 16:13:22 [E780.E780_IF_FILE_ATTACHMENT (Part 1)] Migrated 1,080 rows.
2026-01-13 16:13:22 [E780.E780_IF_FILE_ATTACHMENT (Part 2)] Migrated 532 rows.
2026-01-13 16:13:22 [E780.E780_IF_FILE_ATTACHMENT (Part 4)] Migrated 569 rows.
2026-01-13 16:13:22 [E780.E780_IF_FILE_ATTACHMENT (Part 3)] Migrated 536 rows.
2026-01-13 16:13:22 [E780.E780_IF_FILE_ATTACHMENT (Part 1)] Migrated 1,081 rows.
2026-01-13 16:13:22 [E780.E780_IF_FILE_ATTACHMENT (Part 1)] Migrated 1,082 rows.
2026-01-13 16:13:22 [E780.E780_IF_FILE_ATTACHMENT (Part 1)] Migrated 1,083 rows.
2026-01-13 16:13:22 [E780.E780_IF_FILE_ATTACHMENT (Part 4)] Migrated 570 rows.
2026-01-13 16:13:22 [E780.E780_IF_FILE_ATTACHMENT (Part 1)] Migrated 1,084 rows.
2026-01-13 16:13:22 [E780.E780_IF_FILE_ATTACHMENT (Part 1)] Migrated 1,085 rows.
2026-01-13 16:13:22 [E780.E780_IF_FILE_ATTACHMENT (Part 1)] Migrated 1,086 rows.
2026-01-13 16:13:22 [E780.E780_IF_FILE_ATTACHMENT (Part 4)] Migrated 571 rows.
2026-01-13 16:13:22 [E780.E780_IF_FILE_ATTACHMENT (Part 3)] Migrated 537 rows.
2026-01-13 16:13:22 [E780.E780_IF_FILE_ATTACHMENT (Part 1)] Migrated 1,087 rows.
2026-01-13 16:13:22 [E780.E780_IF_FILE_ATTACHMENT (Part 1)] Migrated 1,088 rows.
2026-01-13 16:13:22 [E780.E780_IF_FILE_ATTACHMENT (Part 4)] Migrated 572 rows.
2026-01-13 16:13:22 [E780.E780_IF_FILE_ATTACHMENT (Part 3)] Migrated 538 rows.
2026-01-13 16:13:22 [E780.E780_IF_FILE_ATTACHMENT (Part 1)] Migrated 1,089 rows.
2026-01-13 16:13:22 [E780.E780_IF_FILE_ATTACHMENT (Part 3)] Migrated 539 rows.
2026-01-13 16:13:22 [E780.E780_IF_FILE_ATTACHMENT (Part 1)] Migrated 1,090 rows.
2026-01-13 16:13:22 [E780.E780_IF_FILE_ATTACHMENT (Part 3)] Migrated 540 rows.
2026-01-13 16:13:22 [E780.E780_IF_FILE_ATTACHMENT (Part 2)] Migrated 533 rows.
2026-01-13 16:13:22 [E780.E780_IF_FILE_ATTACHMENT (Part 1)] Migrated 1,091 rows.
2026-01-13 16:13:22 [E780.E780_IF_FILE_ATTACHMENT (Part 3)] Migrated 541 rows.
2026-01-13 16:13:22 [E780.E780_IF_FILE_ATTACHMENT (Part 1)] Migrated 1,092 rows.
2026-01-13 16:13:22 [E780.E780_IF_FILE_ATTACHMENT (Part 2)] Migrated 534 rows.
2026-01-13 16:13:22 [E780.E780_IF_FILE_ATTACHMENT (Part 4)] Migrated 573 rows.
2026-01-13 16:13:22 [E780.E780_IF_FILE_ATTACHMENT (Part 1)] Migrated 1,093 rows.
2026-01-13 16:13:22 [E780.E780_IF_FILE_ATTACHMENT (Part 3)] Migrated 542 rows.
2026-01-13 16:13:22 [E780.E780_IF_FILE_ATTACHMENT (Part 2)] Migrated 535 rows.
2026-01-13 16:13:22 [E780.E780_IF_FILE_ATTACHMENT (Part 4)] Migrated 574 rows.
2026-01-13 16:13:22 [E780.E780_IF_FILE_ATTACHMENT (Part 3)] Migrated 543 rows.
2026-01-13 16:13:22 [E780.E780_IF_FILE_ATTACHMENT (Part 2)] Migrated 536 rows.
2026-01-13 16:13:22 [E780.E780_IF_FILE_ATTACHMENT (Part 4)] Migrated 575 rows.
2026-01-13 16:13:22 [E780.E780_IF_FILE_ATTACHMENT (Part 1)] Migrated 1,094 rows.
2026-01-13 16:13:22 [E780.E780_IF_FILE_ATTACHMENT (Part 3)] Migrated 544 rows.
2026-01-13 16:13:23 [E780.E780_IF_FILE_ATTACHMENT (Part 2)] Migrated 537 rows.
2026-01-13 16:13:23 [E780.E780_IF_FILE_ATTACHMENT (Part 4)] Migrated 576 rows.
2026-01-13 16:13:23 [E780.E780_IF_FILE_ATTACHMENT (Part 1)] Migrated 1,095 rows.
2026-01-13 16:13:23 [E780.E780_IF_FILE_ATTACHMENT (Part 3)] Migrated 545 rows.
2026-01-13 16:13:23 [E780.E780_IF_FILE_ATTACHMENT (Part 2)] Migrated 538 rows.
2026-01-13 16:13:23 [E780.E780_IF_FILE_ATTACHMENT (Part 1)] Migrated 1,096 rows.
2026-01-13 16:13:23 [E780.E780_IF_FILE_ATTACHMENT (Part 4)] Migrated 577 rows.
2026-01-13 16:13:23 [E780.E780_IF_FILE_ATTACHMENT (Part 3)] Migrated 546 rows.
2026-01-13 16:13:23 [E780.E780_IF_FILE_ATTACHMENT (Part 1)] Migrated 1,097 rows.
2026-01-13 16:13:23 [E780.E780_IF_FILE_ATTACHMENT (Part 3)] Migrated 547 rows.
2026-01-13 16:13:23 [E780.E780_IF_FILE_ATTACHMENT (Part 4)] Migrated 578 rows.
2026-01-13 16:13:23 [E780.E780_IF_FILE_ATTACHMENT (Part 1)] Migrated 1,098 rows.
2026-01-13 16:13:23 [E780.E780_IF_FILE_ATTACHMENT (Part 2)] Migrated 539 rows.
2026-01-13 16:13:23 [E780.E780_IF_FILE_ATTACHMENT (Part 3)] Migrated 548 rows.
2026-01-13 16:13:23 [E780.E780_IF_FILE_ATTACHMENT (Part 3)] Migrated 549 rows.
2026-01-13 16:13:23 [E780.E780_IF_FILE_ATTACHMENT (Part 1)] Migrated 1,099 rows.
2026-01-13 16:13:23 [E780.E780_IF_FILE_ATTACHMENT (Part 3)] Migrated 550 rows.
2026-01-13 16:13:23 [E780.E780_IF_FILE_ATTACHMENT (Part 1)] Migrated 1,100 rows.
2026-01-13 16:13:23 [E780.E780_IF_FILE_ATTACHMENT (Part 1)] Migrated 1,101 rows.
2026-01-13 16:13:23 [E780.E780_IF_FILE_ATTACHMENT (Part 3)] Migrated 551 rows.
2026-01-13 16:13:23 [E780.E780_IF_FILE_ATTACHMENT (Part 3)] Migrated 552 rows.
2026-01-13 16:13:23 [E780.E780_IF_FILE_ATTACHMENT (Part 3)] Migrated 553 rows.
2026-01-13 16:13:23 [E780.E780_IF_FILE_ATTACHMENT (Part 2)] Migrated 540 rows.
2026-01-13 16:13:23 [E780.E780_IF_FILE_ATTACHMENT (Part 4)] Migrated 579 rows.
2026-01-13 16:13:23 [E780.E780_IF_FILE_ATTACHMENT (Part 3)] Migrated 554 rows.
2026-01-13 16:13:23 [E780.E780_IF_FILE_ATTACHMENT (Part 1)] Migrated 1,102 rows.
2026-01-13 16:13:23 [E780.E780_IF_FILE_ATTACHMENT (Part 1)] Migrated 1,103 rows.
2026-01-13 16:13:23 [E780.E780_IF_FILE_ATTACHMENT (Part 1)] Migrated 1,104 rows.
2026-01-13 16:13:23 [E780.E780_IF_FILE_ATTACHMENT (Part 4)] Migrated 580 rows.
2026-01-13 16:13:23 [E780.E780_IF_FILE_ATTACHMENT (Part 2)] Migrated 541 rows.
2026-01-13 16:13:24 [E780.E780_IF_FILE_ATTACHMENT (Part 3)] Migrated 555 rows.
2026-01-13 16:13:24 [E780.E780_IF_FILE_ATTACHMENT (Part 4)] Migrated 581 rows.
2026-01-13 16:13:24 [E780.E780_IF_FILE_ATTACHMENT (Part 1)] Migrated 1,105 rows.
2026-01-13 16:13:24 [E780.E780_IF_FILE_ATTACHMENT (Part 3)] Migrated 556 rows.
2026-01-13 16:13:24 [E780.E780_IF_FILE_ATTACHMENT (Part 4)] Migrated 582 rows.
2026-01-13 16:13:24 [E780.E780_IF_FILE_ATTACHMENT (Part 1)] Migrated 1,106 rows.
2026-01-13 16:13:24 [E780.E780_IF_FILE_ATTACHMENT (Part 2)] Migrated 542 rows.
2026-01-13 16:13:24 [E780.E780_IF_FILE_ATTACHMENT (Part 4)] Migrated 583 rows.
2026-01-13 16:13:24 [E780.E780_IF_FILE_ATTACHMENT (Part 3)] Migrated 557 rows.
2026-01-13 16:13:24 [E780.E780_IF_FILE_ATTACHMENT (Part 1)] Migrated 1,107 rows.
2026-01-13 16:13:24 [E780.E780_IF_FILE_ATTACHMENT (Part 4)] Migrated 584 rows.
2026-01-13 16:13:24 [E780.E780_IF_FILE_ATTACHMENT (Part 1)] Migrated 1,108 rows.
2026-01-13 16:13:24 [E780.E780_IF_FILE_ATTACHMENT (Part 3)] Migrated 558 rows.
2026-01-13 16:13:24 [E780.E780_IF_FILE_ATTACHMENT (Part 1)] Migrated 1,109 rows.
2026-01-13 16:13:24 [E780.E780_IF_FILE_ATTACHMENT (Part 3)] Migrated 559 rows.
2026-01-13 16:13:24 [E780.E780_IF_FILE_ATTACHMENT (Part 4)] Migrated 585 rows.
2026-01-13 16:13:24 [E780.E780_IF_FILE_ATTACHMENT (Part 1)] Migrated 1,110 rows.
2026-01-13 16:13:24 [E780.E780_IF_FILE_ATTACHMENT (Part 3)] Migrated 560 rows.
2026-01-13 16:13:24 [E780.E780_IF_FILE_ATTACHMENT (Part 4)] Migrated 586 rows.
2026-01-13 16:13:24 [E780.E780_IF_FILE_ATTACHMENT (Part 1)] Migrated 1,111 rows.
2026-01-13 16:13:24 [E780.E780_IF_FILE_ATTACHMENT (Part 4)] Migrated 587 rows.
2026-01-13 16:13:24 [E780.E780_IF_FILE_ATTACHMENT (Part 3)] Migrated 561 rows.
2026-01-13 16:13:24 [E780.E780_IF_FILE_ATTACHMENT (Part 4)] Migrated 588 rows.
2026-01-13 16:13:24 [E780.E780_IF_FILE_ATTACHMENT (Part 1)] Migrated 1,112 rows.
2026-01-13 16:13:24 [E780.E780_IF_FILE_ATTACHMENT (Part 3)] Migrated 562 rows.
2026-01-13 16:13:24 [E780.E780_IF_FILE_ATTACHMENT (Part 4)] Migrated 589 rows.
2026-01-13 16:13:24 [E780.E780_IF_FILE_ATTACHMENT (Part 3)] Migrated 563 rows.
2026-01-13 16:13:24 [E780.E780_IF_FILE_ATTACHMENT (Part 1)] Migrated 1,113 rows.
2026-01-13 16:13:24 [E780.E780_IF_FILE_ATTACHMENT (Part 3)] Migrated 564 rows.
2026-01-13 16:13:24 [E780.E780_IF_FILE_ATTACHMENT (Part 4)] Migrated 590 rows.
2026-01-13 16:13:24 [E780.E780_IF_FILE_ATTACHMENT (Part 4)] Migrated 591 rows.
2026-01-13 16:13:24 [E780.E780_IF_FILE_ATTACHMENT (Part 1)] Migrated 1,114 rows.
2026-01-13 16:13:24 [E780.E780_IF_FILE_ATTACHMENT (Part 3)] Migrated 565 rows.
2026-01-13 16:13:24 [E780.E780_IF_FILE_ATTACHMENT (Part 4)] Migrated 592 rows.
2026-01-13 16:13:24 [E780.E780_IF_FILE_ATTACHMENT (Part 1)] Migrated 1,115 rows.
2026-01-13 16:13:24 [E780.E780_IF_FILE_ATTACHMENT (Part 3)] Migrated 566 rows.
2026-01-13 16:13:24 [E780.E780_IF_FILE_ATTACHMENT (Part 2)] Migrated 543 rows.
2026-01-13 16:13:24 [E780.E780_IF_FILE_ATTACHMENT (Part 1)] Migrated 1,116 rows.
2026-01-13 16:13:24 [E780.E780_IF_FILE_ATTACHMENT (Part 3)] Migrated 567 rows.
2026-01-13 16:13:24 [E780.E780_IF_FILE_ATTACHMENT (Part 4)] Migrated 593 rows.
2026-01-13 16:13:24 [E780.E780_IF_FILE_ATTACHMENT (Part 3)] Migrated 568 rows.
2026-01-13 16:13:24 [E780.E780_IF_FILE_ATTACHMENT (Part 4)] Migrated 594 rows.
2026-01-13 16:13:24 [E780.E780_IF_FILE_ATTACHMENT (Part 3)] Migrated 569 rows.
2026-01-13 16:13:24 [E780.E780_IF_FILE_ATTACHMENT (Part 1)] Migrated 1,117 rows.
2026-01-13 16:13:25 [E780.E780_IF_FILE_ATTACHMENT (Part 3)] Migrated 570 rows.
2026-01-13 16:13:25 [E780.E780_IF_FILE_ATTACHMENT (Part 4)] Migrated 595 rows.
2026-01-13 16:13:25 [E780.E780_IF_FILE_ATTACHMENT (Part 3)] Migrated 571 rows.
2026-01-13 16:13:25 [E780.E780_IF_FILE_ATTACHMENT (Part 1)] Migrated 1,118 rows.
2026-01-13 16:13:25 [E780.E780_IF_FILE_ATTACHMENT (Part 3)] Migrated 572 rows.
2026-01-13 16:13:25 [E780.E780_IF_FILE_ATTACHMENT (Part 3)] Migrated 573 rows.
2026-01-13 16:13:25 [E780.E780_IF_FILE_ATTACHMENT (Part 1)] Migrated 1,119 rows.
2026-01-13 16:13:25 [E780.E780_IF_FILE_ATTACHMENT (Part 3)] Migrated 574 rows.
2026-01-13 16:13:25 [E780.E780_IF_FILE_ATTACHMENT (Part 1)] Migrated 1,120 rows.
2026-01-13 16:13:25 [E780.E780_IF_FILE_ATTACHMENT (Part 1)] Migrated 1,121 rows.
2026-01-13 16:13:25 [E780.E780_IF_FILE_ATTACHMENT (Part 3)] Migrated 575 rows.
2026-01-13 16:13:25 [E780.E780_IF_FILE_ATTACHMENT (Part 1)] Migrated 1,122 rows.
2026-01-13 16:13:25 [E780.E780_IF_FILE_ATTACHMENT (Part 1)] Migrated 1,123 rows.
2026-01-13 16:13:25 [E780.E780_IF_FILE_ATTACHMENT (Part 4)] Migrated 596 rows.
2026-01-13 16:13:25 [E780.E780_IF_FILE_ATTACHMENT (Part 1)] Migrated 1,124 rows.
2026-01-13 16:13:25 [E780.E780_IF_FILE_ATTACHMENT (Part 1)] Migrated 1,125 rows.
2026-01-13 16:13:25 [E780.E780_IF_FILE_ATTACHMENT (Part 4)] Migrated 597 rows.
2026-01-13 16:13:25 [E780.E780_IF_FILE_ATTACHMENT (Part 1)] Migrated 1,126 rows.
2026-01-13 16:13:25 [E780.E780_IF_FILE_ATTACHMENT (Part 4)] Migrated 598 rows.
2026-01-13 16:13:25 [E780.E780_IF_FILE_ATTACHMENT (Part 3)] Migrated 576 rows.
2026-01-13 16:13:25 [E780.E780_IF_FILE_ATTACHMENT (Part 4)] Migrated 599 rows.
2026-01-13 16:13:25 [E780.E780_IF_FILE_ATTACHMENT (Part 1)] Migrated 1,127 rows.
2026-01-13 16:13:25 [E780.E780_IF_FILE_ATTACHMENT (Part 4)] Migrated 600 rows.
2026-01-13 16:13:25 [E780.E780_IF_FILE_ATTACHMENT (Part 1)] Migrated 1,128 rows.
2026-01-13 16:13:25 [E780.E780_IF_FILE_ATTACHMENT (Part 4)] Migrated 601 rows.
2026-01-13 16:13:25 [E780.E780_IF_FILE_ATTACHMENT (Part 1)] Migrated 1,129 rows.
2026-01-13 16:13:25 [E780.E780_IF_FILE_ATTACHMENT (Part 1)] Migrated 1,130 rows.
2026-01-13 16:13:26 [E780.E780_IF_FILE_ATTACHMENT (Part 4)] Migrated 602 rows.
2026-01-13 16:13:26 [E780.E780_IF_FILE_ATTACHMENT (Part 3)] Migrated 577 rows.
2026-01-13 16:13:26 [E780.E780_IF_FILE_ATTACHMENT (Part 2)] Migrated 544 rows.
2026-01-13 16:13:26 [E780.E780_IF_FILE_ATTACHMENT (Part 1)] Migrated 1,131 rows.
2026-01-13 16:13:26 [E780.E780_IF_FILE_ATTACHMENT (Part 3)] Migrated 578 rows.
2026-01-13 16:13:26 [E780.E780_IF_FILE_ATTACHMENT (Part 1)] Migrated 1,132 rows.
2026-01-13 16:13:26 [E780.E780_IF_FILE_ATTACHMENT (Part 2)] Migrated 545 rows.
2026-01-13 16:13:26 [E780.E780_IF_FILE_ATTACHMENT (Part 3)] Migrated 579 rows.
2026-01-13 16:13:26 [E780.E780_IF_FILE_ATTACHMENT (Part 1)] Migrated 1,133 rows.
2026-01-13 16:13:26 [E780.E780_IF_FILE_ATTACHMENT (Part 3)] Migrated 580 rows.
2026-01-13 16:13:26 [E780.E780_IF_FILE_ATTACHMENT (Part 1)] Migrated 1,134 rows.
2026-01-13 16:13:26 [E780.E780_IF_FILE_ATTACHMENT (Part 4)] Migrated 603 rows.
2026-01-13 16:13:26 [E780.E780_IF_FILE_ATTACHMENT (Part 3)] Migrated 581 rows.
2026-01-13 16:13:26 [E780.E780_IF_FILE_ATTACHMENT (Part 1)] Migrated 1,135 rows.
2026-01-13 16:13:26 [E780.E780_IF_FILE_ATTACHMENT (Part 3)] Migrated 582 rows.
2026-01-13 16:13:26 [E780.E780_IF_FILE_ATTACHMENT (Part 1)] Migrated 1,136 rows.
2026-01-13 16:13:26 [E780.E780_IF_FILE_ATTACHMENT (Part 3)] Migrated 583 rows.
2026-01-13 16:13:26 [E780.E780_IF_FILE_ATTACHMENT (Part 1)] Migrated 1,137 rows.
2026-01-13 16:13:26 [E780.E780_IF_FILE_ATTACHMENT (Part 1)] Migrated 1,138 rows.
2026-01-13 16:13:26 [E780.E780_IF_FILE_ATTACHMENT (Part 4)] Migrated 604 rows.
2026-01-13 16:13:26 [E780.E780_IF_FILE_ATTACHMENT (Part 1)] Migrated 1,139 rows.
2026-01-13 16:13:26 [E780.E780_IF_FILE_ATTACHMENT (Part 2)] Migrated 546 rows.
2026-01-13 16:13:26 [E780.E780_IF_FILE_ATTACHMENT (Part 3)] Migrated 584 rows.
2026-01-13 16:13:26 [E780.E780_IF_FILE_ATTACHMENT (Part 1)] Migrated 1,140 rows.
2026-01-13 16:13:26 [E780.E780_IF_FILE_ATTACHMENT (Part 2)] Migrated 547 rows.
2026-01-13 16:13:26 [E780.E780_IF_FILE_ATTACHMENT (Part 2)] Migrated 548 rows.
2026-01-13 16:13:26 [E780.E780_IF_FILE_ATTACHMENT (Part 1)] Migrated 1,141 rows.
2026-01-13 16:13:26 [E780.E780_IF_FILE_ATTACHMENT (Part 1)] Migrated 1,142 rows.
2026-01-13 16:13:26 [E780.E780_IF_FILE_ATTACHMENT (Part 1)] Migrated 1,143 rows.
2026-01-13 16:13:26 [E780.E780_IF_FILE_ATTACHMENT (Part 2)] Migrated 549 rows.
2026-01-13 16:13:26 [E780.E780_IF_FILE_ATTACHMENT (Part 3)] Migrated 585 rows.
2026-01-13 16:13:26 [E780.E780_IF_FILE_ATTACHMENT (Part 1)] Migrated 1,144 rows.
2026-01-13 16:13:26 [E780.E780_IF_FILE_ATTACHMENT (Part 4)] Migrated 605 rows.
2026-01-13 16:13:26 [E780.E780_IF_FILE_ATTACHMENT (Part 1)] Migrated 1,145 rows.
2026-01-13 16:13:26 [E780.E780_IF_FILE_ATTACHMENT (Part 1)] Migrated 1,146 rows.
2026-01-13 16:13:27 [E780.E780_IF_FILE_ATTACHMENT (Part 2)] Migrated 550 rows.
2026-01-13 16:13:27 [E780.E780_IF_FILE_ATTACHMENT (Part 3)] Migrated 586 rows.
2026-01-13 16:13:27 [E780.E780_IF_FILE_ATTACHMENT (Part 1)] Migrated 1,147 rows.
2026-01-13 16:13:27 [E780.E780_IF_FILE_ATTACHMENT (Part 3)] Migrated 587 rows.
2026-01-13 16:13:27 [E780.E780_IF_FILE_ATTACHMENT (Part 1)] Migrated 1,148 rows.
2026-01-13 16:13:27 [E780.E780_IF_FILE_ATTACHMENT (Part 3)] Migrated 588 rows.
2026-01-13 16:13:27 [E780.E780_IF_FILE_ATTACHMENT (Part 4)] Migrated 606 rows.
2026-01-13 16:13:27 [E780.E780_IF_FILE_ATTACHMENT (Part 2)] Migrated 551 rows.
2026-01-13 16:13:27 [E780.E780_IF_FILE_ATTACHMENT (Part 1)] Migrated 1,149 rows.
2026-01-13 16:13:27 [E780.E780_IF_FILE_ATTACHMENT (Part 2)] Migrated 552 rows.
2026-01-13 16:13:27 [E780.E780_IF_FILE_ATTACHMENT (Part 1)] Migrated 1,150 rows.
2026-01-13 16:13:27 [E780.E780_IF_FILE_ATTACHMENT (Part 4)] Migrated 607 rows.
2026-01-13 16:13:27 [E780.E780_IF_FILE_ATTACHMENT (Part 2)] Migrated 553 rows.
2026-01-13 16:13:27 [E780.E780_IF_FILE_ATTACHMENT (Part 4)] Migrated 608 rows.
2026-01-13 16:13:27 [E780.E780_IF_FILE_ATTACHMENT (Part 3)] Migrated 589 rows.
2026-01-13 16:13:27 [E780.E780_IF_FILE_ATTACHMENT (Part 2)] Migrated 554 rows.
2026-01-13 16:13:27 [E780.E780_IF_FILE_ATTACHMENT (Part 1)] Migrated 1,151 rows.
2026-01-13 16:13:27 [E780.E780_IF_FILE_ATTACHMENT (Part 4)] Migrated 609 rows.
2026-01-13 16:13:27 [E780.E780_IF_FILE_ATTACHMENT (Part 1)] Migrated 1,152 rows.
2026-01-13 16:13:27 [E780.E780_IF_FILE_ATTACHMENT (Part 2)] Migrated 555 rows.
2026-01-13 16:13:27 [E780.E780_IF_FILE_ATTACHMENT (Part 4)] Migrated 610 rows.
2026-01-13 16:13:27 [E780.E780_IF_FILE_ATTACHMENT (Part 4)] Migrated 611 rows.
2026-01-13 16:13:27 [E780.E780_IF_FILE_ATTACHMENT (Part 1)] Migrated 1,153 rows.
2026-01-13 16:13:27 [E780.E780_IF_FILE_ATTACHMENT (Part 2)] Migrated 556 rows.
2026-01-13 16:13:27 [E780.E780_IF_FILE_ATTACHMENT (Part 3)] Migrated 590 rows.
2026-01-13 16:13:27 [E780.E780_IF_FILE_ATTACHMENT (Part 4)] Migrated 612 rows.
2026-01-13 16:13:27 [E780.E780_IF_FILE_ATTACHMENT (Part 2)] Migrated 557 rows.
2026-01-13 16:13:27 [E780.E780_IF_FILE_ATTACHMENT (Part 4)] Migrated 613 rows.
2026-01-13 16:13:27 [E780.E780_IF_FILE_ATTACHMENT (Part 3)] Migrated 591 rows.
2026-01-13 16:13:27 [E780.E780_IF_FILE_ATTACHMENT (Part 4)] Migrated 614 rows.
2026-01-13 16:13:27 [E780.E780_IF_FILE_ATTACHMENT (Part 3)] Migrated 592 rows.
2026-01-13 16:13:27 [E780.E780_IF_FILE_ATTACHMENT (Part 4)] Migrated 615 rows.
2026-01-13 16:13:27 [E780.E780_IF_FILE_ATTACHMENT (Part 2)] Migrated 558 rows.
2026-01-13 16:13:27 [E780.E780_IF_FILE_ATTACHMENT (Part 1)] Migrated 1,154 rows.
2026-01-13 16:13:27 [E780.E780_IF_FILE_ATTACHMENT (Part 3)] Migrated 593 rows.
2026-01-13 16:13:27 [E780.E780_IF_FILE_ATTACHMENT (Part 2)] Migrated 559 rows.
2026-01-13 16:13:27 [E780.E780_IF_FILE_ATTACHMENT (Part 2)] Migrated 560 rows.
2026-01-13 16:13:27 [E780.E780_IF_FILE_ATTACHMENT (Part 4)] Migrated 616 rows.
2026-01-13 16:13:27 [E780.E780_IF_FILE_ATTACHMENT (Part 3)] Migrated 594 rows.
2026-01-13 16:13:27 [E780.E780_IF_FILE_ATTACHMENT (Part 1)] Migrated 1,155 rows.
2026-01-13 16:13:27 [E780.E780_IF_FILE_ATTACHMENT (Part 3)] Migrated 595 rows.
2026-01-13 16:13:27 [E780.E780_IF_FILE_ATTACHMENT (Part 4)] Migrated 617 rows.
2026-01-13 16:13:27 [E780.E780_IF_FILE_ATTACHMENT (Part 1)] Migrated 1,156 rows.
2026-01-13 16:13:27 [E780.E780_IF_FILE_ATTACHMENT (Part 1)] Migrated 1,157 rows.
2026-01-13 16:13:27 [E780.E780_IF_FILE_ATTACHMENT (Part 4)] Migrated 618 rows.
2026-01-13 16:13:28 [E780.E780_IF_FILE_ATTACHMENT (Part 4)] Migrated 619 rows.
2026-01-13 16:13:28 [E780.E780_IF_FILE_ATTACHMENT (Part 1)] Migrated 1,158 rows.
2026-01-13 16:13:28 [E780.E780_IF_FILE_ATTACHMENT (Part 2)] Migrated 561 rows.
2026-01-13 16:13:28 [E780.E780_IF_FILE_ATTACHMENT (Part 2)] Migrated 562 rows.
2026-01-13 16:13:28 [E780.E780_IF_FILE_ATTACHMENT (Part 2)] Migrated 563 rows.
2026-01-13 16:13:28 [E780.E780_IF_FILE_ATTACHMENT (Part 1)] Migrated 1,159 rows.
2026-01-13 16:13:28 [E780.E780_IF_FILE_ATTACHMENT (Part 4)] Migrated 620 rows.
2026-01-13 16:13:28 [E780.E780_IF_FILE_ATTACHMENT (Part 2)] Migrated 564 rows.
2026-01-13 16:13:28 [E780.E780_IF_FILE_ATTACHMENT (Part 1)] Migrated 1,160 rows.
2026-01-13 16:13:28 [E780.E780_IF_FILE_ATTACHMENT (Part 3)] Migrated 596 rows.
2026-01-13 16:13:28 [E780.E780_IF_FILE_ATTACHMENT (Part 4)] Migrated 621 rows.
2026-01-13 16:13:28 [E780.E780_IF_FILE_ATTACHMENT (Part 2)] Migrated 565 rows.
2026-01-13 16:13:28 [E780.E780_IF_FILE_ATTACHMENT (Part 4)] Migrated 622 rows.
2026-01-13 16:13:28 [E780.E780_IF_FILE_ATTACHMENT (Part 2)] Migrated 566 rows.
2026-01-13 16:13:28 [E780.E780_IF_FILE_ATTACHMENT (Part 4)] Migrated 623 rows.
2026-01-13 16:13:28 [E780.E780_IF_FILE_ATTACHMENT (Part 1)] Migrated 1,161 rows.
2026-01-13 16:13:28 [E780.E780_IF_FILE_ATTACHMENT (Part 3)] Migrated 597 rows.
2026-01-13 16:13:28 [E780.E780_IF_FILE_ATTACHMENT (Part 2)] Migrated 567 rows.
2026-01-13 16:13:28 [E780.E780_IF_FILE_ATTACHMENT (Part 1)] Migrated 1,162 rows.
2026-01-13 16:13:28 [E780.E780_IF_FILE_ATTACHMENT (Part 3)] Migrated 598 rows.
2026-01-13 16:13:28 [E780.E780_IF_FILE_ATTACHMENT (Part 1)] Migrated 1,163 rows.
2026-01-13 16:13:28 [E780.E780_IF_FILE_ATTACHMENT (Part 3)] Migrated 599 rows.
2026-01-13 16:13:28 [E780.E780_IF_FILE_ATTACHMENT (Part 3)] Migrated 600 rows.
2026-01-13 16:13:28 [E780.E780_IF_FILE_ATTACHMENT (Part 1)] Migrated 1,164 rows.
2026-01-13 16:13:28 [E780.E780_IF_FILE_ATTACHMENT (Part 3)] Migrated 601 rows.
2026-01-13 16:13:28 [E780.E780_IF_FILE_ATTACHMENT (Part 2)] Migrated 568 rows.
2026-01-13 16:13:28 [E780.E780_IF_FILE_ATTACHMENT (Part 3)] Migrated 602 rows.
2026-01-13 16:13:28 [E780.E780_IF_FILE_ATTACHMENT (Part 1)] Migrated 1,165 rows.
2026-01-13 16:13:28 [E780.E780_IF_FILE_ATTACHMENT (Part 3)] Migrated 603 rows.
2026-01-13 16:13:28 [E780.E780_IF_FILE_ATTACHMENT (Part 1)] Migrated 1,166 rows.
2026-01-13 16:13:28 [E780.E780_IF_FILE_ATTACHMENT (Part 1)] Migrated 1,167 rows.
2026-01-13 16:13:28 [E780.E780_IF_FILE_ATTACHMENT (Part 3)] Migrated 604 rows.
2026-01-13 16:13:28 [E780.E780_IF_FILE_ATTACHMENT (Part 1)] Migrated 1,168 rows.
2026-01-13 16:13:28 [E780.E780_IF_FILE_ATTACHMENT (Part 1)] Migrated 1,169 rows.
2026-01-13 16:13:28 [E780.E780_IF_FILE_ATTACHMENT (Part 1)] Migrated 1,170 rows.
2026-01-13 16:13:28 [E780.E780_IF_FILE_ATTACHMENT (Part 3)] Migrated 605 rows.
2026-01-13 16:13:29 [E780.E780_IF_FILE_ATTACHMENT (Part 1)] Migrated 1,171 rows.
2026-01-13 16:13:29 [E780.E780_IF_FILE_ATTACHMENT (Part 1)] Migrated 1,172 rows.
2026-01-13 16:13:29 [E780.E780_IF_FILE_ATTACHMENT (Part 4)] Migrated 624 rows.
2026-01-13 16:13:29 [E780.E780_IF_FILE_ATTACHMENT (Part 1)] Migrated 1,173 rows.
2026-01-13 16:13:29 [E780.E780_IF_FILE_ATTACHMENT (Part 2)] Migrated 569 rows.
2026-01-13 16:13:29 [E780.E780_IF_FILE_ATTACHMENT (Part 3)] Migrated 606 rows.
2026-01-13 16:13:29 [E780.E780_IF_FILE_ATTACHMENT (Part 1)] Migrated 1,174 rows.
2026-01-13 16:13:29 [E780.E780_IF_FILE_ATTACHMENT (Part 1)] Migrated 1,175 rows.
2026-01-13 16:13:29 [E780.E780_IF_FILE_ATTACHMENT (Part 3)] Migrated 607 rows.
2026-01-13 16:13:29 [E780.E780_IF_FILE_ATTACHMENT (Part 1)] Migrated 1,176 rows.
2026-01-13 16:13:29 [E780.E780_IF_FILE_ATTACHMENT (Part 2)] Migrated 570 rows.
2026-01-13 16:13:29 [E780.E780_IF_FILE_ATTACHMENT (Part 1)] Migrated 1,177 rows.
2026-01-13 16:13:29 [E780.E780_IF_FILE_ATTACHMENT (Part 2)] Migrated 571 rows.
2026-01-13 16:13:29 [E780.E780_IF_FILE_ATTACHMENT (Part 2)] Migrated 572 rows.
2026-01-13 16:13:29 [E780.E780_IF_FILE_ATTACHMENT (Part 1)] Migrated 1,178 rows.
2026-01-13 16:13:29 [E780.E780_IF_FILE_ATTACHMENT (Part 3)] Migrated 608 rows.
2026-01-13 16:13:29 [E780.E780_IF_FILE_ATTACHMENT (Part 4)] Migrated 625 rows.
2026-01-13 16:13:29 [E780.E780_IF_FILE_ATTACHMENT (Part 1)] Migrated 1,179 rows.
2026-01-13 16:13:29 [E780.E780_IF_FILE_ATTACHMENT (Part 2)] Migrated 573 rows.
2026-01-13 16:13:29 [E780.E780_IF_FILE_ATTACHMENT (Part 4)] Migrated 626 rows.
2026-01-13 16:13:29 [E780.E780_IF_FILE_ATTACHMENT (Part 3)] Migrated 609 rows.
2026-01-13 16:13:29 [E780.E780_IF_FILE_ATTACHMENT (Part 4)] Migrated 627 rows.
2026-01-13 16:13:29 [E780.E780_IF_FILE_ATTACHMENT (Part 1)] Migrated 1,180 rows.
2026-01-13 16:13:29 [E780.E780_IF_FILE_ATTACHMENT (Part 3)] Migrated 610 rows.
2026-01-13 16:13:29 [E780.E780_IF_FILE_ATTACHMENT (Part 2)] Migrated 574 rows.
2026-01-13 16:13:29 [E780.E780_IF_FILE_ATTACHMENT (Part 4)] Migrated 628 rows.
2026-01-13 16:13:30 [E780.E780_IF_FILE_ATTACHMENT (Part 1)] Migrated 1,181 rows.
2026-01-13 16:13:30 [E780.E780_IF_FILE_ATTACHMENT (Part 3)] Migrated 611 rows.
2026-01-13 16:13:30 [E780.E780_IF_FILE_ATTACHMENT (Part 2)] Migrated 575 rows.
2026-01-13 16:13:30 [E780.E780_IF_FILE_ATTACHMENT (Part 1)] Migrated 1,182 rows.
2026-01-13 16:13:30 [E780.E780_IF_FILE_ATTACHMENT (Part 3)] Migrated 612 rows.
2026-01-13 16:13:30 [E780.E780_IF_FILE_ATTACHMENT (Part 2)] Migrated 576 rows.
2026-01-13 16:13:30 [E780.E780_IF_FILE_ATTACHMENT (Part 1)] Migrated 1,183 rows.
2026-01-13 16:13:30 [E780.E780_IF_FILE_ATTACHMENT (Part 1)] Migrated 1,184 rows.
2026-01-13 16:13:30 [E780.E780_IF_FILE_ATTACHMENT (Part 2)] Migrated 577 rows.
2026-01-13 16:13:30 [E780.E780_IF_FILE_ATTACHMENT (Part 1)] Migrated 1,185 rows.
2026-01-13 16:13:30 [E780.E780_IF_FILE_ATTACHMENT (Part 2)] Migrated 578 rows.
2026-01-13 16:13:30 [E780.E780_IF_FILE_ATTACHMENT (Part 1)] Migrated 1,186 rows.
2026-01-13 16:13:30 [E780.E780_IF_FILE_ATTACHMENT (Part 3)] Migrated 613 rows.
2026-01-13 16:13:30 [E780.E780_IF_FILE_ATTACHMENT (Part 1)] Migrated 1,187 rows.
2026-01-13 16:13:30 [E780.E780_IF_FILE_ATTACHMENT (Part 2)] Migrated 579 rows.
2026-01-13 16:13:30 [E780.E780_IF_FILE_ATTACHMENT (Part 1)] Migrated 1,188 rows.
2026-01-13 16:13:30 [E780.E780_IF_FILE_ATTACHMENT (Part 2)] Migrated 580 rows.
2026-01-13 16:13:30 [E780.E780_IF_FILE_ATTACHMENT (Part 1)] Migrated 1,189 rows.
2026-01-13 16:13:30 [E780.E780_IF_FILE_ATTACHMENT (Part 4)] Migrated 629 rows.
2026-01-13 16:13:30 [E780.E780_IF_FILE_ATTACHMENT (Part 1)] Migrated 1,190 rows.
2026-01-13 16:13:30 [E780.E780_IF_FILE_ATTACHMENT (Part 3)] Migrated 614 rows.
2026-01-13 16:13:30 [E780.E780_IF_FILE_ATTACHMENT (Part 3)] Migrated 615 rows.
2026-01-13 16:13:30 [E780.E780_IF_FILE_ATTACHMENT (Part 4)] Migrated 630 rows.
2026-01-13 16:13:30 [E780.E780_IF_FILE_ATTACHMENT (Part 1)] Migrated 1,191 rows.
2026-01-13 16:13:30 [E780.E780_IF_FILE_ATTACHMENT (Part 1)] Migrated 1,192 rows.
2026-01-13 16:13:30 [E780.E780_IF_FILE_ATTACHMENT (Part 4)] Migrated 631 rows.
2026-01-13 16:13:30 [E780.E780_IF_FILE_ATTACHMENT (Part 1)] Migrated 1,193 rows.
2026-01-13 16:13:30 [E780.E780_IF_FILE_ATTACHMENT (Part 1)] Migrated 1,194 rows.
2026-01-13 16:13:30 [E780.E780_IF_FILE_ATTACHMENT (Part 4)] Migrated 632 rows.
2026-01-13 16:13:30 [E780.E780_IF_FILE_ATTACHMENT (Part 1)] Migrated 1,195 rows.
2026-01-13 16:13:31 [E780.E780_IF_FILE_ATTACHMENT (Part 2)] Migrated 581 rows.
2026-01-13 16:13:31 [E780.E780_IF_FILE_ATTACHMENT (Part 1)] Migrated 1,196 rows.
2026-01-13 16:13:31 [E780.E780_IF_FILE_ATTACHMENT (Part 1)] Migrated 1,197 rows.
2026-01-13 16:13:31 [E780.E780_IF_FILE_ATTACHMENT (Part 1)] Migrated 1,198 rows.
2026-01-13 16:13:31 [E780.E780_IF_FILE_ATTACHMENT (Part 1)] Migrated 1,199 rows.
2026-01-13 16:13:31 [E780.E780_IF_FILE_ATTACHMENT (Part 1)] Migrated 1,200 rows.
2026-01-13 16:13:31 [E780.E780_IF_FILE_ATTACHMENT (Part 4)] Migrated 633 rows.
2026-01-13 16:13:31 [E780.E780_IF_FILE_ATTACHMENT (Part 3)] Migrated 616 rows.
2026-01-13 16:13:31 [E780.E780_IF_FILE_ATTACHMENT (Part 1)] Migrated 1,201 rows.
2026-01-13 16:13:31 [E780.E780_IF_FILE_ATTACHMENT (Part 2)] Migrated 582 rows.
2026-01-13 16:13:31 [E780.E780_IF_FILE_ATTACHMENT (Part 1)] Migrated 1,202 rows.
2026-01-13 16:13:31 [E780.E780_IF_FILE_ATTACHMENT (Part 3)] Migrated 617 rows.
2026-01-13 16:13:31 [E780.E780_IF_FILE_ATTACHMENT (Part 4)] Migrated 634 rows.
2026-01-13 16:13:31 [E780.E780_IF_FILE_ATTACHMENT (Part 1)] Migrated 1,203 rows.
2026-01-13 16:13:31 [E780.E780_IF_FILE_ATTACHMENT (Part 2)] Migrated 583 rows.
2026-01-13 16:13:31 [E780.E780_IF_FILE_ATTACHMENT (Part 4)] Migrated 635 rows.
2026-01-13 16:13:31 [E780.E780_IF_FILE_ATTACHMENT (Part 1)] Migrated 1,204 rows.
2026-01-13 16:13:31 [E780.E780_IF_FILE_ATTACHMENT (Part 2)] Migrated 584 rows.
2026-01-13 16:13:31 [E780.E780_IF_FILE_ATTACHMENT (Part 4)] Migrated 636 rows.
2026-01-13 16:13:31 [E780.E780_IF_FILE_ATTACHMENT (Part 3)] Migrated 618 rows.
2026-01-13 16:13:31 [E780.E780_IF_FILE_ATTACHMENT (Part 3)] Migrated 619 rows.
2026-01-13 16:13:31 [E780.E780_IF_FILE_ATTACHMENT (Part 2)] Migrated 585 rows.
2026-01-13 16:13:31 [E780.E780_IF_FILE_ATTACHMENT (Part 1)] Migrated 1,205 rows.
2026-01-13 16:13:31 [E780.E780_IF_FILE_ATTACHMENT (Part 3)] Migrated 620 rows.
2026-01-13 16:13:31 [E780.E780_IF_FILE_ATTACHMENT (Part 1)] Migrated 1,206 rows.
2026-01-13 16:13:31 [E780.E780_IF_FILE_ATTACHMENT (Part 2)] Migrated 586 rows.
2026-01-13 16:13:31 [E780.E780_IF_FILE_ATTACHMENT (Part 3)] Migrated 621 rows.
2026-01-13 16:13:31 [E780.E780_IF_FILE_ATTACHMENT (Part 2)] Migrated 587 rows.
2026-01-13 16:13:31 [E780.E780_IF_FILE_ATTACHMENT (Part 3)] Migrated 622 rows.
2026-01-13 16:13:31 [E780.E780_IF_FILE_ATTACHMENT (Part 2)] Migrated 588 rows.
2026-01-13 16:13:31 [E780.E780_IF_FILE_ATTACHMENT (Part 4)] Migrated 637 rows.
2026-01-13 16:13:31 [E780.E780_IF_FILE_ATTACHMENT (Part 1)] Migrated 1,207 rows.
2026-01-13 16:13:31 [E780.E780_IF_FILE_ATTACHMENT (Part 2)] Migrated 589 rows.
2026-01-13 16:13:31 [E780.E780_IF_FILE_ATTACHMENT (Part 4)] Migrated 638 rows.
2026-01-13 16:13:32 [E780.E780_IF_FILE_ATTACHMENT (Part 2)] Migrated 590 rows.
2026-01-13 16:13:32 [E780.E780_IF_FILE_ATTACHMENT (Part 3)] Migrated 623 rows.
2026-01-13 16:13:32 [E780.E780_IF_FILE_ATTACHMENT (Part 1)] Migrated 1,208 rows.
2026-01-13 16:13:32 [E780.E780_IF_FILE_ATTACHMENT (Part 4)] Migrated 639 rows.
2026-01-13 16:13:32 [E780.E780_IF_FILE_ATTACHMENT (Part 3)] Migrated 624 rows.
2026-01-13 16:13:32 [E780.E780_IF_FILE_ATTACHMENT (Part 1)] Migrated 1,209 rows.
2026-01-13 16:13:32 [E780.E780_IF_FILE_ATTACHMENT (Part 4)] Migrated 640 rows.
2026-01-13 16:13:32 [E780.E780_IF_FILE_ATTACHMENT (Part 3)] Migrated 625 rows.
2026-01-13 16:13:32 [E780.E780_IF_FILE_ATTACHMENT (Part 3)] Migrated 626 rows.
2026-01-13 16:13:32 [E780.E780_IF_FILE_ATTACHMENT (Part 1)] Migrated 1,210 rows.
2026-01-13 16:13:32 [E780.E780_IF_FILE_ATTACHMENT (Part 2)] Migrated 591 rows.
2026-01-13 16:13:32 [E780.E780_IF_FILE_ATTACHMENT (Part 3)] Migrated 627 rows.
2026-01-13 16:13:32 [E780.E780_IF_FILE_ATTACHMENT (Part 2)] Migrated 592 rows.
2026-01-13 16:13:32 [E780.E780_IF_FILE_ATTACHMENT (Part 4)] Migrated 641 rows.
2026-01-13 16:13:32 [E780.E780_IF_FILE_ATTACHMENT (Part 3)] Migrated 628 rows.
2026-01-13 16:13:32 [E780.E780_IF_FILE_ATTACHMENT (Part 4)] Migrated 642 rows.
2026-01-13 16:13:32 [E780.E780_IF_FILE_ATTACHMENT (Part 3)] Migrated 629 rows.
2026-01-13 16:13:32 [E780.E780_IF_FILE_ATTACHMENT (Part 1)] Migrated 1,211 rows.
2026-01-13 16:13:32 [E780.E780_IF_FILE_ATTACHMENT (Part 2)] Migrated 593 rows.
2026-01-13 16:13:32 [E780.E780_IF_FILE_ATTACHMENT (Part 3)] Migrated 630 rows.
2026-01-13 16:13:32 [E780.E780_IF_FILE_ATTACHMENT (Part 1)] Migrated 1,212 rows.
2026-01-13 16:13:32 [E780.E780_IF_FILE_ATTACHMENT (Part 3)] Migrated 631 rows.
2026-01-13 16:13:32 [E780.E780_IF_FILE_ATTACHMENT (Part 2)] Migrated 594 rows.
2026-01-13 16:13:32 [E780.E780_IF_FILE_ATTACHMENT (Part 3)] Migrated 632 rows.
2026-01-13 16:13:32 [E780.E780_IF_FILE_ATTACHMENT (Part 1)] Migrated 1,213 rows.
2026-01-13 16:13:32 [E780.E780_IF_FILE_ATTACHMENT (Part 2)] Migrated 595 rows.
2026-01-13 16:13:32 [E780.E780_IF_FILE_ATTACHMENT (Part 3)] Migrated 633 rows.
2026-01-13 16:13:32 [E780.E780_IF_FILE_ATTACHMENT (Part 1)] Migrated 1,214 rows.
2026-01-13 16:13:32 [E780.E780_IF_FILE_ATTACHMENT (Part 2)] Migrated 596 rows.
2026-01-13 16:13:32 [E780.E780_IF_FILE_ATTACHMENT (Part 3)] Migrated 634 rows.
2026-01-13 16:13:32 [E780.E780_IF_FILE_ATTACHMENT (Part 4)] Migrated 643 rows.
2026-01-13 16:13:32 [E780.E780_IF_FILE_ATTACHMENT (Part 2)] Migrated 597 rows.
2026-01-13 16:13:32 [E780.E780_IF_FILE_ATTACHMENT (Part 1)] Migrated 1,215 rows.
2026-01-13 16:13:32 [E780.E780_IF_FILE_ATTACHMENT (Part 3)] Migrated 635 rows.
2026-01-13 16:13:32 [E780.E780_IF_FILE_ATTACHMENT (Part 4)] Migrated 644 rows.
2026-01-13 16:13:32 [E780.E780_IF_FILE_ATTACHMENT (Part 2)] Migrated 598 rows.
2026-01-13 16:13:32 [E780.E780_IF_FILE_ATTACHMENT (Part 1)] Migrated 1,216 rows.
2026-01-13 16:13:32 [E780.E780_IF_FILE_ATTACHMENT (Part 4)] Migrated 645 rows.
2026-01-13 16:13:32 [E780.E780_IF_FILE_ATTACHMENT (Part 1)] Migrated 1,217 rows.
2026-01-13 16:13:32 [E780.E780_IF_FILE_ATTACHMENT (Part 2)] Migrated 599 rows.
2026-01-13 16:13:32 [E780.E780_IF_FILE_ATTACHMENT (Part 1)] Migrated 1,218 rows.
2026-01-13 16:13:32 [E780.E780_IF_FILE_ATTACHMENT (Part 3)] Migrated 636 rows.
2026-01-13 16:13:32 [E780.E780_IF_FILE_ATTACHMENT (Part 4)] Migrated 646 rows.
2026-01-13 16:13:32 [E780.E780_IF_FILE_ATTACHMENT (Part 3)] Migrated 637 rows.
2026-01-13 16:13:32 [E780.E780_IF_FILE_ATTACHMENT (Part 4)] Migrated 647 rows.
2026-01-13 16:13:32 [E780.E780_IF_FILE_ATTACHMENT (Part 1)] Migrated 1,219 rows.
2026-01-13 16:13:32 [E780.E780_IF_FILE_ATTACHMENT (Part 2)] Migrated 600 rows.
2026-01-13 16:13:32 [E780.E780_IF_FILE_ATTACHMENT (Part 3)] Migrated 638 rows.
2026-01-13 16:13:33 [E780.E780_IF_FILE_ATTACHMENT (Part 4)] Migrated 648 rows.
2026-01-13 16:13:33 [E780.E780_IF_FILE_ATTACHMENT (Part 2)] Migrated 601 rows.
2026-01-13 16:13:33 [E780.E780_IF_FILE_ATTACHMENT (Part 4)] Migrated 649 rows.
2026-01-13 16:13:33 [E780.E780_IF_FILE_ATTACHMENT (Part 3)] Migrated 639 rows.
2026-01-13 16:13:33 [E780.E780_IF_FILE_ATTACHMENT (Part 2)] Migrated 602 rows.
2026-01-13 16:13:33 [E780.E780_IF_FILE_ATTACHMENT (Part 1)] Migrated 1,220 rows.
2026-01-13 16:13:33 [E780.E780_IF_FILE_ATTACHMENT (Part 1)] Migrated 1,221 rows.
2026-01-13 16:13:33 [E780.E780_IF_FILE_ATTACHMENT (Part 3)] Migrated 640 rows.
2026-01-13 16:13:33 [E780.E780_IF_FILE_ATTACHMENT (Part 4)] Migrated 650 rows.
2026-01-13 16:13:33 [E780.E780_IF_FILE_ATTACHMENT (Part 1)] Migrated 1,222 rows.
2026-01-13 16:13:33 [E780.E780_IF_FILE_ATTACHMENT (Part 2)] Migrated 603 rows.
2026-01-13 16:13:33 [E780.E780_IF_FILE_ATTACHMENT (Part 1)] Migrated 1,223 rows.
2026-01-13 16:13:33 [E780.E780_IF_FILE_ATTACHMENT (Part 4)] Migrated 651 rows.
2026-01-13 16:13:33 [E780.E780_IF_FILE_ATTACHMENT (Part 1)] Migrated 1,224 rows.
2026-01-13 16:13:33 [E780.E780_IF_FILE_ATTACHMENT (Part 2)] Migrated 604 rows.
2026-01-13 16:13:33 [E780.E780_IF_FILE_ATTACHMENT (Part 3)] Migrated 641 rows.
2026-01-13 16:13:33 [E780.E780_IF_FILE_ATTACHMENT (Part 2)] Migrated 605 rows.
2026-01-13 16:13:33 [E780.E780_IF_FILE_ATTACHMENT (Part 2)] Migrated 606 rows.
2026-01-13 16:13:33 [E780.E780_IF_FILE_ATTACHMENT (Part 2)] Migrated 607 rows.
2026-01-13 16:13:33 [E780.E780_IF_FILE_ATTACHMENT (Part 1)] Migrated 1,225 rows.
2026-01-13 16:13:33 [E780.E780_IF_FILE_ATTACHMENT (Part 2)] Migrated 608 rows.
2026-01-13 16:13:33 [E780.E780_IF_FILE_ATTACHMENT (Part 2)] Migrated 609 rows.
2026-01-13 16:13:33 [E780.E780_IF_FILE_ATTACHMENT (Part 3)] Migrated 642 rows.
2026-01-13 16:13:33 [E780.E780_IF_FILE_ATTACHMENT (Part 1)] Migrated 1,226 rows.
2026-01-13 16:13:33 [E780.E780_IF_FILE_ATTACHMENT (Part 4)] Migrated 652 rows.
2026-01-13 16:13:33 [E780.E780_IF_FILE_ATTACHMENT (Part 2)] Migrated 610 rows.
2026-01-13 16:13:33 [E780.E780_IF_FILE_ATTACHMENT (Part 4)] Migrated 653 rows.
2026-01-13 16:13:33 [E780.E780_IF_FILE_ATTACHMENT (Part 2)] Migrated 611 rows.
2026-01-13 16:13:33 [E780.E780_IF_FILE_ATTACHMENT (Part 1)] Migrated 1,227 rows.
2026-01-13 16:13:33 [E780.E780_IF_FILE_ATTACHMENT (Part 2)] Migrated 612 rows.
2026-01-13 16:13:33 [E780.E780_IF_FILE_ATTACHMENT (Part 4)] Migrated 654 rows.
2026-01-13 16:13:33 [E780.E780_IF_FILE_ATTACHMENT (Part 1)] Migrated 1,228 rows.
2026-01-13 16:13:33 [E780.E780_IF_FILE_ATTACHMENT (Part 3)] Migrated 643 rows.
2026-01-13 16:13:33 [E780.E780_IF_FILE_ATTACHMENT (Part 4)] Migrated 655 rows.
2026-01-13 16:13:33 [E780.E780_IF_FILE_ATTACHMENT (Part 2)] Migrated 613 rows.
2026-01-13 16:13:33 [E780.E780_IF_FILE_ATTACHMENT (Part 4)] Migrated 656 rows.
2026-01-13 16:13:33 [E780.E780_IF_FILE_ATTACHMENT (Part 2)] Migrated 614 rows.
2026-01-13 16:13:33 [E780.E780_IF_FILE_ATTACHMENT (Part 1)] Migrated 1,229 rows.
2026-01-13 16:13:33 [E780.E780_IF_FILE_ATTACHMENT (Part 1)] Migrated 1,230 rows.
2026-01-13 16:13:33 [E780.E780_IF_FILE_ATTACHMENT (Part 4)] Migrated 657 rows.
2026-01-13 16:13:33 [E780.E780_IF_FILE_ATTACHMENT (Part 2)] Migrated 615 rows.
2026-01-13 16:13:33 [E780.E780_IF_FILE_ATTACHMENT (Part 1)] Migrated 1,231 rows.
2026-01-13 16:13:33 [E780.E780_IF_FILE_ATTACHMENT (Part 4)] Migrated 658 rows.
2026-01-13 16:13:33 [E780.E780_IF_FILE_ATTACHMENT (Part 1)] Migrated 1,232 rows.
2026-01-13 16:13:33 [E780.E780_IF_FILE_ATTACHMENT (Part 2)] Migrated 616 rows.
2026-01-13 16:13:33 [E780.E780_IF_FILE_ATTACHMENT (Part 3)] Migrated 644 rows.
2026-01-13 16:13:33 [E780.E780_IF_FILE_ATTACHMENT (Part 1)] Migrated 1,233 rows.
2026-01-13 16:13:33 [E780.E780_IF_FILE_ATTACHMENT (Part 4)] Migrated 659 rows.
2026-01-13 16:13:33 [E780.E780_IF_FILE_ATTACHMENT (Part 1)] Migrated 1,234 rows.
2026-01-13 16:13:33 [E780.E780_IF_FILE_ATTACHMENT (Part 4)] Migrated 660 rows.
2026-01-13 16:13:33 [E780.E780_IF_FILE_ATTACHMENT (Part 4)] Migrated 661 rows.
2026-01-13 16:13:33 [E780.E780_IF_FILE_ATTACHMENT (Part 1)] Migrated 1,235 rows.
2026-01-13 16:13:34 [E780.E780_IF_FILE_ATTACHMENT (Part 1)] Migrated 1,236 rows.
2026-01-13 16:13:34 [E780.E780_IF_FILE_ATTACHMENT (Part 4)] Migrated 662 rows.
2026-01-13 16:13:34 [E780.E780_IF_FILE_ATTACHMENT (Part 3)] Migrated 645 rows.
2026-01-13 16:13:34 [E780.E780_IF_FILE_ATTACHMENT (Part 1)] Migrated 1,237 rows.
2026-01-13 16:13:34 [E780.E780_IF_FILE_ATTACHMENT (Part 4)] Migrated 663 rows.
2026-01-13 16:13:34 [E780.E780_IF_FILE_ATTACHMENT (Part 4)] Migrated 664 rows.
2026-01-13 16:13:34 [E780.E780_IF_FILE_ATTACHMENT (Part 1)] Migrated 1,238 rows.
2026-01-13 16:13:34 [E780.E780_IF_FILE_ATTACHMENT (Part 2)] Migrated 617 rows.
2026-01-13 16:13:34 [E780.E780_IF_FILE_ATTACHMENT (Part 1)] Migrated 1,239 rows.
2026-01-13 16:13:34 [E780.E780_IF_FILE_ATTACHMENT (Part 3)] Migrated 646 rows.
2026-01-13 16:13:34 [E780.E780_IF_FILE_ATTACHMENT (Part 1)] Migrated 1,240 rows.
2026-01-13 16:13:34 [E780.E780_IF_FILE_ATTACHMENT (Part 1)] Migrated 1,241 rows.
2026-01-13 16:13:34 [E780.E780_IF_FILE_ATTACHMENT (Part 3)] Migrated 647 rows.
2026-01-13 16:13:34 [E780.E780_IF_FILE_ATTACHMENT (Part 1)] Migrated 1,242 rows.
2026-01-13 16:13:34 [E780.E780_IF_FILE_ATTACHMENT (Part 4)] Migrated 665 rows.
2026-01-13 16:13:34 [E780.E780_IF_FILE_ATTACHMENT (Part 2)] Migrated 618 rows.
2026-01-13 16:13:34 [E780.E780_IF_FILE_ATTACHMENT (Part 1)] Migrated 1,243 rows.
2026-01-13 16:13:34 [E780.E780_IF_FILE_ATTACHMENT (Part 3)] Migrated 648 rows.
2026-01-13 16:13:34 [E780.E780_IF_FILE_ATTACHMENT (Part 4)] Migrated 666 rows.
2026-01-13 16:13:34 [E780.E780_IF_FILE_ATTACHMENT (Part 1)] Migrated 1,244 rows.
2026-01-13 16:13:34 [E780.E780_IF_FILE_ATTACHMENT (Part 1)] Migrated 1,245 rows.
2026-01-13 16:13:34 [E780.E780_IF_FILE_ATTACHMENT (Part 3)] Migrated 649 rows.
2026-01-13 16:13:34 [E780.E780_IF_FILE_ATTACHMENT (Part 1)] Migrated 1,246 rows.
2026-01-13 16:13:34 [E780.E780_IF_FILE_ATTACHMENT (Part 3)] Migrated 650 rows.
2026-01-13 16:13:34 [E780.E780_IF_FILE_ATTACHMENT (Part 1)] Migrated 1,247 rows.
2026-01-13 16:13:34 [E780.E780_IF_FILE_ATTACHMENT (Part 4)] Migrated 667 rows.
2026-01-13 16:13:34 [E780.E780_IF_FILE_ATTACHMENT (Part 2)] Migrated 619 rows.
2026-01-13 16:13:34 [E780.E780_IF_FILE_ATTACHMENT (Part 3)] Migrated 651 rows.
2026-01-13 16:13:34 [E780.E780_IF_FILE_ATTACHMENT (Part 1)] Migrated 1,248 rows.
2026-01-13 16:13:34 [E780.E780_IF_FILE_ATTACHMENT (Part 2)] Migrated 620 rows.
2026-01-13 16:13:34 [E780.E780_IF_FILE_ATTACHMENT (Part 1)] Migrated 1,249 rows.
2026-01-13 16:13:34 [E780.E780_IF_FILE_ATTACHMENT (Part 4)] Migrated 668 rows.
2026-01-13 16:13:34 [E780.E780_IF_FILE_ATTACHMENT (Part 1)] Migrated 1,250 rows.
2026-01-13 16:13:34 [E780.E780_IF_FILE_ATTACHMENT (Part 1)] Migrated 1,251 rows.
2026-01-13 16:13:34 [E780.E780_IF_FILE_ATTACHMENT (Part 3)] Migrated 652 rows.
2026-01-13 16:13:34 [E780.E780_IF_FILE_ATTACHMENT (Part 4)] Migrated 669 rows.
2026-01-13 16:13:34 [E780.E780_IF_FILE_ATTACHMENT (Part 1)] Migrated 1,252 rows.
2026-01-13 16:13:34 [E780.E780_IF_FILE_ATTACHMENT (Part 4)] Migrated 670 rows.
2026-01-13 16:13:34 [E780.E780_IF_FILE_ATTACHMENT (Part 1)] Migrated 1,253 rows.
2026-01-13 16:13:34 [E780.E780_IF_FILE_ATTACHMENT (Part 1)] Migrated 1,254 rows.
2026-01-13 16:13:34 [E780.E780_IF_FILE_ATTACHMENT (Part 3)] Migrated 653 rows.
2026-01-13 16:13:34 [E780.E780_IF_FILE_ATTACHMENT (Part 2)] Migrated 621 rows.
2026-01-13 16:13:34 [E780.E780_IF_FILE_ATTACHMENT (Part 1)] Migrated 1,255 rows.
2026-01-13 16:13:34 [E780.E780_IF_FILE_ATTACHMENT (Part 1)] Migrated 1,256 rows.
2026-01-13 16:13:34 [E780.E780_IF_FILE_ATTACHMENT (Part 1)] Migrated 1,257 rows.
2026-01-13 16:13:35 [E780.E780_IF_FILE_ATTACHMENT (Part 4)] Migrated 671 rows.
2026-01-13 16:13:35 [E780.E780_IF_FILE_ATTACHMENT (Part 2)] Migrated 622 rows.
2026-01-13 16:13:35 [E780.E780_IF_FILE_ATTACHMENT (Part 1)] Migrated 1,258 rows.
2026-01-13 16:13:35 [E780.E780_IF_FILE_ATTACHMENT (Part 1)] Migrated 1,259 rows.
2026-01-13 16:13:35 [E780.E780_IF_FILE_ATTACHMENT (Part 4)] Migrated 672 rows.
2026-01-13 16:13:35 [E780.E780_IF_FILE_ATTACHMENT (Part 1)] Migrated 1,260 rows.
2026-01-13 16:13:35 [E780.E780_IF_FILE_ATTACHMENT (Part 1)] Migrated 1,261 rows.
2026-01-13 16:13:35 [E780.E780_IF_FILE_ATTACHMENT (Part 4)] Migrated 673 rows.
2026-01-13 16:13:35 [E780.E780_IF_FILE_ATTACHMENT (Part 1)] Migrated 1,262 rows.
2026-01-13 16:13:35 [E780.E780_IF_FILE_ATTACHMENT (Part 4)] Migrated 674 rows.
2026-01-13 16:13:35 [E780.E780_IF_FILE_ATTACHMENT (Part 1)] Migrated 1,263 rows.
2026-01-13 16:13:35 [E780.E780_IF_FILE_ATTACHMENT (Part 1)] Migrated 1,264 rows.
2026-01-13 16:13:35 [E780.E780_IF_FILE_ATTACHMENT (Part 3)] Migrated 654 rows.
2026-01-13 16:13:35 [E780.E780_IF_FILE_ATTACHMENT (Part 1)] Migrated 1,265 rows.
2026-01-13 16:13:35 [E780.E780_IF_FILE_ATTACHMENT (Part 2)] Migrated 623 rows.
2026-01-13 16:13:35 [E780.E780_IF_FILE_ATTACHMENT (Part 1)] Migrated 1,266 rows.
2026-01-13 16:13:35 [E780.E780_IF_FILE_ATTACHMENT (Part 4)] Migrated 675 rows.
2026-01-13 16:13:35 [E780.E780_IF_FILE_ATTACHMENT (Part 1)] Migrated 1,267 rows.
2026-01-13 16:13:35 [E780.E780_IF_FILE_ATTACHMENT (Part 4)] Migrated 676 rows.
2026-01-13 16:13:35 [E780.E780_IF_FILE_ATTACHMENT (Part 1)] Migrated 1,268 rows.
2026-01-13 16:13:35 [E780.E780_IF_FILE_ATTACHMENT (Part 2)] Migrated 624 rows.
2026-01-13 16:13:35 [E780.E780_IF_FILE_ATTACHMENT (Part 3)] Migrated 655 rows.
2026-01-13 16:13:35 [E780.E780_IF_FILE_ATTACHMENT (Part 4)] Migrated 677 rows.
2026-01-13 16:13:35 [E780.E780_IF_FILE_ATTACHMENT (Part 1)] Migrated 1,269 rows.
2026-01-13 16:13:35 [E780.E780_IF_FILE_ATTACHMENT (Part 4)] Migrated 678 rows.
2026-01-13 16:13:35 [E780.E780_IF_FILE_ATTACHMENT (Part 1)] Migrated 1,270 rows.
2026-01-13 16:13:35 [E780.E780_IF_FILE_ATTACHMENT (Part 4)] Migrated 679 rows.
2026-01-13 16:13:35 [E780.E780_IF_FILE_ATTACHMENT (Part 1)] Migrated 1,271 rows.
2026-01-13 16:13:35 [E780.E780_IF_FILE_ATTACHMENT (Part 4)] Migrated 680 rows.
2026-01-13 16:13:35 [E780.E780_IF_FILE_ATTACHMENT (Part 1)] Migrated 1,272 rows.
2026-01-13 16:13:35 [E780.E780_IF_FILE_ATTACHMENT (Part 4)] Migrated 681 rows.
2026-01-13 16:13:35 [E780.E780_IF_FILE_ATTACHMENT (Part 1)] Migrated 1,273 rows.
2026-01-13 16:13:35 [E780.E780_IF_FILE_ATTACHMENT (Part 4)] Migrated 682 rows.
2026-01-13 16:13:35 [E780.E780_IF_FILE_ATTACHMENT (Part 1)] Migrated 1,274 rows.
2026-01-13 16:13:35 [E780.E780_IF_FILE_ATTACHMENT (Part 1)] Migrated 1,275 rows.
2026-01-13 16:13:35 [E780.E780_IF_FILE_ATTACHMENT (Part 4)] Migrated 683 rows.
2026-01-13 16:13:35 [E780.E780_IF_FILE_ATTACHMENT (Part 1)] Migrated 1,276 rows.
2026-01-13 16:13:35 [E780.E780_IF_FILE_ATTACHMENT (Part 4)] Migrated 684 rows.
2026-01-13 16:13:35 [E780.E780_IF_FILE_ATTACHMENT (Part 4)] Migrated 685 rows.
2026-01-13 16:13:35 [E780.E780_IF_FILE_ATTACHMENT (Part 1)] Migrated 1,277 rows.
2026-01-13 16:13:35 [E780.E780_IF_FILE_ATTACHMENT (Part 4)] Migrated 686 rows.
2026-01-13 16:13:35 [E780.E780_IF_FILE_ATTACHMENT (Part 3)] Migrated 656 rows.
2026-01-13 16:13:35 [E780.E780_IF_FILE_ATTACHMENT (Part 4)] Migrated 687 rows.
2026-01-13 16:13:35 [E780.E780_IF_FILE_ATTACHMENT (Part 1)] Migrated 1,278 rows.
2026-01-13 16:13:35 [E780.E780_IF_FILE_ATTACHMENT (Part 4)] Migrated 688 rows.
2026-01-13 16:13:35 [E780.E780_IF_FILE_ATTACHMENT (Part 1)] Migrated 1,279 rows.
2026-01-13 16:13:35 [E780.E780_IF_FILE_ATTACHMENT (Part 1)] Migrated 1,280 rows.
2026-01-13 16:13:36 [E780.E780_IF_FILE_ATTACHMENT (Part 1)] Migrated 1,281 rows.
2026-01-13 16:13:36 [E780.E780_IF_FILE_ATTACHMENT (Part 1)] Migrated 1,282 rows.
2026-01-13 16:13:36 [E780.E780_IF_FILE_ATTACHMENT (Part 2)] Migrated 625 rows.
2026-01-13 16:13:36 [E780.E780_IF_FILE_ATTACHMENT (Part 3)] Migrated 657 rows.
2026-01-13 16:13:36 [E780.E780_IF_FILE_ATTACHMENT (Part 1)] Migrated 1,283 rows.
2026-01-13 16:13:36 [E780.E780_IF_FILE_ATTACHMENT (Part 4)] Migrated 689 rows.
2026-01-13 16:13:36 [E780.E780_IF_FILE_ATTACHMENT (Part 3)] Migrated 658 rows.
2026-01-13 16:13:36 [E780.E780_IF_FILE_ATTACHMENT (Part 4)] Migrated 690 rows.
2026-01-13 16:13:36 [E780.E780_IF_FILE_ATTACHMENT (Part 1)] Migrated 1,284 rows.
2026-01-13 16:13:36 [E780.E780_IF_FILE_ATTACHMENT (Part 3)] Migrated 659 rows.
2026-01-13 16:13:36 [E780.E780_IF_FILE_ATTACHMENT (Part 1)] Migrated 1,285 rows.
2026-01-13 16:13:36 [E780.E780_IF_FILE_ATTACHMENT (Part 4)] Migrated 691 rows.
2026-01-13 16:13:36 [E780.E780_IF_FILE_ATTACHMENT (Part 3)] Migrated 660 rows.
2026-01-13 16:13:36 [E780.E780_IF_FILE_ATTACHMENT (Part 4)] Migrated 692 rows.
2026-01-13 16:13:36 [E780.E780_IF_FILE_ATTACHMENT (Part 1)] Migrated 1,286 rows.
2026-01-13 16:13:36 [E780.E780_IF_FILE_ATTACHMENT (Part 4)] Migrated 693 rows.
2026-01-13 16:13:36 [E780.E780_IF_FILE_ATTACHMENT (Part 3)] Migrated 661 rows.
2026-01-13 16:13:36 [E780.E780_IF_FILE_ATTACHMENT (Part 1)] Migrated 1,287 rows.
2026-01-13 16:13:36 [E780.E780_IF_FILE_ATTACHMENT (Part 4)] Migrated 694 rows.
2026-01-13 16:13:37 [E780.E780_IF_FILE_ATTACHMENT (Part 4)] Migrated 695 rows.
2026-01-13 16:13:37 [E780.E780_IF_FILE_ATTACHMENT (Part 1)] Migrated 1,288 rows.
2026-01-13 16:13:37 [E780.E780_IF_FILE_ATTACHMENT (Part 3)] Migrated 662 rows.
2026-01-13 16:13:37 [E780.E780_IF_FILE_ATTACHMENT (Part 4)] Migrated 696 rows.
2026-01-13 16:13:37 [E780.E780_IF_FILE_ATTACHMENT (Part 4)] Migrated 697 rows.
2026-01-13 16:13:37 [E780.E780_IF_FILE_ATTACHMENT (Part 2)] Migrated 626 rows.
2026-01-13 16:13:37 [E780.E780_IF_FILE_ATTACHMENT (Part 4)] Migrated 698 rows.
2026-01-13 16:13:37 [E780.E780_IF_FILE_ATTACHMENT (Part 1)] Migrated 1,289 rows.
2026-01-13 16:13:37 [E780.E780_IF_FILE_ATTACHMENT (Part 3)] Migrated 663 rows.
2026-01-13 16:13:37 [E780.E780_IF_FILE_ATTACHMENT (Part 2)] Migrated 627 rows.
2026-01-13 16:13:37 [E780.E780_IF_FILE_ATTACHMENT (Part 4)] Migrated 699 rows.
2026-01-13 16:13:37 [E780.E780_IF_FILE_ATTACHMENT (Part 1)] Migrated 1,290 rows.
2026-01-13 16:13:37 [E780.E780_IF_FILE_ATTACHMENT (Part 4)] Migrated 700 rows.
2026-01-13 16:13:37 [E780.E780_IF_FILE_ATTACHMENT (Part 2)] Migrated 628 rows.
2026-01-13 16:13:37 [E780.E780_IF_FILE_ATTACHMENT (Part 1)] Migrated 1,291 rows.
2026-01-13 16:13:37 [E780.E780_IF_FILE_ATTACHMENT (Part 4)] Migrated 701 rows.
2026-01-13 16:13:37 [E780.E780_IF_FILE_ATTACHMENT (Part 2)] Migrated 629 rows.
2026-01-13 16:13:37 [E780.E780_IF_FILE_ATTACHMENT (Part 3)] Migrated 664 rows.
2026-01-13 16:13:37 [E780.E780_IF_FILE_ATTACHMENT (Part 1)] Migrated 1,292 rows.
2026-01-13 16:13:37 [E780.E780_IF_FILE_ATTACHMENT (Part 4)] Migrated 702 rows.
2026-01-13 16:13:37 [E780.E780_IF_FILE_ATTACHMENT (Part 2)] Migrated 630 rows.
2026-01-13 16:13:37 [E780.E780_IF_FILE_ATTACHMENT (Part 3)] Migrated 665 rows.
2026-01-13 16:13:37 [E780.E780_IF_FILE_ATTACHMENT (Part 1)] Migrated 1,293 rows.
2026-01-13 16:13:37 [E780.E780_IF_FILE_ATTACHMENT (Part 3)] Migrated 666 rows.
2026-01-13 16:13:37 [E780.E780_IF_FILE_ATTACHMENT (Part 1)] Migrated 1,294 rows.
2026-01-13 16:13:37 [E780.E780_IF_FILE_ATTACHMENT (Part 2)] Migrated 631 rows.
2026-01-13 16:13:37 [E780.E780_IF_FILE_ATTACHMENT (Part 2)] Migrated 632 rows.
2026-01-13 16:13:37 [E780.E780_IF_FILE_ATTACHMENT (Part 3)] Migrated 667 rows.
2026-01-13 16:13:37 [E780.E780_IF_FILE_ATTACHMENT (Part 2)] Migrated 633 rows.
2026-01-13 16:13:37 [E780.E780_IF_FILE_ATTACHMENT (Part 1)] Migrated 1,295 rows.
2026-01-13 16:13:37 [E780.E780_IF_FILE_ATTACHMENT (Part 4)] Migrated 703 rows.
2026-01-13 16:13:37 [E780.E780_IF_FILE_ATTACHMENT (Part 2)] Migrated 634 rows.
2026-01-13 16:13:37 [E780.E780_IF_FILE_ATTACHMENT (Part 1)] Migrated 1,296 rows.
2026-01-13 16:13:37 [E780.E780_IF_FILE_ATTACHMENT (Part 4)] Migrated 704 rows.
2026-01-13 16:13:37 [E780.E780_IF_FILE_ATTACHMENT (Part 2)] Migrated 635 rows.
2026-01-13 16:13:38 [E780.E780_IF_FILE_ATTACHMENT (Part 1)] Migrated 1,297 rows.
2026-01-13 16:13:38 [E780.E780_IF_FILE_ATTACHMENT (Part 3)] Migrated 668 rows.
2026-01-13 16:13:38 [E780.E780_IF_FILE_ATTACHMENT (Part 1)] Migrated 1,298 rows.
2026-01-13 16:13:38 [E780.E780_IF_FILE_ATTACHMENT (Part 4)] Migrated 705 rows.
2026-01-13 16:13:38 [E780.E780_IF_FILE_ATTACHMENT (Part 4)] Migrated 706 rows.
2026-01-13 16:13:38 [E780.E780_IF_FILE_ATTACHMENT (Part 2)] Migrated 636 rows.
2026-01-13 16:13:38 [E780.E780_IF_FILE_ATTACHMENT (Part 1)] Migrated 1,299 rows.
2026-01-13 16:13:38 [E780.E780_IF_FILE_ATTACHMENT (Part 3)] Migrated 669 rows.
2026-01-13 16:13:38 [E780.E780_IF_FILE_ATTACHMENT (Part 2)] Migrated 637 rows.
2026-01-13 16:13:38 [E780.E780_IF_FILE_ATTACHMENT (Part 4)] Migrated 707 rows.
2026-01-13 16:13:38 [E780.E780_IF_FILE_ATTACHMENT (Part 3)] Migrated 670 rows.
2026-01-13 16:13:38 [E780.E780_IF_FILE_ATTACHMENT (Part 4)] Migrated 708 rows.
2026-01-13 16:13:38 [E780.E780_IF_FILE_ATTACHMENT (Part 1)] Migrated 1,300 rows.
2026-01-13 16:13:38 [E780.E780_IF_FILE_ATTACHMENT (Part 3)] Migrated 671 rows.
2026-01-13 16:13:38 [E780.E780_IF_FILE_ATTACHMENT (Part 4)] Migrated 709 rows.
2026-01-13 16:13:38 [E780.E780_IF_FILE_ATTACHMENT (Part 1)] Migrated 1,301 rows.
2026-01-13 16:13:38 [E780.E780_IF_FILE_ATTACHMENT (Part 2)] Migrated 638 rows.
2026-01-13 16:13:38 [E780.E780_IF_FILE_ATTACHMENT (Part 3)] Migrated 672 rows.
2026-01-13 16:13:38 [E780.E780_IF_FILE_ATTACHMENT (Part 4)] Migrated 710 rows.
2026-01-13 16:13:38 [E780.E780_IF_FILE_ATTACHMENT (Part 3)] Migrated 673 rows.
2026-01-13 16:13:38 [E780.E780_IF_FILE_ATTACHMENT (Part 1)] Migrated 1,302 rows.
2026-01-13 16:13:38 [E780.E780_IF_FILE_ATTACHMENT (Part 4)] Migrated 711 rows.
2026-01-13 16:13:38 [E780.E780_IF_FILE_ATTACHMENT (Part 2)] Migrated 639 rows.
2026-01-13 16:13:38 [E780.E780_IF_FILE_ATTACHMENT (Part 1)] Migrated 1,303 rows.
2026-01-13 16:13:38 [E780.E780_IF_FILE_ATTACHMENT (Part 3)] Migrated 674 rows.
2026-01-13 16:13:38 [E780.E780_IF_FILE_ATTACHMENT (Part 2)] Migrated 640 rows.
2026-01-13 16:13:38 [E780.E780_IF_FILE_ATTACHMENT (Part 3)] Migrated 675 rows.
2026-01-13 16:13:38 [E780.E780_IF_FILE_ATTACHMENT (Part 2)] Migrated 641 rows.
2026-01-13 16:13:38 [E780.E780_IF_FILE_ATTACHMENT (Part 2)] Migrated 642 rows.
2026-01-13 16:13:38 [E780.E780_IF_FILE_ATTACHMENT (Part 4)] Migrated 712 rows.
2026-01-13 16:13:38 [E780.E780_IF_FILE_ATTACHMENT (Part 1)] Migrated 1,304 rows.
2026-01-13 16:13:38 [E780.E780_IF_FILE_ATTACHMENT (Part 3)] Migrated 676 rows.
2026-01-13 16:13:38 [E780.E780_IF_FILE_ATTACHMENT (Part 2)] Migrated 643 rows.
2026-01-13 16:13:38 [E780.E780_IF_FILE_ATTACHMENT (Part 1)] Migrated 1,305 rows.
2026-01-13 16:13:38 [E780.E780_IF_FILE_ATTACHMENT (Part 4)] Migrated 713 rows.
2026-01-13 16:13:38 [E780.E780_IF_FILE_ATTACHMENT (Part 3)] Migrated 677 rows.
2026-01-13 16:13:39 [E780.E780_IF_FILE_ATTACHMENT (Part 4)] Migrated 714 rows.
2026-01-13 16:13:39 [E780.E780_IF_FILE_ATTACHMENT (Part 2)] Migrated 644 rows.
2026-01-13 16:13:39 [E780.E780_IF_FILE_ATTACHMENT (Part 4)] Migrated 715 rows.
2026-01-13 16:13:39 [E780.E780_IF_FILE_ATTACHMENT (Part 1)] Migrated 1,306 rows.
2026-01-13 16:13:39 [E780.E780_IF_FILE_ATTACHMENT (Part 2)] Migrated 645 rows.
2026-01-13 16:13:39 [E780.E780_IF_FILE_ATTACHMENT (Part 3)] Migrated 678 rows.
2026-01-13 16:13:39 [E780.E780_IF_FILE_ATTACHMENT (Part 4)] Migrated 716 rows.
2026-01-13 16:13:39 [E780.E780_IF_FILE_ATTACHMENT (Part 2)] Migrated 646 rows.
2026-01-13 16:13:39 [E780.E780_IF_FILE_ATTACHMENT (Part 1)] Migrated 1,307 rows.
2026-01-13 16:13:39 [E780.E780_IF_FILE_ATTACHMENT (Part 3)] Migrated 679 rows.
2026-01-13 16:13:39 [E780.E780_IF_FILE_ATTACHMENT (Part 2)] Migrated 647 rows.
2026-01-13 16:13:39 [E780.E780_IF_FILE_ATTACHMENT (Part 2)] Migrated 648 rows.
2026-01-13 16:13:39 [E780.E780_IF_FILE_ATTACHMENT (Part 4)] Migrated 717 rows.
2026-01-13 16:13:39 [E780.E780_IF_FILE_ATTACHMENT (Part 2)] Migrated 649 rows.
2026-01-13 16:13:39 [E780.E780_IF_FILE_ATTACHMENT (Part 3)] Migrated 680 rows.
2026-01-13 16:13:39 [E780.E780_IF_FILE_ATTACHMENT (Part 1)] Migrated 1,308 rows.
2026-01-13 16:13:39 [E780.E780_IF_FILE_ATTACHMENT (Part 3)] Migrated 681 rows.
2026-01-13 16:13:39 [E780.E780_IF_FILE_ATTACHMENT (Part 2)] Migrated 650 rows.
2026-01-13 16:13:39 [E780.E780_IF_FILE_ATTACHMENT (Part 1)] Migrated 1,309 rows.
2026-01-13 16:13:39 [E780.E780_IF_FILE_ATTACHMENT (Part 3)] Migrated 682 rows.
2026-01-13 16:13:39 [E780.E780_IF_FILE_ATTACHMENT (Part 2)] Migrated 651 rows.
2026-01-13 16:13:39 [E780.E780_IF_FILE_ATTACHMENT (Part 2)] Migrated 652 rows.
2026-01-13 16:13:39 [E780.E780_IF_FILE_ATTACHMENT (Part 1)] Migrated 1,310 rows.
2026-01-13 16:13:39 [E780.E780_IF_FILE_ATTACHMENT (Part 2)] Migrated 653 rows.
2026-01-13 16:13:39 [E780.E780_IF_FILE_ATTACHMENT (Part 2)] Migrated 654 rows.
2026-01-13 16:13:39 [E780.E780_IF_FILE_ATTACHMENT (Part 3)] Migrated 683 rows.
2026-01-13 16:13:39 [E780.E780_IF_FILE_ATTACHMENT (Part 2)] Migrated 655 rows.
2026-01-13 16:13:39 [E780.E780_IF_FILE_ATTACHMENT (Part 4)] Migrated 718 rows.
2026-01-13 16:13:39 [E780.E780_IF_FILE_ATTACHMENT (Part 2)] Migrated 656 rows.
2026-01-13 16:13:39 [E780.E780_IF_FILE_ATTACHMENT (Part 1)] Migrated 1,311 rows.
2026-01-13 16:13:39 [E780.E780_IF_FILE_ATTACHMENT (Part 2)] Migrated 657 rows.
2026-01-13 16:13:39 [E780.E780_IF_FILE_ATTACHMENT (Part 1)] Migrated 1,312 rows.
2026-01-13 16:13:39 [E780.E780_IF_FILE_ATTACHMENT (Part 2)] Migrated 658 rows.
2026-01-13 16:13:39 [E780.E780_IF_FILE_ATTACHMENT (Part 1)] Migrated 1,313 rows.
2026-01-13 16:13:39 [E780.E780_IF_FILE_ATTACHMENT (Part 2)] Migrated 659 rows.
2026-01-13 16:13:39 [E780.E780_IF_FILE_ATTACHMENT (Part 3)] Migrated 684 rows.
2026-01-13 16:13:39 [E780.E780_IF_FILE_ATTACHMENT (Part 1)] Migrated 1,314 rows.
2026-01-13 16:13:39 [E780.E780_IF_FILE_ATTACHMENT (Part 3)] Migrated 685 rows.
2026-01-13 16:13:39 [E780.E780_IF_FILE_ATTACHMENT (Part 2)] Migrated 660 rows.
2026-01-13 16:13:39 [E780.E780_IF_FILE_ATTACHMENT (Part 1)] Migrated 1,315 rows.
2026-01-13 16:13:39 [E780.E780_IF_FILE_ATTACHMENT (Part 3)] Migrated 686 rows.
2026-01-13 16:13:39 [E780.E780_IF_FILE_ATTACHMENT (Part 2)] Migrated 661 rows.
2026-01-13 16:13:39 [E780.E780_IF_FILE_ATTACHMENT (Part 1)] Migrated 1,316 rows.
2026-01-13 16:13:39 [E780.E780_IF_FILE_ATTACHMENT (Part 3)] Migrated 687 rows.
2026-01-13 16:13:39 [E780.E780_IF_FILE_ATTACHMENT (Part 1)] Migrated 1,317 rows.
2026-01-13 16:13:39 [E780.E780_IF_FILE_ATTACHMENT (Part 3)] Migrated 688 rows.
2026-01-13 16:13:39 [E780.E780_IF_FILE_ATTACHMENT (Part 1)] Migrated 1,318 rows.
2026-01-13 16:13:40 [E780.E780_IF_FILE_ATTACHMENT (Part 3)] Migrated 689 rows.
2026-01-13 16:13:40 [E780.E780_IF_FILE_ATTACHMENT (Part 2)] Migrated 662 rows.
2026-01-13 16:13:40 [E780.E780_IF_FILE_ATTACHMENT (Part 3)] Migrated 690 rows.
2026-01-13 16:13:40 [E780.E780_IF_FILE_ATTACHMENT (Part 4)] Migrated 719 rows.
2026-01-13 16:13:40 [E780.E780_IF_FILE_ATTACHMENT (Part 2)] Migrated 663 rows.
2026-01-13 16:13:40 [E780.E780_IF_FILE_ATTACHMENT (Part 3)] Migrated 691 rows.
2026-01-13 16:13:40 [E780.E780_IF_FILE_ATTACHMENT (Part 3)] Migrated 692 rows.
2026-01-13 16:13:40 [E780.E780_IF_FILE_ATTACHMENT (Part 1)] Migrated 1,319 rows.
2026-01-13 16:13:40 [E780.E780_IF_FILE_ATTACHMENT (Part 3)] Migrated 693 rows.
2026-01-13 16:13:40 [E780.E780_IF_FILE_ATTACHMENT (Part 2)] Migrated 664 rows.
2026-01-13 16:13:40 [E780.E780_IF_FILE_ATTACHMENT (Part 1)] Migrated 1,320 rows.
2026-01-13 16:13:40 [E780.E780_IF_FILE_ATTACHMENT (Part 3)] Migrated 694 rows.
2026-01-13 16:13:40 [E780.E780_IF_FILE_ATTACHMENT (Part 1)] Migrated 1,321 rows.
2026-01-13 16:13:40 [E780.E780_IF_FILE_ATTACHMENT (Part 2)] Migrated 665 rows.
2026-01-13 16:13:40 [E780.E780_IF_FILE_ATTACHMENT (Part 3)] Migrated 695 rows.
2026-01-13 16:13:40 [E780.E780_IF_FILE_ATTACHMENT (Part 1)] Migrated 1,322 rows.
2026-01-13 16:13:40 [E780.E780_IF_FILE_ATTACHMENT (Part 2)] Migrated 666 rows.
2026-01-13 16:13:40 [E780.E780_IF_FILE_ATTACHMENT (Part 4)] Migrated 720 rows.
2026-01-13 16:13:40 [E780.E780_IF_FILE_ATTACHMENT (Part 1)] Migrated 1,323 rows.
2026-01-13 16:13:40 [E780.E780_IF_FILE_ATTACHMENT (Part 1)] Migrated 1,324 rows.
2026-01-13 16:13:40 [E780.E780_IF_FILE_ATTACHMENT (Part 3)] Migrated 696 rows.
2026-01-13 16:13:40 [E780.E780_IF_FILE_ATTACHMENT (Part 1)] Migrated 1,325 rows.
2026-01-13 16:13:40 [E780.E780_IF_FILE_ATTACHMENT (Part 2)] Migrated 667 rows.
2026-01-13 16:13:40 [E780.E780_IF_FILE_ATTACHMENT (Part 1)] Migrated 1,326 rows.
2026-01-13 16:13:40 [E780.E780_IF_FILE_ATTACHMENT (Part 3)] Migrated 697 rows.
2026-01-13 16:13:40 [E780.E780_IF_FILE_ATTACHMENT (Part 1)] Migrated 1,327 rows.
2026-01-13 16:13:40 [E780.E780_IF_FILE_ATTACHMENT (Part 2)] Migrated 668 rows.
2026-01-13 16:13:40 [E780.E780_IF_FILE_ATTACHMENT (Part 1)] Migrated 1,328 rows.
2026-01-13 16:13:40 [E780.E780_IF_FILE_ATTACHMENT (Part 1)] Migrated 1,329 rows.
2026-01-13 16:13:40 [E780.E780_IF_FILE_ATTACHMENT (Part 1)] Migrated 1,330 rows.
2026-01-13 16:13:40 [E780.E780_IF_FILE_ATTACHMENT (Part 3)] Migrated 698 rows.
2026-01-13 16:13:40 [E780.E780_IF_FILE_ATTACHMENT (Part 1)] Migrated 1,331 rows.
2026-01-13 16:13:40 [E780.E780_IF_FILE_ATTACHMENT (Part 2)] Migrated 669 rows.
2026-01-13 16:13:40 [E780.E780_IF_FILE_ATTACHMENT (Part 1)] Migrated 1,332 rows.
2026-01-13 16:13:40 [E780.E780_IF_FILE_ATTACHMENT (Part 1)] Migrated 1,333 rows.
2026-01-13 16:13:40 [E780.E780_IF_FILE_ATTACHMENT (Part 3)] Migrated 699 rows.
2026-01-13 16:13:40 [E780.E780_IF_FILE_ATTACHMENT (Part 1)] Migrated 1,334 rows.
2026-01-13 16:13:40 [E780.E780_IF_FILE_ATTACHMENT (Part 1)] Migrated 1,335 rows.
2026-01-13 16:13:40 [E780.E780_IF_FILE_ATTACHMENT (Part 3)] Migrated 700 rows.
2026-01-13 16:13:40 [E780.E780_IF_FILE_ATTACHMENT (Part 2)] Migrated 670 rows.
2026-01-13 16:13:41 [E780.E780_IF_FILE_ATTACHMENT (Part 4)] Migrated 721 rows.
2026-01-13 16:13:41 [E780.E780_IF_FILE_ATTACHMENT (Part 3)] Migrated 701 rows.
2026-01-13 16:13:41 [E780.E780_IF_FILE_ATTACHMENT (Part 1)] Migrated 1,336 rows.
2026-01-13 16:13:41 [E780.E780_IF_FILE_ATTACHMENT (Part 2)] Migrated 671 rows.
2026-01-13 16:13:41 [E780.E780_IF_FILE_ATTACHMENT (Part 1)] Migrated 1,337 rows.
2026-01-13 16:13:41 [E780.E780_IF_FILE_ATTACHMENT (Part 1)] Migrated 1,338 rows.
2026-01-13 16:13:41 [E780.E780_IF_FILE_ATTACHMENT (Part 3)] Migrated 702 rows.
2026-01-13 16:13:41 [E780.E780_IF_FILE_ATTACHMENT (Part 1)] Migrated 1,339 rows.
2026-01-13 16:13:41 [E780.E780_IF_FILE_ATTACHMENT (Part 1)] Migrated 1,340 rows.
2026-01-13 16:13:41 [E780.E780_IF_FILE_ATTACHMENT (Part 1)] Migrated 1,341 rows.
2026-01-13 16:13:41 [E780.E780_IF_FILE_ATTACHMENT (Part 2)] Migrated 672 rows.
2026-01-13 16:13:41 [E780.E780_IF_FILE_ATTACHMENT (Part 1)] Migrated 1,342 rows.
2026-01-13 16:13:41 [E780.E780_IF_FILE_ATTACHMENT (Part 3)] Migrated 703 rows.
2026-01-13 16:13:41 [E780.E780_IF_FILE_ATTACHMENT (Part 1)] Migrated 1,343 rows.
2026-01-13 16:13:41 [E780.E780_IF_FILE_ATTACHMENT (Part 2)] Migrated 673 rows.
2026-01-13 16:13:41 [E780.E780_IF_FILE_ATTACHMENT (Part 2)] Migrated 674 rows.
2026-01-13 16:13:41 [E780.E780_IF_FILE_ATTACHMENT (Part 3)] Migrated 704 rows.
2026-01-13 16:13:41 [E780.E780_IF_FILE_ATTACHMENT (Part 2)] Migrated 675 rows.
2026-01-13 16:13:41 [E780.E780_IF_FILE_ATTACHMENT (Part 1)] Migrated 1,344 rows.
2026-01-13 16:13:41 [E780.E780_IF_FILE_ATTACHMENT (Part 1)] Migrated 1,345 rows.
2026-01-13 16:13:41 [E780.E780_IF_FILE_ATTACHMENT (Part 2)] Migrated 676 rows.
2026-01-13 16:13:41 [E780.E780_IF_FILE_ATTACHMENT (Part 1)] Migrated 1,346 rows.
2026-01-13 16:13:41 [E780.E780_IF_FILE_ATTACHMENT (Part 3)] Migrated 705 rows.
2026-01-13 16:13:41 [E780.E780_IF_FILE_ATTACHMENT (Part 2)] Migrated 677 rows.
2026-01-13 16:13:41 [E780.E780_IF_FILE_ATTACHMENT (Part 1)] Migrated 1,347 rows.
2026-01-13 16:13:41 [E780.E780_IF_FILE_ATTACHMENT (Part 1)] Migrated 1,348 rows.
2026-01-13 16:13:41 [E780.E780_IF_FILE_ATTACHMENT (Part 1)] Migrated 1,349 rows.
2026-01-13 16:13:41 [E780.E780_IF_FILE_ATTACHMENT (Part 1)] Migrated 1,350 rows.
2026-01-13 16:13:41 [E780.E780_IF_FILE_ATTACHMENT (Part 1)] Migrated 1,351 rows.
2026-01-13 16:13:41 [E780.E780_IF_FILE_ATTACHMENT (Part 2)] Migrated 678 rows.
2026-01-13 16:13:41 [E780.E780_IF_FILE_ATTACHMENT (Part 1)] Migrated 1,352 rows.
2026-01-13 16:13:41 [E780.E780_IF_FILE_ATTACHMENT (Part 3)] Migrated 706 rows.
2026-01-13 16:13:41 [E780.E780_IF_FILE_ATTACHMENT (Part 2)] Migrated 679 rows.
2026-01-13 16:13:41 [E780.E780_IF_FILE_ATTACHMENT (Part 1)] Migrated 1,353 rows.
2026-01-13 16:13:41 [E780.E780_IF_FILE_ATTACHMENT (Part 2)] Migrated 680 rows.
2026-01-13 16:13:41 [E780.E780_IF_FILE_ATTACHMENT (Part 1)] Migrated 1,354 rows.
2026-01-13 16:13:41 [E780.E780_IF_FILE_ATTACHMENT (Part 3)] Migrated 707 rows.
2026-01-13 16:13:41 [E780.E780_IF_FILE_ATTACHMENT (Part 2)] Migrated 681 rows.
2026-01-13 16:13:41 [E780.E780_IF_FILE_ATTACHMENT (Part 1)] Migrated 1,355 rows.
2026-01-13 16:13:41 [E780.E780_IF_FILE_ATTACHMENT (Part 3)] Migrated 708 rows.
2026-01-13 16:13:41 [E780.E780_IF_FILE_ATTACHMENT (Part 1)] Migrated 1,356 rows.
2026-01-13 16:13:41 MTK-17000: Batch entry 0 INSERT INTO e780.E780_IF_FILE_ATTACHMENT(ID, CONTENT, FILE_NAME) VALUES (114287, ?, 'EASA AD DFP 2012-0032R1 - SB A320-57-1168_LH_5B-DDR WO 2004982 11NOV22.pdf') was aborted: ERROR: out of memory
  Detail: Failed on request of size 33554432 in memory context "MessageContext".  Call getNextException to see other errors in the batch.
DB-53200: java.sql.BatchUpdateException: Batch entry 0 INSERT INTO e780.E780_IF_FILE_ATTACHMENT(ID, CONTENT, FILE_NAME) VALUES (114287, ?, 'EASA AD DFP 2012-0032R1 - SB A320-57-1168_LH_5B-DDR WO 2004982 11NOV22.pdf') was aborted: ERROR: out of memory
  Detail: Failed on request of size 33554432 in memory context "MessageContext".  Call getNextException to see other errors in the batch.
DB-53200: com.edb.util.PSQLException: ERROR: out of memory
  Detail: Failed on request of size 33554432 in memory context "MessageContext"., Skipping Batch
2026-01-13 16:13:41 MTK-17000:ERROR: out of memory
  Detail: Failed on request of size 33554432 in memory context "MessageContext".
2026-01-13 16:13:41 Stack Trace:
com.edb.MTKException: MTK-17000: Batch entry 0 INSERT INTO e780.E780_IF_FILE_ATTACHMENT(ID, CONTENT, FILE_NAME) VALUES (114287, ?, 'EASA AD DFP 2012-0032R1 - SB A320-57-1168_LH_5B-DDR WO 2004982 11NOV22.pdf') was aborted: ERROR: out of memory
  Detail: Failed on request of size 33554432 in memory context "MessageContext".  Call getNextException to see other errors in the batch.
DB-53200: java.sql.BatchUpdateException: Batch entry 0 INSERT INTO e780.E780_IF_FILE_ATTACHMENT(ID, CONTENT, FILE_NAME) VALUES (114287, ?, 'EASA AD DFP 2012-0032R1 - SB A320-57-1168_LH_5B-DDR WO 2004982 11NOV22.pdf') was aborted: ERROR: out of memory
  Detail: Failed on request of size 33554432 in memory context "MessageContext".  Call getNextException to see other errors in the batch.
DB-53200: com.edb.util.PSQLException: ERROR: out of memory
  Detail: Failed on request of size 33554432 in memory context "MessageContext".
	at com.edb.dbhandler.enterprisedb.RedwoodBridge.setTableData(RedwoodBridge.java:426) [edb-migrationtoolkit.jar:?]
	at com.edb.DataLoader.loadDataForLoMode(DataLoader.java:1581) [edb-migrationtoolkit.jar:?]
	at com.edb.DataLoader.run(DataLoader.java:352) [edb-migrationtoolkit.jar:?]
	at java.lang.Thread.run(Thread.java:750) [?:1.8.0_462]
Caused by: java.sql.BatchUpdateException: Batch entry 0 INSERT INTO e780.E780_IF_FILE_ATTACHMENT(ID, CONTENT, FILE_NAME) VALUES (114287, ?, 'EASA AD DFP 2012-0032R1 - SB A320-57-1168_LH_5B-DDR WO 2004982 11NOV22.pdf') was aborted: ERROR: out of memory
  Detail: Failed on request of size 33554432 in memory context "MessageContext".  Call getNextException to see other errors in the batch.
	at com.edb.jdbc.BatchResultHandler.handleError(BatchResultHandler.java:167) ~[edb-jdbc18.jar:42.3.3.1]
	at com.edb.core.ResultHandlerDelegate.handleError(ResultHandlerDelegate.java:55) ~[edb-jdbc18.jar:42.3.3.1]
	at com.edb.core.v3.QueryExecutorImpl.processResults(QueryExecutorImpl.java:2459) ~[edb-jdbc18.jar:42.3.3.1]
	at com.edb.core.v3.QueryExecutorImpl.execute(QueryExecutorImpl.java:593) ~[edb-jdbc18.jar:42.3.3.1]
	at com.edb.jdbc.PgStatement.internalExecuteBatch(PgStatement.java:921) ~[edb-jdbc18.jar:42.3.3.1]
	at com.edb.jdbc.PgStatement.executeBatch(PgStatement.java:945) ~[edb-jdbc18.jar:42.3.3.1]
	at com.edb.jdbc.PgPreparedStatement.executeBatch(PgPreparedStatement.java:2030) ~[edb-jdbc18.jar:42.3.3.1]
	at com.edb.dbhandler.enterprisedb.RedwoodBridge.setTableData(RedwoodBridge.java:414) ~[edb-migrationtoolkit.jar:?]
	... 3 more
Caused by: com.edb.util.PSQLException: ERROR: out of memory
  Detail: Failed on request of size 33554432 in memory context "MessageContext".
	at com.edb.core.v3.QueryExecutorImpl.receiveErrorResponse(QueryExecutorImpl.java:2884) ~[edb-jdbc18.jar:42.3.3.1]
	at com.edb.core.v3.QueryExecutorImpl.processResults(QueryExecutorImpl.java:2458) ~[edb-jdbc18.jar:42.3.3.1]
	at com.edb.core.v3.QueryExecutorImpl.execute(QueryExecutorImpl.java:593) ~[edb-jdbc18.jar:42.3.3.1]
	at com.edb.jdbc.PgStatement.internalExecuteBatch(PgStatement.java:921) ~[edb-jdbc18.jar:42.3.3.1]
	at com.edb.jdbc.PgStatement.executeBatch(PgStatement.java:945) ~[edb-jdbc18.jar:42.3.3.1]
	at com.edb.jdbc.PgPreparedStatement.executeBatch(PgPreparedStatement.java:2030) ~[edb-jdbc18.jar:42.3.3.1]
	at com.edb.dbhandler.enterprisedb.RedwoodBridge.setTableData(RedwoodBridge.java:414) ~[edb-migrationtoolkit.jar:?]
	... 3 more
2026-01-13 16:13:41 [E780.E780_IF_FILE_ATTACHMENT (Part 1)] Migrated 1,357 rows.
2026-01-13 16:13:41 [E780.E780_IF_FILE_ATTACHMENT (Part 2)] Migrated 682 rows.
2026-01-13 16:13:41 [E780.E780_IF_FILE_ATTACHMENT (Part 4)] Migrated 723 rows.
2026-01-13 16:13:41 [E780.E780_IF_FILE_ATTACHMENT (Part 3)] Migrated 709 rows.
2026-01-13 16:13:41 [E780.E780_IF_FILE_ATTACHMENT (Part 1)] Migrated 1,358 rows.
2026-01-13 16:13:41 [E780.E780_IF_FILE_ATTACHMENT (Part 2)] Migrated 683 rows.
2026-01-13 16:13:41 [E780.E780_IF_FILE_ATTACHMENT (Part 2)] Migrated 684 rows.
2026-01-13 16:13:41 [E780.E780_IF_FILE_ATTACHMENT (Part 3)] Migrated 710 rows.
2026-01-13 16:13:42 [E780.E780_IF_FILE_ATTACHMENT (Part 1)] Migrated 1,359 rows.
2026-01-13 16:13:42 [E780.E780_IF_FILE_ATTACHMENT (Part 2)] Migrated 685 rows.
2026-01-13 16:13:42 [E780.E780_IF_FILE_ATTACHMENT (Part 1)] Migrated 1,360 rows.
2026-01-13 16:13:42 [E780.E780_IF_FILE_ATTACHMENT (Part 3)] Migrated 711 rows.
2026-01-13 16:13:42 [E780.E780_IF_FILE_ATTACHMENT (Part 1)] Migrated 1,361 rows.
2026-01-13 16:13:42 [E780.E780_IF_FILE_ATTACHMENT (Part 3)] Migrated 712 rows.
2026-01-13 16:13:42 [E780.E780_IF_FILE_ATTACHMENT (Part 1)] Migrated 1,362 rows.
2026-01-13 16:13:42 [E780.E780_IF_FILE_ATTACHMENT (Part 4)] Migrated 724 rows.
2026-01-13 16:13:42 [E780.E780_IF_FILE_ATTACHMENT (Part 1)] Migrated 1,363 rows.
2026-01-13 16:13:42 [E780.E780_IF_FILE_ATTACHMENT (Part 3)] Migrated 713 rows.
2026-01-13 16:13:42 [E780.E780_IF_FILE_ATTACHMENT (Part 4)] Migrated 725 rows.
2026-01-13 16:13:42 [E780.E780_IF_FILE_ATTACHMENT (Part 1)] Migrated 1,364 rows.
2026-01-13 16:13:42 [E780.E780_IF_FILE_ATTACHMENT (Part 2)] Migrated 686 rows.
2026-01-13 16:13:42 [E780.E780_IF_FILE_ATTACHMENT (Part 3)] Migrated 714 rows.
2026-01-13 16:13:42 [E780.E780_IF_FILE_ATTACHMENT (Part 2)] Migrated 687 rows.
2026-01-13 16:13:42 [E780.E780_IF_FILE_ATTACHMENT (Part 4)] Migrated 726 rows.
2026-01-13 16:13:42 [E780.E780_IF_FILE_ATTACHMENT (Part 2)] Migrated 688 rows.
2026-01-13 16:13:42 [E780.E780_IF_FILE_ATTACHMENT (Part 2)] Migrated 689 rows.
2026-01-13 16:13:42 [E780.E780_IF_FILE_ATTACHMENT (Part 3)] Migrated 715 rows.
2026-01-13 16:13:42 [E780.E780_IF_FILE_ATTACHMENT (Part 2)] Migrated 690 rows.
2026-01-13 16:13:42 [E780.E780_IF_FILE_ATTACHMENT (Part 1)] Migrated 1,365 rows.
2026-01-13 16:13:42 [E780.E780_IF_FILE_ATTACHMENT (Part 3)] Migrated 716 rows.
2026-01-13 16:13:42 [E780.E780_IF_FILE_ATTACHMENT (Part 4)] Migrated 727 rows.
2026-01-13 16:13:42 [E780.E780_IF_FILE_ATTACHMENT (Part 2)] Migrated 691 rows.
2026-01-13 16:13:42 [E780.E780_IF_FILE_ATTACHMENT (Part 1)] Migrated 1,366 rows.
2026-01-13 16:13:42 [E780.E780_IF_FILE_ATTACHMENT (Part 2)] Migrated 692 rows.
2026-01-13 16:13:42 [E780.E780_IF_FILE_ATTACHMENT (Part 3)] Migrated 717 rows.
2026-01-13 16:13:42 [E780.E780_IF_FILE_ATTACHMENT (Part 4)] Migrated 728 rows.
2026-01-13 16:13:42 [E780.E780_IF_FILE_ATTACHMENT (Part 1)] Migrated 1,367 rows.
2026-01-13 16:13:42 [E780.E780_IF_FILE_ATTACHMENT (Part 3)] Migrated 718 rows.
2026-01-13 16:13:42 [E780.E780_IF_FILE_ATTACHMENT (Part 1)] Migrated 1,368 rows.
2026-01-13 16:13:42 [E780.E780_IF_FILE_ATTACHMENT (Part 1)] Migrated 1,369 rows.
2026-01-13 16:13:42 [E780.E780_IF_FILE_ATTACHMENT (Part 2)] Migrated 693 rows.
2026-01-13 16:13:42 [E780.E780_IF_FILE_ATTACHMENT (Part 3)] Migrated 719 rows.
2026-01-13 16:13:42 [E780.E780_IF_FILE_ATTACHMENT (Part 1)] Migrated 1,370 rows.
2026-01-13 16:13:42 [E780.E780_IF_FILE_ATTACHMENT (Part 2)] Migrated 694 rows.
2026-01-13 16:13:42 [E780.E780_IF_FILE_ATTACHMENT (Part 1)] Migrated 1,371 rows.
2026-01-13 16:13:43 [E780.E780_IF_FILE_ATTACHMENT (Part 2)] Migrated 695 rows.
2026-01-13 16:13:43 [E780.E780_IF_FILE_ATTACHMENT (Part 3)] Migrated 720 rows.
2026-01-13 16:13:43 [E780.E780_IF_FILE_ATTACHMENT (Part 4)] Migrated 729 rows.
2026-01-13 16:13:43 [E780.E780_IF_FILE_ATTACHMENT (Part 2)] Migrated 696 rows.
2026-01-13 16:13:43 [E780.E780_IF_FILE_ATTACHMENT (Part 2)] Migrated 697 rows.
2026-01-13 16:13:43 [E780.E780_IF_FILE_ATTACHMENT (Part 1)] Migrated 1,372 rows.
2026-01-13 16:13:43 [E780.E780_IF_FILE_ATTACHMENT (Part 3)] Migrated 721 rows.
2026-01-13 16:13:43 [E780.E780_IF_FILE_ATTACHMENT (Part 2)] Migrated 698 rows.
2026-01-13 16:13:43 [E780.E780_IF_FILE_ATTACHMENT (Part 4)] Migrated 730 rows.
2026-01-13 16:13:43 [E780.E780_IF_FILE_ATTACHMENT (Part 2)] Migrated 699 rows.
2026-01-13 16:13:43 [E780.E780_IF_FILE_ATTACHMENT (Part 1)] Migrated 1,373 rows.
2026-01-13 16:13:43 [E780.E780_IF_FILE_ATTACHMENT (Part 4)] Migrated 731 rows.
2026-01-13 16:13:43 [E780.E780_IF_FILE_ATTACHMENT (Part 3)] Migrated 722 rows.
2026-01-13 16:13:43 [E780.E780_IF_FILE_ATTACHMENT (Part 2)] Migrated 700 rows.
2026-01-13 16:13:43 [E780.E780_IF_FILE_ATTACHMENT (Part 1)] Migrated 1,374 rows.
2026-01-13 16:13:43 [E780.E780_IF_FILE_ATTACHMENT (Part 4)] Migrated 732 rows.
2026-01-13 16:13:43 [E780.E780_IF_FILE_ATTACHMENT (Part 3)] Migrated 723 rows.
2026-01-13 16:13:43 [E780.E780_IF_FILE_ATTACHMENT (Part 2)] Migrated 701 rows.
2026-01-13 16:13:43 [E780.E780_IF_FILE_ATTACHMENT (Part 1)] Migrated 1,375 rows.
2026-01-13 16:13:43 [E780.E780_IF_FILE_ATTACHMENT (Part 3)] Migrated 724 rows.
2026-01-13 16:13:43 [E780.E780_IF_FILE_ATTACHMENT (Part 2)] Migrated 702 rows.
2026-01-13 16:13:43 [E780.E780_IF_FILE_ATTACHMENT (Part 1)] Migrated 1,376 rows.
2026-01-13 16:13:43 [E780.E780_IF_FILE_ATTACHMENT (Part 4)] Migrated 733 rows.
2026-01-13 16:13:43 [E780.E780_IF_FILE_ATTACHMENT (Part 3)] Migrated 725 rows.
2026-01-13 16:13:43 [E780.E780_IF_FILE_ATTACHMENT (Part 4)] Migrated 734 rows.
2026-01-13 16:13:43 [E780.E780_IF_FILE_ATTACHMENT (Part 1)] Migrated 1,377 rows.
2026-01-13 16:13:43 [E780.E780_IF_FILE_ATTACHMENT (Part 2)] Migrated 703 rows.
2026-01-13 16:13:43 [E780.E780_IF_FILE_ATTACHMENT (Part 2)] Migrated 704 rows.
2026-01-13 16:13:43 [E780.E780_IF_FILE_ATTACHMENT (Part 4)] Migrated 735 rows.
2026-01-13 16:13:43 [E780.E780_IF_FILE_ATTACHMENT (Part 3)] Migrated 726 rows.
2026-01-13 16:13:43 [E780.E780_IF_FILE_ATTACHMENT (Part 1)] Migrated 1,378 rows.
2026-01-13 16:13:43 [E780.E780_IF_FILE_ATTACHMENT (Part 3)] Migrated 727 rows.
2026-01-13 16:13:43 [E780.E780_IF_FILE_ATTACHMENT (Part 2)] Migrated 705 rows.
2026-01-13 16:13:43 [E780.E780_IF_FILE_ATTACHMENT (Part 1)] Migrated 1,379 rows.
2026-01-13 16:13:43 [E780.E780_IF_FILE_ATTACHMENT (Part 3)] Migrated 728 rows.
2026-01-13 16:13:43 [E780.E780_IF_FILE_ATTACHMENT (Part 2)] Migrated 706 rows.
2026-01-13 16:13:43 [E780.E780_IF_FILE_ATTACHMENT (Part 2)] Migrated 707 rows.
2026-01-13 16:13:43 [E780.E780_IF_FILE_ATTACHMENT (Part 2)] Migrated 708 rows.
2026-01-13 16:13:43 [E780.E780_IF_FILE_ATTACHMENT (Part 3)] Migrated 729 rows.
2026-01-13 16:13:43 [E780.E780_IF_FILE_ATTACHMENT (Part 2)] Migrated 709 rows.
2026-01-13 16:13:43 [E780.E780_IF_FILE_ATTACHMENT (Part 2)] Migrated 710 rows.
2026-01-13 16:13:43 [E780.E780_IF_FILE_ATTACHMENT (Part 2)] Migrated 711 rows.
2026-01-13 16:13:43 [E780.E780_IF_FILE_ATTACHMENT (Part 3)] Migrated 730 rows.
2026-01-13 16:13:43 [E780.E780_IF_FILE_ATTACHMENT (Part 1)] Migrated 1,380 rows.
2026-01-13 16:13:43 [E780.E780_IF_FILE_ATTACHMENT (Part 2)] Migrated 712 rows.
2026-01-13 16:13:44 [E780.E780_IF_FILE_ATTACHMENT (Part 2)] Migrated 713 rows.
2026-01-13 16:13:44 [E780.E780_IF_FILE_ATTACHMENT (Part 3)] Migrated 731 rows.
2026-01-13 16:13:44 [E780.E780_IF_FILE_ATTACHMENT (Part 2)] Migrated 714 rows.
2026-01-13 16:13:44 [E780.E780_IF_FILE_ATTACHMENT (Part 1)] Migrated 1,381 rows.
2026-01-13 16:13:44 [E780.E780_IF_FILE_ATTACHMENT (Part 2)] Migrated 715 rows.
2026-01-13 16:13:44 [E780.E780_IF_FILE_ATTACHMENT (Part 2)] Migrated 716 rows.
2026-01-13 16:13:44 [E780.E780_IF_FILE_ATTACHMENT (Part 3)] Migrated 732 rows.
2026-01-13 16:13:44 [E780.E780_IF_FILE_ATTACHMENT (Part 2)] Migrated 717 rows.
2026-01-13 16:13:44 [E780.E780_IF_FILE_ATTACHMENT (Part 2)] Migrated 718 rows.
2026-01-13 16:13:44 [E780.E780_IF_FILE_ATTACHMENT (Part 3)] Migrated 733 rows.
2026-01-13 16:13:44 [E780.E780_IF_FILE_ATTACHMENT (Part 1)] Migrated 1,382 rows.
2026-01-13 16:13:44 [E780.E780_IF_FILE_ATTACHMENT (Part 2)] Migrated 719 rows.
2026-01-13 16:13:44 [E780.E780_IF_FILE_ATTACHMENT (Part 2)] Migrated 720 rows.
2026-01-13 16:13:44 [E780.E780_IF_FILE_ATTACHMENT (Part 3)] Migrated 734 rows.
2026-01-13 16:13:44 [E780.E780_IF_FILE_ATTACHMENT (Part 1)] Migrated 1,383 rows.
2026-01-13 16:13:44 [E780.E780_IF_FILE_ATTACHMENT (Part 2)] Migrated 721 rows.
2026-01-13 16:13:44 [E780.E780_IF_FILE_ATTACHMENT (Part 3)] Migrated 735 rows.
2026-01-13 16:13:44 [E780.E780_IF_FILE_ATTACHMENT (Part 1)] Migrated 1,384 rows.
2026-01-13 16:13:44 [E780.E780_IF_FILE_ATTACHMENT (Part 2)] Migrated 722 rows.
2026-01-13 16:13:44 [E780.E780_IF_FILE_ATTACHMENT (Part 2)] Migrated 723 rows.
2026-01-13 16:13:44 [E780.E780_IF_FILE_ATTACHMENT (Part 3)] Migrated 736 rows.
2026-01-13 16:13:44 [E780.E780_IF_FILE_ATTACHMENT (Part 2)] Migrated 724 rows.
2026-01-13 16:13:44 [E780.E780_IF_FILE_ATTACHMENT (Part 1)] Migrated 1,385 rows.
2026-01-13 16:13:44 [E780.E780_IF_FILE_ATTACHMENT (Part 2)] Migrated 725 rows.
2026-01-13 16:13:44 [E780.E780_IF_FILE_ATTACHMENT (Part 3)] Migrated 737 rows.
2026-01-13 16:13:44 [E780.E780_IF_FILE_ATTACHMENT (Part 1)] Migrated 1,386 rows.
2026-01-13 16:13:44 [E780.E780_IF_FILE_ATTACHMENT (Part 2)] Migrated 726 rows.
2026-01-13 16:13:44 [E780.E780_IF_FILE_ATTACHMENT (Part 2)] Migrated 727 rows.
2026-01-13 16:13:44 [E780.E780_IF_FILE_ATTACHMENT (Part 1)] Migrated 1,387 rows.
2026-01-13 16:13:44 [E780.E780_IF_FILE_ATTACHMENT (Part 3)] Migrated 738 rows.
2026-01-13 16:13:44 [E780.E780_IF_FILE_ATTACHMENT (Part 2)] Migrated 728 rows.
2026-01-13 16:13:44 [E780.E780_IF_FILE_ATTACHMENT (Part 1)] Migrated 1,388 rows.
2026-01-13 16:13:44 [E780.E780_IF_FILE_ATTACHMENT (Part 2)] Migrated 729 rows.
2026-01-13 16:13:44 [E780.E780_IF_FILE_ATTACHMENT (Part 2)] Migrated 730 rows.
2026-01-13 16:13:44 [E780.E780_IF_FILE_ATTACHMENT (Part 3)] Migrated 739 rows.
2026-01-13 16:13:44 [E780.E780_IF_FILE_ATTACHMENT (Part 1)] Migrated 1,389 rows.
2026-01-13 16:13:44 [E780.E780_IF_FILE_ATTACHMENT (Part 2)] Migrated 731 rows.
2026-01-13 16:13:44 [E780.E780_IF_FILE_ATTACHMENT (Part 3)] Migrated 740 rows.
2026-01-13 16:13:44 [E780.E780_IF_FILE_ATTACHMENT (Part 2)] Migrated 732 rows.
2026-01-13 16:13:44 [E780.E780_IF_FILE_ATTACHMENT (Part 2)] Migrated 733 rows.
2026-01-13 16:13:44 [E780.E780_IF_FILE_ATTACHMENT (Part 2)] Migrated 734 rows.
2026-01-13 16:13:44 [E780.E780_IF_FILE_ATTACHMENT (Part 1)] Migrated 1,390 rows.
2026-01-13 16:13:44 [E780.E780_IF_FILE_ATTACHMENT (Part 2)] Migrated 735 rows.
2026-01-13 16:13:44 [E780.E780_IF_FILE_ATTACHMENT (Part 3)] Migrated 741 rows.
2026-01-13 16:13:45 [E780.E780_IF_FILE_ATTACHMENT (Part 2)] Migrated 736 rows.
2026-01-13 16:13:45 [E780.E780_IF_FILE_ATTACHMENT (Part 3)] Migrated 742 rows.
2026-01-13 16:13:45 [E780.E780_IF_FILE_ATTACHMENT (Part 3)] Migrated 743 rows.
2026-01-13 16:13:45 [E780.E780_IF_FILE_ATTACHMENT (Part 1)] Migrated 1,391 rows.
2026-01-13 16:13:45 [E780.E780_IF_FILE_ATTACHMENT (Part 2)] Migrated 737 rows.
2026-01-13 16:13:45 [E780.E780_IF_FILE_ATTACHMENT (Part 3)] Migrated 744 rows.
2026-01-13 16:13:45 [E780.E780_IF_FILE_ATTACHMENT (Part 1)] Migrated 1,392 rows.
2026-01-13 16:13:45 [E780.E780_IF_FILE_ATTACHMENT (Part 1)] Migrated 1,393 rows.
2026-01-13 16:13:45 [E780.E780_IF_FILE_ATTACHMENT (Part 3)] Migrated 745 rows.
2026-01-13 16:13:45 [E780.E780_IF_FILE_ATTACHMENT (Part 1)] Migrated 1,394 rows.
2026-01-13 16:13:45 [E780.E780_IF_FILE_ATTACHMENT (Part 3)] Migrated 746 rows.
2026-01-13 16:13:45 [E780.E780_IF_FILE_ATTACHMENT (Part 1)] Migrated 1,395 rows.
2026-01-13 16:13:45 [E780.E780_IF_FILE_ATTACHMENT (Part 2)] Migrated 738 rows.
2026-01-13 16:13:45 [E780.E780_IF_FILE_ATTACHMENT (Part 3)] Migrated 747 rows.
2026-01-13 16:13:45 [E780.E780_IF_FILE_ATTACHMENT (Part 1)] Migrated 1,396 rows.
2026-01-13 16:13:45 [E780.E780_IF_FILE_ATTACHMENT (Part 2)] Migrated 739 rows.
2026-01-13 16:13:45 [E780.E780_IF_FILE_ATTACHMENT (Part 1)] Migrated 1,397 rows.
2026-01-13 16:13:45 [E780.E780_IF_FILE_ATTACHMENT (Part 2)] Migrated 740 rows.
2026-01-13 16:13:45 [E780.E780_IF_FILE_ATTACHMENT (Part 1)] Migrated 1,398 rows.
2026-01-13 16:13:45 [E780.E780_IF_FILE_ATTACHMENT (Part 2)] Migrated 741 rows.
2026-01-13 16:13:45 [E780.E780_IF_FILE_ATTACHMENT (Part 1)] Migrated 1,399 rows.
2026-01-13 16:13:45 [E780.E780_IF_FILE_ATTACHMENT (Part 1)] Migrated 1,400 rows.
2026-01-13 16:13:45 [E780.E780_IF_FILE_ATTACHMENT (Part 2)] Migrated 742 rows.
2026-01-13 16:13:45 [E780.E780_IF_FILE_ATTACHMENT (Part 4)] Migrated 736 rows.
2026-01-13 16:13:45 [E780.E780_IF_FILE_ATTACHMENT (Part 1)] Migrated 1,401 rows.
2026-01-13 16:13:45 [E780.E780_IF_FILE_ATTACHMENT (Part 1)] Migrated 1,402 rows.
2026-01-13 16:13:45 [E780.E780_IF_FILE_ATTACHMENT (Part 4)] Migrated 737 rows.
2026-01-13 16:13:45 [E780.E780_IF_FILE_ATTACHMENT (Part 1)] Migrated 1,403 rows.
2026-01-13 16:13:45 [E780.E780_IF_FILE_ATTACHMENT (Part 4)] Migrated 738 rows.
2026-01-13 16:13:45 [E780.E780_IF_FILE_ATTACHMENT (Part 1)] Migrated 1,404 rows.
2026-01-13 16:13:46 [E780.E780_IF_FILE_ATTACHMENT (Part 4)] Migrated 739 rows.
2026-01-13 16:13:46 [E780.E780_IF_FILE_ATTACHMENT (Part 1)] Migrated 1,405 rows.
2026-01-13 16:13:46 [E780.E780_IF_FILE_ATTACHMENT (Part 4)] Migrated 740 rows.
2026-01-13 16:13:46 [E780.E780_IF_FILE_ATTACHMENT (Part 1)] Migrated 1,406 rows.
2026-01-13 16:13:46 [E780.E780_IF_FILE_ATTACHMENT (Part 4)] Migrated 741 rows.
2026-01-13 16:13:46 [E780.E780_IF_FILE_ATTACHMENT (Part 3)] Migrated 748 rows.
2026-01-13 16:13:46 [E780.E780_IF_FILE_ATTACHMENT (Part 3)] Migrated 749 rows.
2026-01-13 16:13:46 [E780.E780_IF_FILE_ATTACHMENT (Part 4)] Migrated 742 rows.
2026-01-13 16:13:46 [E780.E780_IF_FILE_ATTACHMENT (Part 1)] Migrated 1,407 rows.
2026-01-13 16:13:46 [E780.E780_IF_FILE_ATTACHMENT (Part 3)] Migrated 750 rows.
2026-01-13 16:13:46 [E780.E780_IF_FILE_ATTACHMENT (Part 4)] Migrated 743 rows.
2026-01-13 16:13:46 [E780.E780_IF_FILE_ATTACHMENT (Part 1)] Migrated 1,408 rows.
2026-01-13 16:13:46 [E780.E780_IF_FILE_ATTACHMENT (Part 3)] Migrated 751 rows.
2026-01-13 16:13:46 [E780.E780_IF_FILE_ATTACHMENT (Part 1)] Migrated 1,409 rows.
2026-01-13 16:13:46 [E780.E780_IF_FILE_ATTACHMENT (Part 2)] Migrated 743 rows.
2026-01-13 16:13:46 [E780.E780_IF_FILE_ATTACHMENT (Part 1)] Migrated 1,410 rows.
2026-01-13 16:13:46 [E780.E780_IF_FILE_ATTACHMENT (Part 4)] Migrated 744 rows.
2026-01-13 16:13:46 [E780.E780_IF_FILE_ATTACHMENT (Part 3)] Migrated 752 rows.
2026-01-13 16:13:46 [E780.E780_IF_FILE_ATTACHMENT (Part 1)] Migrated 1,411 rows.
2026-01-13 16:13:46 [E780.E780_IF_FILE_ATTACHMENT (Part 1)] Migrated 1,412 rows.
2026-01-13 16:13:46 [E780.E780_IF_FILE_ATTACHMENT (Part 4)] Migrated 745 rows.
2026-01-13 16:13:46 [E780.E780_IF_FILE_ATTACHMENT (Part 3)] Migrated 753 rows.
2026-01-13 16:13:46 [E780.E780_IF_FILE_ATTACHMENT (Part 1)] Migrated 1,413 rows.
2026-01-13 16:13:46 [E780.E780_IF_FILE_ATTACHMENT (Part 3)] Migrated 754 rows.
2026-01-13 16:13:46 [E780.E780_IF_FILE_ATTACHMENT (Part 1)] Migrated 1,414 rows.
2026-01-13 16:13:46 [E780.E780_IF_FILE_ATTACHMENT (Part 1)] Migrated 1,415 rows.
2026-01-13 16:13:46 [E780.E780_IF_FILE_ATTACHMENT (Part 3)] Migrated 755 rows.
2026-01-13 16:13:46 [E780.E780_IF_FILE_ATTACHMENT (Part 1)] Migrated 1,416 rows.
2026-01-13 16:13:46 [E780.E780_IF_FILE_ATTACHMENT (Part 3)] Migrated 756 rows.
2026-01-13 16:13:46 [E780.E780_IF_FILE_ATTACHMENT (Part 1)] Migrated 1,417 rows.
2026-01-13 16:13:46 [E780.E780_IF_FILE_ATTACHMENT (Part 3)] Migrated 757 rows.
2026-01-13 16:13:46 [E780.E780_IF_FILE_ATTACHMENT (Part 3)] Migrated 758 rows.
2026-01-13 16:13:46 [E780.E780_IF_FILE_ATTACHMENT (Part 1)] Migrated 1,418 rows.
2026-01-13 16:13:47 [E780.E780_IF_FILE_ATTACHMENT (Part 3)] Migrated 759 rows.
2026-01-13 16:13:47 [E780.E780_IF_FILE_ATTACHMENT (Part 4)] Migrated 746 rows.
2026-01-13 16:13:47 [E780.E780_IF_FILE_ATTACHMENT (Part 1)] Migrated 1,419 rows.
2026-01-13 16:13:47 [E780.E780_IF_FILE_ATTACHMENT (Part 4)] Migrated 747 rows.
2026-01-13 16:13:47 [E780.E780_IF_FILE_ATTACHMENT (Part 1)] Migrated 1,420 rows.
2026-01-13 16:13:47 [E780.E780_IF_FILE_ATTACHMENT (Part 3)] Migrated 760 rows.
2026-01-13 16:13:47 [E780.E780_IF_FILE_ATTACHMENT (Part 1)] Migrated 1,421 rows.
2026-01-13 16:13:47 [E780.E780_IF_FILE_ATTACHMENT (Part 1)] Migrated 1,422 rows.
2026-01-13 16:13:47 [E780.E780_IF_FILE_ATTACHMENT (Part 1)] Migrated 1,423 rows.
2026-01-13 16:13:47 [E780.E780_IF_FILE_ATTACHMENT (Part 1)] Migrated 1,424 rows.
2026-01-13 16:13:47 [E780.E780_IF_FILE_ATTACHMENT (Part 1)] Migrated 1,425 rows.
2026-01-13 16:13:47 [E780.E780_IF_FILE_ATTACHMENT (Part 3)] Migrated 761 rows.
2026-01-13 16:13:47 [E780.E780_IF_FILE_ATTACHMENT (Part 1)] Migrated 1,426 rows.
2026-01-13 16:13:47 [E780.E780_IF_FILE_ATTACHMENT (Part 3)] Migrated 762 rows.
2026-01-13 16:13:47 [E780.E780_IF_FILE_ATTACHMENT (Part 1)] Migrated 1,427 rows.
2026-01-13 16:13:47 [E780.E780_IF_FILE_ATTACHMENT (Part 2)] Migrated 744 rows.
2026-01-13 16:13:47 [E780.E780_IF_FILE_ATTACHMENT (Part 3)] Migrated 763 rows.
2026-01-13 16:13:47 [E780.E780_IF_FILE_ATTACHMENT (Part 1)] Migrated 1,428 rows.
2026-01-13 16:13:47 [E780.E780_IF_FILE_ATTACHMENT (Part 1)] Migrated 1,429 rows.
2026-01-13 16:13:47 [E780.E780_IF_FILE_ATTACHMENT (Part 1)] Migrated 1,430 rows.
2026-01-13 16:13:47 [E780.E780_IF_FILE_ATTACHMENT (Part 3)] Migrated 764 rows.
2026-01-13 16:13:47 [E780.E780_IF_FILE_ATTACHMENT (Part 1)] Migrated 1,431 rows.
2026-01-13 16:13:47 [E780.E780_IF_FILE_ATTACHMENT (Part 1)] Migrated 1,432 rows.
2026-01-13 16:13:47 [E780.E780_IF_FILE_ATTACHMENT (Part 3)] Migrated 765 rows.
2026-01-13 16:13:47 [E780.E780_IF_FILE_ATTACHMENT (Part 1)] Migrated 1,433 rows.
2026-01-13 16:13:47 [E780.E780_IF_FILE_ATTACHMENT (Part 1)] Migrated 1,434 rows.
2026-01-13 16:13:47 [E780.E780_IF_FILE_ATTACHMENT (Part 1)] Migrated 1,435 rows.
2026-01-13 16:13:47 [E780.E780_IF_FILE_ATTACHMENT (Part 4)] Migrated 748 rows.
2026-01-13 16:13:47 [E780.E780_IF_FILE_ATTACHMENT (Part 1)] Migrated 1,436 rows.
2026-01-13 16:13:47 [E780.E780_IF_FILE_ATTACHMENT (Part 1)] Migrated 1,437 rows.
2026-01-13 16:13:48 [E780.E780_IF_FILE_ATTACHMENT (Part 1)] Migrated 1,438 rows.
2026-01-13 16:13:48 [E780.E780_IF_FILE_ATTACHMENT (Part 4)] Migrated 749 rows.
2026-01-13 16:13:48 [E780.E780_IF_FILE_ATTACHMENT (Part 3)] Migrated 766 rows.
2026-01-13 16:13:48 [E780.E780_IF_FILE_ATTACHMENT (Part 4)] Migrated 750 rows.
2026-01-13 16:13:48 [E780.E780_IF_FILE_ATTACHMENT (Part 1)] Migrated 1,439 rows.
2026-01-13 16:13:48 [E780.E780_IF_FILE_ATTACHMENT (Part 4)] Migrated 751 rows.
2026-01-13 16:13:48 [E780.E780_IF_FILE_ATTACHMENT (Part 4)] Migrated 752 rows.
2026-01-13 16:13:48 [E780.E780_IF_FILE_ATTACHMENT (Part 1)] Migrated 1,440 rows.
2026-01-13 16:13:48 [E780.E780_IF_FILE_ATTACHMENT (Part 4)] Migrated 753 rows.
2026-01-13 16:13:48 [E780.E780_IF_FILE_ATTACHMENT (Part 4)] Migrated 754 rows.
2026-01-13 16:13:48 [E780.E780_IF_FILE_ATTACHMENT (Part 3)] Migrated 767 rows.
2026-01-13 16:13:48 [E780.E780_IF_FILE_ATTACHMENT (Part 4)] Migrated 755 rows.
2026-01-13 16:13:48 [E780.E780_IF_FILE_ATTACHMENT (Part 1)] Migrated 1,441 rows.
2026-01-13 16:13:48 MTK-17000: Batch entry 0 INSERT INTO e780.E780_IF_FILE_ATTACHMENT(ID, CONTENT, FILE_NAME) VALUES (40307, ?, 'IA330320004 9V-STQ 12122017.pdf') was aborted: ERROR: out of memory
  Detail: Failed on request of size 33554432 in memory context "ErrorContext".  Call getNextException to see other errors in the batch.
DB-53200: java.sql.BatchUpdateException: Batch entry 0 INSERT INTO e780.E780_IF_FILE_ATTACHMENT(ID, CONTENT, FILE_NAME) VALUES (40307, ?, 'IA330320004 9V-STQ 12122017.pdf') was aborted: ERROR: out of memory
  Detail: Failed on request of size 33554432 in memory context "ErrorContext".  Call getNextException to see other errors in the batch.
DB-53200: com.edb.util.PSQLException: ERROR: out of memory
  Detail: Failed on request of size 33554432 in memory context "ErrorContext"., Skipping Batch
2026-01-13 16:13:48 MTK-17000:ERROR: out of memory
  Detail: Failed on request of size 33554432 in memory context "ErrorContext".
2026-01-13 16:13:48 Stack Trace:
com.edb.MTKException: MTK-17000: Batch entry 0 INSERT INTO e780.E780_IF_FILE_ATTACHMENT(ID, CONTENT, FILE_NAME) VALUES (40307, ?, 'IA330320004 9V-STQ 12122017.pdf') was aborted: ERROR: out of memory
  Detail: Failed on request of size 33554432 in memory context "ErrorContext".  Call getNextException to see other errors in the batch.
DB-53200: java.sql.BatchUpdateException: Batch entry 0 INSERT INTO e780.E780_IF_FILE_ATTACHMENT(ID, CONTENT, FILE_NAME) VALUES (40307, ?, 'IA330320004 9V-STQ 12122017.pdf') was aborted: ERROR: out of memory
  Detail: Failed on request of size 33554432 in memory context "ErrorContext".  Call getNextException to see other errors in the batch.
DB-53200: com.edb.util.PSQLException: ERROR: out of memory
  Detail: Failed on request of size 33554432 in memory context "ErrorContext".
	at com.edb.dbhandler.enterprisedb.RedwoodBridge.setTableData(RedwoodBridge.java:426) [edb-migrationtoolkit.jar:?]
	at com.edb.DataLoader.loadDataForLoMode(DataLoader.java:1581) [edb-migrationtoolkit.jar:?]
	at com.edb.DataLoader.run(DataLoader.java:352) [edb-migrationtoolkit.jar:?]
	at java.lang.Thread.run(Thread.java:750) [?:1.8.0_462]
Caused by: java.sql.BatchUpdateException: Batch entry 0 INSERT INTO e780.E780_IF_FILE_ATTACHMENT(ID, CONTENT, FILE_NAME) VALUES (40307, ?, 'IA330320004 9V-STQ 12122017.pdf') was aborted: ERROR: out of memory
  Detail: Failed on request of size 33554432 in memory context "ErrorContext".  Call getNextException to see other errors in the batch.
	at com.edb.jdbc.BatchResultHandler.handleError(BatchResultHandler.java:167) ~[edb-jdbc18.jar:42.3.3.1]
	at com.edb.core.ResultHandlerDelegate.handleError(ResultHandlerDelegate.java:55) ~[edb-jdbc18.jar:42.3.3.1]
	at com.edb.core.v3.QueryExecutorImpl.processResults(QueryExecutorImpl.java:2459) ~[edb-jdbc18.jar:42.3.3.1]
	at com.edb.core.v3.QueryExecutorImpl.execute(QueryExecutorImpl.java:593) ~[edb-jdbc18.jar:42.3.3.1]
	at com.edb.jdbc.PgStatement.internalExecuteBatch(PgStatement.java:921) ~[edb-jdbc18.jar:42.3.3.1]
	at com.edb.jdbc.PgStatement.executeBatch(PgStatement.java:945) ~[edb-jdbc18.jar:42.3.3.1]
	at com.edb.jdbc.PgPreparedStatement.executeBatch(PgPreparedStatement.java:2030) ~[edb-jdbc18.jar:42.3.3.1]
	at com.edb.dbhandler.enterprisedb.RedwoodBridge.setTableData(RedwoodBridge.java:414) ~[edb-migrationtoolkit.jar:?]
	... 3 more
Caused by: com.edb.util.PSQLException: ERROR: out of memory
  Detail: Failed on request of size 33554432 in memory context "ErrorContext".
	at com.edb.core.v3.QueryExecutorImpl.receiveErrorResponse(QueryExecutorImpl.java:2884) ~[edb-jdbc18.jar:42.3.3.1]
	at com.edb.core.v3.QueryExecutorImpl.processResults(QueryExecutorImpl.java:2458) ~[edb-jdbc18.jar:42.3.3.1]
	at com.edb.core.v3.QueryExecutorImpl.execute(QueryExecutorImpl.java:593) ~[edb-jdbc18.jar:42.3.3.1]
	at com.edb.jdbc.PgStatement.internalExecuteBatch(PgStatement.java:921) ~[edb-jdbc18.jar:42.3.3.1]
	at com.edb.jdbc.PgStatement.executeBatch(PgStatement.java:945) ~[edb-jdbc18.jar:42.3.3.1]
	at com.edb.jdbc.PgPreparedStatement.executeBatch(PgPreparedStatement.java:2030) ~[edb-jdbc18.jar:42.3.3.1]
	at com.edb.dbhandler.enterprisedb.RedwoodBridge.setTableData(RedwoodBridge.java:414) ~[edb-migrationtoolkit.jar:?]
	... 3 more
2026-01-13 16:13:48 [E780.E780_IF_FILE_ATTACHMENT (Part 4)] Migrated 756 rows.
2026-01-13 16:13:48 [E780.E780_IF_FILE_ATTACHMENT (Part 4)] Migrated 757 rows.
2026-01-13 16:13:48 [E780.E780_IF_FILE_ATTACHMENT (Part 4)] Migrated 758 rows.
2026-01-13 16:13:48 [E780.E780_IF_FILE_ATTACHMENT (Part 1)] Migrated 1,442 rows.
2026-01-13 16:13:48 [E780.E780_IF_FILE_ATTACHMENT (Part 3)] Migrated 768 rows.
2026-01-13 16:13:48 [E780.E780_IF_FILE_ATTACHMENT (Part 4)] Migrated 759 rows.
2026-01-13 16:13:48 [E780.E780_IF_FILE_ATTACHMENT (Part 4)] Migrated 760 rows.
2026-01-13 16:13:48 [E780.E780_IF_FILE_ATTACHMENT (Part 1)] Migrated 1,443 rows.
2026-01-13 16:13:48 [E780.E780_IF_FILE_ATTACHMENT (Part 4)] Migrated 761 rows.
2026-01-13 16:13:48 [E780.E780_IF_FILE_ATTACHMENT (Part 1)] Migrated 1,444 rows.
2026-01-13 16:13:48 [E780.E780_IF_FILE_ATTACHMENT (Part 3)] Migrated 769 rows.
2026-01-13 16:13:48 [E780.E780_IF_FILE_ATTACHMENT (Part 1)] Migrated 1,445 rows.
2026-01-13 16:13:48 [E780.E780_IF_FILE_ATTACHMENT (Part 3)] Migrated 770 rows.
2026-01-13 16:13:48 [E780.E780_IF_FILE_ATTACHMENT (Part 1)] Migrated 1,446 rows.
2026-01-13 16:13:48 [E780.E780_IF_FILE_ATTACHMENT (Part 3)] Migrated 771 rows.
2026-01-13 16:13:48 [E780.E780_IF_FILE_ATTACHMENT (Part 1)] Migrated 1,447 rows.
2026-01-13 16:13:48 [E780.E780_IF_FILE_ATTACHMENT (Part 3)] Migrated 772 rows.
2026-01-13 16:13:48 [E780.E780_IF_FILE_ATTACHMENT (Part 1)] Migrated 1,448 rows.
2026-01-13 16:13:49 [E780.E780_IF_FILE_ATTACHMENT (Part 3)] Migrated 773 rows.
2026-01-13 16:13:49 [E780.E780_IF_FILE_ATTACHMENT (Part 1)] Migrated 1,449 rows.
2026-01-13 16:13:49 [E780.E780_IF_FILE_ATTACHMENT (Part 1)] Migrated 1,450 rows.
2026-01-13 16:13:49 [E780.E780_IF_FILE_ATTACHMENT (Part 3)] Migrated 774 rows.
2026-01-13 16:13:49 [E780.E780_IF_FILE_ATTACHMENT (Part 1)] Migrated 1,451 rows.
2026-01-13 16:13:49 [E780.E780_IF_FILE_ATTACHMENT (Part 2)] Migrated 746 rows.
2026-01-13 16:13:49 [E780.E780_IF_FILE_ATTACHMENT (Part 1)] Migrated 1,452 rows.
2026-01-13 16:13:49 [E780.E780_IF_FILE_ATTACHMENT (Part 3)] Migrated 775 rows.
2026-01-13 16:13:49 [E780.E780_IF_FILE_ATTACHMENT (Part 3)] Migrated 776 rows.
2026-01-13 16:13:49 [E780.E780_IF_FILE_ATTACHMENT (Part 1)] Migrated 1,453 rows.
2026-01-13 16:13:49 [E780.E780_IF_FILE_ATTACHMENT (Part 1)] Migrated 1,454 rows.
2026-01-13 16:13:49 [E780.E780_IF_FILE_ATTACHMENT (Part 1)] Migrated 1,455 rows.
2026-01-13 16:13:49 [E780.E780_IF_FILE_ATTACHMENT (Part 1)] Migrated 1,456 rows.
2026-01-13 16:13:49 [E780.E780_IF_FILE_ATTACHMENT (Part 3)] Migrated 777 rows.
2026-01-13 16:13:49 [E780.E780_IF_FILE_ATTACHMENT (Part 3)] Migrated 778 rows.
2026-01-13 16:13:49 [E780.E780_IF_FILE_ATTACHMENT (Part 3)] Migrated 779 rows.
2026-01-13 16:13:49 [E780.E780_IF_FILE_ATTACHMENT (Part 1)] Migrated 1,457 rows.
2026-01-13 16:13:49 [E780.E780_IF_FILE_ATTACHMENT (Part 3)] Migrated 780 rows.
2026-01-13 16:13:49 [E780.E780_IF_FILE_ATTACHMENT (Part 1)] Migrated 1,458 rows.
2026-01-13 16:13:49 [E780.E780_IF_FILE_ATTACHMENT (Part 2)] Migrated 747 rows.
2026-01-13 16:13:49 [E780.E780_IF_FILE_ATTACHMENT (Part 1)] Migrated 1,459 rows.
2026-01-13 16:13:49 [E780.E780_IF_FILE_ATTACHMENT (Part 3)] Migrated 781 rows.
2026-01-13 16:13:49 [E780.E780_IF_FILE_ATTACHMENT (Part 1)] Migrated 1,460 rows.
2026-01-13 16:13:49 [E780.E780_IF_FILE_ATTACHMENT (Part 1)] Migrated 1,461 rows.
2026-01-13 16:13:49 [E780.E780_IF_FILE_ATTACHMENT (Part 4)] Migrated 762 rows.
2026-01-13 16:13:49 [E780.E780_IF_FILE_ATTACHMENT (Part 1)] Migrated 1,462 rows.
2026-01-13 16:13:49 [E780.E780_IF_FILE_ATTACHMENT (Part 2)] Migrated 748 rows.
2026-01-13 16:13:49 [E780.E780_IF_FILE_ATTACHMENT (Part 2)] Migrated 749 rows.
2026-01-13 16:13:49 [E780.E780_IF_FILE_ATTACHMENT (Part 4)] Migrated 763 rows.
2026-01-13 16:13:49 [E780.E780_IF_FILE_ATTACHMENT (Part 2)] Migrated 750 rows.
2026-01-13 16:13:49 [E780.E780_IF_FILE_ATTACHMENT (Part 3)] Migrated 782 rows.
2026-01-13 16:13:49 [E780.E780_IF_FILE_ATTACHMENT (Part 2)] Migrated 751 rows.
2026-01-13 16:13:49 [E780.E780_IF_FILE_ATTACHMENT (Part 3)] Migrated 783 rows.
2026-01-13 16:13:49 [E780.E780_IF_FILE_ATTACHMENT (Part 2)] Migrated 752 rows.
2026-01-13 16:13:49 [E780.E780_IF_FILE_ATTACHMENT (Part 1)] Migrated 1,463 rows.
2026-01-13 16:13:49 [E780.E780_IF_FILE_ATTACHMENT (Part 3)] Migrated 784 rows.
2026-01-13 16:13:50 [E780.E780_IF_FILE_ATTACHMENT (Part 2)] Migrated 753 rows.
2026-01-13 16:13:50 [E780.E780_IF_FILE_ATTACHMENT (Part 1)] Migrated 1,464 rows.
2026-01-13 16:13:50 [E780.E780_IF_FILE_ATTACHMENT (Part 3)] Migrated 785 rows.
2026-01-13 16:13:50 [E780.E780_IF_FILE_ATTACHMENT (Part 3)] Migrated 786 rows.
2026-01-13 16:13:50 [E780.E780_IF_FILE_ATTACHMENT (Part 1)] Migrated 1,465 rows.
2026-01-13 16:13:50 [E780.E780_IF_FILE_ATTACHMENT (Part 1)] Migrated 1,466 rows.
2026-01-13 16:13:50 [E780.E780_IF_FILE_ATTACHMENT (Part 3)] Migrated 787 rows.
2026-01-13 16:13:50 [E780.E780_IF_FILE_ATTACHMENT (Part 1)] Migrated 1,467 rows.
2026-01-13 16:13:50 [E780.E780_IF_FILE_ATTACHMENT (Part 3)] Migrated 788 rows.
2026-01-13 16:13:50 [E780.E780_IF_FILE_ATTACHMENT (Part 3)] Migrated 789 rows.
2026-01-13 16:13:50 [E780.E780_IF_FILE_ATTACHMENT (Part 3)] Migrated 790 rows.
2026-01-13 16:13:50 [E780.E780_IF_FILE_ATTACHMENT (Part 1)] Migrated 1,468 rows.
2026-01-13 16:13:50 [E780.E780_IF_FILE_ATTACHMENT (Part 3)] Migrated 791 rows.
2026-01-13 16:13:50 [E780.E780_IF_FILE_ATTACHMENT (Part 1)] Migrated 1,469 rows.
2026-01-13 16:13:50 [E780.E780_IF_FILE_ATTACHMENT (Part 3)] Migrated 792 rows.
2026-01-13 16:13:50 [E780.E780_IF_FILE_ATTACHMENT (Part 2)] Migrated 754 rows.
2026-01-13 16:13:50 [E780.E780_IF_FILE_ATTACHMENT (Part 3)] Migrated 793 rows.
2026-01-13 16:13:50 [E780.E780_IF_FILE_ATTACHMENT (Part 1)] Migrated 1,470 rows.
2026-01-13 16:13:50 [E780.E780_IF_FILE_ATTACHMENT (Part 2)] Migrated 755 rows.
2026-01-13 16:13:50 [E780.E780_IF_FILE_ATTACHMENT (Part 4)] Migrated 764 rows.
2026-01-13 16:13:50 [E780.E780_IF_FILE_ATTACHMENT (Part 2)] Migrated 756 rows.
2026-01-13 16:13:50 [E780.E780_IF_FILE_ATTACHMENT (Part 1)] Migrated 1,471 rows.
2026-01-13 16:13:50 [E780.E780_IF_FILE_ATTACHMENT (Part 2)] Migrated 757 rows.
2026-01-13 16:13:50 [E780.E780_IF_FILE_ATTACHMENT (Part 4)] Migrated 765 rows.
2026-01-13 16:13:50 [E780.E780_IF_FILE_ATTACHMENT (Part 1)] Migrated 1,472 rows.
2026-01-13 16:13:50 [E780.E780_IF_FILE_ATTACHMENT (Part 2)] Migrated 758 rows.
2026-01-13 16:13:50 [E780.E780_IF_FILE_ATTACHMENT (Part 1)] Migrated 1,473 rows.
2026-01-13 16:13:50 [E780.E780_IF_FILE_ATTACHMENT (Part 4)] Migrated 766 rows.
2026-01-13 16:13:50 [E780.E780_IF_FILE_ATTACHMENT (Part 3)] Migrated 794 rows.
2026-01-13 16:13:50 [E780.E780_IF_FILE_ATTACHMENT (Part 2)] Migrated 759 rows.
2026-01-13 16:13:50 [E780.E780_IF_FILE_ATTACHMENT (Part 1)] Migrated 1,474 rows.
2026-01-13 16:13:50 [E780.E780_IF_FILE_ATTACHMENT (Part 3)] Migrated 795 rows.
2026-01-13 16:13:50 [E780.E780_IF_FILE_ATTACHMENT (Part 2)] Migrated 760 rows.
2026-01-13 16:13:50 [E780.E780_IF_FILE_ATTACHMENT (Part 3)] Migrated 796 rows.
2026-01-13 16:13:50 [E780.E780_IF_FILE_ATTACHMENT (Part 4)] Migrated 767 rows.
2026-01-13 16:13:50 [E780.E780_IF_FILE_ATTACHMENT (Part 1)] Migrated 1,475 rows.
2026-01-13 16:13:50 [E780.E780_IF_FILE_ATTACHMENT (Part 2)] Migrated 761 rows.
2026-01-13 16:13:50 [E780.E780_IF_FILE_ATTACHMENT (Part 2)] Migrated 762 rows.
2026-01-13 16:13:50 [E780.E780_IF_FILE_ATTACHMENT (Part 3)] Migrated 797 rows.
2026-01-13 16:13:50 [E780.E780_IF_FILE_ATTACHMENT (Part 1)] Migrated 1,476 rows.
2026-01-13 16:13:50 [E780.E780_IF_FILE_ATTACHMENT (Part 1)] Migrated 1,477 rows.
2026-01-13 16:13:50 [E780.E780_IF_FILE_ATTACHMENT (Part 2)] Migrated 763 rows.
2026-01-13 16:13:50 [E780.E780_IF_FILE_ATTACHMENT (Part 1)] Migrated 1,478 rows.
2026-01-13 16:13:50 [E780.E780_IF_FILE_ATTACHMENT (Part 2)] Migrated 764 rows.
2026-01-13 16:13:50 [E780.E780_IF_FILE_ATTACHMENT (Part 1)] Migrated 1,479 rows.
2026-01-13 16:13:50 [E780.E780_IF_FILE_ATTACHMENT (Part 1)] Migrated 1,480 rows.
2026-01-13 16:13:50 [E780.E780_IF_FILE_ATTACHMENT (Part 1)] Migrated 1,481 rows.
2026-01-13 16:13:50 [E780.E780_IF_FILE_ATTACHMENT (Part 2)] Migrated 765 rows.
2026-01-13 16:13:50 [E780.E780_IF_FILE_ATTACHMENT (Part 4)] Migrated 768 rows.
2026-01-13 16:13:51 [E780.E780_IF_FILE_ATTACHMENT (Part 4)] Migrated 769 rows.
2026-01-13 16:13:51 [E780.E780_IF_FILE_ATTACHMENT (Part 1)] Migrated 1,482 rows.
2026-01-13 16:13:51 [E780.E780_IF_FILE_ATTACHMENT (Part 1)] Migrated 1,483 rows.
2026-01-13 16:13:51 [E780.E780_IF_FILE_ATTACHMENT (Part 1)] Migrated 1,484 rows.
2026-01-13 16:13:51 [E780.E780_IF_FILE_ATTACHMENT (Part 1)] Migrated 1,485 rows.
2026-01-13 16:13:51 [E780.E780_IF_FILE_ATTACHMENT (Part 1)] Migrated 1,486 rows.
2026-01-13 16:13:51 [E780.E780_IF_FILE_ATTACHMENT (Part 1)] Migrated 1,487 rows.
2026-01-13 16:13:51 [E780.E780_IF_FILE_ATTACHMENT (Part 1)] Migrated 1,488 rows.
2026-01-13 16:13:51 [E780.E780_IF_FILE_ATTACHMENT (Part 1)] Migrated 1,489 rows.
2026-01-13 16:13:51 [E780.E780_IF_FILE_ATTACHMENT (Part 1)] Migrated 1,490 rows.
2026-01-13 16:13:51 [E780.E780_IF_FILE_ATTACHMENT (Part 1)] Migrated 1,491 rows.
2026-01-13 16:13:51 [E780.E780_IF_FILE_ATTACHMENT (Part 4)] Migrated 770 rows.
2026-01-13 16:13:51 [E780.E780_IF_FILE_ATTACHMENT (Part 3)] Migrated 798 rows.
2026-01-13 16:13:51 [E780.E780_IF_FILE_ATTACHMENT (Part 1)] Migrated 1,492 rows.
2026-01-13 16:13:51 [E780.E780_IF_FILE_ATTACHMENT (Part 3)] Migrated 799 rows.
2026-01-13 16:13:51 [E780.E780_IF_FILE_ATTACHMENT (Part 3)] Migrated 800 rows.
2026-01-13 16:13:51 [E780.E780_IF_FILE_ATTACHMENT (Part 1)] Migrated 1,493 rows.
2026-01-13 16:13:51 [E780.E780_IF_FILE_ATTACHMENT (Part 1)] Migrated 1,494 rows.
2026-01-13 16:13:51 [E780.E780_IF_FILE_ATTACHMENT (Part 1)] Migrated 1,495 rows.
2026-01-13 16:13:51 [E780.E780_IF_FILE_ATTACHMENT (Part 1)] Migrated 1,496 rows.
2026-01-13 16:13:51 [E780.E780_IF_FILE_ATTACHMENT (Part 3)] Migrated 801 rows.
2026-01-13 16:13:51 [E780.E780_IF_FILE_ATTACHMENT (Part 1)] Migrated 1,497 rows.
2026-01-13 16:13:51 [E780.E780_IF_FILE_ATTACHMENT (Part 1)] Migrated 1,498 rows.
2026-01-13 16:13:51 [E780.E780_IF_FILE_ATTACHMENT (Part 1)] Migrated 1,499 rows.
2026-01-13 16:13:52 [E780.E780_IF_FILE_ATTACHMENT (Part 1)] Migrated 1,500 rows.
2026-01-13 16:13:52 [E780.E780_IF_FILE_ATTACHMENT (Part 1)] Migrated 1,501 rows.
2026-01-13 16:13:52 [E780.E780_IF_FILE_ATTACHMENT (Part 1)] Migrated 1,502 rows.
2026-01-13 16:13:52 [E780.E780_IF_FILE_ATTACHMENT (Part 1)] Migrated 1,503 rows.
2026-01-13 16:13:52 [E780.E780_IF_FILE_ATTACHMENT (Part 4)] Migrated 771 rows.
2026-01-13 16:13:52 [E780.E780_IF_FILE_ATTACHMENT (Part 1)] Migrated 1,504 rows.
2026-01-13 16:13:52 [E780.E780_IF_FILE_ATTACHMENT (Part 3)] Migrated 802 rows.
2026-01-13 16:13:52 [E780.E780_IF_FILE_ATTACHMENT (Part 4)] Migrated 772 rows.
2026-01-13 16:13:52 [E780.E780_IF_FILE_ATTACHMENT (Part 1)] Migrated 1,505 rows.
2026-01-13 16:13:52 [E780.E780_IF_FILE_ATTACHMENT (Part 3)] Migrated 803 rows.
2026-01-13 16:13:52 [E780.E780_IF_FILE_ATTACHMENT (Part 1)] Migrated 1,506 rows.
2026-01-13 16:13:52 [E780.E780_IF_FILE_ATTACHMENT (Part 3)] Migrated 804 rows.
2026-01-13 16:13:52 [E780.E780_IF_FILE_ATTACHMENT (Part 1)] Migrated 1,507 rows.
2026-01-13 16:13:52 [E780.E780_IF_FILE_ATTACHMENT (Part 4)] Migrated 773 rows.
2026-01-13 16:13:52 [E780.E780_IF_FILE_ATTACHMENT (Part 2)] Migrated 766 rows.
2026-01-13 16:13:52 [E780.E780_IF_FILE_ATTACHMENT (Part 1)] Migrated 1,508 rows.
2026-01-13 16:13:52 [E780.E780_IF_FILE_ATTACHMENT (Part 2)] Migrated 767 rows.
2026-01-13 16:13:52 [E780.E780_IF_FILE_ATTACHMENT (Part 2)] Migrated 768 rows.
2026-01-13 16:13:52 [E780.E780_IF_FILE_ATTACHMENT (Part 1)] Migrated 1,509 rows.
2026-01-13 16:13:52 [E780.E780_IF_FILE_ATTACHMENT (Part 3)] Migrated 805 rows.
2026-01-13 16:13:52 [E780.E780_IF_FILE_ATTACHMENT (Part 1)] Migrated 1,510 rows.
2026-01-13 16:13:52 [E780.E780_IF_FILE_ATTACHMENT (Part 1)] Migrated 1,511 rows.
2026-01-13 16:13:52 [E780.E780_IF_FILE_ATTACHMENT (Part 1)] Migrated 1,512 rows.
2026-01-13 16:13:52 [E780.E780_IF_FILE_ATTACHMENT (Part 1)] Migrated 1,513 rows.
2026-01-13 16:13:52 [E780.E780_IF_FILE_ATTACHMENT (Part 1)] Migrated 1,514 rows.
2026-01-13 16:13:52 [E780.E780_IF_FILE_ATTACHMENT (Part 1)] Migrated 1,515 rows.
2026-01-13 16:13:52 [E780.E780_IF_FILE_ATTACHMENT (Part 1)] Migrated 1,516 rows.
2026-01-13 16:13:52 [E780.E780_IF_FILE_ATTACHMENT (Part 1)] Migrated 1,517 rows.
2026-01-13 16:13:52 [E780.E780_IF_FILE_ATTACHMENT (Part 3)] Migrated 806 rows.
2026-01-13 16:13:52 [E780.E780_IF_FILE_ATTACHMENT (Part 1)] Migrated 1,518 rows.
2026-01-13 16:13:52 [E780.E780_IF_FILE_ATTACHMENT (Part 1)] Migrated 1,519 rows.
2026-01-13 16:13:52 [E780.E780_IF_FILE_ATTACHMENT (Part 1)] Migrated 1,520 rows.
2026-01-13 16:13:52 [E780.E780_IF_FILE_ATTACHMENT (Part 1)] Migrated 1,521 rows.
2026-01-13 16:13:53 [E780.E780_IF_FILE_ATTACHMENT (Part 3)] Migrated 807 rows.
2026-01-13 16:13:53 [E780.E780_IF_FILE_ATTACHMENT (Part 1)] Migrated 1,522 rows.
2026-01-13 16:13:53 [E780.E780_IF_FILE_ATTACHMENT (Part 1)] Migrated 1,523 rows.
2026-01-13 16:13:53 [E780.E780_IF_FILE_ATTACHMENT (Part 1)] Migrated 1,524 rows.
2026-01-13 16:13:53 [E780.E780_IF_FILE_ATTACHMENT (Part 1)] Migrated 1,525 rows.
2026-01-13 16:13:53 [E780.E780_IF_FILE_ATTACHMENT (Part 1)] Migrated 1,526 rows.
2026-01-13 16:13:53 [E780.E780_IF_FILE_ATTACHMENT (Part 1)] Migrated 1,527 rows.
2026-01-13 16:13:53 [E780.E780_IF_FILE_ATTACHMENT (Part 1)] Migrated 1,528 rows.
2026-01-13 16:13:53 [E780.E780_IF_FILE_ATTACHMENT (Part 1)] Migrated 1,529 rows.
2026-01-13 16:13:53 [E780.E780_IF_FILE_ATTACHMENT (Part 4)] Migrated 774 rows.
2026-01-13 16:13:53 [E780.E780_IF_FILE_ATTACHMENT (Part 1)] Migrated 1,530 rows.
2026-01-13 16:13:53 [E780.E780_IF_FILE_ATTACHMENT (Part 1)] Migrated 1,531 rows.
2026-01-13 16:13:53 [E780.E780_IF_FILE_ATTACHMENT (Part 4)] Migrated 775 rows.
2026-01-13 16:13:53 [E780.E780_IF_FILE_ATTACHMENT (Part 1)] Migrated 1,532 rows.
2026-01-13 16:13:53 [E780.E780_IF_FILE_ATTACHMENT (Part 3)] Migrated 808 rows.
2026-01-13 16:13:53 [E780.E780_IF_FILE_ATTACHMENT (Part 1)] Migrated 1,533 rows.
2026-01-13 16:13:53 [E780.E780_IF_FILE_ATTACHMENT (Part 4)] Migrated 776 rows.
2026-01-13 16:13:53 [E780.E780_IF_FILE_ATTACHMENT (Part 1)] Migrated 1,534 rows.
2026-01-13 16:13:53 [E780.E780_IF_FILE_ATTACHMENT (Part 4)] Migrated 777 rows.
2026-01-13 16:13:53 [E780.E780_IF_FILE_ATTACHMENT (Part 4)] Migrated 778 rows.
2026-01-13 16:13:53 [E780.E780_IF_FILE_ATTACHMENT (Part 3)] Migrated 809 rows.
2026-01-13 16:13:53 [E780.E780_IF_FILE_ATTACHMENT (Part 1)] Migrated 1,535 rows.
2026-01-13 16:13:53 [E780.E780_IF_FILE_ATTACHMENT (Part 4)] Migrated 779 rows.
2026-01-13 16:13:53 [E780.E780_IF_FILE_ATTACHMENT (Part 1)] Migrated 1,536 rows.
2026-01-13 16:13:53 [E780.E780_IF_FILE_ATTACHMENT (Part 2)] Migrated 769 rows.
2026-01-13 16:13:53 [E780.E780_IF_FILE_ATTACHMENT (Part 4)] Migrated 780 rows.
2026-01-13 16:13:53 [E780.E780_IF_FILE_ATTACHMENT (Part 1)] Migrated 1,537 rows.
2026-01-13 16:13:53 [E780.E780_IF_FILE_ATTACHMENT (Part 4)] Migrated 781 rows.
2026-01-13 16:13:53 [E780.E780_IF_FILE_ATTACHMENT (Part 1)] Migrated 1,538 rows.
2026-01-13 16:13:53 [E780.E780_IF_FILE_ATTACHMENT (Part 4)] Migrated 782 rows.
2026-01-13 16:13:53 [E780.E780_IF_FILE_ATTACHMENT (Part 1)] Migrated 1,539 rows.
2026-01-13 16:13:54 [E780.E780_IF_FILE_ATTACHMENT (Part 1)] Migrated 1,540 rows.
2026-01-13 16:13:54 [E780.E780_IF_FILE_ATTACHMENT (Part 4)] Migrated 783 rows.
2026-01-13 16:13:54 [E780.E780_IF_FILE_ATTACHMENT (Part 3)] Migrated 810 rows.
2026-01-13 16:13:54 [E780.E780_IF_FILE_ATTACHMENT (Part 1)] Migrated 1,541 rows.
2026-01-13 16:13:54 [E780.E780_IF_FILE_ATTACHMENT (Part 2)] Migrated 770 rows.
2026-01-13 16:13:54 [E780.E780_IF_FILE_ATTACHMENT (Part 4)] Migrated 784 rows.
2026-01-13 16:13:54 [E780.E780_IF_FILE_ATTACHMENT (Part 1)] Migrated 1,542 rows.
2026-01-13 16:13:54 [E780.E780_IF_FILE_ATTACHMENT (Part 4)] Migrated 785 rows.
2026-01-13 16:13:54 [E780.E780_IF_FILE_ATTACHMENT (Part 4)] Migrated 786 rows.
2026-01-13 16:13:54 [E780.E780_IF_FILE_ATTACHMENT (Part 1)] Migrated 1,543 rows.
2026-01-13 16:13:54 [E780.E780_IF_FILE_ATTACHMENT (Part 4)] Migrated 787 rows.
2026-01-13 16:13:54 [E780.E780_IF_FILE_ATTACHMENT (Part 1)] Migrated 1,544 rows.
2026-01-13 16:13:54 [E780.E780_IF_FILE_ATTACHMENT (Part 4)] Migrated 788 rows.
2026-01-13 16:13:54 [E780.E780_IF_FILE_ATTACHMENT (Part 3)] Migrated 811 rows.
2026-01-13 16:13:54 [E780.E780_IF_FILE_ATTACHMENT (Part 1)] Migrated 1,545 rows.
2026-01-13 16:13:54 [E780.E780_IF_FILE_ATTACHMENT (Part 4)] Migrated 789 rows.
2026-01-13 16:13:54 [E780.E780_IF_FILE_ATTACHMENT (Part 1)] Migrated 1,546 rows.
2026-01-13 16:13:54 [E780.E780_IF_FILE_ATTACHMENT (Part 4)] Migrated 790 rows.
2026-01-13 16:13:54 [E780.E780_IF_FILE_ATTACHMENT (Part 4)] Migrated 791 rows.
2026-01-13 16:13:54 [E780.E780_IF_FILE_ATTACHMENT (Part 1)] Migrated 1,547 rows.
2026-01-13 16:13:54 [E780.E780_IF_FILE_ATTACHMENT (Part 4)] Migrated 792 rows.
2026-01-13 16:13:54 [E780.E780_IF_FILE_ATTACHMENT (Part 2)] Migrated 771 rows.
2026-01-13 16:13:54 [E780.E780_IF_FILE_ATTACHMENT (Part 2)] Migrated 772 rows.
2026-01-13 16:13:54 [E780.E780_IF_FILE_ATTACHMENT (Part 1)] Migrated 1,548 rows.
2026-01-13 16:13:54 [E780.E780_IF_FILE_ATTACHMENT (Part 1)] Migrated 1,549 rows.
2026-01-13 16:13:55 [E780.E780_IF_FILE_ATTACHMENT (Part 4)] Migrated 793 rows.
2026-01-13 16:13:55 [E780.E780_IF_FILE_ATTACHMENT (Part 1)] Migrated 1,550 rows.
2026-01-13 16:13:55 [E780.E780_IF_FILE_ATTACHMENT (Part 3)] Migrated 812 rows.
2026-01-13 16:13:55 [E780.E780_IF_FILE_ATTACHMENT (Part 2)] Migrated 773 rows.
2026-01-13 16:13:55 [E780.E780_IF_FILE_ATTACHMENT (Part 2)] Migrated 774 rows.
2026-01-13 16:13:55 [E780.E780_IF_FILE_ATTACHMENT (Part 2)] Migrated 775 rows.
2026-01-13 16:13:55 [E780.E780_IF_FILE_ATTACHMENT (Part 1)] Migrated 1,551 rows.
2026-01-13 16:13:55 [E780.E780_IF_FILE_ATTACHMENT (Part 3)] Migrated 813 rows.
2026-01-13 16:13:55 [E780.E780_IF_FILE_ATTACHMENT (Part 4)] Migrated 794 rows.
2026-01-13 16:13:55 [E780.E780_IF_FILE_ATTACHMENT (Part 4)] Migrated 795 rows.
2026-01-13 16:13:55 [E780.E780_IF_FILE_ATTACHMENT (Part 1)] Migrated 1,552 rows.
2026-01-13 16:13:55 [E780.E780_IF_FILE_ATTACHMENT (Part 4)] Migrated 796 rows.
2026-01-13 16:13:55 [E780.E780_IF_FILE_ATTACHMENT (Part 4)] Migrated 797 rows.
2026-01-13 16:13:55 [E780.E780_IF_FILE_ATTACHMENT (Part 4)] Migrated 798 rows.
2026-01-13 16:13:55 [E780.E780_IF_FILE_ATTACHMENT (Part 4)] Migrated 799 rows.
2026-01-13 16:13:55 [E780.E780_IF_FILE_ATTACHMENT (Part 4)] Migrated 800 rows.
2026-01-13 16:13:55 [E780.E780_IF_FILE_ATTACHMENT (Part 3)] Migrated 814 rows.
2026-01-13 16:13:55 [E780.E780_IF_FILE_ATTACHMENT (Part 4)] Migrated 801 rows.
2026-01-13 16:13:55 [E780.E780_IF_FILE_ATTACHMENT (Part 1)] Migrated 1,553 rows.
2026-01-13 16:13:55 [E780.E780_IF_FILE_ATTACHMENT (Part 4)] Migrated 802 rows.
2026-01-13 16:13:55 [E780.E780_IF_FILE_ATTACHMENT (Part 4)] Migrated 803 rows.
2026-01-13 16:13:55 [E780.E780_IF_FILE_ATTACHMENT (Part 1)] Migrated 1,554 rows.
2026-01-13 16:13:55 [E780.E780_IF_FILE_ATTACHMENT (Part 3)] Migrated 815 rows.
2026-01-13 16:13:55 [E780.E780_IF_FILE_ATTACHMENT (Part 1)] Migrated 1,555 rows.
2026-01-13 16:13:56 [E780.E780_IF_FILE_ATTACHMENT (Part 4)] Migrated 804 rows.
2026-01-13 16:13:56 [E780.E780_IF_FILE_ATTACHMENT (Part 4)] Migrated 805 rows.
2026-01-13 16:13:56 [E780.E780_IF_FILE_ATTACHMENT (Part 3)] Migrated 816 rows.
2026-01-13 16:13:56 [E780.E780_IF_FILE_ATTACHMENT (Part 3)] Migrated 817 rows.
2026-01-13 16:13:56 [E780.E780_IF_FILE_ATTACHMENT (Part 4)] Migrated 806 rows.
2026-01-13 16:13:56 [E780.E780_IF_FILE_ATTACHMENT (Part 3)] Migrated 818 rows.
2026-01-13 16:13:56 [E780.E780_IF_FILE_ATTACHMENT (Part 4)] Migrated 807 rows.
2026-01-13 16:13:56 [E780.E780_IF_FILE_ATTACHMENT (Part 1)] Migrated 1,556 rows.
2026-01-13 16:13:56 [E780.E780_IF_FILE_ATTACHMENT (Part 4)] Migrated 808 rows.
2026-01-13 16:13:56 [E780.E780_IF_FILE_ATTACHMENT (Part 1)] Migrated 1,557 rows.
2026-01-13 16:13:56 [E780.E780_IF_FILE_ATTACHMENT (Part 3)] Migrated 819 rows.
2026-01-13 16:13:56 [E780.E780_IF_FILE_ATTACHMENT (Part 3)] Migrated 820 rows.
2026-01-13 16:13:56 [E780.E780_IF_FILE_ATTACHMENT (Part 4)] Migrated 809 rows.
2026-01-13 16:13:56 [E780.E780_IF_FILE_ATTACHMENT (Part 3)] Migrated 821 rows.
2026-01-13 16:13:56 [E780.E780_IF_FILE_ATTACHMENT (Part 4)] Migrated 810 rows.
2026-01-13 16:13:56 [E780.E780_IF_FILE_ATTACHMENT (Part 1)] Migrated 1,558 rows.
2026-01-13 16:13:56 [E780.E780_IF_FILE_ATTACHMENT (Part 3)] Migrated 822 rows.
2026-01-13 16:13:56 [E780.E780_IF_FILE_ATTACHMENT (Part 4)] Migrated 811 rows.
2026-01-13 16:13:56 [E780.E780_IF_FILE_ATTACHMENT (Part 1)] Migrated 1,559 rows.
2026-01-13 16:13:56 [E780.E780_IF_FILE_ATTACHMENT (Part 3)] Migrated 823 rows.
2026-01-13 16:13:56 [E780.E780_IF_FILE_ATTACHMENT (Part 1)] Migrated 1,560 rows.
2026-01-13 16:13:56 [E780.E780_IF_FILE_ATTACHMENT (Part 1)] Migrated 1,561 rows.
2026-01-13 16:13:56 [E780.E780_IF_FILE_ATTACHMENT (Part 3)] Migrated 824 rows.
2026-01-13 16:13:56 [E780.E780_IF_FILE_ATTACHMENT (Part 4)] Migrated 812 rows.
2026-01-13 16:13:56 [E780.E780_IF_FILE_ATTACHMENT (Part 1)] Migrated 1,562 rows.
2026-01-13 16:13:57 [E780.E780_IF_FILE_ATTACHMENT (Part 3)] Migrated 825 rows.
2026-01-13 16:13:57 [E780.E780_IF_FILE_ATTACHMENT (Part 3)] Migrated 826 rows.
2026-01-13 16:13:57 [E780.E780_IF_FILE_ATTACHMENT (Part 1)] Migrated 1,563 rows.
2026-01-13 16:13:57 [E780.E780_IF_FILE_ATTACHMENT (Part 1)] Migrated 1,564 rows.
2026-01-13 16:13:57 [E780.E780_IF_FILE_ATTACHMENT (Part 1)] Migrated 1,565 rows.
2026-01-13 16:13:57 [E780.E780_IF_FILE_ATTACHMENT (Part 1)] Migrated 1,566 rows.
2026-01-13 16:13:57 [E780.E780_IF_FILE_ATTACHMENT (Part 1)] Migrated 1,567 rows.
2026-01-13 16:13:57 [E780.E780_IF_FILE_ATTACHMENT (Part 1)] Migrated 1,568 rows.
2026-01-13 16:13:57 [E780.E780_IF_FILE_ATTACHMENT (Part 3)] Migrated 827 rows.
2026-01-13 16:13:57 [E780.E780_IF_FILE_ATTACHMENT (Part 1)] Migrated 1,569 rows.
2026-01-13 16:13:57 [E780.E780_IF_FILE_ATTACHMENT (Part 4)] Migrated 813 rows.
2026-01-13 16:13:57 [E780.E780_IF_FILE_ATTACHMENT (Part 1)] Migrated 1,570 rows.
2026-01-13 16:13:57 [E780.E780_IF_FILE_ATTACHMENT (Part 4)] Migrated 814 rows.
2026-01-13 16:13:57 [E780.E780_IF_FILE_ATTACHMENT (Part 1)] Migrated 1,571 rows.
2026-01-13 16:13:57 [E780.E780_IF_FILE_ATTACHMENT (Part 1)] Migrated 1,572 rows.
2026-01-13 16:13:57 [E780.E780_IF_FILE_ATTACHMENT (Part 1)] Migrated 1,573 rows.
2026-01-13 16:13:57 [E780.E780_IF_FILE_ATTACHMENT (Part 3)] Migrated 828 rows.
2026-01-13 16:13:57 [E780.E780_IF_FILE_ATTACHMENT (Part 1)] Migrated 1,574 rows.
2026-01-13 16:13:57 [E780.E780_IF_FILE_ATTACHMENT (Part 3)] Migrated 829 rows.
2026-01-13 16:13:57 [E780.E780_IF_FILE_ATTACHMENT (Part 4)] Migrated 815 rows.
2026-01-13 16:13:57 [E780.E780_IF_FILE_ATTACHMENT (Part 1)] Migrated 1,575 rows.
2026-01-13 16:13:57 [E780.E780_IF_FILE_ATTACHMENT (Part 3)] Migrated 830 rows.
2026-01-13 16:13:57 [E780.E780_IF_FILE_ATTACHMENT (Part 1)] Migrated 1,576 rows.
2026-01-13 16:13:57 [E780.E780_IF_FILE_ATTACHMENT (Part 3)] Migrated 831 rows.
2026-01-13 16:13:57 [E780.E780_IF_FILE_ATTACHMENT (Part 3)] Migrated 832 rows.
2026-01-13 16:13:57 [E780.E780_IF_FILE_ATTACHMENT (Part 4)] Migrated 816 rows.
2026-01-13 16:13:57 [E780.E780_IF_FILE_ATTACHMENT (Part 1)] Migrated 1,577 rows.
2026-01-13 16:13:57 [E780.E780_IF_FILE_ATTACHMENT (Part 3)] Migrated 833 rows.
2026-01-13 16:13:57 [E780.E780_IF_FILE_ATTACHMENT (Part 1)] Migrated 1,578 rows.
2026-01-13 16:13:57 [E780.E780_IF_FILE_ATTACHMENT (Part 3)] Migrated 834 rows.
2026-01-13 16:13:57 [E780.E780_IF_FILE_ATTACHMENT (Part 4)] Migrated 817 rows.
2026-01-13 16:13:57 [E780.E780_IF_FILE_ATTACHMENT (Part 1)] Migrated 1,579 rows.
2026-01-13 16:13:57 [E780.E780_IF_FILE_ATTACHMENT (Part 1)] Migrated 1,580 rows.
2026-01-13 16:13:57 [E780.E780_IF_FILE_ATTACHMENT (Part 4)] Migrated 818 rows.
2026-01-13 16:13:57 [E780.E780_IF_FILE_ATTACHMENT (Part 4)] Migrated 819 rows.
2026-01-13 16:13:57 [E780.E780_IF_FILE_ATTACHMENT (Part 1)] Migrated 1,581 rows.
2026-01-13 16:13:57 [E780.E780_IF_FILE_ATTACHMENT (Part 3)] Migrated 835 rows.
2026-01-13 16:13:58 [E780.E780_IF_FILE_ATTACHMENT (Part 1)] Migrated 1,582 rows.
2026-01-13 16:13:58 [E780.E780_IF_FILE_ATTACHMENT (Part 1)] Migrated 1,583 rows.
2026-01-13 16:13:58 [E780.E780_IF_FILE_ATTACHMENT (Part 3)] Migrated 836 rows.
2026-01-13 16:13:58 [E780.E780_IF_FILE_ATTACHMENT (Part 1)] Migrated 1,584 rows.
2026-01-13 16:13:58 [E780.E780_IF_FILE_ATTACHMENT (Part 4)] Migrated 820 rows.
2026-01-13 16:13:58 [E780.E780_IF_FILE_ATTACHMENT (Part 3)] Migrated 837 rows.
2026-01-13 16:13:58 [E780.E780_IF_FILE_ATTACHMENT (Part 1)] Migrated 1,585 rows.
2026-01-13 16:13:58 [E780.E780_IF_FILE_ATTACHMENT (Part 4)] Migrated 821 rows.
2026-01-13 16:13:58 [E780.E780_IF_FILE_ATTACHMENT (Part 1)] Migrated 1,586 rows.
2026-01-13 16:13:58 [E780.E780_IF_FILE_ATTACHMENT (Part 4)] Migrated 822 rows.
2026-01-13 16:13:58 [E780.E780_IF_FILE_ATTACHMENT (Part 1)] Migrated 1,587 rows.
2026-01-13 16:13:58 [E780.E780_IF_FILE_ATTACHMENT (Part 3)] Migrated 838 rows.
2026-01-13 16:13:58 [E780.E780_IF_FILE_ATTACHMENT (Part 4)] Migrated 823 rows.
2026-01-13 16:13:58 [E780.E780_IF_FILE_ATTACHMENT (Part 3)] Migrated 839 rows.
2026-01-13 16:13:58 [E780.E780_IF_FILE_ATTACHMENT (Part 1)] Migrated 1,588 rows.
2026-01-13 16:13:58 [E780.E780_IF_FILE_ATTACHMENT (Part 3)] Migrated 840 rows.
2026-01-13 16:13:58 [E780.E780_IF_FILE_ATTACHMENT (Part 3)] Migrated 841 rows.
2026-01-13 16:13:58 [E780.E780_IF_FILE_ATTACHMENT (Part 1)] Migrated 1,589 rows.
2026-01-13 16:13:58 [E780.E780_IF_FILE_ATTACHMENT (Part 3)] Migrated 842 rows.
2026-01-13 16:13:58 [E780.E780_IF_FILE_ATTACHMENT (Part 4)] Migrated 824 rows.
2026-01-13 16:13:58 [E780.E780_IF_FILE_ATTACHMENT (Part 1)] Migrated 1,590 rows.
2026-01-13 16:13:58 [E780.E780_IF_FILE_ATTACHMENT (Part 4)] Migrated 825 rows.
2026-01-13 16:13:58 [E780.E780_IF_FILE_ATTACHMENT (Part 1)] Migrated 1,591 rows.
2026-01-13 16:13:58 [E780.E780_IF_FILE_ATTACHMENT (Part 4)] Migrated 826 rows.
2026-01-13 16:13:58 [E780.E780_IF_FILE_ATTACHMENT (Part 1)] Migrated 1,592 rows.
2026-01-13 16:13:58 [E780.E780_IF_FILE_ATTACHMENT (Part 4)] Migrated 827 rows.
2026-01-13 16:13:59 [E780.E780_IF_FILE_ATTACHMENT (Part 1)] Migrated 1,593 rows.
2026-01-13 16:13:59 [E780.E780_IF_FILE_ATTACHMENT (Part 4)] Migrated 828 rows.
2026-01-13 16:13:59 [E780.E780_IF_FILE_ATTACHMENT (Part 1)] Migrated 1,594 rows.
2026-01-13 16:13:59 [E780.E780_IF_FILE_ATTACHMENT (Part 1)] Migrated 1,595 rows.
2026-01-13 16:13:59 [E780.E780_IF_FILE_ATTACHMENT (Part 1)] Migrated 1,596 rows.
2026-01-13 16:13:59 [E780.E780_IF_FILE_ATTACHMENT (Part 4)] Migrated 829 rows.
2026-01-13 16:13:59 [E780.E780_IF_FILE_ATTACHMENT (Part 1)] Migrated 1,597 rows.
2026-01-13 16:13:59 [E780.E780_IF_FILE_ATTACHMENT (Part 4)] Migrated 830 rows.
2026-01-13 16:13:59 [E780.E780_IF_FILE_ATTACHMENT (Part 1)] Migrated 1,598 rows.
2026-01-13 16:13:59 [E780.E780_IF_FILE_ATTACHMENT (Part 1)] Migrated 1,599 rows.
2026-01-13 16:13:59 [E780.E780_IF_FILE_ATTACHMENT (Part 1)] Migrated 1,600 rows.
2026-01-13 16:13:59 [E780.E780_IF_FILE_ATTACHMENT (Part 4)] Migrated 831 rows.
2026-01-13 16:13:59 [E780.E780_IF_FILE_ATTACHMENT (Part 4)] Migrated 832 rows.
2026-01-13 16:13:59 [E780.E780_IF_FILE_ATTACHMENT (Part 1)] Migrated 1,601 rows.
2026-01-13 16:13:59 [E780.E780_IF_FILE_ATTACHMENT (Part 4)] Migrated 833 rows.
2026-01-13 16:13:59 [E780.E780_IF_FILE_ATTACHMENT (Part 1)] Migrated 1,602 rows.
2026-01-13 16:13:59 [E780.E780_IF_FILE_ATTACHMENT (Part 1)] Migrated 1,603 rows.
2026-01-13 16:13:59 [E780.E780_IF_FILE_ATTACHMENT (Part 4)] Migrated 834 rows.
2026-01-13 16:13:59 [E780.E780_IF_FILE_ATTACHMENT (Part 1)] Migrated 1,604 rows.
2026-01-13 16:13:59 [E780.E780_IF_FILE_ATTACHMENT (Part 3)] Migrated 843 rows.
2026-01-13 16:13:59 [E780.E780_IF_FILE_ATTACHMENT (Part 4)] Migrated 835 rows.
2026-01-13 16:13:59 [E780.E780_IF_FILE_ATTACHMENT (Part 1)] Migrated 1,605 rows.
2026-01-13 16:13:59 [E780.E780_IF_FILE_ATTACHMENT (Part 4)] Migrated 836 rows.
2026-01-13 16:14:00 [E780.E780_IF_FILE_ATTACHMENT (Part 1)] Migrated 1,606 rows.
2026-01-13 16:14:00 [E780.E780_IF_FILE_ATTACHMENT (Part 4)] Migrated 837 rows.
2026-01-13 16:14:00 [E780.E780_IF_FILE_ATTACHMENT (Part 1)] Migrated 1,607 rows.
2026-01-13 16:14:00 [E780.E780_IF_FILE_ATTACHMENT (Part 4)] Migrated 838 rows.
2026-01-13 16:14:00 [E780.E780_IF_FILE_ATTACHMENT (Part 1)] Migrated 1,608 rows.
2026-01-13 16:14:00 [E780.E780_IF_FILE_ATTACHMENT (Part 4)] Migrated 839 rows.
2026-01-13 16:14:00 [E780.E780_IF_FILE_ATTACHMENT (Part 1)] Migrated 1,609 rows.
2026-01-13 16:14:00 [E780.E780_IF_FILE_ATTACHMENT (Part 1)] Migrated 1,610 rows.
2026-01-13 16:14:00 [E780.E780_IF_FILE_ATTACHMENT (Part 4)] Migrated 840 rows.
2026-01-13 16:14:00 [E780.E780_IF_FILE_ATTACHMENT (Part 3)] Migrated 844 rows.
2026-01-13 16:14:00 [E780.E780_IF_FILE_ATTACHMENT (Part 1)] Migrated 1,611 rows.
2026-01-13 16:14:00 [E780.E780_IF_FILE_ATTACHMENT (Part 3)] Migrated 845 rows.
2026-01-13 16:14:00 [E780.E780_IF_FILE_ATTACHMENT (Part 4)] Migrated 841 rows.
2026-01-13 16:14:00 [E780.E780_IF_FILE_ATTACHMENT (Part 3)] Migrated 846 rows.
2026-01-13 16:14:00 [E780.E780_IF_FILE_ATTACHMENT (Part 1)] Migrated 1,612 rows.
2026-01-13 16:14:00 [E780.E780_IF_FILE_ATTACHMENT (Part 1)] Migrated 1,613 rows.
2026-01-13 16:14:00 [E780.E780_IF_FILE_ATTACHMENT (Part 1)] Migrated 1,614 rows.
2026-01-13 16:14:00 [E780.E780_IF_FILE_ATTACHMENT (Part 1)] Migrated 1,615 rows.
2026-01-13 16:14:00 [E780.E780_IF_FILE_ATTACHMENT (Part 1)] Migrated 1,616 rows.
2026-01-13 16:14:00 [E780.E780_IF_FILE_ATTACHMENT (Part 4)] Migrated 842 rows.
2026-01-13 16:14:00 [E780.E780_IF_FILE_ATTACHMENT (Part 4)] Migrated 843 rows.
2026-01-13 16:14:00 [E780.E780_IF_FILE_ATTACHMENT (Part 1)] Migrated 1,617 rows.
2026-01-13 16:14:00 [E780.E780_IF_FILE_ATTACHMENT (Part 1)] Migrated 1,618 rows.
2026-01-13 16:14:00 [E780.E780_IF_FILE_ATTACHMENT (Part 1)] Migrated 1,619 rows.
2026-01-13 16:14:00 [E780.E780_IF_FILE_ATTACHMENT (Part 4)] Migrated 844 rows.
2026-01-13 16:14:01 [E780.E780_IF_FILE_ATTACHMENT (Part 1)] Migrated 1,620 rows.
2026-01-13 16:14:01 [E780.E780_IF_FILE_ATTACHMENT (Part 1)] Migrated 1,621 rows.
2026-01-13 16:14:01 [E780.E780_IF_FILE_ATTACHMENT (Part 4)] Migrated 845 rows.
2026-01-13 16:14:01 [E780.E780_IF_FILE_ATTACHMENT (Part 3)] Migrated 847 rows.
2026-01-13 16:14:01 [E780.E780_IF_FILE_ATTACHMENT (Part 1)] Migrated 1,622 rows.
2026-01-13 16:14:01 [E780.E780_IF_FILE_ATTACHMENT (Part 4)] Migrated 846 rows.
2026-01-13 16:14:01 [E780.E780_IF_FILE_ATTACHMENT (Part 1)] Migrated 1,623 rows.
2026-01-13 16:14:01 [E780.E780_IF_FILE_ATTACHMENT (Part 1)] Migrated 1,624 rows.
2026-01-13 16:14:01 [E780.E780_IF_FILE_ATTACHMENT (Part 1)] Migrated 1,625 rows.
2026-01-13 16:14:01 [E780.E780_IF_FILE_ATTACHMENT (Part 3)] Migrated 848 rows.
2026-01-13 16:14:01 [E780.E780_IF_FILE_ATTACHMENT (Part 4)] Migrated 847 rows.
2026-01-13 16:14:01 [E780.E780_IF_FILE_ATTACHMENT (Part 1)] Migrated 1,626 rows.
2026-01-13 16:14:01 [E780.E780_IF_FILE_ATTACHMENT (Part 1)] Migrated 1,627 rows.
2026-01-13 16:14:01 [E780.E780_IF_FILE_ATTACHMENT (Part 1)] Migrated 1,628 rows.
2026-01-13 16:14:01 [E780.E780_IF_FILE_ATTACHMENT (Part 1)] Migrated 1,629 rows.
2026-01-13 16:14:01 [E780.E780_IF_FILE_ATTACHMENT (Part 4)] Migrated 848 rows.
2026-01-13 16:14:01 [E780.E780_IF_FILE_ATTACHMENT (Part 4)] Migrated 849 rows.
2026-01-13 16:14:01 [E780.E780_IF_FILE_ATTACHMENT (Part 1)] Migrated 1,630 rows.
2026-01-13 16:14:01 [E780.E780_IF_FILE_ATTACHMENT (Part 4)] Migrated 850 rows.
2026-01-13 16:14:01 [E780.E780_IF_FILE_ATTACHMENT (Part 1)] Migrated 1,631 rows.
2026-01-13 16:14:01 [E780.E780_IF_FILE_ATTACHMENT (Part 1)] Migrated 1,632 rows.
2026-01-13 16:14:01 [E780.E780_IF_FILE_ATTACHMENT (Part 4)] Migrated 851 rows.
2026-01-13 16:14:01 [E780.E780_IF_FILE_ATTACHMENT (Part 3)] Migrated 849 rows.
2026-01-13 16:14:01 [E780.E780_IF_FILE_ATTACHMENT (Part 1)] Migrated 1,633 rows.
2026-01-13 16:14:01 [E780.E780_IF_FILE_ATTACHMENT (Part 1)] Migrated 1,634 rows.
2026-01-13 16:14:01 [E780.E780_IF_FILE_ATTACHMENT (Part 1)] Migrated 1,635 rows.
2026-01-13 16:14:01 [E780.E780_IF_FILE_ATTACHMENT (Part 1)] Migrated 1,636 rows.
2026-01-13 16:14:01 [E780.E780_IF_FILE_ATTACHMENT (Part 4)] Migrated 852 rows.
2026-01-13 16:14:01 [E780.E780_IF_FILE_ATTACHMENT (Part 1)] Migrated 1,637 rows.
2026-01-13 16:14:01 [E780.E780_IF_FILE_ATTACHMENT (Part 1)] Migrated 1,638 rows.
2026-01-13 16:14:01 [E780.E780_IF_FILE_ATTACHMENT (Part 4)] Migrated 853 rows.
2026-01-13 16:14:02 [E780.E780_IF_FILE_ATTACHMENT (Part 4)] Migrated 854 rows.
2026-01-13 16:14:02 [E780.E780_IF_FILE_ATTACHMENT (Part 1)] Migrated 1,639 rows.
2026-01-13 16:14:02 [E780.E780_IF_FILE_ATTACHMENT (Part 3)] Migrated 850 rows.
2026-01-13 16:14:02 [E780.E780_IF_FILE_ATTACHMENT (Part 4)] Migrated 855 rows.
2026-01-13 16:14:02 [E780.E780_IF_FILE_ATTACHMENT (Part 1)] Migrated 1,640 rows.
2026-01-13 16:14:02 [E780.E780_IF_FILE_ATTACHMENT (Part 3)] Migrated 851 rows.
2026-01-13 16:14:02 [E780.E780_IF_FILE_ATTACHMENT (Part 4)] Migrated 856 rows.
2026-01-13 16:14:02 [E780.E780_IF_FILE_ATTACHMENT (Part 1)] Migrated 1,641 rows.
2026-01-13 16:14:02 [E780.E780_IF_FILE_ATTACHMENT (Part 3)] Migrated 852 rows.
2026-01-13 16:14:02 [E780.E780_IF_FILE_ATTACHMENT (Part 1)] Migrated 1,642 rows.
2026-01-13 16:14:02 [E780.E780_IF_FILE_ATTACHMENT (Part 4)] Migrated 857 rows.
2026-01-13 16:14:02 [E780.E780_IF_FILE_ATTACHMENT (Part 1)] Migrated 1,643 rows.
2026-01-13 16:14:02 [E780.E780_IF_FILE_ATTACHMENT (Part 3)] Migrated 853 rows.
2026-01-13 16:14:02 [E780.E780_IF_FILE_ATTACHMENT (Part 1)] Migrated 1,644 rows.
2026-01-13 16:14:02 [E780.E780_IF_FILE_ATTACHMENT (Part 4)] Migrated 858 rows.
2026-01-13 16:14:02 [E780.E780_IF_FILE_ATTACHMENT (Part 1)] Migrated 1,645 rows.
2026-01-13 16:14:02 [E780.E780_IF_FILE_ATTACHMENT (Part 4)] Migrated 859 rows.
2026-01-13 16:14:02 [E780.E780_IF_FILE_ATTACHMENT (Part 1)] Migrated 1,646 rows.
2026-01-13 16:14:02 [E780.E780_IF_FILE_ATTACHMENT (Part 4)] Migrated 860 rows.
2026-01-13 16:14:02 [E780.E780_IF_FILE_ATTACHMENT (Part 1)] Migrated 1,647 rows.
2026-01-13 16:14:02 [E780.E780_IF_FILE_ATTACHMENT (Part 3)] Migrated 854 rows.
2026-01-13 16:14:02 [E780.E780_IF_FILE_ATTACHMENT (Part 1)] Migrated 1,648 rows.
2026-01-13 16:14:02 [E780.E780_IF_FILE_ATTACHMENT (Part 3)] Migrated 855 rows.
2026-01-13 16:14:02 [E780.E780_IF_FILE_ATTACHMENT (Part 1)] Migrated 1,649 rows.
2026-01-13 16:14:02 [E780.E780_IF_FILE_ATTACHMENT (Part 3)] Migrated 856 rows.
2026-01-13 16:14:02 [E780.E780_IF_FILE_ATTACHMENT (Part 3)] Migrated 857 rows.
2026-01-13 16:14:02 [E780.E780_IF_FILE_ATTACHMENT (Part 4)] Migrated 861 rows.
2026-01-13 16:14:02 [E780.E780_IF_FILE_ATTACHMENT (Part 1)] Migrated 1,650 rows.
2026-01-13 16:14:02 [E780.E780_IF_FILE_ATTACHMENT (Part 3)] Migrated 858 rows.
2026-01-13 16:14:02 [E780.E780_IF_FILE_ATTACHMENT (Part 3)] Migrated 859 rows.
2026-01-13 16:14:02 [E780.E780_IF_FILE_ATTACHMENT (Part 1)] Migrated 1,651 rows.
2026-01-13 16:14:02 [E780.E780_IF_FILE_ATTACHMENT (Part 4)] Migrated 862 rows.
2026-01-13 16:14:02 [E780.E780_IF_FILE_ATTACHMENT (Part 3)] Migrated 860 rows.
2026-01-13 16:14:02 [E780.E780_IF_FILE_ATTACHMENT (Part 1)] Migrated 1,652 rows.
2026-01-13 16:14:02 [E780.E780_IF_FILE_ATTACHMENT (Part 4)] Migrated 863 rows.
2026-01-13 16:14:02 [E780.E780_IF_FILE_ATTACHMENT (Part 1)] Migrated 1,653 rows.
2026-01-13 16:14:02 [E780.E780_IF_FILE_ATTACHMENT (Part 1)] Migrated 1,654 rows.
2026-01-13 16:14:02 [E780.E780_IF_FILE_ATTACHMENT (Part 1)] Migrated 1,655 rows.
2026-01-13 16:14:02 [E780.E780_IF_FILE_ATTACHMENT (Part 4)] Migrated 864 rows.
2026-01-13 16:14:02 [E780.E780_IF_FILE_ATTACHMENT (Part 1)] Migrated 1,656 rows.
2026-01-13 16:14:02 [E780.E780_IF_FILE_ATTACHMENT (Part 1)] Migrated 1,657 rows.
2026-01-13 16:14:02 [E780.E780_IF_FILE_ATTACHMENT (Part 4)] Migrated 865 rows.
2026-01-13 16:14:02 [E780.E780_IF_FILE_ATTACHMENT (Part 1)] Migrated 1,658 rows.
2026-01-13 16:14:02 [E780.E780_IF_FILE_ATTACHMENT (Part 3)] Migrated 861 rows.
2026-01-13 16:14:02 [E780.E780_IF_FILE_ATTACHMENT (Part 1)] Migrated 1,659 rows.
2026-01-13 16:14:02 [E780.E780_IF_FILE_ATTACHMENT (Part 3)] Migrated 862 rows.
2026-01-13 16:14:02 [E780.E780_IF_FILE_ATTACHMENT (Part 1)] Migrated 1,660 rows.
2026-01-13 16:14:02 [E780.E780_IF_FILE_ATTACHMENT (Part 1)] Migrated 1,661 rows.
2026-01-13 16:14:03 [E780.E780_IF_FILE_ATTACHMENT (Part 1)] Migrated 1,662 rows.
2026-01-13 16:14:03 [E780.E780_IF_FILE_ATTACHMENT (Part 1)] Migrated 1,663 rows.
2026-01-13 16:14:03 [E780.E780_IF_FILE_ATTACHMENT (Part 1)] Migrated 1,664 rows.
2026-01-13 16:14:03 [E780.E780_IF_FILE_ATTACHMENT (Part 1)] Migrated 1,665 rows.
2026-01-13 16:14:03 [E780.E780_IF_FILE_ATTACHMENT (Part 3)] Migrated 863 rows.
2026-01-13 16:14:03 [E780.E780_IF_FILE_ATTACHMENT (Part 1)] Migrated 1,666 rows.
2026-01-13 16:14:03 [E780.E780_IF_FILE_ATTACHMENT (Part 1)] Migrated 1,667 rows.
2026-01-13 16:14:03 [E780.E780_IF_FILE_ATTACHMENT (Part 1)] Migrated 1,668 rows.
2026-01-13 16:14:03 [E780.E780_IF_FILE_ATTACHMENT (Part 1)] Migrated 1,669 rows.
2026-01-13 16:14:03 [E780.E780_IF_FILE_ATTACHMENT (Part 1)] Migrated 1,670 rows.
2026-01-13 16:14:03 [E780.E780_IF_FILE_ATTACHMENT (Part 1)] Migrated 1,671 rows.
2026-01-13 16:14:03 [E780.E780_IF_FILE_ATTACHMENT (Part 2)] Migrated 776 rows.
2026-01-13 16:14:03 [E780.E780_IF_FILE_ATTACHMENT (Part 3)] Migrated 864 rows.
2026-01-13 16:14:03 [E780.E780_IF_FILE_ATTACHMENT (Part 1)] Migrated 1,672 rows.
2026-01-13 16:14:03 [E780.E780_IF_FILE_ATTACHMENT (Part 2)] Migrated 777 rows.
2026-01-13 16:14:03 [E780.E780_IF_FILE_ATTACHMENT (Part 1)] Migrated 1,673 rows.
2026-01-13 16:14:03 [E780.E780_IF_FILE_ATTACHMENT (Part 1)] Migrated 1,674 rows.
2026-01-13 16:14:03 [E780.E780_IF_FILE_ATTACHMENT (Part 1)] Migrated 1,675 rows.
2026-01-13 16:14:04 [E780.E780_IF_FILE_ATTACHMENT (Part 2)] Migrated 778 rows.
2026-01-13 16:14:04 [E780.E780_IF_FILE_ATTACHMENT (Part 1)] Migrated 1,676 rows.
2026-01-13 16:14:04 [E780.E780_IF_FILE_ATTACHMENT (Part 1)] Migrated 1,677 rows.
2026-01-13 16:14:04 [E780.E780_IF_FILE_ATTACHMENT (Part 3)] Migrated 865 rows.
2026-01-13 16:14:04 [E780.E780_IF_FILE_ATTACHMENT (Part 2)] Migrated 779 rows.
2026-01-13 16:14:04 [E780.E780_IF_FILE_ATTACHMENT (Part 1)] Migrated 1,678 rows.
2026-01-13 16:14:04 [E780.E780_IF_FILE_ATTACHMENT (Part 2)] Migrated 780 rows.
2026-01-13 16:14:04 [E780.E780_IF_FILE_ATTACHMENT (Part 2)] Migrated 781 rows.
2026-01-13 16:14:04 [E780.E780_IF_FILE_ATTACHMENT (Part 3)] Migrated 866 rows.
2026-01-13 16:14:05 [E780.E780_IF_FILE_ATTACHMENT (Part 2)] Migrated 782 rows.
2026-01-13 16:14:05 [E780.E780_IF_FILE_ATTACHMENT (Part 2)] Migrated 783 rows.
2026-01-13 16:14:05 [E780.E780_IF_FILE_ATTACHMENT (Part 1)] Migrated 1,679 rows.
2026-01-13 16:14:05 [E780.E780_IF_FILE_ATTACHMENT (Part 2)] Migrated 784 rows.
2026-01-13 16:14:05 [E780.E780_IF_FILE_ATTACHMENT (Part 1)] Migrated 1,680 rows.
2026-01-13 16:14:05 [E780.E780_IF_FILE_ATTACHMENT (Part 2)] Migrated 785 rows.
2026-01-13 16:14:05 [E780.E780_IF_FILE_ATTACHMENT (Part 1)] Migrated 1,681 rows.
2026-01-13 16:14:05 [E780.E780_IF_FILE_ATTACHMENT (Part 1)] Migrated 1,682 rows.
2026-01-13 16:14:05 [E780.E780_IF_FILE_ATTACHMENT (Part 1)] Migrated 1,683 rows.
2026-01-13 16:14:05 [E780.E780_IF_FILE_ATTACHMENT (Part 1)] Migrated 1,684 rows.
2026-01-13 16:14:05 [E780.E780_IF_FILE_ATTACHMENT (Part 2)] Migrated 786 rows.
2026-01-13 16:14:05 [E780.E780_IF_FILE_ATTACHMENT (Part 1)] Migrated 1,685 rows.
2026-01-13 16:14:05 [E780.E780_IF_FILE_ATTACHMENT (Part 3)] Migrated 867 rows.
2026-01-13 16:14:05 [E780.E780_IF_FILE_ATTACHMENT (Part 4)] Migrated 866 rows.
2026-01-13 16:14:06 [E780.E780_IF_FILE_ATTACHMENT (Part 2)] Migrated 787 rows.
2026-01-13 16:14:06 [E780.E780_IF_FILE_ATTACHMENT (Part 3)] Migrated 868 rows.
2026-01-13 16:14:06 [E780.E780_IF_FILE_ATTACHMENT (Part 1)] Migrated 1,686 rows.
2026-01-13 16:14:06 [E780.E780_IF_FILE_ATTACHMENT (Part 1)] Migrated 1,687 rows.
2026-01-13 16:14:06 [E780.E780_IF_FILE_ATTACHMENT (Part 2)] Migrated 788 rows.
2026-01-13 16:14:06 [E780.E780_IF_FILE_ATTACHMENT (Part 1)] Migrated 1,688 rows.
2026-01-13 16:14:06 [E780.E780_IF_FILE_ATTACHMENT (Part 2)] Migrated 789 rows.
2026-01-13 16:14:06 [E780.E780_IF_FILE_ATTACHMENT (Part 1)] Migrated 1,689 rows.
2026-01-13 16:14:06 [E780.E780_IF_FILE_ATTACHMENT (Part 1)] Migrated 1,690 rows.
2026-01-13 16:14:06 [E780.E780_IF_FILE_ATTACHMENT (Part 3)] Migrated 869 rows.
2026-01-13 16:14:06 [E780.E780_IF_FILE_ATTACHMENT (Part 1)] Migrated 1,691 rows.
2026-01-13 16:14:06 [E780.E780_IF_FILE_ATTACHMENT (Part 2)] Migrated 790 rows.
2026-01-13 16:14:06 [E780.E780_IF_FILE_ATTACHMENT (Part 3)] Migrated 870 rows.
2026-01-13 16:14:06 [E780.E780_IF_FILE_ATTACHMENT (Part 1)] Migrated 1,692 rows.
2026-01-13 16:14:06 [E780.E780_IF_FILE_ATTACHMENT (Part 3)] Migrated 871 rows.
2026-01-13 16:14:06 [E780.E780_IF_FILE_ATTACHMENT (Part 1)] Migrated 1,693 rows.
2026-01-13 16:14:06 [E780.E780_IF_FILE_ATTACHMENT (Part 3)] Migrated 872 rows.
2026-01-13 16:14:06 [E780.E780_IF_FILE_ATTACHMENT (Part 1)] Migrated 1,694 rows.
2026-01-13 16:14:06 [E780.E780_IF_FILE_ATTACHMENT (Part 1)] Migrated 1,695 rows.
2026-01-13 16:14:06 [E780.E780_IF_FILE_ATTACHMENT (Part 1)] Migrated 1,696 rows.
2026-01-13 16:14:06 [E780.E780_IF_FILE_ATTACHMENT (Part 1)] Migrated 1,697 rows.
2026-01-13 16:14:06 [E780.E780_IF_FILE_ATTACHMENT (Part 1)] Migrated 1,698 rows.
2026-01-13 16:14:06 [E780.E780_IF_FILE_ATTACHMENT (Part 1)] Migrated 1,699 rows.
2026-01-13 16:14:06 [E780.E780_IF_FILE_ATTACHMENT (Part 2)] Migrated 791 rows.
2026-01-13 16:14:06 [E780.E780_IF_FILE_ATTACHMENT (Part 3)] Migrated 873 rows.
2026-01-13 16:14:06 [E780.E780_IF_FILE_ATTACHMENT (Part 1)] Migrated 1,700 rows.
2026-01-13 16:14:06 [E780.E780_IF_FILE_ATTACHMENT (Part 1)] Migrated 1,701 rows.
2026-01-13 16:14:06 [E780.E780_IF_FILE_ATTACHMENT (Part 3)] Migrated 874 rows.
2026-01-13 16:14:06 [E780.E780_IF_FILE_ATTACHMENT (Part 1)] Migrated 1,702 rows.
2026-01-13 16:14:06 [E780.E780_IF_FILE_ATTACHMENT (Part 3)] Migrated 875 rows.
2026-01-13 16:14:06 [E780.E780_IF_FILE_ATTACHMENT (Part 1)] Migrated 1,703 rows.
2026-01-13 16:14:07 [E780.E780_IF_FILE_ATTACHMENT (Part 3)] Migrated 876 rows.
2026-01-13 16:14:07 [E780.E780_IF_FILE_ATTACHMENT (Part 3)] Migrated 877 rows.
2026-01-13 16:14:07 [E780.E780_IF_FILE_ATTACHMENT (Part 3)] Migrated 878 rows.
2026-01-13 16:14:07 [E780.E780_IF_FILE_ATTACHMENT (Part 3)] Migrated 879 rows.
2026-01-13 16:14:07 [E780.E780_IF_FILE_ATTACHMENT (Part 3)] Migrated 880 rows.
2026-01-13 16:14:07 [E780.E780_IF_FILE_ATTACHMENT (Part 3)] Migrated 881 rows.
2026-01-13 16:14:07 [E780.E780_IF_FILE_ATTACHMENT (Part 3)] Migrated 882 rows.
2026-01-13 16:14:07 [E780.E780_IF_FILE_ATTACHMENT (Part 1)] Migrated 1,704 rows.
2026-01-13 16:14:07 [E780.E780_IF_FILE_ATTACHMENT (Part 2)] Migrated 792 rows.
2026-01-13 16:14:07 [E780.E780_IF_FILE_ATTACHMENT (Part 1)] Migrated 1,705 rows.
2026-01-13 16:14:07 [E780.E780_IF_FILE_ATTACHMENT (Part 2)] Migrated 793 rows.
2026-01-13 16:14:07 [E780.E780_IF_FILE_ATTACHMENT (Part 2)] Migrated 794 rows.
2026-01-13 16:14:07 [E780.E780_IF_FILE_ATTACHMENT (Part 1)] Migrated 1,706 rows.
2026-01-13 16:14:07 [E780.E780_IF_FILE_ATTACHMENT (Part 2)] Migrated 795 rows.
2026-01-13 16:14:07 [E780.E780_IF_FILE_ATTACHMENT (Part 2)] Migrated 796 rows.
2026-01-13 16:14:07 [E780.E780_IF_FILE_ATTACHMENT (Part 2)] Migrated 797 rows.
2026-01-13 16:14:08 [E780.E780_IF_FILE_ATTACHMENT (Part 1)] Migrated 1,707 rows.
2026-01-13 16:14:08 [E780.E780_IF_FILE_ATTACHMENT (Part 1)] Migrated 1,708 rows.
2026-01-13 16:14:08 [E780.E780_IF_FILE_ATTACHMENT (Part 2)] Migrated 798 rows.
2026-01-13 16:14:08 [E780.E780_IF_FILE_ATTACHMENT (Part 1)] Migrated 1,709 rows.
2026-01-13 16:14:09 [E780.E780_IF_FILE_ATTACHMENT (Part 2)] Migrated 799 rows.
2026-01-13 16:14:09 [E780.E780_IF_FILE_ATTACHMENT (Part 1)] Migrated 1,710 rows.
2026-01-13 16:14:09 [E780.E780_IF_FILE_ATTACHMENT (Part 1)] Migrated 1,711 rows.
2026-01-13 16:14:09 [E780.E780_IF_FILE_ATTACHMENT (Part 2)] Migrated 800 rows.
2026-01-13 16:14:09 [E780.E780_IF_FILE_ATTACHMENT (Part 2)] Migrated 801 rows.
2026-01-13 16:14:09 [E780.E780_IF_FILE_ATTACHMENT (Part 3)] Migrated 883 rows.
2026-01-13 16:14:09 [E780.E780_IF_FILE_ATTACHMENT (Part 3)] Migrated 884 rows.
2026-01-13 16:14:09 [E780.E780_IF_FILE_ATTACHMENT (Part 2)] Migrated 802 rows.
2026-01-13 16:14:09 [E780.E780_IF_FILE_ATTACHMENT (Part 3)] Migrated 885 rows.
2026-01-13 16:14:09 [E780.E780_IF_FILE_ATTACHMENT (Part 3)] Migrated 886 rows.
2026-01-13 16:14:09 [E780.E780_IF_FILE_ATTACHMENT (Part 1)] Migrated 1,712 rows.
2026-01-13 16:14:09 [E780.E780_IF_FILE_ATTACHMENT (Part 2)] Migrated 803 rows.
2026-01-13 16:14:09 [E780.E780_IF_FILE_ATTACHMENT (Part 3)] Migrated 887 rows.
2026-01-13 16:14:09 [E780.E780_IF_FILE_ATTACHMENT (Part 1)] Migrated 1,713 rows.
2026-01-13 16:14:10 [E780.E780_IF_FILE_ATTACHMENT (Part 2)] Migrated 804 rows.
2026-01-13 16:14:10 [E780.E780_IF_FILE_ATTACHMENT (Part 3)] Migrated 888 rows.
2026-01-13 16:14:10 [E780.E780_IF_FILE_ATTACHMENT (Part 1)] Migrated 1,714 rows.
2026-01-13 16:14:10 [E780.E780_IF_FILE_ATTACHMENT (Part 2)] Migrated 805 rows.
2026-01-13 16:14:10 [E780.E780_IF_FILE_ATTACHMENT (Part 1)] Migrated 1,715 rows.
2026-01-13 16:14:10 [E780.E780_IF_FILE_ATTACHMENT (Part 3)] Migrated 889 rows.
2026-01-13 16:14:10 [E780.E780_IF_FILE_ATTACHMENT (Part 1)] Migrated 1,716 rows.
2026-01-13 16:14:10 [E780.E780_IF_FILE_ATTACHMENT (Part 3)] Migrated 890 rows.
2026-01-13 16:14:10 [E780.E780_IF_FILE_ATTACHMENT (Part 3)] Migrated 891 rows.
2026-01-13 16:14:10 [E780.E780_IF_FILE_ATTACHMENT (Part 1)] Migrated 1,717 rows.
2026-01-13 16:14:10 [E780.E780_IF_FILE_ATTACHMENT (Part 3)] Migrated 892 rows.
2026-01-13 16:14:10 [E780.E780_IF_FILE_ATTACHMENT (Part 3)] Migrated 893 rows.
2026-01-13 16:14:10 [E780.E780_IF_FILE_ATTACHMENT (Part 1)] Migrated 1,718 rows.
2026-01-13 16:14:10 [E780.E780_IF_FILE_ATTACHMENT (Part 1)] Migrated 1,719 rows.
2026-01-13 16:14:10 [E780.E780_IF_FILE_ATTACHMENT (Part 2)] Migrated 806 rows.
2026-01-13 16:14:10 [E780.E780_IF_FILE_ATTACHMENT (Part 1)] Migrated 1,720 rows.
2026-01-13 16:14:10 [E780.E780_IF_FILE_ATTACHMENT (Part 1)] Migrated 1,721 rows.
2026-01-13 16:14:10 [E780.E780_IF_FILE_ATTACHMENT (Part 1)] Migrated 1,722 rows.
2026-01-13 16:14:10 [E780.E780_IF_FILE_ATTACHMENT (Part 3)] Migrated 894 rows.
2026-01-13 16:14:10 [E780.E780_IF_FILE_ATTACHMENT (Part 3)] Migrated 895 rows.
2026-01-13 16:14:10 [E780.E780_IF_FILE_ATTACHMENT (Part 3)] Migrated 896 rows.
2026-01-13 16:14:11 [E780.E780_IF_FILE_ATTACHMENT (Part 2)] Migrated 807 rows.
2026-01-13 16:14:11 [E780.E780_IF_FILE_ATTACHMENT (Part 3)] Migrated 897 rows.
2026-01-13 16:14:11 [E780.E780_IF_FILE_ATTACHMENT (Part 3)] Migrated 898 rows.
2026-01-13 16:14:11 [E780.E780_IF_FILE_ATTACHMENT (Part 3)] Migrated 899 rows.
2026-01-13 16:14:11 [E780.E780_IF_FILE_ATTACHMENT (Part 1)] Migrated 1,723 rows.
2026-01-13 16:14:11 [E780.E780_IF_FILE_ATTACHMENT (Part 3)] Migrated 900 rows.
2026-01-13 16:14:11 [E780.E780_IF_FILE_ATTACHMENT (Part 2)] Migrated 808 rows.
2026-01-13 16:14:11 [E780.E780_IF_FILE_ATTACHMENT (Part 3)] Migrated 901 rows.
2026-01-13 16:14:11 [E780.E780_IF_FILE_ATTACHMENT (Part 3)] Migrated 902 rows.
2026-01-13 16:14:11 [E780.E780_IF_FILE_ATTACHMENT (Part 3)] Migrated 903 rows.
2026-01-13 16:14:11 [E780.E780_IF_FILE_ATTACHMENT (Part 1)] Migrated 1,724 rows.
2026-01-13 16:14:11 [E780.E780_IF_FILE_ATTACHMENT (Part 1)] Migrated 1,725 rows.
2026-01-13 16:14:11 [E780.E780_IF_FILE_ATTACHMENT (Part 2)] Migrated 809 rows.
2026-01-13 16:14:11 [E780.E780_IF_FILE_ATTACHMENT (Part 1)] Migrated 1,726 rows.
2026-01-13 16:14:11 [E780.E780_IF_FILE_ATTACHMENT (Part 1)] Migrated 1,727 rows.
2026-01-13 16:14:11 [E780.E780_IF_FILE_ATTACHMENT (Part 3)] Migrated 904 rows.
2026-01-13 16:14:11 [E780.E780_IF_FILE_ATTACHMENT (Part 1)] Migrated 1,728 rows.
2026-01-13 16:14:11 [E780.E780_IF_FILE_ATTACHMENT (Part 1)] Migrated 1,729 rows.
2026-01-13 16:14:11 [E780.E780_IF_FILE_ATTACHMENT (Part 2)] Migrated 810 rows.
2026-01-13 16:14:11 [E780.E780_IF_FILE_ATTACHMENT (Part 1)] Migrated 1,730 rows.
2026-01-13 16:14:11 [E780.E780_IF_FILE_ATTACHMENT (Part 1)] Migrated 1,731 rows.
2026-01-13 16:14:11 [E780.E780_IF_FILE_ATTACHMENT (Part 1)] Migrated 1,732 rows.
2026-01-13 16:14:11 [E780.E780_IF_FILE_ATTACHMENT (Part 1)] Migrated 1,733 rows.
2026-01-13 16:14:11 [E780.E780_IF_FILE_ATTACHMENT (Part 3)] Migrated 905 rows.
2026-01-13 16:14:12 [E780.E780_IF_FILE_ATTACHMENT (Part 3)] Migrated 906 rows.
2026-01-13 16:14:12 [E780.E780_IF_FILE_ATTACHMENT (Part 1)] Migrated 1,734 rows.
2026-01-13 16:14:12 [E780.E780_IF_FILE_ATTACHMENT (Part 1)] Migrated 1,735 rows.
2026-01-13 16:14:12 [E780.E780_IF_FILE_ATTACHMENT (Part 2)] Migrated 811 rows.
2026-01-13 16:14:12 [E780.E780_IF_FILE_ATTACHMENT (Part 1)] Migrated 1,736 rows.
2026-01-13 16:14:12 [E780.E780_IF_FILE_ATTACHMENT (Part 2)] Migrated 812 rows.
2026-01-13 16:14:12 [E780.E780_IF_FILE_ATTACHMENT (Part 1)] Migrated 1,737 rows.
2026-01-13 16:14:12 [E780.E780_IF_FILE_ATTACHMENT (Part 3)] Migrated 907 rows.
2026-01-13 16:14:12 [E780.E780_IF_FILE_ATTACHMENT (Part 1)] Migrated 1,738 rows.
2026-01-13 16:14:12 [E780.E780_IF_FILE_ATTACHMENT (Part 1)] Migrated 1,739 rows.
2026-01-13 16:14:12 [E780.E780_IF_FILE_ATTACHMENT (Part 2)] Migrated 813 rows.
2026-01-13 16:14:12 [E780.E780_IF_FILE_ATTACHMENT (Part 1)] Migrated 1,740 rows.
2026-01-13 16:14:12 [E780.E780_IF_FILE_ATTACHMENT (Part 3)] Migrated 908 rows.
2026-01-13 16:14:12 [E780.E780_IF_FILE_ATTACHMENT (Part 1)] Migrated 1,741 rows.
2026-01-13 16:14:12 [E780.E780_IF_FILE_ATTACHMENT (Part 2)] Migrated 814 rows.
2026-01-13 16:14:12 [E780.E780_IF_FILE_ATTACHMENT (Part 2)] Migrated 815 rows.
2026-01-13 16:14:12 [E780.E780_IF_FILE_ATTACHMENT (Part 2)] Migrated 816 rows.
2026-01-13 16:14:12 [E780.E780_IF_FILE_ATTACHMENT (Part 1)] Migrated 1,742 rows.
2026-01-13 16:14:12 [E780.E780_IF_FILE_ATTACHMENT (Part 3)] Migrated 909 rows.
2026-01-13 16:14:12 [E780.E780_IF_FILE_ATTACHMENT (Part 3)] Migrated 910 rows.
2026-01-13 16:14:12 [E780.E780_IF_FILE_ATTACHMENT (Part 2)] Migrated 817 rows.
2026-01-13 16:14:12 [E780.E780_IF_FILE_ATTACHMENT (Part 3)] Migrated 911 rows.
2026-01-13 16:14:12 [E780.E780_IF_FILE_ATTACHMENT (Part 2)] Migrated 818 rows.
2026-01-13 16:14:12 [E780.E780_IF_FILE_ATTACHMENT (Part 3)] Migrated 912 rows.
2026-01-13 16:14:12 [E780.E780_IF_FILE_ATTACHMENT (Part 1)] Migrated 1,743 rows.
2026-01-13 16:14:12 [E780.E780_IF_FILE_ATTACHMENT (Part 3)] Migrated 913 rows.
2026-01-13 16:14:12 [E780.E780_IF_FILE_ATTACHMENT (Part 3)] Migrated 914 rows.
2026-01-13 16:14:13 [E780.E780_IF_FILE_ATTACHMENT (Part 2)] Migrated 819 rows.
2026-01-13 16:14:13 [E780.E780_IF_FILE_ATTACHMENT (Part 3)] Migrated 915 rows.
2026-01-13 16:14:13 [E780.E780_IF_FILE_ATTACHMENT (Part 3)] Migrated 916 rows.
2026-01-13 16:14:13 [E780.E780_IF_FILE_ATTACHMENT (Part 2)] Migrated 820 rows.
2026-01-13 16:14:13 [E780.E780_IF_FILE_ATTACHMENT (Part 3)] Migrated 917 rows.
2026-01-13 16:14:13 [E780.E780_IF_FILE_ATTACHMENT (Part 2)] Migrated 821 rows.
2026-01-13 16:14:13 [E780.E780_IF_FILE_ATTACHMENT (Part 1)] Migrated 1,744 rows.
2026-01-13 16:14:13 [E780.E780_IF_FILE_ATTACHMENT (Part 3)] Migrated 918 rows.
2026-01-13 16:14:13 [E780.E780_IF_FILE_ATTACHMENT (Part 2)] Migrated 822 rows.
2026-01-13 16:14:13 [E780.E780_IF_FILE_ATTACHMENT (Part 1)] Migrated 1,745 rows.
2026-01-13 16:14:13 [E780.E780_IF_FILE_ATTACHMENT (Part 3)] Migrated 919 rows.
2026-01-13 16:14:13 [E780.E780_IF_FILE_ATTACHMENT (Part 2)] Migrated 823 rows.
2026-01-13 16:14:13 [E780.E780_IF_FILE_ATTACHMENT (Part 1)] Migrated 1,746 rows.
2026-01-13 16:14:13 [E780.E780_IF_FILE_ATTACHMENT (Part 2)] Migrated 824 rows.
2026-01-13 16:14:13 [E780.E780_IF_FILE_ATTACHMENT (Part 3)] Migrated 920 rows.
2026-01-13 16:14:13 [E780.E780_IF_FILE_ATTACHMENT (Part 3)] Migrated 921 rows.
2026-01-13 16:14:14 [E780.E780_IF_FILE_ATTACHMENT (Part 3)] Migrated 922 rows.
2026-01-13 16:14:14 [E780.E780_IF_FILE_ATTACHMENT (Part 3)] Migrated 923 rows.
2026-01-13 16:14:14 [E780.E780_IF_FILE_ATTACHMENT (Part 3)] Migrated 924 rows.
2026-01-13 16:14:14 [E780.E780_IF_FILE_ATTACHMENT (Part 2)] Migrated 825 rows.
2026-01-13 16:14:14 [E780.E780_IF_FILE_ATTACHMENT (Part 1)] Migrated 1,747 rows.
2026-01-13 16:14:14 [E780.E780_IF_FILE_ATTACHMENT (Part 3)] Migrated 925 rows.
2026-01-13 16:14:14 [E780.E780_IF_FILE_ATTACHMENT (Part 2)] Migrated 826 rows.
2026-01-13 16:14:14 [E780.E780_IF_FILE_ATTACHMENT (Part 3)] Migrated 926 rows.
2026-01-13 16:14:14 [E780.E780_IF_FILE_ATTACHMENT (Part 3)] Migrated 927 rows.
2026-01-13 16:14:14 [E780.E780_IF_FILE_ATTACHMENT (Part 2)] Migrated 827 rows.
2026-01-13 16:14:14 [E780.E780_IF_FILE_ATTACHMENT (Part 1)] Migrated 1,748 rows.
2026-01-13 16:14:14 [E780.E780_IF_FILE_ATTACHMENT (Part 2)] Migrated 828 rows.
2026-01-13 16:14:14 [E780.E780_IF_FILE_ATTACHMENT (Part 3)] Migrated 928 rows.
2026-01-13 16:14:14 [E780.E780_IF_FILE_ATTACHMENT (Part 2)] Migrated 829 rows.
2026-01-13 16:14:15 [E780.E780_IF_FILE_ATTACHMENT (Part 3)] Migrated 929 rows.
2026-01-13 16:14:15 [E780.E780_IF_FILE_ATTACHMENT (Part 1)] Migrated 1,749 rows.
2026-01-13 16:14:15 [E780.E780_IF_FILE_ATTACHMENT (Part 3)] Migrated 930 rows.
2026-01-13 16:14:15 [E780.E780_IF_FILE_ATTACHMENT (Part 2)] Migrated 830 rows.
2026-01-13 16:14:15 [E780.E780_IF_FILE_ATTACHMENT (Part 1)] Migrated 1,750 rows.
2026-01-13 16:14:15 [E780.E780_IF_FILE_ATTACHMENT (Part 2)] Migrated 831 rows.
2026-01-13 16:14:15 [E780.E780_IF_FILE_ATTACHMENT (Part 2)] Migrated 832 rows.
2026-01-13 16:14:15 [E780.E780_IF_FILE_ATTACHMENT (Part 3)] Migrated 931 rows.
2026-01-13 16:14:16 [E780.E780_IF_FILE_ATTACHMENT (Part 1)] Migrated 1,751 rows.
2026-01-13 16:14:16 [E780.E780_IF_FILE_ATTACHMENT (Part 4)] Migrated 867 rows.
2026-01-13 16:14:16 [E780.E780_IF_FILE_ATTACHMENT (Part 2)] Migrated 833 rows.
2026-01-13 16:14:16 [E780.E780_IF_FILE_ATTACHMENT (Part 3)] Migrated 932 rows.
2026-01-13 16:14:16 [E780.E780_IF_FILE_ATTACHMENT (Part 2)] Migrated 834 rows.
2026-01-13 16:14:16 [E780.E780_IF_FILE_ATTACHMENT (Part 1)] Migrated 1,752 rows.
2026-01-13 16:14:16 [E780.E780_IF_FILE_ATTACHMENT (Part 2)] Migrated 835 rows.
2026-01-13 16:14:16 [E780.E780_IF_FILE_ATTACHMENT (Part 4)] Migrated 868 rows.
2026-01-13 16:14:16 [E780.E780_IF_FILE_ATTACHMENT (Part 2)] Migrated 836 rows.
2026-01-13 16:14:16 [E780.E780_IF_FILE_ATTACHMENT (Part 4)] Migrated 869 rows.
2026-01-13 16:14:16 [E780.E780_IF_FILE_ATTACHMENT (Part 3)] Migrated 933 rows.
2026-01-13 16:14:16 [E780.E780_IF_FILE_ATTACHMENT (Part 2)] Migrated 837 rows.
2026-01-13 16:14:16 [E780.E780_IF_FILE_ATTACHMENT (Part 1)] Migrated 1,753 rows.
2026-01-13 16:14:16 [E780.E780_IF_FILE_ATTACHMENT (Part 2)] Migrated 838 rows.
2026-01-13 16:14:16 [E780.E780_IF_FILE_ATTACHMENT (Part 4)] Migrated 870 rows.
2026-01-13 16:14:17 [E780.E780_IF_FILE_ATTACHMENT (Part 2)] Migrated 839 rows.
2026-01-13 16:14:17 [E780.E780_IF_FILE_ATTACHMENT (Part 2)] Migrated 840 rows.
2026-01-13 16:14:17 [E780.E780_IF_FILE_ATTACHMENT (Part 2)] Migrated 841 rows.
2026-01-13 16:14:17 [E780.E780_IF_FILE_ATTACHMENT (Part 1)] Migrated 1,754 rows.
2026-01-13 16:14:17 [E780.E780_IF_FILE_ATTACHMENT (Part 4)] Migrated 871 rows.
2026-01-13 16:14:17 [E780.E780_IF_FILE_ATTACHMENT (Part 4)] Migrated 872 rows.
2026-01-13 16:14:17 [E780.E780_IF_FILE_ATTACHMENT (Part 4)] Migrated 873 rows.
2026-01-13 16:14:17 [E780.E780_IF_FILE_ATTACHMENT (Part 1)] Migrated 1,755 rows.
2026-01-13 16:14:17 [E780.E780_IF_FILE_ATTACHMENT (Part 4)] Migrated 874 rows.
2026-01-13 16:14:17 MTK-17000: Batch entry 0 INSERT INTO e780.E780_IF_FILE_ATTACHMENT(ID, CONTENT, FILE_NAME) VALUES (74355, ?, 'WO00420875_4.pdf') was aborted: ERROR: out of memory
  Detail: Failed on request of size 16777216 in memory context "ErrorContext".  Call getNextException to see other errors in the batch.
DB-53200: java.sql.BatchUpdateException: Batch entry 0 INSERT INTO e780.E780_IF_FILE_ATTACHMENT(ID, CONTENT, FILE_NAME) VALUES (74355, ?, 'WO00420875_4.pdf') was aborted: ERROR: out of memory
  Detail: Failed on request of size 16777216 in memory context "ErrorContext".  Call getNextException to see other errors in the batch.
DB-53200: com.edb.util.PSQLException: ERROR: out of memory
  Detail: Failed on request of size 16777216 in memory context "ErrorContext"., Skipping Batch
2026-01-13 16:14:17 MTK-17000:ERROR: out of memory
  Detail: Failed on request of size 16777216 in memory context "ErrorContext".
2026-01-13 16:14:17 Stack Trace:
com.edb.MTKException: MTK-17000: Batch entry 0 INSERT INTO e780.E780_IF_FILE_ATTACHMENT(ID, CONTENT, FILE_NAME) VALUES (74355, ?, 'WO00420875_4.pdf') was aborted: ERROR: out of memory
  Detail: Failed on request of size 16777216 in memory context "ErrorContext".  Call getNextException to see other errors in the batch.
DB-53200: java.sql.BatchUpdateException: Batch entry 0 INSERT INTO e780.E780_IF_FILE_ATTACHMENT(ID, CONTENT, FILE_NAME) VALUES (74355, ?, 'WO00420875_4.pdf') was aborted: ERROR: out of memory
  Detail: Failed on request of size 16777216 in memory context "ErrorContext".  Call getNextException to see other errors in the batch.
DB-53200: com.edb.util.PSQLException: ERROR: out of memory
  Detail: Failed on request of size 16777216 in memory context "ErrorContext".
	at com.edb.dbhandler.enterprisedb.RedwoodBridge.setTableData(RedwoodBridge.java:426) [edb-migrationtoolkit.jar:?]
	at com.edb.DataLoader.loadDataForLoMode(DataLoader.java:1581) [edb-migrationtoolkit.jar:?]
	at com.edb.DataLoader.run(DataLoader.java:352) [edb-migrationtoolkit.jar:?]
	at java.lang.Thread.run(Thread.java:750) [?:1.8.0_462]
Caused by: java.sql.BatchUpdateException: Batch entry 0 INSERT INTO e780.E780_IF_FILE_ATTACHMENT(ID, CONTENT, FILE_NAME) VALUES (74355, ?, 'WO00420875_4.pdf') was aborted: ERROR: out of memory
  Detail: Failed on request of size 16777216 in memory context "ErrorContext".  Call getNextException to see other errors in the batch.
	at com.edb.jdbc.BatchResultHandler.handleError(BatchResultHandler.java:167) ~[edb-jdbc18.jar:42.3.3.1]
	at com.edb.core.ResultHandlerDelegate.handleError(ResultHandlerDelegate.java:55) ~[edb-jdbc18.jar:42.3.3.1]
	at com.edb.core.v3.QueryExecutorImpl.processResults(QueryExecutorImpl.java:2459) ~[edb-jdbc18.jar:42.3.3.1]
	at com.edb.core.v3.QueryExecutorImpl.execute(QueryExecutorImpl.java:593) ~[edb-jdbc18.jar:42.3.3.1]
	at com.edb.jdbc.PgStatement.internalExecuteBatch(PgStatement.java:921) ~[edb-jdbc18.jar:42.3.3.1]
	at com.edb.jdbc.PgStatement.executeBatch(PgStatement.java:945) ~[edb-jdbc18.jar:42.3.3.1]
	at com.edb.jdbc.PgPreparedStatement.executeBatch(PgPreparedStatement.java:2030) ~[edb-jdbc18.jar:42.3.3.1]
	at com.edb.dbhandler.enterprisedb.RedwoodBridge.setTableData(RedwoodBridge.java:414) ~[edb-migrationtoolkit.jar:?]
	... 3 more
Caused by: com.edb.util.PSQLException: ERROR: out of memory
  Detail: Failed on request of size 16777216 in memory context "ErrorContext".
	at com.edb.core.v3.QueryExecutorImpl.receiveErrorResponse(QueryExecutorImpl.java:2884) ~[edb-jdbc18.jar:42.3.3.1]
	at com.edb.core.v3.QueryExecutorImpl.processResults(QueryExecutorImpl.java:2458) ~[edb-jdbc18.jar:42.3.3.1]
	at com.edb.core.v3.QueryExecutorImpl.execute(QueryExecutorImpl.java:593) ~[edb-jdbc18.jar:42.3.3.1]
	at com.edb.jdbc.PgStatement.internalExecuteBatch(PgStatement.java:921) ~[edb-jdbc18.jar:42.3.3.1]
	at com.edb.jdbc.PgStatement.executeBatch(PgStatement.java:945) ~[edb-jdbc18.jar:42.3.3.1]
	at com.edb.jdbc.PgPreparedStatement.executeBatch(PgPreparedStatement.java:2030) ~[edb-jdbc18.jar:42.3.3.1]
	at com.edb.dbhandler.enterprisedb.RedwoodBridge.setTableData(RedwoodBridge.java:414) ~[edb-migrationtoolkit.jar:?]
	... 3 more
2026-01-13 16:14:17 [E780.E780_IF_FILE_ATTACHMENT (Part 2)] Migrated 842 rows.
2026-01-13 16:14:17 [E780.E780_IF_FILE_ATTACHMENT (Part 4)] Migrated 875 rows.
2026-01-13 16:14:17 [E780.E780_IF_FILE_ATTACHMENT (Part 4)] Migrated 876 rows.
2026-01-13 16:14:17 [E780.E780_IF_FILE_ATTACHMENT (Part 1)] Migrated 1,756 rows.
2026-01-13 16:14:18 [E780.E780_IF_FILE_ATTACHMENT (Part 4)] Migrated 877 rows.
2026-01-13 16:14:18 [E780.E780_IF_FILE_ATTACHMENT (Part 2)] Migrated 843 rows.
2026-01-13 16:14:18 [E780.E780_IF_FILE_ATTACHMENT (Part 1)] Migrated 1,757 rows.
2026-01-13 16:14:18 [E780.E780_IF_FILE_ATTACHMENT (Part 4)] Migrated 878 rows.
2026-01-13 16:14:18 [E780.E780_IF_FILE_ATTACHMENT (Part 1)] Migrated 1,758 rows.
2026-01-13 16:14:18 [E780.E780_IF_FILE_ATTACHMENT (Part 1)] Migrated 1,759 rows.
2026-01-13 16:14:18 [E780.E780_IF_FILE_ATTACHMENT (Part 4)] Migrated 879 rows.
2026-01-13 16:14:18 [E780.E780_IF_FILE_ATTACHMENT (Part 2)] Migrated 844 rows.
2026-01-13 16:14:19 [E780.E780_IF_FILE_ATTACHMENT (Part 1)] Migrated 1,760 rows.
2026-01-13 16:14:19 [E780.E780_IF_FILE_ATTACHMENT (Part 2)] Migrated 845 rows.
2026-01-13 16:14:19 [E780.E780_IF_FILE_ATTACHMENT (Part 1)] Migrated 1,761 rows.
2026-01-13 16:14:19 [E780.E780_IF_FILE_ATTACHMENT (Part 3)] Migrated 935 rows.
2026-01-13 16:14:19 [E780.E780_IF_FILE_ATTACHMENT (Part 4)] Migrated 880 rows.
2026-01-13 16:14:19 [E780.E780_IF_FILE_ATTACHMENT (Part 1)] Migrated 1,762 rows.
2026-01-13 16:14:19 [E780.E780_IF_FILE_ATTACHMENT (Part 4)] Migrated 881 rows.
2026-01-13 16:14:19 [E780.E780_IF_FILE_ATTACHMENT (Part 2)] Migrated 846 rows.
2026-01-13 16:14:19 [E780.E780_IF_FILE_ATTACHMENT (Part 1)] Migrated 1,763 rows.
2026-01-13 16:14:19 [E780.E780_IF_FILE_ATTACHMENT (Part 1)] Migrated 1,764 rows.
2026-01-13 16:14:19 [E780.E780_IF_FILE_ATTACHMENT (Part 1)] Migrated 1,765 rows.
2026-01-13 16:14:19 [E780.E780_IF_FILE_ATTACHMENT (Part 1)] Migrated 1,766 rows.
2026-01-13 16:14:20 [E780.E780_IF_FILE_ATTACHMENT (Part 4)] Migrated 882 rows.
2026-01-13 16:14:20 [E780.E780_IF_FILE_ATTACHMENT (Part 1)] Migrated 1,767 rows.
2026-01-13 16:14:20 [E780.E780_IF_FILE_ATTACHMENT (Part 4)] Migrated 883 rows.
2026-01-13 16:14:20 [E780.E780_IF_FILE_ATTACHMENT (Part 1)] Migrated 1,768 rows.
2026-01-13 16:14:20 [E780.E780_IF_FILE_ATTACHMENT (Part 4)] Migrated 884 rows.
2026-01-13 16:14:20 [E780.E780_IF_FILE_ATTACHMENT (Part 1)] Migrated 1,769 rows.
2026-01-13 16:14:20 [E780.E780_IF_FILE_ATTACHMENT (Part 4)] Migrated 885 rows.
2026-01-13 16:14:20 [E780.E780_IF_FILE_ATTACHMENT (Part 1)] Migrated 1,770 rows.
2026-01-13 16:14:20 [E780.E780_IF_FILE_ATTACHMENT (Part 4)] Migrated 886 rows.
2026-01-13 16:14:20 [E780.E780_IF_FILE_ATTACHMENT (Part 1)] Migrated 1,771 rows.
2026-01-13 16:14:20 [E780.E780_IF_FILE_ATTACHMENT (Part 1)] Migrated 1,772 rows.
2026-01-13 16:14:20 [E780.E780_IF_FILE_ATTACHMENT (Part 1)] Migrated 1,773 rows.
2026-01-13 16:14:20 [E780.E780_IF_FILE_ATTACHMENT (Part 1)] Migrated 1,774 rows.
2026-01-13 16:14:20 [E780.E780_IF_FILE_ATTACHMENT (Part 3)] Migrated 936 rows.
2026-01-13 16:14:20 [E780.E780_IF_FILE_ATTACHMENT (Part 1)] Migrated 1,775 rows.
2026-01-13 16:14:20 [E780.E780_IF_FILE_ATTACHMENT (Part 3)] Migrated 937 rows.
2026-01-13 16:14:20 [E780.E780_IF_FILE_ATTACHMENT (Part 3)] Migrated 938 rows.
2026-01-13 16:14:20 [E780.E780_IF_FILE_ATTACHMENT (Part 1)] Migrated 1,776 rows.
2026-01-13 16:14:20 [E780.E780_IF_FILE_ATTACHMENT (Part 4)] Migrated 887 rows.
2026-01-13 16:14:20 [E780.E780_IF_FILE_ATTACHMENT (Part 2)] Migrated 847 rows.
2026-01-13 16:14:20 [E780.E780_IF_FILE_ATTACHMENT (Part 4)] Migrated 888 rows.
2026-01-13 16:14:20 [E780.E780_IF_FILE_ATTACHMENT (Part 1)] Migrated 1,777 rows.
2026-01-13 16:14:20 [E780.E780_IF_FILE_ATTACHMENT (Part 3)] Migrated 939 rows.
2026-01-13 16:14:20 [E780.E780_IF_FILE_ATTACHMENT (Part 2)] Migrated 848 rows.
2026-01-13 16:14:21 [E780.E780_IF_FILE_ATTACHMENT (Part 1)] Migrated 1,778 rows.
2026-01-13 16:14:21 [E780.E780_IF_FILE_ATTACHMENT (Part 1)] Migrated 1,779 rows.
2026-01-13 16:14:21 [E780.E780_IF_FILE_ATTACHMENT (Part 1)] Migrated 1,780 rows.
2026-01-13 16:14:21 [E780.E780_IF_FILE_ATTACHMENT (Part 3)] Migrated 940 rows.
2026-01-13 16:14:21 [E780.E780_IF_FILE_ATTACHMENT (Part 4)] Migrated 889 rows.
2026-01-13 16:14:21 [E780.E780_IF_FILE_ATTACHMENT (Part 2)] Migrated 849 rows.
2026-01-13 16:14:21 [E780.E780_IF_FILE_ATTACHMENT (Part 1)] Migrated 1,781 rows.
2026-01-13 16:14:21 [E780.E780_IF_FILE_ATTACHMENT (Part 4)] Migrated 890 rows.
2026-01-13 16:14:21 [E780.E780_IF_FILE_ATTACHMENT (Part 1)] Migrated 1,782 rows.
2026-01-13 16:14:21 [E780.E780_IF_FILE_ATTACHMENT (Part 1)] Migrated 1,783 rows.
2026-01-13 16:14:21 [E780.E780_IF_FILE_ATTACHMENT (Part 4)] Migrated 891 rows.
2026-01-13 16:14:21 [E780.E780_IF_FILE_ATTACHMENT (Part 1)] Migrated 1,784 rows.
2026-01-13 16:14:21 [E780.E780_IF_FILE_ATTACHMENT (Part 2)] Migrated 850 rows.
2026-01-13 16:14:21 [E780.E780_IF_FILE_ATTACHMENT (Part 1)] Migrated 1,785 rows.
2026-01-13 16:14:21 [E780.E780_IF_FILE_ATTACHMENT (Part 1)] Migrated 1,786 rows.
2026-01-13 16:14:21 [E780.E780_IF_FILE_ATTACHMENT (Part 4)] Migrated 892 rows.
2026-01-13 16:14:21 [E780.E780_IF_FILE_ATTACHMENT (Part 1)] Migrated 1,787 rows.
2026-01-13 16:14:21 [E780.E780_IF_FILE_ATTACHMENT (Part 1)] Migrated 1,788 rows.
2026-01-13 16:14:21 [E780.E780_IF_FILE_ATTACHMENT (Part 2)] Migrated 851 rows.
2026-01-13 16:14:21 [E780.E780_IF_FILE_ATTACHMENT (Part 4)] Migrated 893 rows.
2026-01-13 16:14:21 [E780.E780_IF_FILE_ATTACHMENT (Part 4)] Migrated 894 rows.
2026-01-13 16:14:21 [E780.E780_IF_FILE_ATTACHMENT (Part 1)] Migrated 1,789 rows.
2026-01-13 16:14:21 [E780.E780_IF_FILE_ATTACHMENT (Part 1)] Migrated 1,790 rows.
2026-01-13 16:14:21 [E780.E780_IF_FILE_ATTACHMENT (Part 2)] Migrated 852 rows.
2026-01-13 16:14:21 [E780.E780_IF_FILE_ATTACHMENT (Part 1)] Migrated 1,791 rows.
2026-01-13 16:14:21 [E780.E780_IF_FILE_ATTACHMENT (Part 4)] Migrated 895 rows.
2026-01-13 16:14:21 [E780.E780_IF_FILE_ATTACHMENT (Part 3)] Migrated 941 rows.
2026-01-13 16:14:21 [E780.E780_IF_FILE_ATTACHMENT (Part 1)] Migrated 1,792 rows.
2026-01-13 16:14:21 [E780.E780_IF_FILE_ATTACHMENT (Part 4)] Migrated 896 rows.
2026-01-13 16:14:21 [E780.E780_IF_FILE_ATTACHMENT (Part 1)] Migrated 1,793 rows.
2026-01-13 16:14:21 [E780.E780_IF_FILE_ATTACHMENT (Part 4)] Migrated 897 rows.
2026-01-13 16:14:21 [E780.E780_IF_FILE_ATTACHMENT (Part 4)] Migrated 898 rows.
2026-01-13 16:14:21 [E780.E780_IF_FILE_ATTACHMENT (Part 1)] Migrated 1,794 rows.
2026-01-13 16:14:21 [E780.E780_IF_FILE_ATTACHMENT (Part 4)] Migrated 899 rows.
2026-01-13 16:14:21 [E780.E780_IF_FILE_ATTACHMENT (Part 1)] Migrated 1,795 rows.
2026-01-13 16:14:21 [E780.E780_IF_FILE_ATTACHMENT (Part 1)] Migrated 1,796 rows.
2026-01-13 16:14:21 [E780.E780_IF_FILE_ATTACHMENT (Part 1)] Migrated 1,797 rows.
2026-01-13 16:14:21 [E780.E780_IF_FILE_ATTACHMENT (Part 1)] Migrated 1,798 rows.
2026-01-13 16:14:22 [E780.E780_IF_FILE_ATTACHMENT (Part 1)] Migrated 1,799 rows.
2026-01-13 16:14:22 [E780.E780_IF_FILE_ATTACHMENT (Part 1)] Migrated 1,800 rows.
2026-01-13 16:14:22 [E780.E780_IF_FILE_ATTACHMENT (Part 1)] Migrated 1,801 rows.
2026-01-13 16:14:22 [E780.E780_IF_FILE_ATTACHMENT (Part 1)] Migrated 1,802 rows.
2026-01-13 16:14:22 [E780.E780_IF_FILE_ATTACHMENT (Part 1)] Migrated 1,803 rows.
2026-01-13 16:14:22 [E780.E780_IF_FILE_ATTACHMENT (Part 1)] Migrated 1,804 rows.
2026-01-13 16:14:22 [E780.E780_IF_FILE_ATTACHMENT (Part 2)] Migrated 853 rows.
2026-01-13 16:14:22 [E780.E780_IF_FILE_ATTACHMENT (Part 1)] Migrated 1,805 rows.
2026-01-13 16:14:22 [E780.E780_IF_FILE_ATTACHMENT (Part 2)] Migrated 854 rows.
2026-01-13 16:14:22 [E780.E780_IF_FILE_ATTACHMENT (Part 1)] Migrated 1,806 rows.
2026-01-13 16:14:22 [E780.E780_IF_FILE_ATTACHMENT (Part 1)] Migrated 1,807 rows.
2026-01-13 16:14:22 [E780.E780_IF_FILE_ATTACHMENT (Part 1)] Migrated 1,808 rows.
2026-01-13 16:14:22 [E780.E780_IF_FILE_ATTACHMENT (Part 1)] Migrated 1,809 rows.
2026-01-13 16:14:22 [E780.E780_IF_FILE_ATTACHMENT (Part 1)] Migrated 1,810 rows.
2026-01-13 16:14:22 [E780.E780_IF_FILE_ATTACHMENT (Part 1)] Migrated 1,811 rows.
2026-01-13 16:14:22 [E780.E780_IF_FILE_ATTACHMENT (Part 1)] Migrated 1,812 rows.
2026-01-13 16:14:22 [E780.E780_IF_FILE_ATTACHMENT (Part 1)] Migrated 1,813 rows.
2026-01-13 16:14:22 [E780.E780_IF_FILE_ATTACHMENT (Part 1)] Migrated 1,814 rows.
2026-01-13 16:14:22 [E780.E780_IF_FILE_ATTACHMENT (Part 1)] Migrated 1,815 rows.
2026-01-13 16:14:23 [E780.E780_IF_FILE_ATTACHMENT (Part 1)] Migrated 1,816 rows.
2026-01-13 16:14:23 [E780.E780_IF_FILE_ATTACHMENT (Part 2)] Migrated 855 rows.
2026-01-13 16:14:23 [E780.E780_IF_FILE_ATTACHMENT (Part 1)] Migrated 1,817 rows.
2026-01-13 16:14:23 [E780.E780_IF_FILE_ATTACHMENT (Part 3)] Migrated 942 rows.
2026-01-13 16:14:23 [E780.E780_IF_FILE_ATTACHMENT (Part 1)] Migrated 1,818 rows.
2026-01-13 16:14:23 [E780.E780_IF_FILE_ATTACHMENT (Part 2)] Migrated 856 rows.
2026-01-13 16:14:23 [E780.E780_IF_FILE_ATTACHMENT (Part 2)] Migrated 857 rows.
2026-01-13 16:14:23 [E780.E780_IF_FILE_ATTACHMENT (Part 1)] Migrated 1,819 rows.
2026-01-13 16:14:23 [E780.E780_IF_FILE_ATTACHMENT (Part 2)] Migrated 858 rows.
2026-01-13 16:14:23 [E780.E780_IF_FILE_ATTACHMENT (Part 3)] Migrated 943 rows.
2026-01-13 16:14:23 [E780.E780_IF_FILE_ATTACHMENT (Part 1)] Migrated 1,820 rows.
2026-01-13 16:14:23 [E780.E780_IF_FILE_ATTACHMENT (Part 2)] Migrated 859 rows.
2026-01-13 16:14:23 [E780.E780_IF_FILE_ATTACHMENT (Part 3)] Migrated 944 rows.
2026-01-13 16:14:23 [E780.E780_IF_FILE_ATTACHMENT (Part 2)] Migrated 860 rows.
2026-01-13 16:14:23 [E780.E780_IF_FILE_ATTACHMENT (Part 3)] Migrated 945 rows.
2026-01-13 16:14:23 [E780.E780_IF_FILE_ATTACHMENT (Part 2)] Migrated 861 rows.
2026-01-13 16:14:23 [E780.E780_IF_FILE_ATTACHMENT (Part 1)] Migrated 1,821 rows.
2026-01-13 16:14:23 [E780.E780_IF_FILE_ATTACHMENT (Part 3)] Migrated 946 rows.
2026-01-13 16:14:23 [E780.E780_IF_FILE_ATTACHMENT (Part 1)] Migrated 1,822 rows.
2026-01-13 16:14:23 [E780.E780_IF_FILE_ATTACHMENT (Part 2)] Migrated 862 rows.
2026-01-13 16:14:23 [E780.E780_IF_FILE_ATTACHMENT (Part 3)] Migrated 947 rows.
2026-01-13 16:14:23 [E780.E780_IF_FILE_ATTACHMENT (Part 2)] Migrated 863 rows.
2026-01-13 16:14:23 [E780.E780_IF_FILE_ATTACHMENT (Part 1)] Migrated 1,823 rows.
2026-01-13 16:14:23 [E780.E780_IF_FILE_ATTACHMENT (Part 3)] Migrated 948 rows.
2026-01-13 16:14:23 [E780.E780_IF_FILE_ATTACHMENT (Part 2)] Migrated 864 rows.
2026-01-13 16:14:23 [E780.E780_IF_FILE_ATTACHMENT (Part 1)] Migrated 1,824 rows.
2026-01-13 16:14:23 [E780.E780_IF_FILE_ATTACHMENT (Part 2)] Migrated 865 rows.
2026-01-13 16:14:23 [E780.E780_IF_FILE_ATTACHMENT (Part 3)] Migrated 949 rows.
2026-01-13 16:14:23 [E780.E780_IF_FILE_ATTACHMENT (Part 1)] Migrated 1,825 rows.
2026-01-13 16:14:23 [E780.E780_IF_FILE_ATTACHMENT (Part 2)] Migrated 866 rows.
2026-01-13 16:14:23 [E780.E780_IF_FILE_ATTACHMENT (Part 3)] Migrated 950 rows.
2026-01-13 16:14:23 [E780.E780_IF_FILE_ATTACHMENT (Part 1)] Migrated 1,826 rows.
2026-01-13 16:14:23 [E780.E780_IF_FILE_ATTACHMENT (Part 2)] Migrated 867 rows.
2026-01-13 16:14:23 [E780.E780_IF_FILE_ATTACHMENT (Part 1)] Migrated 1,827 rows.
2026-01-13 16:14:23 [E780.E780_IF_FILE_ATTACHMENT (Part 3)] Migrated 951 rows.
2026-01-13 16:14:23 [E780.E780_IF_FILE_ATTACHMENT (Part 1)] Migrated 1,828 rows.
2026-01-13 16:14:24 [E780.E780_IF_FILE_ATTACHMENT (Part 1)] Migrated 1,829 rows.
2026-01-13 16:14:24 [E780.E780_IF_FILE_ATTACHMENT (Part 2)] Migrated 868 rows.
2026-01-13 16:14:24 [E780.E780_IF_FILE_ATTACHMENT (Part 3)] Migrated 952 rows.
2026-01-13 16:14:24 [E780.E780_IF_FILE_ATTACHMENT (Part 2)] Migrated 869 rows.
2026-01-13 16:14:24 [E780.E780_IF_FILE_ATTACHMENT (Part 1)] Migrated 1,830 rows.
2026-01-13 16:14:24 [E780.E780_IF_FILE_ATTACHMENT (Part 2)] Migrated 870 rows.
2026-01-13 16:14:24 [E780.E780_IF_FILE_ATTACHMENT (Part 1)] Migrated 1,831 rows.
2026-01-13 16:14:24 [E780.E780_IF_FILE_ATTACHMENT (Part 1)] Migrated 1,832 rows.
2026-01-13 16:14:24 [E780.E780_IF_FILE_ATTACHMENT (Part 1)] Migrated 1,833 rows.
2026-01-13 16:14:24 [E780.E780_IF_FILE_ATTACHMENT (Part 1)] Migrated 1,834 rows.
2026-01-13 16:14:24 [E780.E780_IF_FILE_ATTACHMENT (Part 1)] Migrated 1,835 rows.
2026-01-13 16:14:24 [E780.E780_IF_FILE_ATTACHMENT (Part 1)] Migrated 1,836 rows.
2026-01-13 16:14:24 [E780.E780_IF_FILE_ATTACHMENT (Part 3)] Migrated 953 rows.
2026-01-13 16:14:24 [E780.E780_IF_FILE_ATTACHMENT (Part 3)] Migrated 954 rows.
2026-01-13 16:14:24 [E780.E780_IF_FILE_ATTACHMENT (Part 1)] Migrated 1,837 rows.
2026-01-13 16:14:24 [E780.E780_IF_FILE_ATTACHMENT (Part 3)] Migrated 955 rows.
2026-01-13 16:14:24 [E780.E780_IF_FILE_ATTACHMENT (Part 2)] Migrated 871 rows.
2026-01-13 16:14:24 [E780.E780_IF_FILE_ATTACHMENT (Part 1)] Migrated 1,838 rows.
2026-01-13 16:14:24 [E780.E780_IF_FILE_ATTACHMENT (Part 1)] Migrated 1,839 rows.
2026-01-13 16:14:24 [E780.E780_IF_FILE_ATTACHMENT (Part 1)] Migrated 1,840 rows.
2026-01-13 16:14:24 [E780.E780_IF_FILE_ATTACHMENT (Part 1)] Migrated 1,841 rows.
2026-01-13 16:14:24 [E780.E780_IF_FILE_ATTACHMENT (Part 2)] Migrated 872 rows.
2026-01-13 16:14:24 [E780.E780_IF_FILE_ATTACHMENT (Part 1)] Migrated 1,842 rows.
2026-01-13 16:14:25 [E780.E780_IF_FILE_ATTACHMENT (Part 1)] Migrated 1,843 rows.
2026-01-13 16:14:25 [E780.E780_IF_FILE_ATTACHMENT (Part 1)] Migrated 1,844 rows.
2026-01-13 16:14:25 [E780.E780_IF_FILE_ATTACHMENT (Part 1)] Migrated 1,845 rows.
2026-01-13 16:14:25 [E780.E780_IF_FILE_ATTACHMENT (Part 1)] Migrated 1,846 rows.
2026-01-13 16:14:25 [E780.E780_IF_FILE_ATTACHMENT (Part 1)] Migrated 1,847 rows.
2026-01-13 16:14:25 [E780.E780_IF_FILE_ATTACHMENT (Part 1)] Migrated 1,848 rows.
2026-01-13 16:14:25 [E780.E780_IF_FILE_ATTACHMENT (Part 1)] Migrated 1,849 rows.
2026-01-13 16:14:25 [E780.E780_IF_FILE_ATTACHMENT (Part 3)] Migrated 956 rows.
2026-01-13 16:14:25 [E780.E780_IF_FILE_ATTACHMENT (Part 1)] Migrated 1,850 rows.
2026-01-13 16:14:25 [E780.E780_IF_FILE_ATTACHMENT (Part 1)] Migrated 1,851 rows.
2026-01-13 16:14:25 [E780.E780_IF_FILE_ATTACHMENT (Part 1)] Migrated 1,852 rows.
2026-01-13 16:14:25 [E780.E780_IF_FILE_ATTACHMENT (Part 1)] Migrated 1,853 rows.
2026-01-13 16:14:25 [E780.E780_IF_FILE_ATTACHMENT (Part 1)] Migrated 1,854 rows.
2026-01-13 16:14:25 [E780.E780_IF_FILE_ATTACHMENT (Part 1)] Migrated 1,855 rows.
2026-01-13 16:14:25 [E780.E780_IF_FILE_ATTACHMENT (Part 1)] Migrated 1,856 rows.
2026-01-13 16:14:25 [E780.E780_IF_FILE_ATTACHMENT (Part 1)] Migrated 1,857 rows.
2026-01-13 16:14:25 [E780.E780_IF_FILE_ATTACHMENT (Part 1)] Migrated 1,858 rows.
2026-01-13 16:14:25 [E780.E780_IF_FILE_ATTACHMENT (Part 3)] Migrated 957 rows.
2026-01-13 16:14:26 [E780.E780_IF_FILE_ATTACHMENT (Part 1)] Migrated 1,859 rows.
2026-01-13 16:14:26 [E780.E780_IF_FILE_ATTACHMENT (Part 3)] Migrated 958 rows.
2026-01-13 16:14:26 [E780.E780_IF_FILE_ATTACHMENT (Part 1)] Migrated 1,860 rows.
2026-01-13 16:14:26 [E780.E780_IF_FILE_ATTACHMENT (Part 1)] Migrated 1,861 rows.
2026-01-13 16:14:26 [E780.E780_IF_FILE_ATTACHMENT (Part 1)] Migrated 1,862 rows.
2026-01-13 16:14:26 [E780.E780_IF_FILE_ATTACHMENT (Part 1)] Migrated 1,863 rows.
2026-01-13 16:14:27 [E780.E780_IF_FILE_ATTACHMENT (Part 3)] Migrated 959 rows.
2026-01-13 16:14:27 [E780.E780_IF_FILE_ATTACHMENT (Part 3)] Migrated 960 rows.
2026-01-13 16:14:27 [E780.E780_IF_FILE_ATTACHMENT (Part 1)] Migrated 1,864 rows.
2026-01-13 16:14:27 [E780.E780_IF_FILE_ATTACHMENT (Part 3)] Migrated 961 rows.
2026-01-13 16:14:27 [E780.E780_IF_FILE_ATTACHMENT (Part 2)] Migrated 873 rows.
2026-01-13 16:14:27 [E780.E780_IF_FILE_ATTACHMENT (Part 1)] Migrated 1,865 rows.
2026-01-13 16:14:27 [E780.E780_IF_FILE_ATTACHMENT (Part 3)] Migrated 962 rows.
2026-01-13 16:14:27 [E780.E780_IF_FILE_ATTACHMENT (Part 1)] Migrated 1,866 rows.
2026-01-13 16:14:27 [E780.E780_IF_FILE_ATTACHMENT (Part 2)] Migrated 874 rows.
2026-01-13 16:14:28 [E780.E780_IF_FILE_ATTACHMENT (Part 3)] Migrated 963 rows.
2026-01-13 16:14:28 [E780.E780_IF_FILE_ATTACHMENT (Part 1)] Migrated 1,867 rows.
2026-01-13 16:14:28 [E780.E780_IF_FILE_ATTACHMENT (Part 2)] Migrated 875 rows.
2026-01-13 16:14:28 [E780.E780_IF_FILE_ATTACHMENT (Part 2)] Migrated 876 rows.
2026-01-13 16:14:28 [E780.E780_IF_FILE_ATTACHMENT (Part 2)] Migrated 877 rows.
2026-01-13 16:14:28 [E780.E780_IF_FILE_ATTACHMENT (Part 2)] Migrated 878 rows.
2026-01-13 16:14:28 [E780.E780_IF_FILE_ATTACHMENT (Part 2)] Migrated 879 rows.
2026-01-13 16:14:28 [E780.E780_IF_FILE_ATTACHMENT (Part 1)] Migrated 1,868 rows.
2026-01-13 16:14:28 [E780.E780_IF_FILE_ATTACHMENT (Part 2)] Migrated 880 rows.
2026-01-13 16:14:28 [E780.E780_IF_FILE_ATTACHMENT (Part 2)] Migrated 881 rows.
2026-01-13 16:14:28 [E780.E780_IF_FILE_ATTACHMENT (Part 3)] Migrated 964 rows.
2026-01-13 16:14:28 [E780.E780_IF_FILE_ATTACHMENT (Part 2)] Migrated 882 rows.
2026-01-13 16:14:28 [E780.E780_IF_FILE_ATTACHMENT (Part 3)] Migrated 965 rows.
2026-01-13 16:14:28 [E780.E780_IF_FILE_ATTACHMENT (Part 2)] Migrated 883 rows.
2026-01-13 16:14:28 [E780.E780_IF_FILE_ATTACHMENT (Part 2)] Migrated 884 rows.
2026-01-13 16:14:28 [E780.E780_IF_FILE_ATTACHMENT (Part 3)] Migrated 966 rows.
2026-01-13 16:14:28 [E780.E780_IF_FILE_ATTACHMENT (Part 2)] Migrated 885 rows.
2026-01-13 16:14:28 [E780.E780_IF_FILE_ATTACHMENT (Part 2)] Migrated 886 rows.
2026-01-13 16:14:28 [E780.E780_IF_FILE_ATTACHMENT (Part 3)] Migrated 967 rows.
2026-01-13 16:14:28 [E780.E780_IF_FILE_ATTACHMENT (Part 2)] Migrated 887 rows.
2026-01-13 16:14:28 [E780.E780_IF_FILE_ATTACHMENT (Part 3)] Migrated 968 rows.
2026-01-13 16:14:28 [E780.E780_IF_FILE_ATTACHMENT (Part 2)] Migrated 888 rows.
2026-01-13 16:14:28 [E780.E780_IF_FILE_ATTACHMENT (Part 1)] Migrated 1,869 rows.
2026-01-13 16:14:28 [E780.E780_IF_FILE_ATTACHMENT (Part 2)] Migrated 889 rows.
2026-01-13 16:14:28 [E780.E780_IF_FILE_ATTACHMENT (Part 1)] Migrated 1,870 rows.
2026-01-13 16:14:28 [E780.E780_IF_FILE_ATTACHMENT (Part 2)] Migrated 890 rows.
2026-01-13 16:14:28 [E780.E780_IF_FILE_ATTACHMENT (Part 3)] Migrated 969 rows.
2026-01-13 16:14:28 [E780.E780_IF_FILE_ATTACHMENT (Part 1)] Migrated 1,871 rows.
2026-01-13 16:14:29 [E780.E780_IF_FILE_ATTACHMENT (Part 2)] Migrated 891 rows.
2026-01-13 16:14:29 [E780.E780_IF_FILE_ATTACHMENT (Part 2)] Migrated 892 rows.
2026-01-13 16:14:29 [E780.E780_IF_FILE_ATTACHMENT (Part 1)] Migrated 1,872 rows.
2026-01-13 16:14:29 [E780.E780_IF_FILE_ATTACHMENT (Part 1)] Migrated 1,873 rows.
2026-01-13 16:14:29 [E780.E780_IF_FILE_ATTACHMENT (Part 3)] Migrated 970 rows.
2026-01-13 16:14:29 [E780.E780_IF_FILE_ATTACHMENT (Part 1)] Migrated 1,874 rows.
2026-01-13 16:14:29 [E780.E780_IF_FILE_ATTACHMENT (Part 1)] Migrated 1,875 rows.
2026-01-13 16:14:29 [E780.E780_IF_FILE_ATTACHMENT (Part 3)] Migrated 971 rows.
2026-01-13 16:14:29 [E780.E780_IF_FILE_ATTACHMENT (Part 3)] Migrated 972 rows.
2026-01-13 16:14:29 [E780.E780_IF_FILE_ATTACHMENT (Part 3)] Migrated 973 rows.
2026-01-13 16:14:29 [E780.E780_IF_FILE_ATTACHMENT (Part 2)] Migrated 893 rows.
2026-01-13 16:14:29 [E780.E780_IF_FILE_ATTACHMENT (Part 3)] Migrated 974 rows.
2026-01-13 16:14:29 [E780.E780_IF_FILE_ATTACHMENT (Part 1)] Migrated 1,876 rows.
2026-01-13 16:14:29 [E780.E780_IF_FILE_ATTACHMENT (Part 1)] Migrated 1,877 rows.
2026-01-13 16:14:29 [E780.E780_IF_FILE_ATTACHMENT (Part 1)] Migrated 1,878 rows.
2026-01-13 16:14:29 [E780.E780_IF_FILE_ATTACHMENT (Part 2)] Migrated 894 rows.
2026-01-13 16:14:29 [E780.E780_IF_FILE_ATTACHMENT (Part 3)] Migrated 975 rows.
2026-01-13 16:14:29 [E780.E780_IF_FILE_ATTACHMENT (Part 3)] Migrated 976 rows.
2026-01-13 16:14:29 [E780.E780_IF_FILE_ATTACHMENT (Part 1)] Migrated 1,879 rows.
2026-01-13 16:14:29 [E780.E780_IF_FILE_ATTACHMENT (Part 2)] Migrated 895 rows.
2026-01-13 16:14:29 [E780.E780_IF_FILE_ATTACHMENT (Part 3)] Migrated 977 rows.
2026-01-13 16:14:29 [E780.E780_IF_FILE_ATTACHMENT (Part 1)] Migrated 1,880 rows.
2026-01-13 16:14:29 [E780.E780_IF_FILE_ATTACHMENT (Part 3)] Migrated 978 rows.
2026-01-13 16:14:29 [E780.E780_IF_FILE_ATTACHMENT (Part 3)] Migrated 979 rows.
2026-01-13 16:14:29 [E780.E780_IF_FILE_ATTACHMENT (Part 1)] Migrated 1,881 rows.
2026-01-13 16:14:30 [E780.E780_IF_FILE_ATTACHMENT (Part 2)] Migrated 896 rows.
2026-01-13 16:14:30 [E780.E780_IF_FILE_ATTACHMENT (Part 3)] Migrated 980 rows.
2026-01-13 16:14:30 [E780.E780_IF_FILE_ATTACHMENT (Part 2)] Migrated 897 rows.
2026-01-13 16:14:30 [E780.E780_IF_FILE_ATTACHMENT (Part 3)] Migrated 981 rows.
2026-01-13 16:14:30 [E780.E780_IF_FILE_ATTACHMENT (Part 2)] Migrated 898 rows.
2026-01-13 16:14:30 [E780.E780_IF_FILE_ATTACHMENT (Part 1)] Migrated 1,882 rows.
2026-01-13 16:14:30 [E780.E780_IF_FILE_ATTACHMENT (Part 3)] Migrated 982 rows.
2026-01-13 16:14:30 [E780.E780_IF_FILE_ATTACHMENT (Part 2)] Migrated 899 rows.
2026-01-13 16:14:30 [E780.E780_IF_FILE_ATTACHMENT (Part 2)] Migrated 900 rows.
2026-01-13 16:14:30 [E780.E780_IF_FILE_ATTACHMENT (Part 3)] Migrated 983 rows.
2026-01-13 16:14:30 [E780.E780_IF_FILE_ATTACHMENT (Part 1)] Migrated 1,883 rows.
2026-01-13 16:14:30 [E780.E780_IF_FILE_ATTACHMENT (Part 3)] Migrated 984 rows.
2026-01-13 16:14:30 [E780.E780_IF_FILE_ATTACHMENT (Part 1)] Migrated 1,884 rows.
2026-01-13 16:14:30 [E780.E780_IF_FILE_ATTACHMENT (Part 3)] Migrated 985 rows.
2026-01-13 16:14:30 [E780.E780_IF_FILE_ATTACHMENT (Part 3)] Migrated 986 rows.
2026-01-13 16:14:30 [E780.E780_IF_FILE_ATTACHMENT (Part 1)] Migrated 1,885 rows.
2026-01-13 16:14:30 [E780.E780_IF_FILE_ATTACHMENT (Part 3)] Migrated 987 rows.
2026-01-13 16:14:30 [E780.E780_IF_FILE_ATTACHMENT (Part 1)] Migrated 1,886 rows.
2026-01-13 16:14:30 [E780.E780_IF_FILE_ATTACHMENT (Part 1)] Migrated 1,887 rows.
2026-01-13 16:14:30 [E780.E780_IF_FILE_ATTACHMENT (Part 3)] Migrated 988 rows.
2026-01-13 16:14:30 [E780.E780_IF_FILE_ATTACHMENT (Part 2)] Migrated 901 rows.
2026-01-13 16:14:30 [E780.E780_IF_FILE_ATTACHMENT (Part 3)] Migrated 989 rows.
2026-01-13 16:14:30 [E780.E780_IF_FILE_ATTACHMENT (Part 1)] Migrated 1,888 rows.
2026-01-13 16:14:30 [E780.E780_IF_FILE_ATTACHMENT (Part 3)] Migrated 990 rows.
2026-01-13 16:14:30 [E780.E780_IF_FILE_ATTACHMENT (Part 3)] Migrated 991 rows.
2026-01-13 16:14:30 [E780.E780_IF_FILE_ATTACHMENT (Part 1)] Migrated 1,889 rows.
2026-01-13 16:14:30 [E780.E780_IF_FILE_ATTACHMENT (Part 3)] Migrated 992 rows.
2026-01-13 16:14:31 [E780.E780_IF_FILE_ATTACHMENT (Part 3)] Migrated 993 rows.
2026-01-13 16:14:31 [E780.E780_IF_FILE_ATTACHMENT (Part 2)] Migrated 902 rows.
2026-01-13 16:14:31 [E780.E780_IF_FILE_ATTACHMENT (Part 3)] Migrated 994 rows.
2026-01-13 16:14:31 [E780.E780_IF_FILE_ATTACHMENT (Part 2)] Migrated 903 rows.
2026-01-13 16:14:31 [E780.E780_IF_FILE_ATTACHMENT (Part 3)] Migrated 995 rows.
2026-01-13 16:14:31 [E780.E780_IF_FILE_ATTACHMENT (Part 3)] Migrated 996 rows.
2026-01-13 16:14:31 [E780.E780_IF_FILE_ATTACHMENT (Part 2)] Migrated 904 rows.
2026-01-13 16:14:31 [E780.E780_IF_FILE_ATTACHMENT (Part 1)] Migrated 1,890 rows.
2026-01-13 16:14:31 [E780.E780_IF_FILE_ATTACHMENT (Part 1)] Migrated 1,891 rows.
2026-01-13 16:14:31 [E780.E780_IF_FILE_ATTACHMENT (Part 4)] Migrated 900 rows.
2026-01-13 16:14:31 [E780.E780_IF_FILE_ATTACHMENT (Part 4)] Migrated 901 rows.
2026-01-13 16:14:31 [E780.E780_IF_FILE_ATTACHMENT (Part 1)] Migrated 1,892 rows.
2026-01-13 16:14:31 [E780.E780_IF_FILE_ATTACHMENT (Part 3)] Migrated 997 rows.
2026-01-13 16:14:31 [E780.E780_IF_FILE_ATTACHMENT (Part 4)] Migrated 902 rows.
2026-01-13 16:14:31 [E780.E780_IF_FILE_ATTACHMENT (Part 2)] Migrated 905 rows.
2026-01-13 16:14:31 [E780.E780_IF_FILE_ATTACHMENT (Part 4)] Migrated 903 rows.
2026-01-13 16:14:31 [E780.E780_IF_FILE_ATTACHMENT (Part 1)] Migrated 1,893 rows.
2026-01-13 16:14:31 [E780.E780_IF_FILE_ATTACHMENT (Part 3)] Migrated 998 rows.
2026-01-13 16:14:31 [E780.E780_IF_FILE_ATTACHMENT (Part 4)] Migrated 904 rows.
2026-01-13 16:14:31 [E780.E780_IF_FILE_ATTACHMENT (Part 2)] Migrated 906 rows.
2026-01-13 16:14:31 [E780.E780_IF_FILE_ATTACHMENT (Part 4)] Migrated 905 rows.
2026-01-13 16:14:31 [E780.E780_IF_FILE_ATTACHMENT (Part 4)] Migrated 906 rows.
2026-01-13 16:14:31 [E780.E780_IF_FILE_ATTACHMENT (Part 1)] Migrated 1,894 rows.
2026-01-13 16:14:31 [E780.E780_IF_FILE_ATTACHMENT (Part 3)] Migrated 999 rows.
2026-01-13 16:14:31 [E780.E780_IF_FILE_ATTACHMENT (Part 4)] Migrated 907 rows.
2026-01-13 16:14:32 [E780.E780_IF_FILE_ATTACHMENT (Part 3)] Migrated 1,000 rows.
2026-01-13 16:14:32 [E780.E780_IF_FILE_ATTACHMENT (Part 1)] Migrated 1,895 rows.
2026-01-13 16:14:32 [E780.E780_IF_FILE_ATTACHMENT (Part 4)] Migrated 908 rows.
2026-01-13 16:14:32 [E780.E780_IF_FILE_ATTACHMENT (Part 3)] Migrated 1,001 rows.
2026-01-13 16:14:32 [E780.E780_IF_FILE_ATTACHMENT (Part 1)] Migrated 1,896 rows.
2026-01-13 16:14:32 [E780.E780_IF_FILE_ATTACHMENT (Part 3)] Migrated 1,002 rows.
2026-01-13 16:14:32 [E780.E780_IF_FILE_ATTACHMENT (Part 2)] Migrated 907 rows.
2026-01-13 16:14:32 [E780.E780_IF_FILE_ATTACHMENT (Part 4)] Migrated 909 rows.
2026-01-13 16:14:32 [E780.E780_IF_FILE_ATTACHMENT (Part 1)] Migrated 1,897 rows.
2026-01-13 16:14:32 [E780.E780_IF_FILE_ATTACHMENT (Part 3)] Migrated 1,003 rows.
2026-01-13 16:14:32 [E780.E780_IF_FILE_ATTACHMENT (Part 4)] Migrated 910 rows.
2026-01-13 16:14:32 [E780.E780_IF_FILE_ATTACHMENT (Part 2)] Migrated 908 rows.
2026-01-13 16:14:32 [E780.E780_IF_FILE_ATTACHMENT (Part 3)] Migrated 1,004 rows.
2026-01-13 16:14:32 [E780.E780_IF_FILE_ATTACHMENT (Part 1)] Migrated 1,898 rows.
2026-01-13 16:14:32 [E780.E780_IF_FILE_ATTACHMENT (Part 4)] Migrated 911 rows.
2026-01-13 16:14:32 [E780.E780_IF_FILE_ATTACHMENT (Part 1)] Migrated 1,899 rows.
2026-01-13 16:14:32 [E780.E780_IF_FILE_ATTACHMENT (Part 2)] Migrated 909 rows.
2026-01-13 16:14:32 [E780.E780_IF_FILE_ATTACHMENT (Part 4)] Migrated 912 rows.
2026-01-13 16:14:32 [E780.E780_IF_FILE_ATTACHMENT (Part 1)] Migrated 1,900 rows.
2026-01-13 16:14:32 [E780.E780_IF_FILE_ATTACHMENT (Part 4)] Migrated 913 rows.
2026-01-13 16:14:32 [E780.E780_IF_FILE_ATTACHMENT (Part 3)] Migrated 1,005 rows.
2026-01-13 16:14:32 [E780.E780_IF_FILE_ATTACHMENT (Part 4)] Migrated 914 rows.
2026-01-13 16:14:32 [E780.E780_IF_FILE_ATTACHMENT (Part 1)] Migrated 1,901 rows.
2026-01-13 16:14:32 [E780.E780_IF_FILE_ATTACHMENT (Part 2)] Migrated 910 rows.
2026-01-13 16:14:32 [E780.E780_IF_FILE_ATTACHMENT (Part 1)] Migrated 1,902 rows.
2026-01-13 16:14:32 [E780.E780_IF_FILE_ATTACHMENT (Part 4)] Migrated 915 rows.
2026-01-13 16:14:32 [E780.E780_IF_FILE_ATTACHMENT (Part 3)] Migrated 1,006 rows.
2026-01-13 16:14:32 [E780.E780_IF_FILE_ATTACHMENT (Part 4)] Migrated 916 rows.
2026-01-13 16:14:32 [E780.E780_IF_FILE_ATTACHMENT (Part 2)] Migrated 911 rows.
2026-01-13 16:14:32 [E780.E780_IF_FILE_ATTACHMENT (Part 3)] Migrated 1,007 rows.
2026-01-13 16:14:32 [E780.E780_IF_FILE_ATTACHMENT (Part 4)] Migrated 917 rows.
2026-01-13 16:14:32 [E780.E780_IF_FILE_ATTACHMENT (Part 1)] Migrated 1,903 rows.
2026-01-13 16:14:32 [E780.E780_IF_FILE_ATTACHMENT (Part 3)] Migrated 1,008 rows.
2026-01-13 16:14:32 [E780.E780_IF_FILE_ATTACHMENT (Part 4)] Migrated 918 rows.
2026-01-13 16:14:33 [E780.E780_IF_FILE_ATTACHMENT (Part 1)] Migrated 1,904 rows.
2026-01-13 16:14:33 [E780.E780_IF_FILE_ATTACHMENT (Part 3)] Migrated 1,009 rows.
2026-01-13 16:14:33 [E780.E780_IF_FILE_ATTACHMENT (Part 4)] Migrated 919 rows.
2026-01-13 16:14:33 [E780.E780_IF_FILE_ATTACHMENT (Part 3)] Migrated 1,010 rows.
2026-01-13 16:14:33 [E780.E780_IF_FILE_ATTACHMENT (Part 1)] Migrated 1,905 rows.
2026-01-13 16:14:33 [E780.E780_IF_FILE_ATTACHMENT (Part 3)] Migrated 1,011 rows.
2026-01-13 16:14:33 [E780.E780_IF_FILE_ATTACHMENT (Part 3)] Migrated 1,012 rows.
2026-01-13 16:14:33 [E780.E780_IF_FILE_ATTACHMENT (Part 1)] Migrated 1,906 rows.
2026-01-13 16:14:33 [E780.E780_IF_FILE_ATTACHMENT (Part 3)] Migrated 1,013 rows.
2026-01-13 16:14:33 [E780.E780_IF_FILE_ATTACHMENT (Part 1)] Migrated 1,907 rows.
2026-01-13 16:14:33 [E780.E780_IF_FILE_ATTACHMENT (Part 3)] Migrated 1,014 rows.
2026-01-13 16:14:33 [E780.E780_IF_FILE_ATTACHMENT (Part 1)] Migrated 1,908 rows.
2026-01-13 16:14:33 [E780.E780_IF_FILE_ATTACHMENT (Part 2)] Migrated 912 rows.
2026-01-13 16:14:33 [E780.E780_IF_FILE_ATTACHMENT (Part 1)] Migrated 1,909 rows.
2026-01-13 16:14:33 [E780.E780_IF_FILE_ATTACHMENT (Part 1)] Migrated 1,910 rows.
2026-01-13 16:14:33 [E780.E780_IF_FILE_ATTACHMENT (Part 2)] Migrated 913 rows.
2026-01-13 16:14:33 [E780.E780_IF_FILE_ATTACHMENT (Part 2)] Migrated 914 rows.
2026-01-13 16:14:33 [E780.E780_IF_FILE_ATTACHMENT (Part 1)] Migrated 1,911 rows.
2026-01-13 16:14:33 [E780.E780_IF_FILE_ATTACHMENT (Part 3)] Migrated 1,015 rows.
2026-01-13 16:14:33 [E780.E780_IF_FILE_ATTACHMENT (Part 4)] Migrated 920 rows.
2026-01-13 16:14:33 [E780.E780_IF_FILE_ATTACHMENT (Part 2)] Migrated 915 rows.
2026-01-13 16:14:34 [E780.E780_IF_FILE_ATTACHMENT (Part 1)] Migrated 1,912 rows.
2026-01-13 16:14:34 [E780.E780_IF_FILE_ATTACHMENT (Part 2)] Migrated 916 rows.
2026-01-13 16:14:34 [E780.E780_IF_FILE_ATTACHMENT (Part 1)] Migrated 1,913 rows.
2026-01-13 16:14:34 [E780.E780_IF_FILE_ATTACHMENT (Part 2)] Migrated 917 rows.
2026-01-13 16:14:34 [E780.E780_IF_FILE_ATTACHMENT (Part 1)] Migrated 1,914 rows.
2026-01-13 16:14:34 [E780.E780_IF_FILE_ATTACHMENT (Part 1)] Migrated 1,915 rows.
2026-01-13 16:14:34 [E780.E780_IF_FILE_ATTACHMENT (Part 2)] Migrated 918 rows.
2026-01-13 16:14:34 [E780.E780_IF_FILE_ATTACHMENT (Part 1)] Migrated 1,916 rows.
2026-01-13 16:14:34 [E780.E780_IF_FILE_ATTACHMENT (Part 2)] Migrated 919 rows.
2026-01-13 16:14:34 [E780.E780_IF_FILE_ATTACHMENT (Part 4)] Migrated 921 rows.
2026-01-13 16:14:34 [E780.E780_IF_FILE_ATTACHMENT (Part 4)] Migrated 922 rows.
2026-01-13 16:14:34 [E780.E780_IF_FILE_ATTACHMENT (Part 4)] Migrated 923 rows.
2026-01-13 16:14:34 [E780.E780_IF_FILE_ATTACHMENT (Part 1)] Migrated 1,917 rows.
2026-01-13 16:14:34 [E780.E780_IF_FILE_ATTACHMENT (Part 3)] Migrated 1,016 rows.
2026-01-13 16:14:34 [E780.E780_IF_FILE_ATTACHMENT (Part 4)] Migrated 924 rows.
2026-01-13 16:14:34 [E780.E780_IF_FILE_ATTACHMENT (Part 2)] Migrated 920 rows.
2026-01-13 16:14:34 [E780.E780_IF_FILE_ATTACHMENT (Part 4)] Migrated 925 rows.
2026-01-13 16:14:34 [E780.E780_IF_FILE_ATTACHMENT (Part 1)] Migrated 1,918 rows.
2026-01-13 16:14:34 [E780.E780_IF_FILE_ATTACHMENT (Part 4)] Migrated 926 rows.
2026-01-13 16:14:34 [E780.E780_IF_FILE_ATTACHMENT (Part 1)] Migrated 1,919 rows.
2026-01-13 16:14:35 [E780.E780_IF_FILE_ATTACHMENT (Part 1)] Migrated 1,920 rows.
2026-01-13 16:14:35 [E780.E780_IF_FILE_ATTACHMENT (Part 4)] Migrated 927 rows.
2026-01-13 16:14:35 [E780.E780_IF_FILE_ATTACHMENT (Part 3)] Migrated 1,017 rows.
2026-01-13 16:14:35 [E780.E780_IF_FILE_ATTACHMENT (Part 1)] Migrated 1,921 rows.
2026-01-13 16:14:35 [E780.E780_IF_FILE_ATTACHMENT (Part 1)] Migrated 1,922 rows.
2026-01-13 16:14:35 [E780.E780_IF_FILE_ATTACHMENT (Part 2)] Migrated 921 rows.
2026-01-13 16:14:35 [E780.E780_IF_FILE_ATTACHMENT (Part 1)] Migrated 1,923 rows.
2026-01-13 16:14:35 [E780.E780_IF_FILE_ATTACHMENT (Part 2)] Migrated 922 rows.
2026-01-13 16:14:35 [E780.E780_IF_FILE_ATTACHMENT (Part 2)] Migrated 923 rows.
2026-01-13 16:14:35 [E780.E780_IF_FILE_ATTACHMENT (Part 1)] Migrated 1,924 rows.
2026-01-13 16:14:35 [E780.E780_IF_FILE_ATTACHMENT (Part 2)] Migrated 924 rows.
2026-01-13 16:14:35 [E780.E780_IF_FILE_ATTACHMENT (Part 1)] Migrated 1,925 rows.
2026-01-13 16:14:36 [E780.E780_IF_FILE_ATTACHMENT (Part 3)] Migrated 1,018 rows.
2026-01-13 16:14:36 [E780.E780_IF_FILE_ATTACHMENT (Part 1)] Migrated 1,926 rows.
2026-01-13 16:14:37 [E780.E780_IF_FILE_ATTACHMENT (Part 3)] Migrated 1,019 rows.
2026-01-13 16:14:37 [E780.E780_IF_FILE_ATTACHMENT (Part 1)] Migrated 1,927 rows.
2026-01-13 16:14:37 [E780.E780_IF_FILE_ATTACHMENT (Part 2)] Migrated 925 rows.
2026-01-13 16:14:37 [E780.E780_IF_FILE_ATTACHMENT (Part 2)] Migrated 926 rows.
2026-01-13 16:14:37 [E780.E780_IF_FILE_ATTACHMENT (Part 4)] Migrated 928 rows.
2026-01-13 16:14:37 [E780.E780_IF_FILE_ATTACHMENT (Part 2)] Migrated 927 rows.
2026-01-13 16:14:37 [E780.E780_IF_FILE_ATTACHMENT (Part 1)] Migrated 1,928 rows.
2026-01-13 16:14:37 [E780.E780_IF_FILE_ATTACHMENT (Part 2)] Migrated 928 rows.
2026-01-13 16:14:37 [E780.E780_IF_FILE_ATTACHMENT (Part 2)] Migrated 929 rows.
2026-01-13 16:14:38 [E780.E780_IF_FILE_ATTACHMENT (Part 1)] Migrated 1,929 rows.
2026-01-13 16:14:38 [E780.E780_IF_FILE_ATTACHMENT (Part 2)] Migrated 930 rows.
2026-01-13 16:14:38 [E780.E780_IF_FILE_ATTACHMENT (Part 1)] Migrated 1,930 rows.
2026-01-13 16:14:38 [E780.E780_IF_FILE_ATTACHMENT (Part 3)] Migrated 1,020 rows.
2026-01-13 16:14:38 [E780.E780_IF_FILE_ATTACHMENT (Part 1)] Migrated 1,931 rows.
2026-01-13 16:14:38 [E780.E780_IF_FILE_ATTACHMENT (Part 1)] Migrated 1,932 rows.
2026-01-13 16:14:38 [E780.E780_IF_FILE_ATTACHMENT (Part 4)] Migrated 929 rows.
2026-01-13 16:14:38 [E780.E780_IF_FILE_ATTACHMENT (Part 1)] Migrated 1,933 rows.
2026-01-13 16:14:38 [E780.E780_IF_FILE_ATTACHMENT (Part 4)] Migrated 930 rows.
2026-01-13 16:14:38 [E780.E780_IF_FILE_ATTACHMENT (Part 1)] Migrated 1,934 rows.
2026-01-13 16:14:38 [E780.E780_IF_FILE_ATTACHMENT (Part 1)] Migrated 1,935 rows.
2026-01-13 16:14:38 [E780.E780_IF_FILE_ATTACHMENT (Part 4)] Migrated 931 rows.
2026-01-13 16:14:38 [E780.E780_IF_FILE_ATTACHMENT (Part 1)] Migrated 1,936 rows.
2026-01-13 16:14:38 [E780.E780_IF_FILE_ATTACHMENT (Part 4)] Migrated 932 rows.
2026-01-13 16:14:38 [E780.E780_IF_FILE_ATTACHMENT (Part 1)] Migrated 1,937 rows.
2026-01-13 16:14:38 [E780.E780_IF_FILE_ATTACHMENT (Part 1)] Migrated 1,938 rows.
2026-01-13 16:14:38 [E780.E780_IF_FILE_ATTACHMENT (Part 4)] Migrated 933 rows.
2026-01-13 16:14:38 [E780.E780_IF_FILE_ATTACHMENT (Part 4)] Migrated 934 rows.
2026-01-13 16:14:38 [E780.E780_IF_FILE_ATTACHMENT (Part 1)] Migrated 1,939 rows.
2026-01-13 16:14:39 [E780.E780_IF_FILE_ATTACHMENT (Part 1)] Migrated 1,940 rows.
2026-01-13 16:14:39 [E780.E780_IF_FILE_ATTACHMENT (Part 1)] Migrated 1,941 rows.
2026-01-13 16:14:39 [E780.E780_IF_FILE_ATTACHMENT (Part 3)] Migrated 1,021 rows.
2026-01-13 16:14:39 [E780.E780_IF_FILE_ATTACHMENT (Part 1)] Migrated 1,942 rows.
2026-01-13 16:14:39 [E780.E780_IF_FILE_ATTACHMENT (Part 2)] Migrated 931 rows.
2026-01-13 16:14:39 [E780.E780_IF_FILE_ATTACHMENT (Part 1)] Migrated 1,943 rows.
2026-01-13 16:14:39 [E780.E780_IF_FILE_ATTACHMENT (Part 1)] Migrated 1,944 rows.
2026-01-13 16:14:39 [E780.E780_IF_FILE_ATTACHMENT (Part 2)] Migrated 932 rows.
2026-01-13 16:14:39 [E780.E780_IF_FILE_ATTACHMENT (Part 1)] Migrated 1,945 rows.
2026-01-13 16:14:39 [E780.E780_IF_FILE_ATTACHMENT (Part 2)] Migrated 933 rows.
2026-01-13 16:14:39 [E780.E780_IF_FILE_ATTACHMENT (Part 4)] Migrated 935 rows.
2026-01-13 16:14:39 [E780.E780_IF_FILE_ATTACHMENT (Part 2)] Migrated 934 rows.
2026-01-13 16:14:40 [E780.E780_IF_FILE_ATTACHMENT (Part 1)] Migrated 1,946 rows.
2026-01-13 16:14:40 [E780.E780_IF_FILE_ATTACHMENT (Part 2)] Migrated 935 rows.
2026-01-13 16:14:40 [E780.E780_IF_FILE_ATTACHMENT (Part 3)] Migrated 1,022 rows.
2026-01-13 16:14:40 [E780.E780_IF_FILE_ATTACHMENT (Part 1)] Migrated 1,947 rows.
2026-01-13 16:14:40 [E780.E780_IF_FILE_ATTACHMENT (Part 2)] Migrated 936 rows.
2026-01-13 16:14:40 [E780.E780_IF_FILE_ATTACHMENT (Part 2)] Migrated 937 rows.
2026-01-13 16:14:40 [E780.E780_IF_FILE_ATTACHMENT (Part 2)] Migrated 938 rows.
2026-01-13 16:14:40 [E780.E780_IF_FILE_ATTACHMENT (Part 1)] Migrated 1,948 rows.
2026-01-13 16:14:40 [E780.E780_IF_FILE_ATTACHMENT (Part 2)] Migrated 939 rows.
2026-01-13 16:14:40 [E780.E780_IF_FILE_ATTACHMENT (Part 1)] Migrated 1,949 rows.
2026-01-13 16:14:40 [E780.E780_IF_FILE_ATTACHMENT (Part 1)] Migrated 1,950 rows.
2026-01-13 16:14:40 [E780.E780_IF_FILE_ATTACHMENT (Part 2)] Migrated 940 rows.
2026-01-13 16:14:41 [E780.E780_IF_FILE_ATTACHMENT (Part 1)] Migrated 1,951 rows.
2026-01-13 16:14:41 [E780.E780_IF_FILE_ATTACHMENT (Part 2)] Migrated 941 rows.
2026-01-13 16:14:41 [E780.E780_IF_FILE_ATTACHMENT (Part 3)] Migrated 1,023 rows.
2026-01-13 16:14:41 [E780.E780_IF_FILE_ATTACHMENT (Part 1)] Migrated 1,952 rows.
2026-01-13 16:14:41 [E780.E780_IF_FILE_ATTACHMENT (Part 2)] Migrated 942 rows.
2026-01-13 16:14:41 [E780.E780_IF_FILE_ATTACHMENT (Part 2)] Migrated 943 rows.
2026-01-13 16:14:41 [E780.E780_IF_FILE_ATTACHMENT (Part 1)] Migrated 1,953 rows.
2026-01-13 16:14:41 [E780.E780_IF_FILE_ATTACHMENT (Part 2)] Migrated 944 rows.
2026-01-13 16:14:41 [E780.E780_IF_FILE_ATTACHMENT (Part 4)] Migrated 936 rows.
2026-01-13 16:14:41 [E780.E780_IF_FILE_ATTACHMENT (Part 1)] Migrated 1,954 rows.
2026-01-13 16:14:41 [E780.E780_IF_FILE_ATTACHMENT (Part 2)] Migrated 945 rows.
2026-01-13 16:14:42 [E780.E780_IF_FILE_ATTACHMENT (Part 1)] Migrated 1,955 rows.
2026-01-13 16:14:42 [E780.E780_IF_FILE_ATTACHMENT (Part 1)] Migrated 1,956 rows.
2026-01-13 16:14:42 [E780.E780_IF_FILE_ATTACHMENT (Part 3)] Migrated 1,024 rows.
2026-01-13 16:14:42 [E780.E780_IF_FILE_ATTACHMENT (Part 2)] Migrated 946 rows.
2026-01-13 16:14:42 [E780.E780_IF_FILE_ATTACHMENT (Part 1)] Migrated 1,957 rows.
2026-01-13 16:14:42 [E780.E780_IF_FILE_ATTACHMENT (Part 2)] Migrated 947 rows.
2026-01-13 16:14:42 [E780.E780_IF_FILE_ATTACHMENT (Part 1)] Migrated 1,958 rows.
2026-01-13 16:14:42 [E780.E780_IF_FILE_ATTACHMENT (Part 1)] Migrated 1,959 rows.
2026-01-13 16:14:42 [E780.E780_IF_FILE_ATTACHMENT (Part 2)] Migrated 948 rows.
2026-01-13 16:14:42 [E780.E780_IF_FILE_ATTACHMENT (Part 1)] Migrated 1,960 rows.
2026-01-13 16:14:43 [E780.E780_IF_FILE_ATTACHMENT (Part 4)] Migrated 937 rows.
2026-01-13 16:14:43 [E780.E780_IF_FILE_ATTACHMENT (Part 3)] Migrated 1,025 rows.
2026-01-13 16:14:43 [E780.E780_IF_FILE_ATTACHMENT (Part 1)] Migrated 1,961 rows.
2026-01-13 16:14:43 [E780.E780_IF_FILE_ATTACHMENT (Part 4)] Migrated 938 rows.
2026-01-13 16:14:43 [E780.E780_IF_FILE_ATTACHMENT (Part 1)] Migrated 1,962 rows.
2026-01-13 16:14:43 [E780.E780_IF_FILE_ATTACHMENT (Part 4)] Migrated 939 rows.
2026-01-13 16:14:44 [E780.E780_IF_FILE_ATTACHMENT (Part 4)] Migrated 940 rows.
2026-01-13 16:14:44 [E780.E780_IF_FILE_ATTACHMENT (Part 4)] Migrated 941 rows.
2026-01-13 16:14:44 [E780.E780_IF_FILE_ATTACHMENT (Part 1)] Migrated 1,963 rows.
2026-01-13 16:14:44 [E780.E780_IF_FILE_ATTACHMENT (Part 4)] Migrated 942 rows.
2026-01-13 16:14:44 [E780.E780_IF_FILE_ATTACHMENT (Part 4)] Migrated 943 rows.
2026-01-13 16:14:44 [E780.E780_IF_FILE_ATTACHMENT (Part 2)] Migrated 949 rows.
2026-01-13 16:14:44 [E780.E780_IF_FILE_ATTACHMENT (Part 1)] Migrated 1,964 rows.
2026-01-13 16:14:44 [E780.E780_IF_FILE_ATTACHMENT (Part 1)] Migrated 1,965 rows.
2026-01-13 16:14:44 [E780.E780_IF_FILE_ATTACHMENT (Part 4)] Migrated 944 rows.
2026-01-13 16:14:44 [E780.E780_IF_FILE_ATTACHMENT (Part 4)] Migrated 945 rows.
2026-01-13 16:14:44 [E780.E780_IF_FILE_ATTACHMENT (Part 4)] Migrated 946 rows.
2026-01-13 16:14:44 [E780.E780_IF_FILE_ATTACHMENT (Part 3)] Migrated 1,026 rows.
2026-01-13 16:14:44 [E780.E780_IF_FILE_ATTACHMENT (Part 1)] Migrated 1,966 rows.
2026-01-13 16:14:44 [E780.E780_IF_FILE_ATTACHMENT (Part 2)] Migrated 950 rows.
2026-01-13 16:14:44 [E780.E780_IF_FILE_ATTACHMENT (Part 1)] Migrated 1,967 rows.
2026-01-13 16:14:44 [E780.E780_IF_FILE_ATTACHMENT (Part 4)] Migrated 947 rows.
2026-01-13 16:14:45 [E780.E780_IF_FILE_ATTACHMENT (Part 4)] Migrated 948 rows.
2026-01-13 16:14:45 [E780.E780_IF_FILE_ATTACHMENT (Part 1)] Migrated 1,968 rows.
2026-01-13 16:14:45 [E780.E780_IF_FILE_ATTACHMENT (Part 4)] Migrated 949 rows.
2026-01-13 16:14:45 [E780.E780_IF_FILE_ATTACHMENT (Part 4)] Migrated 950 rows.
2026-01-13 16:14:45 [E780.E780_IF_FILE_ATTACHMENT (Part 1)] Migrated 1,969 rows.
2026-01-13 16:14:45 [E780.E780_IF_FILE_ATTACHMENT (Part 4)] Migrated 951 rows.
2026-01-13 16:14:45 [E780.E780_IF_FILE_ATTACHMENT (Part 1)] Migrated 1,970 rows.
2026-01-13 16:14:45 [E780.E780_IF_FILE_ATTACHMENT (Part 3)] Migrated 1,027 rows.
2026-01-13 16:14:45 [E780.E780_IF_FILE_ATTACHMENT (Part 1)] Migrated 1,971 rows.
2026-01-13 16:14:45 [E780.E780_IF_FILE_ATTACHMENT (Part 2)] Migrated 951 rows.
2026-01-13 16:14:45 [E780.E780_IF_FILE_ATTACHMENT (Part 2)] Migrated 952 rows.
2026-01-13 16:14:45 [E780.E780_IF_FILE_ATTACHMENT (Part 1)] Migrated 1,972 rows.
2026-01-13 16:14:45 [E780.E780_IF_FILE_ATTACHMENT (Part 2)] Migrated 953 rows.
2026-01-13 16:14:45 [E780.E780_IF_FILE_ATTACHMENT (Part 1)] Migrated 1,973 rows.
2026-01-13 16:14:45 [E780.E780_IF_FILE_ATTACHMENT (Part 2)] Migrated 954 rows.
2026-01-13 16:14:45 [E780.E780_IF_FILE_ATTACHMENT (Part 1)] Migrated 1,974 rows.
2026-01-13 16:14:45 [E780.E780_IF_FILE_ATTACHMENT (Part 3)] Migrated 1,028 rows.
2026-01-13 16:14:46 [E780.E780_IF_FILE_ATTACHMENT (Part 1)] Migrated 1,975 rows.
2026-01-13 16:14:46 [E780.E780_IF_FILE_ATTACHMENT (Part 2)] Migrated 955 rows.
2026-01-13 16:14:46 [E780.E780_IF_FILE_ATTACHMENT (Part 1)] Migrated 1,976 rows.
2026-01-13 16:14:46 [E780.E780_IF_FILE_ATTACHMENT (Part 1)] Migrated 1,977 rows.
2026-01-13 16:14:46 [E780.E780_IF_FILE_ATTACHMENT (Part 1)] Migrated 1,978 rows.
2026-01-13 16:14:46 [E780.E780_IF_FILE_ATTACHMENT (Part 2)] Migrated 956 rows.
2026-01-13 16:14:46 [E780.E780_IF_FILE_ATTACHMENT (Part 1)] Migrated 1,979 rows.
2026-01-13 16:14:46 [E780.E780_IF_FILE_ATTACHMENT (Part 3)] Migrated 1,029 rows.
2026-01-13 16:14:46 [E780.E780_IF_FILE_ATTACHMENT (Part 2)] Migrated 957 rows.
2026-01-13 16:14:47 [E780.E780_IF_FILE_ATTACHMENT (Part 1)] Migrated 1,980 rows.
2026-01-13 16:14:47 [E780.E780_IF_FILE_ATTACHMENT (Part 2)] Migrated 958 rows.
2026-01-13 16:14:47 [E780.E780_IF_FILE_ATTACHMENT (Part 2)] Migrated 959 rows.
2026-01-13 16:14:47 [E780.E780_IF_FILE_ATTACHMENT (Part 1)] Migrated 1,981 rows.
2026-01-13 16:14:47 [E780.E780_IF_FILE_ATTACHMENT (Part 1)] Migrated 1,982 rows.
2026-01-13 16:14:47 [E780.E780_IF_FILE_ATTACHMENT (Part 2)] Migrated 960 rows.
2026-01-13 16:14:47 [E780.E780_IF_FILE_ATTACHMENT (Part 1)] Migrated 1,983 rows.
2026-01-13 16:14:47 [E780.E780_IF_FILE_ATTACHMENT (Part 3)] Migrated 1,030 rows.
2026-01-13 16:14:47 [E780.E780_IF_FILE_ATTACHMENT (Part 1)] Migrated 1,984 rows.
2026-01-13 16:14:47 [E780.E780_IF_FILE_ATTACHMENT (Part 1)] Migrated 1,985 rows.
2026-01-13 16:14:48 [E780.E780_IF_FILE_ATTACHMENT (Part 1)] Migrated 1,986 rows.
2026-01-13 16:14:48 [E780.E780_IF_FILE_ATTACHMENT (Part 1)] Migrated 1,987 rows.
2026-01-13 16:14:48 [E780.E780_IF_FILE_ATTACHMENT (Part 1)] Migrated 1,988 rows.
2026-01-13 16:14:48 [E780.E780_IF_FILE_ATTACHMENT (Part 2)] Migrated 961 rows.
2026-01-13 16:14:48 [E780.E780_IF_FILE_ATTACHMENT (Part 3)] Migrated 1,031 rows.
2026-01-13 16:14:48 [E780.E780_IF_FILE_ATTACHMENT (Part 1)] Migrated 1,989 rows.
2026-01-13 16:14:48 [E780.E780_IF_FILE_ATTACHMENT (Part 2)] Migrated 962 rows.
2026-01-13 16:14:48 [E780.E780_IF_FILE_ATTACHMENT (Part 4)] Migrated 952 rows.
2026-01-13 16:14:48 [E780.E780_IF_FILE_ATTACHMENT (Part 1)] Migrated 1,990 rows.
2026-01-13 16:14:48 [E780.E780_IF_FILE_ATTACHMENT (Part 2)] Migrated 963 rows.
2026-01-13 16:14:48 [E780.E780_IF_FILE_ATTACHMENT (Part 2)] Migrated 964 rows.
2026-01-13 16:14:48 [E780.E780_IF_FILE_ATTACHMENT (Part 4)] Migrated 953 rows.
2026-01-13 16:14:48 [E780.E780_IF_FILE_ATTACHMENT (Part 1)] Migrated 1,991 rows.
2026-01-13 16:14:48 [E780.E780_IF_FILE_ATTACHMENT (Part 1)] Migrated 1,992 rows.
2026-01-13 16:14:48 [E780.E780_IF_FILE_ATTACHMENT (Part 4)] Migrated 954 rows.
2026-01-13 16:14:48 [E780.E780_IF_FILE_ATTACHMENT (Part 1)] Migrated 1,993 rows.
2026-01-13 16:14:49 [E780.E780_IF_FILE_ATTACHMENT (Part 1)] Migrated 1,994 rows.
2026-01-13 16:14:49 [E780.E780_IF_FILE_ATTACHMENT (Part 4)] Migrated 955 rows.
2026-01-13 16:14:49 [E780.E780_IF_FILE_ATTACHMENT (Part 3)] Migrated 1,032 rows.
2026-01-13 16:14:49 [E780.E780_IF_FILE_ATTACHMENT (Part 1)] Migrated 1,995 rows.
2026-01-13 16:14:49 [E780.E780_IF_FILE_ATTACHMENT (Part 4)] Migrated 956 rows.
2026-01-13 16:14:49 [E780.E780_IF_FILE_ATTACHMENT (Part 4)] Migrated 957 rows.
2026-01-13 16:14:49 [E780.E780_IF_FILE_ATTACHMENT (Part 1)] Migrated 1,996 rows.
2026-01-13 16:14:49 [E780.E780_IF_FILE_ATTACHMENT (Part 4)] Migrated 958 rows.
2026-01-13 16:14:49 [E780.E780_IF_FILE_ATTACHMENT (Part 4)] Migrated 959 rows.
2026-01-13 16:14:49 [E780.E780_IF_FILE_ATTACHMENT (Part 1)] Migrated 1,997 rows.
2026-01-13 16:14:49 [E780.E780_IF_FILE_ATTACHMENT (Part 4)] Migrated 960 rows.
2026-01-13 16:14:50 [E780.E780_IF_FILE_ATTACHMENT (Part 3)] Migrated 1,033 rows.
2026-01-13 16:14:50 [E780.E780_IF_FILE_ATTACHMENT (Part 4)] Migrated 961 rows.
2026-01-13 16:14:50 [E780.E780_IF_FILE_ATTACHMENT (Part 2)] Migrated 965 rows.
2026-01-13 16:14:50 [E780.E780_IF_FILE_ATTACHMENT (Part 1)] Migrated 1,998 rows.
2026-01-13 16:14:50 [E780.E780_IF_FILE_ATTACHMENT (Part 4)] Migrated 962 rows.
2026-01-13 16:14:50 [E780.E780_IF_FILE_ATTACHMENT (Part 1)] Migrated 1,999 rows.
2026-01-13 16:14:50 [E780.E780_IF_FILE_ATTACHMENT (Part 4)] Migrated 963 rows.
2026-01-13 16:14:50 [E780.E780_IF_FILE_ATTACHMENT (Part 1)] Migrated 2,000 rows.
2026-01-13 16:14:50 [E780.E780_IF_FILE_ATTACHMENT (Part 3)] Migrated 1,034 rows.
2026-01-13 16:14:50 [E780.E780_IF_FILE_ATTACHMENT (Part 4)] Migrated 964 rows.
2026-01-13 16:14:50 [E780.E780_IF_FILE_ATTACHMENT (Part 1)] Migrated 2,001 rows.
2026-01-13 16:14:50 [E780.E780_IF_FILE_ATTACHMENT (Part 1)] Migrated 2,002 rows.
2026-01-13 16:14:50 [E780.E780_IF_FILE_ATTACHMENT (Part 1)] Migrated 2,003 rows.
2026-01-13 16:14:50 [E780.E780_IF_FILE_ATTACHMENT (Part 4)] Migrated 965 rows.
2026-01-13 16:14:50 [E780.E780_IF_FILE_ATTACHMENT (Part 1)] Migrated 2,004 rows.
2026-01-13 16:14:50 [E780.E780_IF_FILE_ATTACHMENT (Part 3)] Migrated 1,035 rows.
2026-01-13 16:14:50 [E780.E780_IF_FILE_ATTACHMENT (Part 1)] Migrated 2,005 rows.
2026-01-13 16:14:50 [E780.E780_IF_FILE_ATTACHMENT (Part 1)] Migrated 2,006 rows.
2026-01-13 16:14:50 [E780.E780_IF_FILE_ATTACHMENT (Part 2)] Migrated 966 rows.
2026-01-13 16:14:50 [E780.E780_IF_FILE_ATTACHMENT (Part 3)] Migrated 1,036 rows.
2026-01-13 16:14:50 [E780.E780_IF_FILE_ATTACHMENT (Part 3)] Migrated 1,037 rows.
2026-01-13 16:14:50 [E780.E780_IF_FILE_ATTACHMENT (Part 4)] Migrated 966 rows.
2026-01-13 16:14:50 [E780.E780_IF_FILE_ATTACHMENT (Part 1)] Migrated 2,007 rows.
2026-01-13 16:14:51 [E780.E780_IF_FILE_ATTACHMENT (Part 2)] Migrated 967 rows.
2026-01-13 16:14:51 [E780.E780_IF_FILE_ATTACHMENT (Part 1)] Migrated 2,008 rows.
2026-01-13 16:14:51 [E780.E780_IF_FILE_ATTACHMENT (Part 4)] Migrated 967 rows.
2026-01-13 16:14:51 [E780.E780_IF_FILE_ATTACHMENT (Part 2)] Migrated 968 rows.
2026-01-13 16:14:51 [E780.E780_IF_FILE_ATTACHMENT (Part 4)] Migrated 968 rows.
2026-01-13 16:14:51 [E780.E780_IF_FILE_ATTACHMENT (Part 4)] Migrated 969 rows.
2026-01-13 16:14:51 [E780.E780_IF_FILE_ATTACHMENT (Part 1)] Migrated 2,009 rows.
2026-01-13 16:14:51 [E780.E780_IF_FILE_ATTACHMENT (Part 2)] Migrated 969 rows.
2026-01-13 16:14:51 [E780.E780_IF_FILE_ATTACHMENT (Part 2)] Migrated 970 rows.
2026-01-13 16:14:51 [E780.E780_IF_FILE_ATTACHMENT (Part 2)] Migrated 971 rows.
2026-01-13 16:14:51 [E780.E780_IF_FILE_ATTACHMENT (Part 4)] Migrated 970 rows.
2026-01-13 16:14:51 [E780.E780_IF_FILE_ATTACHMENT (Part 2)] Migrated 972 rows.
2026-01-13 16:14:51 [E780.E780_IF_FILE_ATTACHMENT (Part 1)] Migrated 2,010 rows.
2026-01-13 16:14:51 [E780.E780_IF_FILE_ATTACHMENT (Part 1)] Migrated 2,011 rows.
2026-01-13 16:14:51 [E780.E780_IF_FILE_ATTACHMENT (Part 1)] Migrated 2,012 rows.
2026-01-13 16:14:51 [E780.E780_IF_FILE_ATTACHMENT (Part 2)] Migrated 973 rows.
2026-01-13 16:14:51 [E780.E780_IF_FILE_ATTACHMENT (Part 1)] Migrated 2,013 rows.
2026-01-13 16:14:51 [E780.E780_IF_FILE_ATTACHMENT (Part 2)] Migrated 974 rows.
2026-01-13 16:14:51 [E780.E780_IF_FILE_ATTACHMENT (Part 1)] Migrated 2,014 rows.
2026-01-13 16:14:51 [E780.E780_IF_FILE_ATTACHMENT (Part 2)] Migrated 975 rows.
2026-01-13 16:14:52 [E780.E780_IF_FILE_ATTACHMENT (Part 3)] Migrated 1,038 rows.
2026-01-13 16:14:52 [E780.E780_IF_FILE_ATTACHMENT (Part 1)] Migrated 2,015 rows.
2026-01-13 16:14:52 [E780.E780_IF_FILE_ATTACHMENT (Part 1)] Migrated 2,016 rows.
2026-01-13 16:14:52 [E780.E780_IF_FILE_ATTACHMENT (Part 4)] Migrated 971 rows.
2026-01-13 16:14:52 [E780.E780_IF_FILE_ATTACHMENT (Part 1)] Migrated 2,017 rows.
2026-01-13 16:14:52 [E780.E780_IF_FILE_ATTACHMENT (Part 1)] Migrated 2,018 rows.
2026-01-13 16:14:52 [E780.E780_IF_FILE_ATTACHMENT (Part 1)] Migrated 2,019 rows.
2026-01-13 16:14:52 [E780.E780_IF_FILE_ATTACHMENT (Part 1)] Migrated 2,020 rows.
2026-01-13 16:14:52 [E780.E780_IF_FILE_ATTACHMENT (Part 2)] Migrated 976 rows.
2026-01-13 16:14:52 [E780.E780_IF_FILE_ATTACHMENT (Part 1)] Migrated 2,021 rows.
2026-01-13 16:14:52 [E780.E780_IF_FILE_ATTACHMENT (Part 1)] Migrated 2,022 rows.
2026-01-13 16:14:52 [E780.E780_IF_FILE_ATTACHMENT (Part 1)] Migrated 2,023 rows.
2026-01-13 16:14:52 [E780.E780_IF_FILE_ATTACHMENT (Part 1)] Migrated 2,024 rows.
2026-01-13 16:14:52 [E780.E780_IF_FILE_ATTACHMENT (Part 2)] Migrated 977 rows.
2026-01-13 16:14:52 [E780.E780_IF_FILE_ATTACHMENT (Part 1)] Migrated 2,025 rows.
2026-01-13 16:14:52 [E780.E780_IF_FILE_ATTACHMENT (Part 4)] Migrated 972 rows.
2026-01-13 16:14:52 [E780.E780_IF_FILE_ATTACHMENT (Part 1)] Migrated 2,026 rows.
2026-01-13 16:14:52 [E780.E780_IF_FILE_ATTACHMENT (Part 4)] Migrated 973 rows.
2026-01-13 16:14:52 [E780.E780_IF_FILE_ATTACHMENT (Part 1)] Migrated 2,027 rows.
2026-01-13 16:14:52 [E780.E780_IF_FILE_ATTACHMENT (Part 1)] Migrated 2,028 rows.
2026-01-13 16:14:52 [E780.E780_IF_FILE_ATTACHMENT (Part 1)] Migrated 2,029 rows.
2026-01-13 16:14:52 [E780.E780_IF_FILE_ATTACHMENT (Part 2)] Migrated 978 rows.
2026-01-13 16:14:52 [E780.E780_IF_FILE_ATTACHMENT (Part 1)] Migrated 2,030 rows.
2026-01-13 16:14:52 [E780.E780_IF_FILE_ATTACHMENT (Part 2)] Migrated 979 rows.
2026-01-13 16:14:52 [E780.E780_IF_FILE_ATTACHMENT (Part 1)] Migrated 2,031 rows.
2026-01-13 16:14:52 [E780.E780_IF_FILE_ATTACHMENT (Part 1)] Migrated 2,032 rows.
2026-01-13 16:14:52 [E780.E780_IF_FILE_ATTACHMENT (Part 2)] Migrated 980 rows.
2026-01-13 16:14:53 [E780.E780_IF_FILE_ATTACHMENT (Part 1)] Migrated 2,033 rows.
2026-01-13 16:14:53 [E780.E780_IF_FILE_ATTACHMENT (Part 4)] Migrated 974 rows.
2026-01-13 16:14:53 [E780.E780_IF_FILE_ATTACHMENT (Part 1)] Migrated 2,034 rows.
2026-01-13 16:14:53 [E780.E780_IF_FILE_ATTACHMENT (Part 4)] Migrated 975 rows.
2026-01-13 16:14:53 [E780.E780_IF_FILE_ATTACHMENT (Part 2)] Migrated 981 rows.
2026-01-13 16:14:53 [E780.E780_IF_FILE_ATTACHMENT (Part 4)] Migrated 976 rows.
2026-01-13 16:14:53 [E780.E780_IF_FILE_ATTACHMENT (Part 4)] Migrated 977 rows.
2026-01-13 16:14:53 [E780.E780_IF_FILE_ATTACHMENT (Part 4)] Migrated 978 rows.
2026-01-13 16:14:53 [E780.E780_IF_FILE_ATTACHMENT (Part 1)] Migrated 2,035 rows.
2026-01-13 16:14:53 [E780.E780_IF_FILE_ATTACHMENT (Part 4)] Migrated 979 rows.
2026-01-13 16:14:53 [E780.E780_IF_FILE_ATTACHMENT (Part 2)] Migrated 982 rows.
2026-01-13 16:14:53 [E780.E780_IF_FILE_ATTACHMENT (Part 3)] Migrated 1,039 rows.
2026-01-13 16:14:53 [E780.E780_IF_FILE_ATTACHMENT (Part 1)] Migrated 2,036 rows.
2026-01-13 16:14:53 [E780.E780_IF_FILE_ATTACHMENT (Part 4)] Migrated 980 rows.
2026-01-13 16:14:53 [E780.E780_IF_FILE_ATTACHMENT (Part 1)] Migrated 2,037 rows.
2026-01-13 16:14:53 [E780.E780_IF_FILE_ATTACHMENT (Part 1)] Migrated 2,038 rows.
2026-01-13 16:14:53 [E780.E780_IF_FILE_ATTACHMENT (Part 2)] Migrated 983 rows.
2026-01-13 16:14:53 [E780.E780_IF_FILE_ATTACHMENT (Part 3)] Migrated 1,040 rows.
2026-01-13 16:14:53 [E780.E780_IF_FILE_ATTACHMENT (Part 2)] Migrated 984 rows.
2026-01-13 16:14:53 [E780.E780_IF_FILE_ATTACHMENT (Part 1)] Migrated 2,039 rows.
2026-01-13 16:14:53 [E780.E780_IF_FILE_ATTACHMENT (Part 2)] Migrated 985 rows.
2026-01-13 16:14:53 [E780.E780_IF_FILE_ATTACHMENT (Part 1)] Migrated 2,040 rows.
2026-01-13 16:14:54 [E780.E780_IF_FILE_ATTACHMENT (Part 2)] Migrated 986 rows.
2026-01-13 16:14:54 [E780.E780_IF_FILE_ATTACHMENT (Part 1)] Migrated 2,041 rows.
2026-01-13 16:14:54 [E780.E780_IF_FILE_ATTACHMENT (Part 3)] Migrated 1,041 rows.
2026-01-13 16:14:54 [E780.E780_IF_FILE_ATTACHMENT (Part 1)] Migrated 2,042 rows.
2026-01-13 16:14:54 [E780.E780_IF_FILE_ATTACHMENT (Part 3)] Migrated 1,042 rows.
2026-01-13 16:14:54 [E780.E780_IF_FILE_ATTACHMENT (Part 2)] Migrated 987 rows.
2026-01-13 16:14:54 [E780.E780_IF_FILE_ATTACHMENT (Part 1)] Migrated 2,043 rows.
2026-01-13 16:14:54 [E780.E780_IF_FILE_ATTACHMENT (Part 2)] Migrated 988 rows.
2026-01-13 16:14:54 [E780.E780_IF_FILE_ATTACHMENT (Part 1)] Migrated 2,044 rows.
2026-01-13 16:14:54 [E780.E780_IF_FILE_ATTACHMENT (Part 3)] Migrated 1,043 rows.
2026-01-13 16:14:54 [E780.E780_IF_FILE_ATTACHMENT (Part 2)] Migrated 989 rows.
2026-01-13 16:14:54 [E780.E780_IF_FILE_ATTACHMENT (Part 3)] Migrated 1,044 rows.
2026-01-13 16:14:54 [E780.E780_IF_FILE_ATTACHMENT (Part 1)] Migrated 2,045 rows.
2026-01-13 16:14:55 [E780.E780_IF_FILE_ATTACHMENT (Part 3)] Migrated 1,045 rows.
2026-01-13 16:14:55 [E780.E780_IF_FILE_ATTACHMENT (Part 2)] Migrated 990 rows.
2026-01-13 16:14:55 [E780.E780_IF_FILE_ATTACHMENT (Part 3)] Migrated 1,046 rows.
2026-01-13 16:14:55 [E780.E780_IF_FILE_ATTACHMENT (Part 2)] Migrated 991 rows.
2026-01-13 16:14:55 [E780.E780_IF_FILE_ATTACHMENT (Part 3)] Migrated 1,047 rows.
2026-01-13 16:14:55 [E780.E780_IF_FILE_ATTACHMENT (Part 3)] Migrated 1,048 rows.
2026-01-13 16:14:55 [E780.E780_IF_FILE_ATTACHMENT (Part 2)] Migrated 992 rows.
2026-01-13 16:14:55 [E780.E780_IF_FILE_ATTACHMENT (Part 2)] Migrated 993 rows.
2026-01-13 16:14:55 [E780.E780_IF_FILE_ATTACHMENT (Part 2)] Migrated 994 rows.
2026-01-13 16:14:55 [E780.E780_IF_FILE_ATTACHMENT (Part 2)] Migrated 995 rows.
2026-01-13 16:14:55 [E780.E780_IF_FILE_ATTACHMENT (Part 2)] Migrated 996 rows.
2026-01-13 16:14:55 [E780.E780_IF_FILE_ATTACHMENT (Part 3)] Migrated 1,049 rows.
2026-01-13 16:14:55 [E780.E780_IF_FILE_ATTACHMENT (Part 1)] Migrated 2,046 rows.
2026-01-13 16:14:55 [E780.E780_IF_FILE_ATTACHMENT (Part 3)] Migrated 1,050 rows.
2026-01-13 16:14:55 [E780.E780_IF_FILE_ATTACHMENT (Part 3)] Migrated 1,051 rows.
2026-01-13 16:14:55 [E780.E780_IF_FILE_ATTACHMENT (Part 1)] Migrated 2,047 rows.
2026-01-13 16:14:55 [E780.E780_IF_FILE_ATTACHMENT (Part 1)] Migrated 2,048 rows.
2026-01-13 16:14:55 [E780.E780_IF_FILE_ATTACHMENT (Part 1)] Migrated 2,049 rows.
2026-01-13 16:14:55 [E780.E780_IF_FILE_ATTACHMENT (Part 2)] Migrated 997 rows.
2026-01-13 16:14:55 [E780.E780_IF_FILE_ATTACHMENT (Part 1)] Migrated 2,050 rows.
2026-01-13 16:14:55 [E780.E780_IF_FILE_ATTACHMENT (Part 1)] Migrated 2,051 rows.
2026-01-13 16:14:55 [E780.E780_IF_FILE_ATTACHMENT (Part 2)] Migrated 998 rows.
2026-01-13 16:14:56 [E780.E780_IF_FILE_ATTACHMENT (Part 1)] Migrated 2,052 rows.
2026-01-13 16:14:56 [E780.E780_IF_FILE_ATTACHMENT (Part 2)] Migrated 999 rows.
2026-01-13 16:14:56 [E780.E780_IF_FILE_ATTACHMENT (Part 1)] Migrated 2,053 rows.
2026-01-13 16:14:56 [E780.E780_IF_FILE_ATTACHMENT (Part 1)] Migrated 2,054 rows.
2026-01-13 16:14:56 [E780.E780_IF_FILE_ATTACHMENT (Part 1)] Migrated 2,055 rows.
2026-01-13 16:14:56 [E780.E780_IF_FILE_ATTACHMENT (Part 3)] Migrated 1,052 rows.
2026-01-13 16:14:56 [E780.E780_IF_FILE_ATTACHMENT (Part 2)] Migrated 1,000 rows.
2026-01-13 16:14:56 [E780.E780_IF_FILE_ATTACHMENT (Part 1)] Migrated 2,056 rows.
2026-01-13 16:14:56 [E780.E780_IF_FILE_ATTACHMENT (Part 2)] Migrated 1,001 rows.
2026-01-13 16:14:56 [E780.E780_IF_FILE_ATTACHMENT (Part 1)] Migrated 2,057 rows.
2026-01-13 16:14:56 [E780.E780_IF_FILE_ATTACHMENT (Part 1)] Migrated 2,058 rows.
2026-01-13 16:14:56 [E780.E780_IF_FILE_ATTACHMENT (Part 2)] Migrated 1,002 rows.
2026-01-13 16:14:56 [E780.E780_IF_FILE_ATTACHMENT (Part 1)] Migrated 2,059 rows.
2026-01-13 16:14:56 [E780.E780_IF_FILE_ATTACHMENT (Part 2)] Migrated 1,003 rows.
2026-01-13 16:14:56 [E780.E780_IF_FILE_ATTACHMENT (Part 1)] Migrated 2,060 rows.
2026-01-13 16:14:56 [E780.E780_IF_FILE_ATTACHMENT (Part 1)] Migrated 2,061 rows.
2026-01-13 16:14:57 [E780.E780_IF_FILE_ATTACHMENT (Part 2)] Migrated 1,004 rows.
2026-01-13 16:14:57 [E780.E780_IF_FILE_ATTACHMENT (Part 1)] Migrated 2,062 rows.
2026-01-13 16:14:57 [E780.E780_IF_FILE_ATTACHMENT (Part 1)] Migrated 2,063 rows.
2026-01-13 16:14:57 [E780.E780_IF_FILE_ATTACHMENT (Part 2)] Migrated 1,005 rows.
2026-01-13 16:14:57 [E780.E780_IF_FILE_ATTACHMENT (Part 3)] Migrated 1,053 rows.
2026-01-13 16:14:57 [E780.E780_IF_FILE_ATTACHMENT (Part 1)] Migrated 2,064 rows.
2026-01-13 16:14:57 [E780.E780_IF_FILE_ATTACHMENT (Part 2)] Migrated 1,006 rows.
2026-01-13 16:14:57 [E780.E780_IF_FILE_ATTACHMENT (Part 2)] Migrated 1,007 rows.
2026-01-13 16:14:57 [E780.E780_IF_FILE_ATTACHMENT (Part 1)] Migrated 2,065 rows.
2026-01-13 16:14:57 [E780.E780_IF_FILE_ATTACHMENT (Part 1)] Migrated 2,066 rows.
2026-01-13 16:14:57 [E780.E780_IF_FILE_ATTACHMENT (Part 1)] Migrated 2,067 rows.
2026-01-13 16:14:57 [E780.E780_IF_FILE_ATTACHMENT (Part 1)] Migrated 2,068 rows.
2026-01-13 16:14:57 [E780.E780_IF_FILE_ATTACHMENT (Part 1)] Migrated 2,069 rows.
2026-01-13 16:14:57 [E780.E780_IF_FILE_ATTACHMENT (Part 1)] Migrated 2,070 rows.
2026-01-13 16:14:57 [E780.E780_IF_FILE_ATTACHMENT (Part 1)] Migrated 2,071 rows.
2026-01-13 16:14:57 [E780.E780_IF_FILE_ATTACHMENT (Part 1)] Migrated 2,072 rows.
2026-01-13 16:14:57 [E780.E780_IF_FILE_ATTACHMENT (Part 1)] Migrated 2,073 rows.
2026-01-13 16:14:58 [E780.E780_IF_FILE_ATTACHMENT (Part 3)] Migrated 1,054 rows.
2026-01-13 16:14:58 [E780.E780_IF_FILE_ATTACHMENT (Part 1)] Migrated 2,074 rows.
2026-01-13 16:14:58 [E780.E780_IF_FILE_ATTACHMENT (Part 1)] Migrated 2,075 rows.
2026-01-13 16:14:58 [E780.E780_IF_FILE_ATTACHMENT (Part 1)] Migrated 2,076 rows.
2026-01-13 16:14:58 [E780.E780_IF_FILE_ATTACHMENT (Part 1)] Migrated 2,077 rows.
2026-01-13 16:14:58 [E780.E780_IF_FILE_ATTACHMENT (Part 3)] Migrated 1,055 rows.
2026-01-13 16:14:58 [E780.E780_IF_FILE_ATTACHMENT (Part 1)] Migrated 2,078 rows.
2026-01-13 16:14:58 [E780.E780_IF_FILE_ATTACHMENT (Part 1)] Migrated 2,079 rows.
2026-01-13 16:14:59 [E780.E780_IF_FILE_ATTACHMENT (Part 1)] Migrated 2,080 rows.
2026-01-13 16:14:59 [E780.E780_IF_FILE_ATTACHMENT (Part 2)] Migrated 1,008 rows.
2026-01-13 16:14:59 [E780.E780_IF_FILE_ATTACHMENT (Part 1)] Migrated 2,081 rows.
2026-01-13 16:14:59 [E780.E780_IF_FILE_ATTACHMENT (Part 1)] Migrated 2,082 rows.
2026-01-13 16:14:59 [E780.E780_IF_FILE_ATTACHMENT (Part 1)] Migrated 2,083 rows.
2026-01-13 16:14:59 [E780.E780_IF_FILE_ATTACHMENT (Part 2)] Migrated 1,009 rows.
2026-01-13 16:14:59 [E780.E780_IF_FILE_ATTACHMENT (Part 1)] Migrated 2,084 rows.
2026-01-13 16:14:59 [E780.E780_IF_FILE_ATTACHMENT (Part 1)] Migrated 2,085 rows.
2026-01-13 16:14:59 [E780.E780_IF_FILE_ATTACHMENT (Part 1)] Migrated 2,086 rows.
2026-01-13 16:14:59 [E780.E780_IF_FILE_ATTACHMENT (Part 2)] Migrated 1,010 rows.
2026-01-13 16:14:59 [E780.E780_IF_FILE_ATTACHMENT (Part 1)] Migrated 2,087 rows.
2026-01-13 16:14:59 [E780.E780_IF_FILE_ATTACHMENT (Part 2)] Migrated 1,011 rows.
2026-01-13 16:14:59 [E780.E780_IF_FILE_ATTACHMENT (Part 1)] Migrated 2,088 rows.
2026-01-13 16:14:59 [E780.E780_IF_FILE_ATTACHMENT (Part 2)] Migrated 1,012 rows.
2026-01-13 16:14:59 [E780.E780_IF_FILE_ATTACHMENT (Part 1)] Migrated 2,089 rows.
2026-01-13 16:14:59 [E780.E780_IF_FILE_ATTACHMENT (Part 2)] Migrated 1,013 rows.
2026-01-13 16:14:59 [E780.E780_IF_FILE_ATTACHMENT (Part 1)] Migrated 2,090 rows.
2026-01-13 16:14:59 [E780.E780_IF_FILE_ATTACHMENT (Part 1)] Migrated 2,091 rows.
2026-01-13 16:14:59 [E780.E780_IF_FILE_ATTACHMENT (Part 1)] Migrated 2,092 rows.
2026-01-13 16:14:59 [E780.E780_IF_FILE_ATTACHMENT (Part 1)] Migrated 2,093 rows.
2026-01-13 16:14:59 [E780.E780_IF_FILE_ATTACHMENT (Part 1)] Migrated 2,094 rows.
2026-01-13 16:14:59 [E780.E780_IF_FILE_ATTACHMENT (Part 1)] Migrated 2,095 rows.
2026-01-13 16:14:59 [E780.E780_IF_FILE_ATTACHMENT (Part 2)] Migrated 1,014 rows.
2026-01-13 16:14:59 [E780.E780_IF_FILE_ATTACHMENT (Part 1)] Migrated 2,096 rows.
2026-01-13 16:14:59 [E780.E780_IF_FILE_ATTACHMENT (Part 2)] Migrated 1,015 rows.
2026-01-13 16:14:59 [E780.E780_IF_FILE_ATTACHMENT (Part 1)] Migrated 2,097 rows.
2026-01-13 16:14:59 [E780.E780_IF_FILE_ATTACHMENT (Part 2)] Migrated 1,016 rows.
2026-01-13 16:15:00 [E780.E780_IF_FILE_ATTACHMENT (Part 2)] Migrated 1,017 rows.
2026-01-13 16:15:00 [E780.E780_IF_FILE_ATTACHMENT (Part 1)] Migrated 2,098 rows.
2026-01-13 16:15:00 [E780.E780_IF_FILE_ATTACHMENT (Part 2)] Migrated 1,018 rows.
2026-01-13 16:15:00 [E780.E780_IF_FILE_ATTACHMENT (Part 2)] Migrated 1,019 rows.
2026-01-13 16:15:00 [E780.E780_IF_FILE_ATTACHMENT (Part 1)] Migrated 2,099 rows.
2026-01-13 16:15:00 [E780.E780_IF_FILE_ATTACHMENT (Part 2)] Migrated 1,020 rows.
2026-01-13 16:15:00 [E780.E780_IF_FILE_ATTACHMENT (Part 2)] Migrated 1,021 rows.
2026-01-13 16:15:00 [E780.E780_IF_FILE_ATTACHMENT (Part 2)] Migrated 1,022 rows.
2026-01-13 16:15:00 [E780.E780_IF_FILE_ATTACHMENT (Part 2)] Migrated 1,023 rows.
2026-01-13 16:15:00 [E780.E780_IF_FILE_ATTACHMENT (Part 1)] Migrated 2,100 rows.
2026-01-13 16:15:00 [E780.E780_IF_FILE_ATTACHMENT (Part 2)] Migrated 1,024 rows.
2026-01-13 16:15:00 [E780.E780_IF_FILE_ATTACHMENT (Part 2)] Migrated 1,025 rows.
2026-01-13 16:15:00 [E780.E780_IF_FILE_ATTACHMENT (Part 2)] Migrated 1,026 rows.
2026-01-13 16:15:00 [E780.E780_IF_FILE_ATTACHMENT (Part 1)] Migrated 2,101 rows.
2026-01-13 16:15:00 [E780.E780_IF_FILE_ATTACHMENT (Part 2)] Migrated 1,027 rows.
2026-01-13 16:15:00 [E780.E780_IF_FILE_ATTACHMENT (Part 1)] Migrated 2,102 rows.
2026-01-13 16:15:00 [E780.E780_IF_FILE_ATTACHMENT (Part 2)] Migrated 1,028 rows.
2026-01-13 16:15:00 [E780.E780_IF_FILE_ATTACHMENT (Part 1)] Migrated 2,103 rows.
2026-01-13 16:15:01 [E780.E780_IF_FILE_ATTACHMENT (Part 1)] Migrated 2,104 rows.
2026-01-13 16:15:01 [E780.E780_IF_FILE_ATTACHMENT (Part 2)] Migrated 1,029 rows.
2026-01-13 16:15:01 [E780.E780_IF_FILE_ATTACHMENT (Part 2)] Migrated 1,030 rows.
2026-01-13 16:15:01 [E780.E780_IF_FILE_ATTACHMENT (Part 3)] Migrated 1,056 rows.
2026-01-13 16:15:01 [E780.E780_IF_FILE_ATTACHMENT (Part 3)] Migrated 1,057 rows.
2026-01-13 16:15:01 [E780.E780_IF_FILE_ATTACHMENT (Part 1)] Migrated 2,105 rows.
2026-01-13 16:15:01 [E780.E780_IF_FILE_ATTACHMENT (Part 2)] Migrated 1,031 rows.
2026-01-13 16:15:01 [E780.E780_IF_FILE_ATTACHMENT (Part 3)] Migrated 1,058 rows.
2026-01-13 16:15:01 [E780.E780_IF_FILE_ATTACHMENT (Part 2)] Migrated 1,032 rows.
2026-01-13 16:15:01 [E780.E780_IF_FILE_ATTACHMENT (Part 4)] Migrated 981 rows.
2026-01-13 16:15:01 [E780.E780_IF_FILE_ATTACHMENT (Part 3)] Migrated 1,059 rows.
2026-01-13 16:15:01 [E780.E780_IF_FILE_ATTACHMENT (Part 2)] Migrated 1,033 rows.
2026-01-13 16:15:02 [E780.E780_IF_FILE_ATTACHMENT (Part 2)] Migrated 1,034 rows.
2026-01-13 16:15:02 [E780.E780_IF_FILE_ATTACHMENT (Part 1)] Migrated 2,106 rows.
2026-01-13 16:15:02 [E780.E780_IF_FILE_ATTACHMENT (Part 3)] Migrated 1,060 rows.
2026-01-13 16:15:02 [E780.E780_IF_FILE_ATTACHMENT (Part 2)] Migrated 1,035 rows.
2026-01-13 16:15:02 [E780.E780_IF_FILE_ATTACHMENT (Part 3)] Migrated 1,061 rows.
2026-01-13 16:15:02 [E780.E780_IF_FILE_ATTACHMENT (Part 4)] Migrated 982 rows.
2026-01-13 16:15:02 [E780.E780_IF_FILE_ATTACHMENT (Part 2)] Migrated 1,036 rows.
2026-01-13 16:15:02 [E780.E780_IF_FILE_ATTACHMENT (Part 3)] Migrated 1,062 rows.
2026-01-13 16:15:02 [E780.E780_IF_FILE_ATTACHMENT (Part 2)] Migrated 1,037 rows.
2026-01-13 16:15:02 [E780.E780_IF_FILE_ATTACHMENT (Part 1)] Migrated 2,107 rows.
2026-01-13 16:15:02 [E780.E780_IF_FILE_ATTACHMENT (Part 3)] Migrated 1,063 rows.
2026-01-13 16:15:02 [E780.E780_IF_FILE_ATTACHMENT (Part 2)] Migrated 1,038 rows.
2026-01-13 16:15:02 [E780.E780_IF_FILE_ATTACHMENT (Part 4)] Migrated 983 rows.
2026-01-13 16:15:02 [E780.E780_IF_FILE_ATTACHMENT (Part 3)] Migrated 1,064 rows.
2026-01-13 16:15:02 [E780.E780_IF_FILE_ATTACHMENT (Part 1)] Migrated 2,108 rows.
2026-01-13 16:15:02 [E780.E780_IF_FILE_ATTACHMENT (Part 2)] Migrated 1,039 rows.
2026-01-13 16:15:02 [E780.E780_IF_FILE_ATTACHMENT (Part 3)] Migrated 1,065 rows.
2026-01-13 16:15:02 [E780.E780_IF_FILE_ATTACHMENT (Part 1)] Migrated 2,109 rows.
2026-01-13 16:15:02 [E780.E780_IF_FILE_ATTACHMENT (Part 3)] Migrated 1,066 rows.
2026-01-13 16:15:02 [E780.E780_IF_FILE_ATTACHMENT (Part 3)] Migrated 1,067 rows.
2026-01-13 16:15:02 [E780.E780_IF_FILE_ATTACHMENT (Part 3)] Migrated 1,068 rows.
2026-01-13 16:15:02 [E780.E780_IF_FILE_ATTACHMENT (Part 1)] Migrated 2,110 rows.
2026-01-13 16:15:02 [E780.E780_IF_FILE_ATTACHMENT (Part 3)] Migrated 1,069 rows.
2026-01-13 16:15:02 [E780.E780_IF_FILE_ATTACHMENT (Part 2)] Migrated 1,040 rows.
2026-01-13 16:15:02 [E780.E780_IF_FILE_ATTACHMENT (Part 1)] Migrated 2,111 rows.
2026-01-13 16:15:02 [E780.E780_IF_FILE_ATTACHMENT (Part 3)] Migrated 1,070 rows.
2026-01-13 16:15:02 [E780.E780_IF_FILE_ATTACHMENT (Part 3)] Migrated 1,071 rows.
2026-01-13 16:15:03 [E780.E780_IF_FILE_ATTACHMENT (Part 2)] Migrated 1,041 rows.
2026-01-13 16:15:03 [E780.E780_IF_FILE_ATTACHMENT (Part 1)] Migrated 2,112 rows.
2026-01-13 16:15:03 [E780.E780_IF_FILE_ATTACHMENT (Part 3)] Migrated 1,072 rows.
2026-01-13 16:15:03 [E780.E780_IF_FILE_ATTACHMENT (Part 2)] Migrated 1,042 rows.
2026-01-13 16:15:03 [E780.E780_IF_FILE_ATTACHMENT (Part 3)] Migrated 1,073 rows.
2026-01-13 16:15:03 [E780.E780_IF_FILE_ATTACHMENT (Part 3)] Migrated 1,074 rows.
2026-01-13 16:15:03 [E780.E780_IF_FILE_ATTACHMENT (Part 4)] Migrated 984 rows.
2026-01-13 16:15:03 [E780.E780_IF_FILE_ATTACHMENT (Part 1)] Migrated 2,113 rows.
2026-01-13 16:15:03 [E780.E780_IF_FILE_ATTACHMENT (Part 3)] Migrated 1,075 rows.
2026-01-13 16:15:03 [E780.E780_IF_FILE_ATTACHMENT (Part 4)] Migrated 985 rows.
2026-01-13 16:15:03 [E780.E780_IF_FILE_ATTACHMENT (Part 3)] Migrated 1,076 rows.
2026-01-13 16:15:03 [E780.E780_IF_FILE_ATTACHMENT (Part 2)] Migrated 1,043 rows.
2026-01-13 16:15:03 [E780.E780_IF_FILE_ATTACHMENT (Part 3)] Migrated 1,077 rows.
2026-01-13 16:15:03 [E780.E780_IF_FILE_ATTACHMENT (Part 2)] Migrated 1,044 rows.
2026-01-13 16:15:03 [E780.E780_IF_FILE_ATTACHMENT (Part 1)] Migrated 2,114 rows.
2026-01-13 16:15:03 [E780.E780_IF_FILE_ATTACHMENT (Part 2)] Migrated 1,045 rows.
2026-01-13 16:15:03 [E780.E780_IF_FILE_ATTACHMENT (Part 3)] Migrated 1,078 rows.
2026-01-13 16:15:03 [E780.E780_IF_FILE_ATTACHMENT (Part 2)] Migrated 1,046 rows.
2026-01-13 16:15:03 [E780.E780_IF_FILE_ATTACHMENT (Part 1)] Migrated 2,115 rows.
2026-01-13 16:15:04 [E780.E780_IF_FILE_ATTACHMENT (Part 2)] Migrated 1,047 rows.
2026-01-13 16:15:04 [E780.E780_IF_FILE_ATTACHMENT (Part 1)] Migrated 2,116 rows.
2026-01-13 16:15:04 [E780.E780_IF_FILE_ATTACHMENT (Part 3)] Migrated 1,079 rows.
2026-01-13 16:15:04 [E780.E780_IF_FILE_ATTACHMENT (Part 2)] Migrated 1,048 rows.
2026-01-13 16:15:04 [E780.E780_IF_FILE_ATTACHMENT (Part 3)] Migrated 1,080 rows.
2026-01-13 16:15:04 [E780.E780_IF_FILE_ATTACHMENT (Part 1)] Migrated 2,117 rows.
2026-01-13 16:15:04 [E780.E780_IF_FILE_ATTACHMENT (Part 2)] Migrated 1,049 rows.
2026-01-13 16:15:04 [E780.E780_IF_FILE_ATTACHMENT (Part 4)] Migrated 986 rows.
2026-01-13 16:15:04 [E780.E780_IF_FILE_ATTACHMENT (Part 1)] Migrated 2,118 rows.
2026-01-13 16:15:04 [E780.E780_IF_FILE_ATTACHMENT (Part 1)] Migrated 2,119 rows.
2026-01-13 16:15:04 [E780.E780_IF_FILE_ATTACHMENT (Part 1)] Migrated 2,120 rows.
2026-01-13 16:15:04 [E780.E780_IF_FILE_ATTACHMENT (Part 3)] Migrated 1,081 rows.
2026-01-13 16:15:04 [E780.E780_IF_FILE_ATTACHMENT (Part 1)] Migrated 2,121 rows.
2026-01-13 16:15:04 [E780.E780_IF_FILE_ATTACHMENT (Part 2)] Migrated 1,050 rows.
2026-01-13 16:15:04 [E780.E780_IF_FILE_ATTACHMENT (Part 3)] Migrated 1,082 rows.
2026-01-13 16:15:04 [E780.E780_IF_FILE_ATTACHMENT (Part 1)] Migrated 2,122 rows.
2026-01-13 16:15:04 [E780.E780_IF_FILE_ATTACHMENT (Part 2)] Migrated 1,051 rows.
2026-01-13 16:15:04 [E780.E780_IF_FILE_ATTACHMENT (Part 2)] Migrated 1,052 rows.
2026-01-13 16:15:04 [E780.E780_IF_FILE_ATTACHMENT (Part 2)] Migrated 1,053 rows.
2026-01-13 16:15:04 [E780.E780_IF_FILE_ATTACHMENT (Part 1)] Migrated 2,123 rows.
2026-01-13 16:15:04 [E780.E780_IF_FILE_ATTACHMENT (Part 4)] Migrated 987 rows.
2026-01-13 16:15:04 [E780.E780_IF_FILE_ATTACHMENT (Part 3)] Migrated 1,083 rows.
2026-01-13 16:15:04 [E780.E780_IF_FILE_ATTACHMENT (Part 4)] Migrated 988 rows.
2026-01-13 16:15:04 [E780.E780_IF_FILE_ATTACHMENT (Part 1)] Migrated 2,124 rows.
2026-01-13 16:15:04 [E780.E780_IF_FILE_ATTACHMENT (Part 3)] Migrated 1,084 rows.
2026-01-13 16:15:04 [E780.E780_IF_FILE_ATTACHMENT (Part 1)] Migrated 2,125 rows.
2026-01-13 16:15:05 [E780.E780_IF_FILE_ATTACHMENT (Part 4)] Migrated 989 rows.
2026-01-13 16:15:05 [E780.E780_IF_FILE_ATTACHMENT (Part 3)] Migrated 1,085 rows.
2026-01-13 16:15:05 [E780.E780_IF_FILE_ATTACHMENT (Part 3)] Migrated 1,086 rows.
2026-01-13 16:15:05 [E780.E780_IF_FILE_ATTACHMENT (Part 4)] Migrated 990 rows.
2026-01-13 16:15:05 [E780.E780_IF_FILE_ATTACHMENT (Part 2)] Migrated 1,054 rows.
2026-01-13 16:15:05 [E780.E780_IF_FILE_ATTACHMENT (Part 3)] Migrated 1,087 rows.
2026-01-13 16:15:05 [E780.E780_IF_FILE_ATTACHMENT (Part 4)] Migrated 991 rows.
2026-01-13 16:15:05 [E780.E780_IF_FILE_ATTACHMENT (Part 2)] Migrated 1,055 rows.
2026-01-13 16:15:05 [E780.E780_IF_FILE_ATTACHMENT (Part 1)] Migrated 2,126 rows.
2026-01-13 16:15:05 [E780.E780_IF_FILE_ATTACHMENT (Part 4)] Migrated 992 rows.
2026-01-13 16:15:05 [E780.E780_IF_FILE_ATTACHMENT (Part 2)] Migrated 1,056 rows.
2026-01-13 16:15:05 [E780.E780_IF_FILE_ATTACHMENT (Part 4)] Migrated 993 rows.
2026-01-13 16:15:05 [E780.E780_IF_FILE_ATTACHMENT (Part 1)] Migrated 2,127 rows.
2026-01-13 16:15:05 [E780.E780_IF_FILE_ATTACHMENT (Part 2)] Migrated 1,057 rows.
2026-01-13 16:15:05 [E780.E780_IF_FILE_ATTACHMENT (Part 1)] Migrated 2,128 rows.
2026-01-13 16:15:05 [E780.E780_IF_FILE_ATTACHMENT (Part 1)] Migrated 2,129 rows.
2026-01-13 16:15:05 [E780.E780_IF_FILE_ATTACHMENT (Part 2)] Migrated 1,058 rows.
2026-01-13 16:15:05 [E780.E780_IF_FILE_ATTACHMENT (Part 1)] Migrated 2,130 rows.
2026-01-13 16:15:05 [E780.E780_IF_FILE_ATTACHMENT (Part 4)] Migrated 994 rows.
2026-01-13 16:15:05 [E780.E780_IF_FILE_ATTACHMENT (Part 2)] Migrated 1,059 rows.
2026-01-13 16:15:05 [E780.E780_IF_FILE_ATTACHMENT (Part 2)] Migrated 1,060 rows.
2026-01-13 16:15:05 [E780.E780_IF_FILE_ATTACHMENT (Part 2)] Migrated 1,061 rows.
2026-01-13 16:15:05 [E780.E780_IF_FILE_ATTACHMENT (Part 1)] Migrated 2,131 rows.
2026-01-13 16:15:05 [E780.E780_IF_FILE_ATTACHMENT (Part 4)] Migrated 995 rows.
2026-01-13 16:15:05 [E780.E780_IF_FILE_ATTACHMENT (Part 3)] Migrated 1,088 rows.
2026-01-13 16:15:05 [E780.E780_IF_FILE_ATTACHMENT (Part 1)] Migrated 2,132 rows.
2026-01-13 16:15:06 [E780.E780_IF_FILE_ATTACHMENT (Part 4)] Migrated 996 rows.
2026-01-13 16:15:06 [E780.E780_IF_FILE_ATTACHMENT (Part 2)] Migrated 1,062 rows.
2026-01-13 16:15:06 [E780.E780_IF_FILE_ATTACHMENT (Part 1)] Migrated 2,133 rows.
2026-01-13 16:15:06 [E780.E780_IF_FILE_ATTACHMENT (Part 4)] Migrated 997 rows.
2026-01-13 16:15:06 [E780.E780_IF_FILE_ATTACHMENT (Part 2)] Migrated 1,063 rows.
2026-01-13 16:15:06 [E780.E780_IF_FILE_ATTACHMENT (Part 2)] Migrated 1,064 rows.
2026-01-13 16:15:06 [E780.E780_IF_FILE_ATTACHMENT (Part 4)] Migrated 998 rows.
2026-01-13 16:15:06 [E780.E780_IF_FILE_ATTACHMENT (Part 1)] Migrated 2,134 rows.
2026-01-13 16:15:06 [E780.E780_IF_FILE_ATTACHMENT (Part 2)] Migrated 1,065 rows.
2026-01-13 16:15:06 [E780.E780_IF_FILE_ATTACHMENT (Part 4)] Migrated 999 rows.
2026-01-13 16:15:06 [E780.E780_IF_FILE_ATTACHMENT (Part 4)] Migrated 1,000 rows.
2026-01-13 16:15:06 [E780.E780_IF_FILE_ATTACHMENT (Part 1)] Migrated 2,135 rows.
2026-01-13 16:15:06 [E780.E780_IF_FILE_ATTACHMENT (Part 2)] Migrated 1,066 rows.
2026-01-13 16:15:06 [E780.E780_IF_FILE_ATTACHMENT (Part 4)] Migrated 1,001 rows.
2026-01-13 16:15:06 [E780.E780_IF_FILE_ATTACHMENT (Part 2)] Migrated 1,067 rows.
2026-01-13 16:15:06 [E780.E780_IF_FILE_ATTACHMENT (Part 1)] Migrated 2,136 rows.
2026-01-13 16:15:06 [E780.E780_IF_FILE_ATTACHMENT (Part 4)] Migrated 1,002 rows.
2026-01-13 16:15:06 [E780.E780_IF_FILE_ATTACHMENT (Part 2)] Migrated 1,068 rows.
2026-01-13 16:15:06 [E780.E780_IF_FILE_ATTACHMENT (Part 2)] Migrated 1,069 rows.
2026-01-13 16:15:06 [E780.E780_IF_FILE_ATTACHMENT (Part 2)] Migrated 1,070 rows.
2026-01-13 16:15:06 [E780.E780_IF_FILE_ATTACHMENT (Part 2)] Migrated 1,071 rows.
2026-01-13 16:15:06 [E780.E780_IF_FILE_ATTACHMENT (Part 4)] Migrated 1,003 rows.
2026-01-13 16:15:06 [E780.E780_IF_FILE_ATTACHMENT (Part 2)] Migrated 1,072 rows.
2026-01-13 16:15:06 [E780.E780_IF_FILE_ATTACHMENT (Part 2)] Migrated 1,073 rows.
2026-01-13 16:15:06 [E780.E780_IF_FILE_ATTACHMENT (Part 2)] Migrated 1,074 rows.
2026-01-13 16:15:06 [E780.E780_IF_FILE_ATTACHMENT (Part 2)] Migrated 1,075 rows.
2026-01-13 16:15:06 [E780.E780_IF_FILE_ATTACHMENT (Part 4)] Migrated 1,004 rows.
2026-01-13 16:15:06 [E780.E780_IF_FILE_ATTACHMENT (Part 2)] Migrated 1,076 rows.
2026-01-13 16:15:06 [E780.E780_IF_FILE_ATTACHMENT (Part 2)] Migrated 1,077 rows.
2026-01-13 16:15:07 [E780.E780_IF_FILE_ATTACHMENT (Part 2)] Migrated 1,078 rows.
2026-01-13 16:15:07 [E780.E780_IF_FILE_ATTACHMENT (Part 1)] Migrated 2,137 rows.
2026-01-13 16:15:07 [E780.E780_IF_FILE_ATTACHMENT (Part 2)] Migrated 1,079 rows.
2026-01-13 16:15:07 [E780.E780_IF_FILE_ATTACHMENT (Part 2)] Migrated 1,080 rows.
2026-01-13 16:15:07 [E780.E780_IF_FILE_ATTACHMENT (Part 2)] Migrated 1,081 rows.
2026-01-13 16:15:07 [E780.E780_IF_FILE_ATTACHMENT (Part 4)] Migrated 1,005 rows.
2026-01-13 16:15:07 [E780.E780_IF_FILE_ATTACHMENT (Part 2)] Migrated 1,082 rows.
2026-01-13 16:15:07 [E780.E780_IF_FILE_ATTACHMENT (Part 2)] Migrated 1,083 rows.
2026-01-13 16:15:07 [E780.E780_IF_FILE_ATTACHMENT (Part 2)] Migrated 1,084 rows.
2026-01-13 16:15:07 [E780.E780_IF_FILE_ATTACHMENT (Part 2)] Migrated 1,085 rows.
2026-01-13 16:15:07 [E780.E780_IF_FILE_ATTACHMENT (Part 2)] Migrated 1,086 rows.
2026-01-13 16:15:07 [E780.E780_IF_FILE_ATTACHMENT (Part 2)] Migrated 1,087 rows.
2026-01-13 16:15:07 [E780.E780_IF_FILE_ATTACHMENT (Part 2)] Migrated 1,088 rows.
2026-01-13 16:15:07 [E780.E780_IF_FILE_ATTACHMENT (Part 1)] Migrated 2,138 rows.
2026-01-13 16:15:07 [E780.E780_IF_FILE_ATTACHMENT (Part 1)] Migrated 2,139 rows.
2026-01-13 16:15:07 [E780.E780_IF_FILE_ATTACHMENT (Part 3)] Migrated 1,089 rows.
2026-01-13 16:15:08 [E780.E780_IF_FILE_ATTACHMENT (Part 1)] Migrated 2,140 rows.
2026-01-13 16:15:08 [E780.E780_IF_FILE_ATTACHMENT (Part 2)] Migrated 1,089 rows.
2026-01-13 16:15:08 [E780.E780_IF_FILE_ATTACHMENT (Part 3)] Migrated 1,090 rows.
2026-01-13 16:15:08 [E780.E780_IF_FILE_ATTACHMENT (Part 1)] Migrated 2,141 rows.
2026-01-13 16:15:08 [E780.E780_IF_FILE_ATTACHMENT (Part 4)] Migrated 1,006 rows.
2026-01-13 16:15:08 [E780.E780_IF_FILE_ATTACHMENT (Part 1)] Migrated 2,142 rows.
2026-01-13 16:15:08 [E780.E780_IF_FILE_ATTACHMENT (Part 4)] Migrated 1,007 rows.
2026-01-13 16:15:08 [E780.E780_IF_FILE_ATTACHMENT (Part 3)] Migrated 1,091 rows.
2026-01-13 16:15:08 [E780.E780_IF_FILE_ATTACHMENT (Part 2)] Migrated 1,090 rows.
2026-01-13 16:15:08 [E780.E780_IF_FILE_ATTACHMENT (Part 4)] Migrated 1,008 rows.
2026-01-13 16:15:08 [E780.E780_IF_FILE_ATTACHMENT (Part 4)] Migrated 1,009 rows.
2026-01-13 16:15:08 [E780.E780_IF_FILE_ATTACHMENT (Part 2)] Migrated 1,091 rows.
2026-01-13 16:15:08 [E780.E780_IF_FILE_ATTACHMENT (Part 1)] Migrated 2,143 rows.
2026-01-13 16:15:08 [E780.E780_IF_FILE_ATTACHMENT (Part 4)] Migrated 1,010 rows.
2026-01-13 16:15:08 [E780.E780_IF_FILE_ATTACHMENT (Part 3)] Migrated 1,092 rows.
2026-01-13 16:15:08 [E780.E780_IF_FILE_ATTACHMENT (Part 2)] Migrated 1,092 rows.
2026-01-13 16:15:09 [E780.E780_IF_FILE_ATTACHMENT (Part 4)] Migrated 1,011 rows.
2026-01-13 16:15:09 [E780.E780_IF_FILE_ATTACHMENT (Part 2)] Migrated 1,093 rows.
2026-01-13 16:15:09 [E780.E780_IF_FILE_ATTACHMENT (Part 4)] Migrated 1,012 rows.
2026-01-13 16:15:09 [E780.E780_IF_FILE_ATTACHMENT (Part 4)] Migrated 1,013 rows.
2026-01-13 16:15:09 [E780.E780_IF_FILE_ATTACHMENT (Part 3)] Migrated 1,093 rows.
2026-01-13 16:15:09 [E780.E780_IF_FILE_ATTACHMENT (Part 2)] Migrated 1,094 rows.
2026-01-13 16:15:09 [E780.E780_IF_FILE_ATTACHMENT (Part 3)] Migrated 1,094 rows.
2026-01-13 16:15:09 [E780.E780_IF_FILE_ATTACHMENT (Part 1)] Migrated 2,144 rows.
2026-01-13 16:15:09 [E780.E780_IF_FILE_ATTACHMENT (Part 3)] Migrated 1,095 rows.
2026-01-13 16:15:09 [E780.E780_IF_FILE_ATTACHMENT (Part 3)] Migrated 1,096 rows.
2026-01-13 16:15:09 [E780.E780_IF_FILE_ATTACHMENT (Part 2)] Migrated 1,095 rows.
2026-01-13 16:15:09 [E780.E780_IF_FILE_ATTACHMENT (Part 3)] Migrated 1,097 rows.
2026-01-13 16:15:09 [E780.E780_IF_FILE_ATTACHMENT (Part 1)] Migrated 2,145 rows.
2026-01-13 16:15:09 [E780.E780_IF_FILE_ATTACHMENT (Part 2)] Migrated 1,096 rows.
2026-01-13 16:15:09 [E780.E780_IF_FILE_ATTACHMENT (Part 3)] Migrated 1,098 rows.
2026-01-13 16:15:09 [E780.E780_IF_FILE_ATTACHMENT (Part 4)] Migrated 1,014 rows.
2026-01-13 16:15:09 [E780.E780_IF_FILE_ATTACHMENT (Part 4)] Migrated 1,015 rows.
2026-01-13 16:15:09 [E780.E780_IF_FILE_ATTACHMENT (Part 3)] Migrated 1,099 rows.
2026-01-13 16:15:09 [E780.E780_IF_FILE_ATTACHMENT (Part 1)] Migrated 2,146 rows.
2026-01-13 16:15:09 [E780.E780_IF_FILE_ATTACHMENT (Part 4)] Migrated 1,016 rows.
2026-01-13 16:15:09 [E780.E780_IF_FILE_ATTACHMENT (Part 1)] Migrated 2,147 rows.
2026-01-13 16:15:10 [E780.E780_IF_FILE_ATTACHMENT (Part 3)] Migrated 1,100 rows.
2026-01-13 16:15:10 [E780.E780_IF_FILE_ATTACHMENT (Part 4)] Migrated 1,017 rows.
2026-01-13 16:15:10 [E780.E780_IF_FILE_ATTACHMENT (Part 1)] Migrated 2,148 rows.
2026-01-13 16:15:10 [E780.E780_IF_FILE_ATTACHMENT (Part 4)] Migrated 1,018 rows.
2026-01-13 16:15:10 [E780.E780_IF_FILE_ATTACHMENT (Part 1)] Migrated 2,149 rows.
2026-01-13 16:15:10 [E780.E780_IF_FILE_ATTACHMENT (Part 3)] Migrated 1,101 rows.
2026-01-13 16:15:10 [E780.E780_IF_FILE_ATTACHMENT (Part 4)] Migrated 1,019 rows.
2026-01-13 16:15:10 [E780.E780_IF_FILE_ATTACHMENT (Part 4)] Migrated 1,020 rows.
2026-01-13 16:15:10 [E780.E780_IF_FILE_ATTACHMENT (Part 2)] Migrated 1,097 rows.
2026-01-13 16:15:10 [E780.E780_IF_FILE_ATTACHMENT (Part 1)] Migrated 2,150 rows.
2026-01-13 16:15:10 [E780.E780_IF_FILE_ATTACHMENT (Part 3)] Migrated 1,102 rows.
2026-01-13 16:15:10 [E780.E780_IF_FILE_ATTACHMENT (Part 4)] Migrated 1,021 rows.
2026-01-13 16:15:10 [E780.E780_IF_FILE_ATTACHMENT (Part 1)] Migrated 2,151 rows.
2026-01-13 16:15:10 [E780.E780_IF_FILE_ATTACHMENT (Part 3)] Migrated 1,103 rows.
2026-01-13 16:15:10 [E780.E780_IF_FILE_ATTACHMENT (Part 3)] Migrated 1,104 rows.
2026-01-13 16:15:10 [E780.E780_IF_FILE_ATTACHMENT (Part 1)] Migrated 2,152 rows.
2026-01-13 16:15:10 [E780.E780_IF_FILE_ATTACHMENT (Part 3)] Migrated 1,105 rows.
2026-01-13 16:15:10 [E780.E780_IF_FILE_ATTACHMENT (Part 3)] Migrated 1,106 rows.
2026-01-13 16:15:10 [E780.E780_IF_FILE_ATTACHMENT (Part 3)] Migrated 1,107 rows.
2026-01-13 16:15:10 [E780.E780_IF_FILE_ATTACHMENT (Part 4)] Migrated 1,022 rows.
2026-01-13 16:15:10 [E780.E780_IF_FILE_ATTACHMENT (Part 1)] Migrated 2,153 rows.
2026-01-13 16:15:11 [E780.E780_IF_FILE_ATTACHMENT (Part 1)] Migrated 2,154 rows.
2026-01-13 16:15:11 [E780.E780_IF_FILE_ATTACHMENT (Part 3)] Migrated 1,108 rows.
2026-01-13 16:15:11 [E780.E780_IF_FILE_ATTACHMENT (Part 3)] Migrated 1,109 rows.
2026-01-13 16:15:11 [E780.E780_IF_FILE_ATTACHMENT (Part 1)] Migrated 2,155 rows.
2026-01-13 16:15:11 [E780.E780_IF_FILE_ATTACHMENT (Part 3)] Migrated 1,110 rows.
2026-01-13 16:15:11 [E780.E780_IF_FILE_ATTACHMENT (Part 1)] Migrated 2,156 rows.
2026-01-13 16:15:11 [E780.E780_IF_FILE_ATTACHMENT (Part 3)] Migrated 1,111 rows.
2026-01-13 16:15:11 [E780.E780_IF_FILE_ATTACHMENT (Part 3)] Migrated 1,112 rows.
2026-01-13 16:15:11 [E780.E780_IF_FILE_ATTACHMENT (Part 3)] Migrated 1,113 rows.
2026-01-13 16:15:11 [E780.E780_IF_FILE_ATTACHMENT (Part 1)] Migrated 2,157 rows.
2026-01-13 16:15:11 [E780.E780_IF_FILE_ATTACHMENT (Part 3)] Migrated 1,114 rows.
2026-01-13 16:15:11 [E780.E780_IF_FILE_ATTACHMENT (Part 1)] Migrated 2,158 rows.
2026-01-13 16:15:11 [E780.E780_IF_FILE_ATTACHMENT (Part 4)] Migrated 1,023 rows.
2026-01-13 16:15:11 [E780.E780_IF_FILE_ATTACHMENT (Part 4)] Migrated 1,024 rows.
2026-01-13 16:15:11 [E780.E780_IF_FILE_ATTACHMENT (Part 3)] Migrated 1,115 rows.
2026-01-13 16:15:11 [E780.E780_IF_FILE_ATTACHMENT (Part 4)] Migrated 1,025 rows.
2026-01-13 16:15:11 [E780.E780_IF_FILE_ATTACHMENT (Part 4)] Migrated 1,026 rows.
2026-01-13 16:15:11 [E780.E780_IF_FILE_ATTACHMENT (Part 1)] Migrated 2,159 rows.
2026-01-13 16:15:11 [E780.E780_IF_FILE_ATTACHMENT (Part 4)] Migrated 1,027 rows.
2026-01-13 16:15:11 [E780.E780_IF_FILE_ATTACHMENT (Part 1)] Migrated 2,160 rows.
2026-01-13 16:15:11 [E780.E780_IF_FILE_ATTACHMENT (Part 4)] Migrated 1,028 rows.
2026-01-13 16:15:11 [E780.E780_IF_FILE_ATTACHMENT (Part 1)] Migrated 2,161 rows.
2026-01-13 16:15:12 [E780.E780_IF_FILE_ATTACHMENT (Part 4)] Migrated 1,029 rows.
2026-01-13 16:15:12 [E780.E780_IF_FILE_ATTACHMENT (Part 1)] Migrated 2,162 rows.
2026-01-13 16:15:12 [E780.E780_IF_FILE_ATTACHMENT (Part 4)] Migrated 1,030 rows.
2026-01-13 16:15:12 [E780.E780_IF_FILE_ATTACHMENT (Part 1)] Migrated 2,163 rows.
2026-01-13 16:15:12 [E780.E780_IF_FILE_ATTACHMENT (Part 4)] Migrated 1,031 rows.
2026-01-13 16:15:12 [E780.E780_IF_FILE_ATTACHMENT (Part 4)] Migrated 1,032 rows.
2026-01-13 16:15:12 [E780.E780_IF_FILE_ATTACHMENT (Part 1)] Migrated 2,164 rows.
2026-01-13 16:15:12 [E780.E780_IF_FILE_ATTACHMENT (Part 4)] Migrated 1,033 rows.
2026-01-13 16:15:12 [E780.E780_IF_FILE_ATTACHMENT (Part 1)] Migrated 2,165 rows.
2026-01-13 16:15:12 [E780.E780_IF_FILE_ATTACHMENT (Part 1)] Migrated 2,166 rows.
2026-01-13 16:15:12 [E780.E780_IF_FILE_ATTACHMENT (Part 1)] Migrated 2,167 rows.
2026-01-13 16:15:12 [E780.E780_IF_FILE_ATTACHMENT (Part 1)] Migrated 2,168 rows.
2026-01-13 16:15:13 [E780.E780_IF_FILE_ATTACHMENT (Part 1)] Migrated 2,169 rows.
2026-01-13 16:15:13 [E780.E780_IF_FILE_ATTACHMENT (Part 1)] Migrated 2,170 rows.
2026-01-13 16:15:13 [E780.E780_IF_FILE_ATTACHMENT (Part 4)] Migrated 1,034 rows.
2026-01-13 16:15:13 [E780.E780_IF_FILE_ATTACHMENT (Part 1)] Migrated 2,171 rows.
2026-01-13 16:15:13 [E780.E780_IF_FILE_ATTACHMENT (Part 4)] Migrated 1,035 rows.
2026-01-13 16:15:13 [E780.E780_IF_FILE_ATTACHMENT (Part 1)] Migrated 2,172 rows.
2026-01-13 16:15:14 [E780.E780_IF_FILE_ATTACHMENT (Part 1)] Migrated 2,173 rows.
2026-01-13 16:15:14 [E780.E780_IF_FILE_ATTACHMENT (Part 4)] Migrated 1,036 rows.
2026-01-13 16:15:14 [E780.E780_IF_FILE_ATTACHMENT (Part 1)] Migrated 2,174 rows.
2026-01-13 16:15:14 [E780.E780_IF_FILE_ATTACHMENT (Part 4)] Migrated 1,037 rows.
2026-01-13 16:15:14 [E780.E780_IF_FILE_ATTACHMENT (Part 1)] Migrated 2,175 rows.
2026-01-13 16:15:14 [E780.E780_IF_FILE_ATTACHMENT (Part 1)] Migrated 2,176 rows.
2026-01-13 16:15:14 [E780.E780_IF_FILE_ATTACHMENT (Part 1)] Migrated 2,177 rows.
2026-01-13 16:15:14 [E780.E780_IF_FILE_ATTACHMENT (Part 1)] Migrated 2,178 rows.
2026-01-13 16:15:14 [E780.E780_IF_FILE_ATTACHMENT (Part 1)] Migrated 2,179 rows.
2026-01-13 16:15:14 [E780.E780_IF_FILE_ATTACHMENT (Part 4)] Migrated 1,038 rows.
2026-01-13 16:15:15 [E780.E780_IF_FILE_ATTACHMENT (Part 1)] Migrated 2,180 rows.
2026-01-13 16:15:15 [E780.E780_IF_FILE_ATTACHMENT (Part 1)] Migrated 2,181 rows.
2026-01-13 16:15:15 [E780.E780_IF_FILE_ATTACHMENT (Part 1)] Migrated 2,182 rows.
2026-01-13 16:15:15 [E780.E780_IF_FILE_ATTACHMENT (Part 1)] Migrated 2,183 rows.
2026-01-13 16:15:15 [E780.E780_IF_FILE_ATTACHMENT (Part 4)] Migrated 1,039 rows.
2026-01-13 16:15:15 [E780.E780_IF_FILE_ATTACHMENT (Part 1)] Migrated 2,184 rows.
2026-01-13 16:15:15 [E780.E780_IF_FILE_ATTACHMENT (Part 4)] Migrated 1,040 rows.
2026-01-13 16:15:15 [E780.E780_IF_FILE_ATTACHMENT (Part 1)] Migrated 2,185 rows.
2026-01-13 16:15:15 [E780.E780_IF_FILE_ATTACHMENT (Part 4)] Migrated 1,041 rows.
2026-01-13 16:15:15 [E780.E780_IF_FILE_ATTACHMENT (Part 4)] Migrated 1,042 rows.
2026-01-13 16:15:15 [E780.E780_IF_FILE_ATTACHMENT (Part 1)] Migrated 2,186 rows.
2026-01-13 16:15:15 [E780.E780_IF_FILE_ATTACHMENT (Part 4)] Migrated 1,043 rows.
2026-01-13 16:15:15 [E780.E780_IF_FILE_ATTACHMENT (Part 1)] Migrated 2,187 rows.
2026-01-13 16:15:15 [E780.E780_IF_FILE_ATTACHMENT (Part 1)] Migrated 2,188 rows.
2026-01-13 16:15:16 [E780.E780_IF_FILE_ATTACHMENT (Part 1)] Migrated 2,189 rows.
2026-01-13 16:15:16 [E780.E780_IF_FILE_ATTACHMENT (Part 1)] Migrated 2,190 rows.
2026-01-13 16:15:16 [E780.E780_IF_FILE_ATTACHMENT (Part 1)] Migrated 2,191 rows.
2026-01-13 16:15:16 [E780.E780_IF_FILE_ATTACHMENT (Part 4)] Migrated 1,044 rows.
2026-01-13 16:15:16 [E780.E780_IF_FILE_ATTACHMENT (Part 1)] Migrated 2,192 rows.
2026-01-13 16:15:16 [E780.E780_IF_FILE_ATTACHMENT (Part 4)] Migrated 1,045 rows.
2026-01-13 16:15:16 [E780.E780_IF_FILE_ATTACHMENT (Part 4)] Migrated 1,046 rows.
2026-01-13 16:15:17 [E780.E780_IF_FILE_ATTACHMENT (Part 1)] Migrated 2,193 rows.
2026-01-13 16:15:17 [E780.E780_IF_FILE_ATTACHMENT (Part 4)] Migrated 1,047 rows.
2026-01-13 16:15:17 [E780.E780_IF_FILE_ATTACHMENT (Part 1)] Migrated 2,194 rows.
2026-01-13 16:15:17 [E780.E780_IF_FILE_ATTACHMENT (Part 1)] Migrated 2,195 rows.
2026-01-13 16:15:17 [E780.E780_IF_FILE_ATTACHMENT (Part 4)] Migrated 1,048 rows.
2026-01-13 16:15:18 [E780.E780_IF_FILE_ATTACHMENT (Part 4)] Migrated 1,049 rows.
2026-01-13 16:15:18 [E780.E780_IF_FILE_ATTACHMENT (Part 4)] Migrated 1,050 rows.
2026-01-13 16:15:18 [E780.E780_IF_FILE_ATTACHMENT (Part 1)] Migrated 2,196 rows.
2026-01-13 16:15:18 [E780.E780_IF_FILE_ATTACHMENT (Part 4)] Migrated 1,051 rows.
2026-01-13 16:15:18 [E780.E780_IF_FILE_ATTACHMENT (Part 1)] Migrated 2,197 rows.
2026-01-13 16:15:18 [E780.E780_IF_FILE_ATTACHMENT (Part 1)] Migrated 2,198 rows.
2026-01-13 16:15:18 [E780.E780_IF_FILE_ATTACHMENT (Part 1)] Migrated 2,199 rows.
2026-01-13 16:15:18 [E780.E780_IF_FILE_ATTACHMENT (Part 1)] Migrated 2,200 rows.
2026-01-13 16:15:18 [E780.E780_IF_FILE_ATTACHMENT (Part 3)] Migrated 1,116 rows.
2026-01-13 16:15:18 [E780.E780_IF_FILE_ATTACHMENT (Part 1)] Migrated 2,201 rows.
2026-01-13 16:15:18 [E780.E780_IF_FILE_ATTACHMENT (Part 1)] Migrated 2,202 rows.
2026-01-13 16:15:18 [E780.E780_IF_FILE_ATTACHMENT (Part 1)] Migrated 2,203 rows.
2026-01-13 16:15:19 [E780.E780_IF_FILE_ATTACHMENT (Part 1)] Migrated 2,204 rows.
2026-01-13 16:15:19 [E780.E780_IF_FILE_ATTACHMENT (Part 1)] Migrated 2,205 rows.
2026-01-13 16:15:19 [E780.E780_IF_FILE_ATTACHMENT (Part 1)] Migrated 2,206 rows.
2026-01-13 16:15:19 [E780.E780_IF_FILE_ATTACHMENT (Part 3)] Migrated 1,117 rows.
2026-01-13 16:15:19 [E780.E780_IF_FILE_ATTACHMENT (Part 1)] Migrated 2,207 rows.
2026-01-13 16:15:19 [E780.E780_IF_FILE_ATTACHMENT (Part 1)] Migrated 2,208 rows.
2026-01-13 16:15:19 [E780.E780_IF_FILE_ATTACHMENT (Part 2)] Migrated 1,098 rows.
2026-01-13 16:15:19 [E780.E780_IF_FILE_ATTACHMENT (Part 1)] Migrated 2,209 rows.
2026-01-13 16:15:19 [E780.E780_IF_FILE_ATTACHMENT (Part 3)] Migrated 1,118 rows.
2026-01-13 16:15:20 [E780.E780_IF_FILE_ATTACHMENT (Part 3)] Migrated 1,119 rows.
2026-01-13 16:15:20 [E780.E780_IF_FILE_ATTACHMENT (Part 4)] Migrated 1,052 rows.
2026-01-13 16:15:20 [E780.E780_IF_FILE_ATTACHMENT (Part 1)] Migrated 2,210 rows.
2026-01-13 16:15:20 [E780.E780_IF_FILE_ATTACHMENT (Part 2)] Migrated 1,099 rows.
2026-01-13 16:15:20 [E780.E780_IF_FILE_ATTACHMENT (Part 4)] Migrated 1,053 rows.
2026-01-13 16:15:20 [E780.E780_IF_FILE_ATTACHMENT (Part 3)] Migrated 1,120 rows.
2026-01-13 16:15:20 [E780.E780_IF_FILE_ATTACHMENT (Part 4)] Migrated 1,054 rows.
2026-01-13 16:15:20 [E780.E780_IF_FILE_ATTACHMENT (Part 3)] Migrated 1,121 rows.
2026-01-13 16:15:20 [E780.E780_IF_FILE_ATTACHMENT (Part 4)] Migrated 1,055 rows.
2026-01-13 16:15:20 [E780.E780_IF_FILE_ATTACHMENT (Part 3)] Migrated 1,122 rows.
2026-01-13 16:15:20 [E780.E780_IF_FILE_ATTACHMENT (Part 3)] Migrated 1,123 rows.
2026-01-13 16:15:20 [E780.E780_IF_FILE_ATTACHMENT (Part 4)] Migrated 1,056 rows.
2026-01-13 16:15:20 [E780.E780_IF_FILE_ATTACHMENT (Part 2)] Migrated 1,100 rows.
2026-01-13 16:15:20 [E780.E780_IF_FILE_ATTACHMENT (Part 1)] Migrated 2,211 rows.
2026-01-13 16:15:20 [E780.E780_IF_FILE_ATTACHMENT (Part 4)] Migrated 1,057 rows.
2026-01-13 16:15:20 [E780.E780_IF_FILE_ATTACHMENT (Part 3)] Migrated 1,124 rows.
2026-01-13 16:15:21 [E780.E780_IF_FILE_ATTACHMENT (Part 3)] Migrated 1,125 rows.
2026-01-13 16:15:21 [E780.E780_IF_FILE_ATTACHMENT (Part 3)] Migrated 1,126 rows.
2026-01-13 16:15:21 [E780.E780_IF_FILE_ATTACHMENT (Part 1)] Migrated 2,212 rows.
2026-01-13 16:15:21 [E780.E780_IF_FILE_ATTACHMENT (Part 2)] Migrated 1,101 rows.
2026-01-13 16:15:21 [E780.E780_IF_FILE_ATTACHMENT (Part 3)] Migrated 1,127 rows.
2026-01-13 16:15:21 [E780.E780_IF_FILE_ATTACHMENT (Part 1)] Migrated 2,213 rows.
2026-01-13 16:15:21 [E780.E780_IF_FILE_ATTACHMENT (Part 3)] Migrated 1,128 rows.
2026-01-13 16:15:21 [E780.E780_IF_FILE_ATTACHMENT (Part 4)] Migrated 1,058 rows.
2026-01-13 16:15:21 [E780.E780_IF_FILE_ATTACHMENT (Part 1)] Migrated 2,214 rows.
2026-01-13 16:15:21 [E780.E780_IF_FILE_ATTACHMENT (Part 4)] Migrated 1,059 rows.
2026-01-13 16:15:22 [E780.E780_IF_FILE_ATTACHMENT (Part 1)] Migrated 2,215 rows.
2026-01-13 16:15:22 [E780.E780_IF_FILE_ATTACHMENT (Part 4)] Migrated 1,060 rows.
2026-01-13 16:15:22 [E780.E780_IF_FILE_ATTACHMENT (Part 4)] Migrated 1,061 rows.
2026-01-13 16:15:22 [E780.E780_IF_FILE_ATTACHMENT (Part 1)] Migrated 2,216 rows.
2026-01-13 16:15:22 [E780.E780_IF_FILE_ATTACHMENT (Part 3)] Migrated 1,129 rows.
2026-01-13 16:15:22 [E780.E780_IF_FILE_ATTACHMENT (Part 1)] Migrated 2,217 rows.
2026-01-13 16:15:22 [E780.E780_IF_FILE_ATTACHMENT (Part 4)] Migrated 1,062 rows.
2026-01-13 16:15:22 [E780.E780_IF_FILE_ATTACHMENT (Part 1)] Migrated 2,218 rows.
2026-01-13 16:15:22 [E780.E780_IF_FILE_ATTACHMENT (Part 2)] Migrated 1,102 rows.
2026-01-13 16:15:22 [E780.E780_IF_FILE_ATTACHMENT (Part 4)] Migrated 1,063 rows.
2026-01-13 16:15:22 [E780.E780_IF_FILE_ATTACHMENT (Part 1)] Migrated 2,219 rows.
2026-01-13 16:15:22 [E780.E780_IF_FILE_ATTACHMENT (Part 3)] Migrated 1,130 rows.
2026-01-13 16:15:22 [E780.E780_IF_FILE_ATTACHMENT (Part 4)] Migrated 1,064 rows.
2026-01-13 16:15:22 [E780.E780_IF_FILE_ATTACHMENT (Part 2)] Migrated 1,103 rows.
2026-01-13 16:15:22 [E780.E780_IF_FILE_ATTACHMENT (Part 1)] Migrated 2,220 rows.
2026-01-13 16:15:22 [E780.E780_IF_FILE_ATTACHMENT (Part 4)] Migrated 1,065 rows.
2026-01-13 16:15:22 [E780.E780_IF_FILE_ATTACHMENT (Part 2)] Migrated 1,104 rows.
2026-01-13 16:15:22 [E780.E780_IF_FILE_ATTACHMENT (Part 4)] Migrated 1,066 rows.
2026-01-13 16:15:23 [E780.E780_IF_FILE_ATTACHMENT (Part 2)] Migrated 1,105 rows.
2026-01-13 16:15:23 [E780.E780_IF_FILE_ATTACHMENT (Part 3)] Migrated 1,131 rows.
2026-01-13 16:15:23 [E780.E780_IF_FILE_ATTACHMENT (Part 3)] Migrated 1,132 rows.
2026-01-13 16:15:23 [E780.E780_IF_FILE_ATTACHMENT (Part 3)] Migrated 1,133 rows.
2026-01-13 16:15:23 [E780.E780_IF_FILE_ATTACHMENT (Part 1)] Migrated 2,221 rows.
2026-01-13 16:15:24 [E780.E780_IF_FILE_ATTACHMENT (Part 1)] Migrated 2,222 rows.
2026-01-13 16:15:24 [E780.E780_IF_FILE_ATTACHMENT (Part 4)] Migrated 1,067 rows.
2026-01-13 16:15:24 [E780.E780_IF_FILE_ATTACHMENT (Part 3)] Migrated 1,134 rows.
2026-01-13 16:15:24 [E780.E780_IF_FILE_ATTACHMENT (Part 1)] Migrated 2,223 rows.
2026-01-13 16:15:24 [E780.E780_IF_FILE_ATTACHMENT (Part 4)] Migrated 1,068 rows.
2026-01-13 16:15:24 [E780.E780_IF_FILE_ATTACHMENT (Part 1)] Migrated 2,224 rows.
2026-01-13 16:15:25 [E780.E780_IF_FILE_ATTACHMENT (Part 2)] Migrated 1,106 rows.
2026-01-13 16:15:25 [E780.E780_IF_FILE_ATTACHMENT (Part 2)] Migrated 1,107 rows.
2026-01-13 16:15:25 [E780.E780_IF_FILE_ATTACHMENT (Part 1)] Migrated 2,225 rows.
2026-01-13 16:15:25 [E780.E780_IF_FILE_ATTACHMENT (Part 2)] Migrated 1,108 rows.
2026-01-13 16:15:25 [E780.E780_IF_FILE_ATTACHMENT (Part 2)] Migrated 1,109 rows.
2026-01-13 16:15:25 [E780.E780_IF_FILE_ATTACHMENT (Part 2)] Migrated 1,110 rows.
2026-01-13 16:15:25 [E780.E780_IF_FILE_ATTACHMENT (Part 2)] Migrated 1,111 rows.
2026-01-13 16:15:25 [E780.E780_IF_FILE_ATTACHMENT (Part 2)] Migrated 1,112 rows.
2026-01-13 16:15:25 [E780.E780_IF_FILE_ATTACHMENT (Part 4)] Migrated 1,069 rows.
2026-01-13 16:15:25 [E780.E780_IF_FILE_ATTACHMENT (Part 1)] Migrated 2,226 rows.
2026-01-13 16:15:25 [E780.E780_IF_FILE_ATTACHMENT (Part 2)] Migrated 1,113 rows.
2026-01-13 16:15:25 [E780.E780_IF_FILE_ATTACHMENT (Part 2)] Migrated 1,114 rows.
2026-01-13 16:15:25 [E780.E780_IF_FILE_ATTACHMENT (Part 2)] Migrated 1,115 rows.
2026-01-13 16:15:25 [E780.E780_IF_FILE_ATTACHMENT (Part 4)] Migrated 1,070 rows.
2026-01-13 16:15:25 [E780.E780_IF_FILE_ATTACHMENT (Part 4)] Migrated 1,071 rows.
2026-01-13 16:15:25 [E780.E780_IF_FILE_ATTACHMENT (Part 1)] Migrated 2,227 rows.
2026-01-13 16:15:26 [E780.E780_IF_FILE_ATTACHMENT (Part 4)] Migrated 1,072 rows.
2026-01-13 16:15:26 [E780.E780_IF_FILE_ATTACHMENT (Part 2)] Migrated 1,116 rows.
2026-01-13 16:15:26 [E780.E780_IF_FILE_ATTACHMENT (Part 2)] Migrated 1,117 rows.
2026-01-13 16:15:26 [E780.E780_IF_FILE_ATTACHMENT (Part 2)] Migrated 1,118 rows.
2026-01-13 16:15:26 [E780.E780_IF_FILE_ATTACHMENT (Part 4)] Migrated 1,073 rows.
2026-01-13 16:15:26 [E780.E780_IF_FILE_ATTACHMENT (Part 1)] Migrated 2,228 rows.
2026-01-13 16:15:26 [E780.E780_IF_FILE_ATTACHMENT (Part 4)] Migrated 1,074 rows.
2026-01-13 16:15:26 [E780.E780_IF_FILE_ATTACHMENT (Part 2)] Migrated 1,119 rows.
2026-01-13 16:15:26 [E780.E780_IF_FILE_ATTACHMENT (Part 4)] Migrated 1,075 rows.
2026-01-13 16:15:26 [E780.E780_IF_FILE_ATTACHMENT (Part 2)] Migrated 1,120 rows.
2026-01-13 16:15:26 [E780.E780_IF_FILE_ATTACHMENT (Part 1)] Migrated 2,229 rows.
2026-01-13 16:15:26 [E780.E780_IF_FILE_ATTACHMENT (Part 4)] Migrated 1,076 rows.
2026-01-13 16:15:26 [E780.E780_IF_FILE_ATTACHMENT (Part 2)] Migrated 1,121 rows.
2026-01-13 16:15:26 [E780.E780_IF_FILE_ATTACHMENT (Part 1)] Migrated 2,230 rows.
2026-01-13 16:15:26 [E780.E780_IF_FILE_ATTACHMENT (Part 4)] Migrated 1,077 rows.
2026-01-13 16:15:26 [E780.E780_IF_FILE_ATTACHMENT (Part 2)] Migrated 1,122 rows.
2026-01-13 16:15:26 [E780.E780_IF_FILE_ATTACHMENT (Part 1)] Migrated 2,231 rows.
2026-01-13 16:15:26 [E780.E780_IF_FILE_ATTACHMENT (Part 1)] Migrated 2,232 rows.
2026-01-13 16:15:26 [E780.E780_IF_FILE_ATTACHMENT (Part 1)] Migrated 2,233 rows.
2026-01-13 16:15:27 [E780.E780_IF_FILE_ATTACHMENT (Part 1)] Migrated 2,234 rows.
2026-01-13 16:15:27 [E780.E780_IF_FILE_ATTACHMENT (Part 1)] Migrated 2,235 rows.
2026-01-13 16:15:27 [E780.E780_IF_FILE_ATTACHMENT (Part 1)] Migrated 2,236 rows.
2026-01-13 16:15:27 [E780.E780_IF_FILE_ATTACHMENT (Part 1)] Migrated 2,237 rows.
2026-01-13 16:15:27 [E780.E780_IF_FILE_ATTACHMENT (Part 1)] Migrated 2,238 rows.
2026-01-13 16:15:28 [E780.E780_IF_FILE_ATTACHMENT (Part 1)] Migrated 2,239 rows.
2026-01-13 16:15:28 [E780.E780_IF_FILE_ATTACHMENT (Part 4)] Migrated 1,078 rows.
2026-01-13 16:15:28 [E780.E780_IF_FILE_ATTACHMENT (Part 1)] Migrated 2,240 rows.
2026-01-13 16:15:28 [E780.E780_IF_FILE_ATTACHMENT (Part 2)] Migrated 1,123 rows.
2026-01-13 16:15:28 [E780.E780_IF_FILE_ATTACHMENT (Part 4)] Migrated 1,079 rows.
2026-01-13 16:15:28 [E780.E780_IF_FILE_ATTACHMENT (Part 1)] Migrated 2,241 rows.
2026-01-13 16:15:28 [E780.E780_IF_FILE_ATTACHMENT (Part 4)] Migrated 1,080 rows.
2026-01-13 16:15:28 [E780.E780_IF_FILE_ATTACHMENT (Part 1)] Migrated 2,242 rows.
2026-01-13 16:15:28 [E780.E780_IF_FILE_ATTACHMENT (Part 4)] Migrated 1,081 rows.
2026-01-13 16:15:28 [E780.E780_IF_FILE_ATTACHMENT (Part 1)] Migrated 2,243 rows.
2026-01-13 16:15:28 [E780.E780_IF_FILE_ATTACHMENT (Part 2)] Migrated 1,124 rows.
2026-01-13 16:15:28 [E780.E780_IF_FILE_ATTACHMENT (Part 1)] Migrated 2,244 rows.
2026-01-13 16:15:28 [E780.E780_IF_FILE_ATTACHMENT (Part 2)] Migrated 1,125 rows.
2026-01-13 16:15:28 [E780.E780_IF_FILE_ATTACHMENT (Part 1)] Migrated 2,245 rows.
2026-01-13 16:15:28 [E780.E780_IF_FILE_ATTACHMENT (Part 4)] Migrated 1,082 rows.
2026-01-13 16:15:28 [E780.E780_IF_FILE_ATTACHMENT (Part 2)] Migrated 1,126 rows.
2026-01-13 16:15:28 [E780.E780_IF_FILE_ATTACHMENT (Part 1)] Migrated 2,246 rows.
2026-01-13 16:15:28 [E780.E780_IF_FILE_ATTACHMENT (Part 2)] Migrated 1,127 rows.
2026-01-13 16:15:28 [E780.E780_IF_FILE_ATTACHMENT (Part 1)] Migrated 2,247 rows.
2026-01-13 16:15:28 [E780.E780_IF_FILE_ATTACHMENT (Part 1)] Migrated 2,248 rows.
2026-01-13 16:15:28 [E780.E780_IF_FILE_ATTACHMENT (Part 2)] Migrated 1,128 rows.
2026-01-13 16:15:28 [E780.E780_IF_FILE_ATTACHMENT (Part 1)] Migrated 2,249 rows.
2026-01-13 16:15:28 [E780.E780_IF_FILE_ATTACHMENT (Part 2)] Migrated 1,129 rows.
2026-01-13 16:15:29 [E780.E780_IF_FILE_ATTACHMENT (Part 2)] Migrated 1,130 rows.
2026-01-13 16:15:29 [E780.E780_IF_FILE_ATTACHMENT (Part 1)] Migrated 2,250 rows.
2026-01-13 16:15:29 [E780.E780_IF_FILE_ATTACHMENT (Part 2)] Migrated 1,131 rows.
2026-01-13 16:15:29 [E780.E780_IF_FILE_ATTACHMENT (Part 1)] Migrated 2,251 rows.
2026-01-13 16:15:29 [E780.E780_IF_FILE_ATTACHMENT (Part 1)] Migrated 2,252 rows.
2026-01-13 16:15:29 [E780.E780_IF_FILE_ATTACHMENT (Part 2)] Migrated 1,132 rows.
2026-01-13 16:15:29 [E780.E780_IF_FILE_ATTACHMENT (Part 1)] Migrated 2,253 rows.
2026-01-13 16:15:29 [E780.E780_IF_FILE_ATTACHMENT (Part 1)] Migrated 2,254 rows.
2026-01-13 16:15:29 [E780.E780_IF_FILE_ATTACHMENT (Part 1)] Migrated 2,255 rows.
2026-01-13 16:15:29 [E780.E780_IF_FILE_ATTACHMENT (Part 4)] Migrated 1,083 rows.
2026-01-13 16:15:29 [E780.E780_IF_FILE_ATTACHMENT (Part 2)] Migrated 1,133 rows.
2026-01-13 16:15:29 [E780.E780_IF_FILE_ATTACHMENT (Part 1)] Migrated 2,256 rows.
2026-01-13 16:15:29 [E780.E780_IF_FILE_ATTACHMENT (Part 1)] Migrated 2,257 rows.
2026-01-13 16:15:29 [E780.E780_IF_FILE_ATTACHMENT (Part 2)] Migrated 1,134 rows.
2026-01-13 16:15:30 [E780.E780_IF_FILE_ATTACHMENT (Part 2)] Migrated 1,135 rows.
2026-01-13 16:15:30 [E780.E780_IF_FILE_ATTACHMENT (Part 1)] Migrated 2,258 rows.
2026-01-13 16:15:30 [E780.E780_IF_FILE_ATTACHMENT (Part 1)] Migrated 2,259 rows.
2026-01-13 16:15:30 [E780.E780_IF_FILE_ATTACHMENT (Part 2)] Migrated 1,136 rows.
2026-01-13 16:15:30 [E780.E780_IF_FILE_ATTACHMENT (Part 1)] Migrated 2,260 rows.
2026-01-13 16:15:30 [E780.E780_IF_FILE_ATTACHMENT (Part 1)] Migrated 2,261 rows.
2026-01-13 16:15:30 [E780.E780_IF_FILE_ATTACHMENT (Part 1)] Migrated 2,262 rows.
2026-01-13 16:15:30 [E780.E780_IF_FILE_ATTACHMENT (Part 1)] Migrated 2,263 rows.
2026-01-13 16:15:30 [E780.E780_IF_FILE_ATTACHMENT (Part 2)] Migrated 1,137 rows.
2026-01-13 16:15:31 [E780.E780_IF_FILE_ATTACHMENT (Part 1)] Migrated 2,264 rows.
2026-01-13 16:15:31 [E780.E780_IF_FILE_ATTACHMENT (Part 4)] Migrated 1,084 rows.
2026-01-13 16:15:31 [E780.E780_IF_FILE_ATTACHMENT (Part 2)] Migrated 1,138 rows.
2026-01-13 16:15:31 [E780.E780_IF_FILE_ATTACHMENT (Part 1)] Migrated 2,265 rows.
2026-01-13 16:15:31 [E780.E780_IF_FILE_ATTACHMENT (Part 1)] Migrated 2,266 rows.
2026-01-13 16:15:31 [E780.E780_IF_FILE_ATTACHMENT (Part 3)] Migrated 1,135 rows.
2026-01-13 16:15:31 [E780.E780_IF_FILE_ATTACHMENT (Part 2)] Migrated 1,139 rows.
2026-01-13 16:15:31 [E780.E780_IF_FILE_ATTACHMENT (Part 1)] Migrated 2,267 rows.
2026-01-13 16:15:31 [E780.E780_IF_FILE_ATTACHMENT (Part 3)] Migrated 1,136 rows.
2026-01-13 16:15:31 [E780.E780_IF_FILE_ATTACHMENT (Part 1)] Migrated 2,268 rows.
2026-01-13 16:15:31 [E780.E780_IF_FILE_ATTACHMENT (Part 1)] Migrated 2,269 rows.
2026-01-13 16:15:31 [E780.E780_IF_FILE_ATTACHMENT (Part 1)] Migrated 2,270 rows.
2026-01-13 16:15:31 [E780.E780_IF_FILE_ATTACHMENT (Part 1)] Migrated 2,271 rows.
2026-01-13 16:15:31 [E780.E780_IF_FILE_ATTACHMENT (Part 2)] Migrated 1,140 rows.
2026-01-13 16:15:31 [E780.E780_IF_FILE_ATTACHMENT (Part 1)] Migrated 2,272 rows.
2026-01-13 16:15:31 [E780.E780_IF_FILE_ATTACHMENT (Part 1)] Migrated 2,273 rows.
2026-01-13 16:15:32 [E780.E780_IF_FILE_ATTACHMENT (Part 1)] Migrated 2,274 rows.
2026-01-13 16:15:32 [E780.E780_IF_FILE_ATTACHMENT (Part 1)] Migrated 2,275 rows.
2026-01-13 16:15:32 [E780.E780_IF_FILE_ATTACHMENT (Part 4)] Migrated 1,085 rows.
2026-01-13 16:15:32 [E780.E780_IF_FILE_ATTACHMENT (Part 3)] Migrated 1,137 rows.
2026-01-13 16:15:32 [E780.E780_IF_FILE_ATTACHMENT (Part 1)] Migrated 2,276 rows.
2026-01-13 16:15:32 [E780.E780_IF_FILE_ATTACHMENT (Part 2)] Migrated 1,141 rows.
2026-01-13 16:15:32 [E780.E780_IF_FILE_ATTACHMENT (Part 2)] Migrated 1,142 rows.
2026-01-13 16:15:32 [E780.E780_IF_FILE_ATTACHMENT (Part 1)] Migrated 2,277 rows.
2026-01-13 16:15:32 [E780.E780_IF_FILE_ATTACHMENT (Part 1)] Migrated 2,278 rows.
2026-01-13 16:15:32 [E780.E780_IF_FILE_ATTACHMENT (Part 1)] Migrated 2,279 rows.
2026-01-13 16:15:32 [E780.E780_IF_FILE_ATTACHMENT (Part 1)] Migrated 2,280 rows.
2026-01-13 16:15:32 [E780.E780_IF_FILE_ATTACHMENT (Part 1)] Migrated 2,281 rows.
2026-01-13 16:15:32 [E780.E780_IF_FILE_ATTACHMENT (Part 1)] Migrated 2,282 rows.
2026-01-13 16:15:32 [E780.E780_IF_FILE_ATTACHMENT (Part 1)] Migrated 2,283 rows.
2026-01-13 16:15:32 [E780.E780_IF_FILE_ATTACHMENT (Part 3)] Migrated 1,138 rows.
2026-01-13 16:15:32 [E780.E780_IF_FILE_ATTACHMENT (Part 1)] Migrated 2,284 rows.
2026-01-13 16:15:32 [E780.E780_IF_FILE_ATTACHMENT (Part 2)] Migrated 1,143 rows.
2026-01-13 16:15:32 [E780.E780_IF_FILE_ATTACHMENT (Part 1)] Migrated 2,285 rows.
2026-01-13 16:15:32 [E780.E780_IF_FILE_ATTACHMENT (Part 2)] Migrated 1,144 rows.
2026-01-13 16:15:32 [E780.E780_IF_FILE_ATTACHMENT (Part 1)] Migrated 2,286 rows.
2026-01-13 16:15:32 [E780.E780_IF_FILE_ATTACHMENT (Part 2)] Migrated 1,145 rows.
2026-01-13 16:15:33 [E780.E780_IF_FILE_ATTACHMENT (Part 1)] Migrated 2,287 rows.
2026-01-13 16:15:33 [E780.E780_IF_FILE_ATTACHMENT (Part 3)] Migrated 1,139 rows.
2026-01-13 16:15:33 [E780.E780_IF_FILE_ATTACHMENT (Part 1)] Migrated 2,288 rows.
2026-01-13 16:15:33 [E780.E780_IF_FILE_ATTACHMENT (Part 1)] Migrated 2,289 rows.
2026-01-13 16:15:33 [E780.E780_IF_FILE_ATTACHMENT (Part 3)] Migrated 1,140 rows.
2026-01-13 16:15:33 [E780.E780_IF_FILE_ATTACHMENT (Part 1)] Migrated 2,290 rows.
2026-01-13 16:15:33 [E780.E780_IF_FILE_ATTACHMENT (Part 1)] Migrated 2,291 rows.
2026-01-13 16:15:33 [E780.E780_IF_FILE_ATTACHMENT (Part 1)] Migrated 2,292 rows.
2026-01-13 16:15:33 [E780.E780_IF_FILE_ATTACHMENT (Part 1)] Migrated 2,293 rows.
2026-01-13 16:15:33 [E780.E780_IF_FILE_ATTACHMENT (Part 3)] Migrated 1,141 rows.
2026-01-13 16:15:33 [E780.E780_IF_FILE_ATTACHMENT (Part 2)] Migrated 1,146 rows.
2026-01-13 16:15:33 [E780.E780_IF_FILE_ATTACHMENT (Part 1)] Migrated 2,294 rows.
2026-01-13 16:15:33 [E780.E780_IF_FILE_ATTACHMENT (Part 1)] Migrated 2,295 rows.
2026-01-13 16:15:33 [E780.E780_IF_FILE_ATTACHMENT (Part 1)] Migrated 2,296 rows.
2026-01-13 16:15:34 [E780.E780_IF_FILE_ATTACHMENT (Part 1)] Migrated 2,297 rows.
2026-01-13 16:15:34 [E780.E780_IF_FILE_ATTACHMENT (Part 3)] Migrated 1,142 rows.
2026-01-13 16:15:34 [E780.E780_IF_FILE_ATTACHMENT (Part 1)] Migrated 2,298 rows.
2026-01-13 16:15:34 [E780.E780_IF_FILE_ATTACHMENT (Part 1)] Migrated 2,299 rows.
2026-01-13 16:15:34 [E780.E780_IF_FILE_ATTACHMENT (Part 2)] Migrated 1,147 rows.
2026-01-13 16:15:34 [E780.E780_IF_FILE_ATTACHMENT (Part 3)] Migrated 1,143 rows.
2026-01-13 16:15:34 [E780.E780_IF_FILE_ATTACHMENT (Part 1)] Migrated 2,300 rows.
2026-01-13 16:15:34 [E780.E780_IF_FILE_ATTACHMENT (Part 1)] Migrated 2,301 rows.
2026-01-13 16:15:34 [E780.E780_IF_FILE_ATTACHMENT (Part 2)] Migrated 1,148 rows.
2026-01-13 16:15:34 [E780.E780_IF_FILE_ATTACHMENT (Part 2)] Migrated 1,149 rows.
2026-01-13 16:15:34 [E780.E780_IF_FILE_ATTACHMENT (Part 1)] Migrated 2,302 rows.
2026-01-13 16:15:34 [E780.E780_IF_FILE_ATTACHMENT (Part 1)] Migrated 2,303 rows.
2026-01-13 16:15:34 [E780.E780_IF_FILE_ATTACHMENT (Part 3)] Migrated 1,144 rows.
2026-01-13 16:15:34 [E780.E780_IF_FILE_ATTACHMENT (Part 1)] Migrated 2,304 rows.
2026-01-13 16:15:34 [E780.E780_IF_FILE_ATTACHMENT (Part 1)] Migrated 2,305 rows.
2026-01-13 16:15:34 [E780.E780_IF_FILE_ATTACHMENT (Part 3)] Migrated 1,145 rows.
2026-01-13 16:15:35 [E780.E780_IF_FILE_ATTACHMENT (Part 4)] Migrated 1,086 rows.
2026-01-13 16:15:35 [E780.E780_IF_FILE_ATTACHMENT (Part 1)] Migrated 2,306 rows.
2026-01-13 16:15:35 [E780.E780_IF_FILE_ATTACHMENT (Part 3)] Migrated 1,146 rows.
2026-01-13 16:15:35 [E780.E780_IF_FILE_ATTACHMENT (Part 1)] Migrated 2,307 rows.
2026-01-13 16:15:35 [E780.E780_IF_FILE_ATTACHMENT (Part 2)] Migrated 1,150 rows.
2026-01-13 16:15:35 [E780.E780_IF_FILE_ATTACHMENT (Part 3)] Migrated 1,147 rows.
2026-01-13 16:15:35 [E780.E780_IF_FILE_ATTACHMENT (Part 1)] Migrated 2,308 rows.
2026-01-13 16:15:35 [E780.E780_IF_FILE_ATTACHMENT (Part 1)] Migrated 2,309 rows.
2026-01-13 16:15:35 [E780.E780_IF_FILE_ATTACHMENT (Part 1)] Migrated 2,310 rows.
2026-01-13 16:15:35 [E780.E780_IF_FILE_ATTACHMENT (Part 3)] Migrated 1,148 rows.
2026-01-13 16:15:35 [E780.E780_IF_FILE_ATTACHMENT (Part 1)] Migrated 2,311 rows.
2026-01-13 16:15:35 [E780.E780_IF_FILE_ATTACHMENT (Part 2)] Migrated 1,151 rows.
2026-01-13 16:15:35 [E780.E780_IF_FILE_ATTACHMENT (Part 4)] Migrated 1,087 rows.
2026-01-13 16:15:35 [E780.E780_IF_FILE_ATTACHMENT (Part 4)] Migrated 1,088 rows.
2026-01-13 16:15:35 [E780.E780_IF_FILE_ATTACHMENT (Part 3)] Migrated 1,149 rows.
2026-01-13 16:15:35 [E780.E780_IF_FILE_ATTACHMENT (Part 2)] Migrated 1,152 rows.
2026-01-13 16:15:35 [E780.E780_IF_FILE_ATTACHMENT (Part 1)] Migrated 2,312 rows.
2026-01-13 16:15:35 [E780.E780_IF_FILE_ATTACHMENT (Part 4)] Migrated 1,089 rows.
2026-01-13 16:15:35 [E780.E780_IF_FILE_ATTACHMENT (Part 3)] Migrated 1,150 rows.
2026-01-13 16:15:35 [E780.E780_IF_FILE_ATTACHMENT (Part 2)] Migrated 1,153 rows.
2026-01-13 16:15:35 [E780.E780_IF_FILE_ATTACHMENT (Part 3)] Migrated 1,151 rows.
2026-01-13 16:15:35 [E780.E780_IF_FILE_ATTACHMENT (Part 4)] Migrated 1,090 rows.
2026-01-13 16:15:35 [E780.E780_IF_FILE_ATTACHMENT (Part 2)] Migrated 1,154 rows.
2026-01-13 16:15:35 [E780.E780_IF_FILE_ATTACHMENT (Part 1)] Migrated 2,313 rows.
2026-01-13 16:15:35 [E780.E780_IF_FILE_ATTACHMENT (Part 1)] Migrated 2,314 rows.
2026-01-13 16:15:35 [E780.E780_IF_FILE_ATTACHMENT (Part 2)] Migrated 1,155 rows.
2026-01-13 16:15:36 [E780.E780_IF_FILE_ATTACHMENT (Part 3)] Migrated 1,152 rows.
2026-01-13 16:15:36 [E780.E780_IF_FILE_ATTACHMENT (Part 4)] Migrated 1,091 rows.
2026-01-13 16:15:36 [E780.E780_IF_FILE_ATTACHMENT (Part 1)] Migrated 2,315 rows.
2026-01-13 16:15:36 [E780.E780_IF_FILE_ATTACHMENT (Part 3)] Migrated 1,153 rows.
2026-01-13 16:15:36 [E780.E780_IF_FILE_ATTACHMENT (Part 3)] Migrated 1,154 rows.
2026-01-13 16:15:36 [E780.E780_IF_FILE_ATTACHMENT (Part 1)] Migrated 2,316 rows.
2026-01-13 16:15:36 [E780.E780_IF_FILE_ATTACHMENT (Part 3)] Migrated 1,155 rows.
2026-01-13 16:15:36 [E780.E780_IF_FILE_ATTACHMENT (Part 4)] Migrated 1,092 rows.
2026-01-13 16:15:36 [E780.E780_IF_FILE_ATTACHMENT (Part 1)] Migrated 2,317 rows.
2026-01-13 16:15:36 [E780.E780_IF_FILE_ATTACHMENT (Part 4)] Migrated 1,093 rows.
2026-01-13 16:15:36 [E780.E780_IF_FILE_ATTACHMENT (Part 4)] Migrated 1,094 rows.
2026-01-13 16:15:36 [E780.E780_IF_FILE_ATTACHMENT (Part 1)] Migrated 2,318 rows.
2026-01-13 16:15:36 [E780.E780_IF_FILE_ATTACHMENT (Part 4)] Migrated 1,095 rows.
2026-01-13 16:15:36 [E780.E780_IF_FILE_ATTACHMENT (Part 1)] Migrated 2,319 rows.
2026-01-13 16:15:36 [E780.E780_IF_FILE_ATTACHMENT (Part 4)] Migrated 1,096 rows.
2026-01-13 16:15:36 [E780.E780_IF_FILE_ATTACHMENT (Part 1)] Migrated 2,320 rows.
2026-01-13 16:15:36 [E780.E780_IF_FILE_ATTACHMENT (Part 4)] Migrated 1,097 rows.
2026-01-13 16:15:36 [E780.E780_IF_FILE_ATTACHMENT (Part 1)] Migrated 2,321 rows.
2026-01-13 16:15:36 [E780.E780_IF_FILE_ATTACHMENT (Part 2)] Migrated 1,156 rows.
2026-01-13 16:15:36 [E780.E780_IF_FILE_ATTACHMENT (Part 1)] Migrated 2,322 rows.
2026-01-13 16:15:36 [E780.E780_IF_FILE_ATTACHMENT (Part 3)] Migrated 1,156 rows.
2026-01-13 16:15:36 [E780.E780_IF_FILE_ATTACHMENT (Part 1)] Migrated 2,323 rows.
2026-01-13 16:15:36 [E780.E780_IF_FILE_ATTACHMENT (Part 1)] Migrated 2,324 rows.
2026-01-13 16:15:36 [E780.E780_IF_FILE_ATTACHMENT (Part 4)] Migrated 1,098 rows.
2026-01-13 16:15:36 [E780.E780_IF_FILE_ATTACHMENT (Part 1)] Migrated 2,325 rows.
2026-01-13 16:15:36 [E780.E780_IF_FILE_ATTACHMENT (Part 4)] Migrated 1,099 rows.
2026-01-13 16:15:36 [E780.E780_IF_FILE_ATTACHMENT (Part 2)] Migrated 1,157 rows.
2026-01-13 16:15:36 [E780.E780_IF_FILE_ATTACHMENT (Part 3)] Migrated 1,157 rows.
2026-01-13 16:15:37 [E780.E780_IF_FILE_ATTACHMENT (Part 1)] Migrated 2,326 rows.
2026-01-13 16:15:37 [E780.E780_IF_FILE_ATTACHMENT (Part 1)] Migrated 2,327 rows.
2026-01-13 16:15:37 [E780.E780_IF_FILE_ATTACHMENT (Part 2)] Migrated 1,158 rows.
2026-01-13 16:15:37 [E780.E780_IF_FILE_ATTACHMENT (Part 3)] Migrated 1,158 rows.
2026-01-13 16:15:37 [E780.E780_IF_FILE_ATTACHMENT (Part 3)] Migrated 1,159 rows.
2026-01-13 16:15:37 [E780.E780_IF_FILE_ATTACHMENT (Part 4)] Migrated 1,100 rows.
2026-01-13 16:15:37 [E780.E780_IF_FILE_ATTACHMENT (Part 4)] Migrated 1,101 rows.
2026-01-13 16:15:37 [E780.E780_IF_FILE_ATTACHMENT (Part 1)] Migrated 2,328 rows.
2026-01-13 16:15:37 [E780.E780_IF_FILE_ATTACHMENT (Part 3)] Migrated 1,160 rows.
2026-01-13 16:15:37 [E780.E780_IF_FILE_ATTACHMENT (Part 4)] Migrated 1,102 rows.
2026-01-13 16:15:37 [E780.E780_IF_FILE_ATTACHMENT (Part 4)] Migrated 1,103 rows.
2026-01-13 16:15:37 [E780.E780_IF_FILE_ATTACHMENT (Part 3)] Migrated 1,161 rows.
2026-01-13 16:15:37 [E780.E780_IF_FILE_ATTACHMENT (Part 4)] Migrated 1,104 rows.
2026-01-13 16:15:37 [E780.E780_IF_FILE_ATTACHMENT (Part 2)] Migrated 1,159 rows.
2026-01-13 16:15:37 [E780.E780_IF_FILE_ATTACHMENT (Part 4)] Migrated 1,105 rows.
2026-01-13 16:15:37 [E780.E780_IF_FILE_ATTACHMENT (Part 3)] Migrated 1,162 rows.
2026-01-13 16:15:37 [E780.E780_IF_FILE_ATTACHMENT (Part 2)] Migrated 1,160 rows.
2026-01-13 16:15:37 [E780.E780_IF_FILE_ATTACHMENT (Part 1)] Migrated 2,329 rows.
2026-01-13 16:15:37 [E780.E780_IF_FILE_ATTACHMENT (Part 2)] Migrated 1,161 rows.
2026-01-13 16:15:37 [E780.E780_IF_FILE_ATTACHMENT (Part 3)] Migrated 1,163 rows.
2026-01-13 16:15:37 [E780.E780_IF_FILE_ATTACHMENT (Part 1)] Migrated 2,330 rows.
2026-01-13 16:15:37 [E780.E780_IF_FILE_ATTACHMENT (Part 3)] Migrated 1,164 rows.
2026-01-13 16:15:38 [E780.E780_IF_FILE_ATTACHMENT (Part 1)] Migrated 2,331 rows.
2026-01-13 16:15:38 [E780.E780_IF_FILE_ATTACHMENT (Part 1)] Migrated 2,332 rows.
2026-01-13 16:15:38 [E780.E780_IF_FILE_ATTACHMENT (Part 1)] Migrated 2,333 rows.
2026-01-13 16:15:38 [E780.E780_IF_FILE_ATTACHMENT (Part 2)] Migrated 1,162 rows.
2026-01-13 16:15:38 [E780.E780_IF_FILE_ATTACHMENT (Part 1)] Migrated 2,334 rows.
2026-01-13 16:15:38 [E780.E780_IF_FILE_ATTACHMENT (Part 1)] Migrated 2,335 rows.
2026-01-13 16:15:38 [E780.E780_IF_FILE_ATTACHMENT (Part 3)] Migrated 1,165 rows.
2026-01-13 16:15:38 [E780.E780_IF_FILE_ATTACHMENT (Part 1)] Migrated 2,336 rows.
2026-01-13 16:15:38 [E780.E780_IF_FILE_ATTACHMENT (Part 1)] Migrated 2,337 rows.
2026-01-13 16:15:38 [E780.E780_IF_FILE_ATTACHMENT (Part 2)] Migrated 1,163 rows.
2026-01-13 16:15:38 [E780.E780_IF_FILE_ATTACHMENT (Part 1)] Migrated 2,338 rows.
2026-01-13 16:15:38 [E780.E780_IF_FILE_ATTACHMENT (Part 1)] Migrated 2,339 rows.
2026-01-13 16:15:39 [E780.E780_IF_FILE_ATTACHMENT (Part 3)] Migrated 1,166 rows.
2026-01-13 16:15:39 [E780.E780_IF_FILE_ATTACHMENT (Part 1)] Migrated 2,340 rows.
2026-01-13 16:15:39 [E780.E780_IF_FILE_ATTACHMENT (Part 3)] Migrated 1,167 rows.
2026-01-13 16:15:39 [E780.E780_IF_FILE_ATTACHMENT (Part 2)] Migrated 1,164 rows.
2026-01-13 16:15:39 [E780.E780_IF_FILE_ATTACHMENT (Part 3)] Migrated 1,168 rows.
2026-01-13 16:15:39 [E780.E780_IF_FILE_ATTACHMENT (Part 3)] Migrated 1,169 rows.
2026-01-13 16:15:39 [E780.E780_IF_FILE_ATTACHMENT (Part 1)] Migrated 2,341 rows.
2026-01-13 16:15:39 [E780.E780_IF_FILE_ATTACHMENT (Part 3)] Migrated 1,170 rows.
2026-01-13 16:15:39 [E780.E780_IF_FILE_ATTACHMENT (Part 4)] Migrated 1,106 rows.
2026-01-13 16:15:39 [E780.E780_IF_FILE_ATTACHMENT (Part 3)] Migrated 1,171 rows.
2026-01-13 16:15:39 [E780.E780_IF_FILE_ATTACHMENT (Part 3)] Migrated 1,172 rows.
2026-01-13 16:15:39 [E780.E780_IF_FILE_ATTACHMENT (Part 2)] Migrated 1,165 rows.
2026-01-13 16:15:39 [E780.E780_IF_FILE_ATTACHMENT (Part 1)] Migrated 2,342 rows.
2026-01-13 16:15:40 [E780.E780_IF_FILE_ATTACHMENT (Part 4)] Migrated 1,107 rows.
2026-01-13 16:15:40 [E780.E780_IF_FILE_ATTACHMENT (Part 1)] Migrated 2,343 rows.
2026-01-13 16:15:40 [E780.E780_IF_FILE_ATTACHMENT (Part 1)] Migrated 2,344 rows.
2026-01-13 16:15:40 [E780.E780_IF_FILE_ATTACHMENT (Part 2)] Migrated 1,166 rows.
2026-01-13 16:15:40 [E780.E780_IF_FILE_ATTACHMENT (Part 4)] Migrated 1,108 rows.
2026-01-13 16:15:40 [E780.E780_IF_FILE_ATTACHMENT (Part 1)] Migrated 2,345 rows.
2026-01-13 16:15:40 [E780.E780_IF_FILE_ATTACHMENT (Part 2)] Migrated 1,167 rows.
2026-01-13 16:15:40 [E780.E780_IF_FILE_ATTACHMENT (Part 1)] Migrated 2,346 rows.
2026-01-13 16:15:40 [E780.E780_IF_FILE_ATTACHMENT (Part 2)] Migrated 1,168 rows.
2026-01-13 16:15:40 [E780.E780_IF_FILE_ATTACHMENT (Part 1)] Migrated 2,347 rows.
2026-01-13 16:15:40 [E780.E780_IF_FILE_ATTACHMENT (Part 4)] Migrated 1,109 rows.
2026-01-13 16:15:40 [E780.E780_IF_FILE_ATTACHMENT (Part 1)] Migrated 2,348 rows.
2026-01-13 16:15:40 [E780.E780_IF_FILE_ATTACHMENT (Part 1)] Migrated 2,349 rows.
2026-01-13 16:15:40 [E780.E780_IF_FILE_ATTACHMENT (Part 1)] Migrated 2,350 rows.
2026-01-13 16:15:40 [E780.E780_IF_FILE_ATTACHMENT (Part 4)] Migrated 1,110 rows.
2026-01-13 16:15:40 [E780.E780_IF_FILE_ATTACHMENT (Part 4)] Migrated 1,111 rows.
2026-01-13 16:15:41 [E780.E780_IF_FILE_ATTACHMENT (Part 4)] Migrated 1,112 rows.
2026-01-13 16:15:41 [E780.E780_IF_FILE_ATTACHMENT (Part 1)] Migrated 2,351 rows.
2026-01-13 16:15:41 [E780.E780_IF_FILE_ATTACHMENT (Part 1)] Migrated 2,352 rows.
2026-01-13 16:15:41 [E780.E780_IF_FILE_ATTACHMENT (Part 4)] Migrated 1,113 rows.
2026-01-13 16:15:41 [E780.E780_IF_FILE_ATTACHMENT (Part 2)] Migrated 1,169 rows.
2026-01-13 16:15:41 [E780.E780_IF_FILE_ATTACHMENT (Part 2)] Migrated 1,170 rows.
2026-01-13 16:15:41 [E780.E780_IF_FILE_ATTACHMENT (Part 2)] Migrated 1,171 rows.
2026-01-13 16:15:41 [E780.E780_IF_FILE_ATTACHMENT (Part 4)] Migrated 1,114 rows.
2026-01-13 16:15:41 [E780.E780_IF_FILE_ATTACHMENT (Part 2)] Migrated 1,172 rows.
2026-01-13 16:15:41 [E780.E780_IF_FILE_ATTACHMENT (Part 2)] Migrated 1,173 rows.
2026-01-13 16:15:42 [E780.E780_IF_FILE_ATTACHMENT (Part 2)] Migrated 1,174 rows.
2026-01-13 16:15:42 [E780.E780_IF_FILE_ATTACHMENT (Part 1)] Migrated 2,353 rows.
2026-01-13 16:15:42 [E780.E780_IF_FILE_ATTACHMENT (Part 2)] Migrated 1,175 rows.
2026-01-13 16:15:42 [E780.E780_IF_FILE_ATTACHMENT (Part 2)] Migrated 1,176 rows.
2026-01-13 16:15:42 [E780.E780_IF_FILE_ATTACHMENT (Part 2)] Migrated 1,177 rows.
2026-01-13 16:15:42 [E780.E780_IF_FILE_ATTACHMENT (Part 2)] Migrated 1,178 rows.
2026-01-13 16:15:42 [E780.E780_IF_FILE_ATTACHMENT (Part 4)] Migrated 1,115 rows.
2026-01-13 16:15:42 [E780.E780_IF_FILE_ATTACHMENT (Part 1)] Migrated 2,354 rows.
2026-01-13 16:15:43 [E780.E780_IF_FILE_ATTACHMENT (Part 4)] Migrated 1,116 rows.
2026-01-13 16:15:43 [E780.E780_IF_FILE_ATTACHMENT (Part 2)] Migrated 1,179 rows.
2026-01-13 16:15:43 [E780.E780_IF_FILE_ATTACHMENT (Part 4)] Migrated 1,117 rows.
2026-01-13 16:15:43 [E780.E780_IF_FILE_ATTACHMENT (Part 1)] Migrated 2,355 rows.
2026-01-13 16:15:43 [E780.E780_IF_FILE_ATTACHMENT (Part 2)] Migrated 1,180 rows.
2026-01-13 16:15:43 [E780.E780_IF_FILE_ATTACHMENT (Part 1)] Migrated 2,356 rows.
2026-01-13 16:15:43 [E780.E780_IF_FILE_ATTACHMENT (Part 4)] Migrated 1,118 rows.
2026-01-13 16:15:43 [E780.E780_IF_FILE_ATTACHMENT (Part 1)] Migrated 2,357 rows.
2026-01-13 16:15:43 [E780.E780_IF_FILE_ATTACHMENT (Part 4)] Migrated 1,119 rows.
2026-01-13 16:15:43 [E780.E780_IF_FILE_ATTACHMENT (Part 2)] Migrated 1,181 rows.
2026-01-13 16:15:43 [E780.E780_IF_FILE_ATTACHMENT (Part 4)] Migrated 1,120 rows.
2026-01-13 16:15:44 [E780.E780_IF_FILE_ATTACHMENT (Part 4)] Migrated 1,121 rows.
2026-01-13 16:15:44 [E780.E780_IF_FILE_ATTACHMENT (Part 2)] Migrated 1,182 rows.
2026-01-13 16:15:44 [E780.E780_IF_FILE_ATTACHMENT (Part 4)] Migrated 1,122 rows.
2026-01-13 16:15:44 [E780.E780_IF_FILE_ATTACHMENT (Part 2)] Migrated 1,183 rows.
2026-01-13 16:15:44 [E780.E780_IF_FILE_ATTACHMENT (Part 4)] Migrated 1,123 rows.
2026-01-13 16:15:44 [E780.E780_IF_FILE_ATTACHMENT (Part 2)] Migrated 1,184 rows.
2026-01-13 16:15:44 MTK-17000: Batch entry 0 INSERT INTO e780.E780_IF_FILE_ATTACHMENT(ID, CONTENT, FILE_NAME) VALUES (2462, ?, 'Inspection Report.pdf') was aborted: ERROR: out of memory
  Detail: Failed on request of size 2052663 in memory context "ErrorContext".  Call getNextException to see other errors in the batch.
DB-53200: java.sql.BatchUpdateException: Batch entry 0 INSERT INTO e780.E780_IF_FILE_ATTACHMENT(ID, CONTENT, FILE_NAME) VALUES (2462, ?, 'Inspection Report.pdf') was aborted: ERROR: out of memory
  Detail: Failed on request of size 2052663 in memory context "ErrorContext".  Call getNextException to see other errors in the batch.
DB-53200: com.edb.util.PSQLException: ERROR: out of memory
  Detail: Failed on request of size 2052663 in memory context "ErrorContext"., Skipping Batch
2026-01-13 16:15:44 MTK-17000:ERROR: out of memory
  Detail: Failed on request of size 2052663 in memory context "ErrorContext".
2026-01-13 16:15:44 Stack Trace:
com.edb.MTKException: MTK-17000: Batch entry 0 INSERT INTO e780.E780_IF_FILE_ATTACHMENT(ID, CONTENT, FILE_NAME) VALUES (2462, ?, 'Inspection Report.pdf') was aborted: ERROR: out of memory
  Detail: Failed on request of size 2052663 in memory context "ErrorContext".  Call getNextException to see other errors in the batch.
DB-53200: java.sql.BatchUpdateException: Batch entry 0 INSERT INTO e780.E780_IF_FILE_ATTACHMENT(ID, CONTENT, FILE_NAME) VALUES (2462, ?, 'Inspection Report.pdf') was aborted: ERROR: out of memory
  Detail: Failed on request of size 2052663 in memory context "ErrorContext".  Call getNextException to see other errors in the batch.
DB-53200: com.edb.util.PSQLException: ERROR: out of memory
  Detail: Failed on request of size 2052663 in memory context "ErrorContext".
	at com.edb.dbhandler.enterprisedb.RedwoodBridge.setTableData(RedwoodBridge.java:426) [edb-migrationtoolkit.jar:?]
	at com.edb.DataLoader.loadDataForLoMode(DataLoader.java:1581) [edb-migrationtoolkit.jar:?]
	at com.edb.DataLoader.run(DataLoader.java:352) [edb-migrationtoolkit.jar:?]
	at java.lang.Thread.run(Thread.java:750) [?:1.8.0_462]
Caused by: java.sql.BatchUpdateException: Batch entry 0 INSERT INTO e780.E780_IF_FILE_ATTACHMENT(ID, CONTENT, FILE_NAME) VALUES (2462, ?, 'Inspection Report.pdf') was aborted: ERROR: out of memory
  Detail: Failed on request of size 2052663 in memory context "ErrorContext".  Call getNextException to see other errors in the batch.
	at com.edb.jdbc.BatchResultHandler.handleError(BatchResultHandler.java:167) ~[edb-jdbc18.jar:42.3.3.1]
	at com.edb.core.ResultHandlerDelegate.handleError(ResultHandlerDelegate.java:55) ~[edb-jdbc18.jar:42.3.3.1]
	at com.edb.core.v3.QueryExecutorImpl.processResults(QueryExecutorImpl.java:2459) ~[edb-jdbc18.jar:42.3.3.1]
	at com.edb.core.v3.QueryExecutorImpl.execute(QueryExecutorImpl.java:593) ~[edb-jdbc18.jar:42.3.3.1]
	at com.edb.jdbc.PgStatement.internalExecuteBatch(PgStatement.java:921) ~[edb-jdbc18.jar:42.3.3.1]
	at com.edb.jdbc.PgStatement.executeBatch(PgStatement.java:945) ~[edb-jdbc18.jar:42.3.3.1]
	at com.edb.jdbc.PgPreparedStatement.executeBatch(PgPreparedStatement.java:2030) ~[edb-jdbc18.jar:42.3.3.1]
	at com.edb.dbhandler.enterprisedb.RedwoodBridge.setTableData(RedwoodBridge.java:414) ~[edb-migrationtoolkit.jar:?]
	... 3 more
Caused by: com.edb.util.PSQLException: ERROR: out of memory
  Detail: Failed on request of size 2052663 in memory context "ErrorContext".
	at com.edb.core.v3.QueryExecutorImpl.receiveErrorResponse(QueryExecutorImpl.java:2884) ~[edb-jdbc18.jar:42.3.3.1]
	at com.edb.core.v3.QueryExecutorImpl.processResults(QueryExecutorImpl.java:2458) ~[edb-jdbc18.jar:42.3.3.1]
	at com.edb.core.v3.QueryExecutorImpl.execute(QueryExecutorImpl.java:593) ~[edb-jdbc18.jar:42.3.3.1]
	at com.edb.jdbc.PgStatement.internalExecuteBatch(PgStatement.java:921) ~[edb-jdbc18.jar:42.3.3.1]
	at com.edb.jdbc.PgStatement.executeBatch(PgStatement.java:945) ~[edb-jdbc18.jar:42.3.3.1]
	at com.edb.jdbc.PgPreparedStatement.executeBatch(PgPreparedStatement.java:2030) ~[edb-jdbc18.jar:42.3.3.1]
	at com.edb.dbhandler.enterprisedb.RedwoodBridge.setTableData(RedwoodBridge.java:414) ~[edb-migrationtoolkit.jar:?]
	... 3 more
2026-01-13 16:15:45 [E780.E780_IF_FILE_ATTACHMENT (Part 4)] Migrated 1,124 rows.
2026-01-13 16:15:45 [E780.E780_IF_FILE_ATTACHMENT (Part 4)] Migrated 1,125 rows.
2026-01-13 16:15:45 [E780.E780_IF_FILE_ATTACHMENT (Part 4)] Migrated 1,126 rows.
2026-01-13 16:15:45 [E780.E780_IF_FILE_ATTACHMENT (Part 1)] Migrated 2,359 rows.
2026-01-13 16:15:45 [E780.E780_IF_FILE_ATTACHMENT (Part 4)] Migrated 1,127 rows.
2026-01-13 16:15:46 [E780.E780_IF_FILE_ATTACHMENT (Part 4)] Migrated 1,128 rows.
2026-01-13 16:15:46 [E780.E780_IF_FILE_ATTACHMENT (Part 1)] Migrated 2,360 rows.
2026-01-13 16:15:46 [E780.E780_IF_FILE_ATTACHMENT (Part 4)] Migrated 1,129 rows.
2026-01-13 16:15:46 [E780.E780_IF_FILE_ATTACHMENT (Part 1)] Migrated 2,361 rows.
2026-01-13 16:15:46 [E780.E780_IF_FILE_ATTACHMENT (Part 1)] Migrated 2,362 rows.
2026-01-13 16:15:46 [E780.E780_IF_FILE_ATTACHMENT (Part 4)] Migrated 1,130 rows.
2026-01-13 16:15:46 [E780.E780_IF_FILE_ATTACHMENT (Part 2)] Migrated 1,185 rows.
2026-01-13 16:15:46 [E780.E780_IF_FILE_ATTACHMENT (Part 2)] Migrated 1,186 rows.
2026-01-13 16:15:46 [E780.E780_IF_FILE_ATTACHMENT (Part 2)] Migrated 1,187 rows.
2026-01-13 16:15:46 [E780.E780_IF_FILE_ATTACHMENT (Part 1)] Migrated 2,363 rows.
2026-01-13 16:15:46 [E780.E780_IF_FILE_ATTACHMENT (Part 1)] Migrated 2,364 rows.
2026-01-13 16:15:47 [E780.E780_IF_FILE_ATTACHMENT (Part 4)] Migrated 1,131 rows.
2026-01-13 16:15:47 [E780.E780_IF_FILE_ATTACHMENT (Part 1)] Migrated 2,365 rows.
2026-01-13 16:15:47 [E780.E780_IF_FILE_ATTACHMENT (Part 2)] Migrated 1,188 rows.
2026-01-13 16:15:47 [E780.E780_IF_FILE_ATTACHMENT (Part 1)] Migrated 2,366 rows.
2026-01-13 16:15:47 [E780.E780_IF_FILE_ATTACHMENT (Part 1)] Migrated 2,367 rows.
2026-01-13 16:15:47 [E780.E780_IF_FILE_ATTACHMENT (Part 1)] Migrated 2,368 rows.
2026-01-13 16:15:47 [E780.E780_IF_FILE_ATTACHMENT (Part 2)] Migrated 1,189 rows.
2026-01-13 16:15:47 [E780.E780_IF_FILE_ATTACHMENT (Part 1)] Migrated 2,369 rows.
2026-01-13 16:15:47 [E780.E780_IF_FILE_ATTACHMENT (Part 1)] Migrated 2,370 rows.
2026-01-13 16:15:47 [E780.E780_IF_FILE_ATTACHMENT (Part 1)] Migrated 2,371 rows.
2026-01-13 16:15:47 [E780.E780_IF_FILE_ATTACHMENT (Part 1)] Migrated 2,372 rows.
2026-01-13 16:15:47 [E780.E780_IF_FILE_ATTACHMENT (Part 4)] Migrated 1,132 rows.
2026-01-13 16:15:47 [E780.E780_IF_FILE_ATTACHMENT (Part 1)] Migrated 2,373 rows.
2026-01-13 16:15:47 [E780.E780_IF_FILE_ATTACHMENT (Part 4)] Migrated 1,133 rows.
2026-01-13 16:15:47 [E780.E780_IF_FILE_ATTACHMENT (Part 4)] Migrated 1,134 rows.
2026-01-13 16:15:47 [E780.E780_IF_FILE_ATTACHMENT (Part 1)] Migrated 2,374 rows.
2026-01-13 16:15:47 [E780.E780_IF_FILE_ATTACHMENT (Part 4)] Migrated 1,135 rows.
2026-01-13 16:15:47 [E780.E780_IF_FILE_ATTACHMENT (Part 1)] Migrated 2,375 rows.
2026-01-13 16:15:47 [E780.E780_IF_FILE_ATTACHMENT (Part 4)] Migrated 1,136 rows.
2026-01-13 16:15:47 [E780.E780_IF_FILE_ATTACHMENT (Part 1)] Migrated 2,376 rows.
2026-01-13 16:15:47 [E780.E780_IF_FILE_ATTACHMENT (Part 4)] Migrated 1,137 rows.
2026-01-13 16:15:47 [E780.E780_IF_FILE_ATTACHMENT (Part 1)] Migrated 2,377 rows.
2026-01-13 16:15:47 [E780.E780_IF_FILE_ATTACHMENT (Part 4)] Migrated 1,138 rows.
2026-01-13 16:15:48 [E780.E780_IF_FILE_ATTACHMENT (Part 1)] Migrated 2,378 rows.
2026-01-13 16:15:48 [E780.E780_IF_FILE_ATTACHMENT (Part 4)] Migrated 1,139 rows.
2026-01-13 16:15:48 [E780.E780_IF_FILE_ATTACHMENT (Part 4)] Migrated 1,140 rows.
2026-01-13 16:15:48 [E780.E780_IF_FILE_ATTACHMENT (Part 1)] Migrated 2,379 rows.
2026-01-13 16:15:48 [E780.E780_IF_FILE_ATTACHMENT (Part 2)] Migrated 1,190 rows.
2026-01-13 16:15:48 [E780.E780_IF_FILE_ATTACHMENT (Part 4)] Migrated 1,141 rows.
2026-01-13 16:15:48 [E780.E780_IF_FILE_ATTACHMENT (Part 1)] Migrated 2,380 rows.
2026-01-13 16:15:48 [E780.E780_IF_FILE_ATTACHMENT (Part 2)] Migrated 1,191 rows.
2026-01-13 16:15:48 [E780.E780_IF_FILE_ATTACHMENT (Part 1)] Migrated 2,381 rows.
2026-01-13 16:15:48 [E780.E780_IF_FILE_ATTACHMENT (Part 4)] Migrated 1,142 rows.
2026-01-13 16:15:48 [E780.E780_IF_FILE_ATTACHMENT (Part 2)] Migrated 1,192 rows.
2026-01-13 16:15:48 [E780.E780_IF_FILE_ATTACHMENT (Part 1)] Migrated 2,382 rows.
2026-01-13 16:15:48 [E780.E780_IF_FILE_ATTACHMENT (Part 1)] Migrated 2,383 rows.
2026-01-13 16:15:48 [E780.E780_IF_FILE_ATTACHMENT (Part 4)] Migrated 1,143 rows.
2026-01-13 16:15:48 [E780.E780_IF_FILE_ATTACHMENT (Part 3)] Migrated 1,173 rows.
2026-01-13 16:15:48 [E780.E780_IF_FILE_ATTACHMENT (Part 1)] Migrated 2,384 rows.
2026-01-13 16:15:48 [E780.E780_IF_FILE_ATTACHMENT (Part 4)] Migrated 1,144 rows.
2026-01-13 16:15:48 [E780.E780_IF_FILE_ATTACHMENT (Part 1)] Migrated 2,385 rows.
2026-01-13 16:15:49 [E780.E780_IF_FILE_ATTACHMENT (Part 1)] Migrated 2,386 rows.
2026-01-13 16:15:49 [E780.E780_IF_FILE_ATTACHMENT (Part 1)] Migrated 2,387 rows.
2026-01-13 16:15:49 [E780.E780_IF_FILE_ATTACHMENT (Part 4)] Migrated 1,145 rows.
2026-01-13 16:15:49 [E780.E780_IF_FILE_ATTACHMENT (Part 1)] Migrated 2,388 rows.
2026-01-13 16:15:49 [E780.E780_IF_FILE_ATTACHMENT (Part 1)] Migrated 2,389 rows.
2026-01-13 16:15:49 [E780.E780_IF_FILE_ATTACHMENT (Part 1)] Migrated 2,390 rows.
2026-01-13 16:15:49 [E780.E780_IF_FILE_ATTACHMENT (Part 1)] Migrated 2,391 rows.
2026-01-13 16:15:49 [E780.E780_IF_FILE_ATTACHMENT (Part 4)] Migrated 1,146 rows.
2026-01-13 16:15:49 [E780.E780_IF_FILE_ATTACHMENT (Part 1)] Migrated 2,392 rows.
2026-01-13 16:15:49 [E780.E780_IF_FILE_ATTACHMENT (Part 1)] Migrated 2,393 rows.
2026-01-13 16:15:49 [E780.E780_IF_FILE_ATTACHMENT (Part 3)] Migrated 1,174 rows.
2026-01-13 16:15:49 [E780.E780_IF_FILE_ATTACHMENT (Part 4)] Migrated 1,147 rows.
2026-01-13 16:15:49 [E780.E780_IF_FILE_ATTACHMENT (Part 1)] Migrated 2,394 rows.
2026-01-13 16:15:50 [E780.E780_IF_FILE_ATTACHMENT (Part 1)] Migrated 2,395 rows.
2026-01-13 16:15:50 [E780.E780_IF_FILE_ATTACHMENT (Part 4)] Migrated 1,148 rows.
2026-01-13 16:15:50 [E780.E780_IF_FILE_ATTACHMENT (Part 2)] Migrated 1,193 rows.
2026-01-13 16:15:50 [E780.E780_IF_FILE_ATTACHMENT (Part 3)] Migrated 1,175 rows.
2026-01-13 16:15:50 [E780.E780_IF_FILE_ATTACHMENT (Part 1)] Migrated 2,396 rows.
2026-01-13 16:15:50 [E780.E780_IF_FILE_ATTACHMENT (Part 1)] Migrated 2,397 rows.
2026-01-13 16:15:50 [E780.E780_IF_FILE_ATTACHMENT (Part 2)] Migrated 1,194 rows.
2026-01-13 16:15:50 [E780.E780_IF_FILE_ATTACHMENT (Part 1)] Migrated 2,398 rows.
2026-01-13 16:15:50 [E780.E780_IF_FILE_ATTACHMENT (Part 2)] Migrated 1,195 rows.
2026-01-13 16:15:50 [E780.E780_IF_FILE_ATTACHMENT (Part 1)] Migrated 2,399 rows.
2026-01-13 16:15:50 [E780.E780_IF_FILE_ATTACHMENT (Part 3)] Migrated 1,176 rows.
2026-01-13 16:15:50 [E780.E780_IF_FILE_ATTACHMENT (Part 2)] Migrated 1,196 rows.
2026-01-13 16:15:50 [E780.E780_IF_FILE_ATTACHMENT (Part 2)] Migrated 1,197 rows.
2026-01-13 16:15:50 [E780.E780_IF_FILE_ATTACHMENT (Part 2)] Migrated 1,198 rows.
2026-01-13 16:15:51 [E780.E780_IF_FILE_ATTACHMENT (Part 4)] Migrated 1,149 rows.
2026-01-13 16:15:51 [E780.E780_IF_FILE_ATTACHMENT (Part 2)] Migrated 1,199 rows.
2026-01-13 16:15:51 [E780.E780_IF_FILE_ATTACHMENT (Part 1)] Migrated 2,400 rows.
2026-01-13 16:15:51 [E780.E780_IF_FILE_ATTACHMENT (Part 4)] Migrated 1,150 rows.
2026-01-13 16:15:51 [E780.E780_IF_FILE_ATTACHMENT (Part 1)] Migrated 2,401 rows.
2026-01-13 16:15:51 [E780.E780_IF_FILE_ATTACHMENT (Part 1)] Migrated 2,402 rows.
2026-01-13 16:15:51 [E780.E780_IF_FILE_ATTACHMENT (Part 2)] Migrated 1,200 rows.
2026-01-13 16:15:51 [E780.E780_IF_FILE_ATTACHMENT (Part 1)] Migrated 2,403 rows.
2026-01-13 16:15:51 [E780.E780_IF_FILE_ATTACHMENT (Part 2)] Migrated 1,201 rows.
2026-01-13 16:15:51 [E780.E780_IF_FILE_ATTACHMENT (Part 1)] Migrated 2,404 rows.
2026-01-13 16:15:51 [E780.E780_IF_FILE_ATTACHMENT (Part 2)] Migrated 1,202 rows.
2026-01-13 16:15:51 [E780.E780_IF_FILE_ATTACHMENT (Part 1)] Migrated 2,405 rows.
2026-01-13 16:15:51 [E780.E780_IF_FILE_ATTACHMENT (Part 2)] Migrated 1,203 rows.
2026-01-13 16:15:51 [E780.E780_IF_FILE_ATTACHMENT (Part 1)] Migrated 2,406 rows.
2026-01-13 16:15:51 [E780.E780_IF_FILE_ATTACHMENT (Part 2)] Migrated 1,204 rows.
2026-01-13 16:15:51 [E780.E780_IF_FILE_ATTACHMENT (Part 1)] Migrated 2,407 rows.
2026-01-13 16:15:51 [E780.E780_IF_FILE_ATTACHMENT (Part 4)] Migrated 1,151 rows.
2026-01-13 16:15:51 [E780.E780_IF_FILE_ATTACHMENT (Part 1)] Migrated 2,408 rows.
2026-01-13 16:15:51 [E780.E780_IF_FILE_ATTACHMENT (Part 2)] Migrated 1,205 rows.
2026-01-13 16:15:52 [E780.E780_IF_FILE_ATTACHMENT (Part 1)] Migrated 2,409 rows.
2026-01-13 16:15:52 [E780.E780_IF_FILE_ATTACHMENT (Part 2)] Migrated 1,206 rows.
2026-01-13 16:15:52 [E780.E780_IF_FILE_ATTACHMENT (Part 1)] Migrated 2,410 rows.
2026-01-13 16:15:52 [E780.E780_IF_FILE_ATTACHMENT (Part 4)] Migrated 1,152 rows.
2026-01-13 16:15:52 [E780.E780_IF_FILE_ATTACHMENT (Part 2)] Migrated 1,207 rows.
2026-01-13 16:15:52 [E780.E780_IF_FILE_ATTACHMENT (Part 1)] Migrated 2,411 rows.
2026-01-13 16:15:52 [E780.E780_IF_FILE_ATTACHMENT (Part 1)] Migrated 2,412 rows.
2026-01-13 16:15:52 [E780.E780_IF_FILE_ATTACHMENT (Part 2)] Migrated 1,208 rows.
2026-01-13 16:15:52 [E780.E780_IF_FILE_ATTACHMENT (Part 4)] Migrated 1,153 rows.
2026-01-13 16:15:52 [E780.E780_IF_FILE_ATTACHMENT (Part 1)] Migrated 2,413 rows.
2026-01-13 16:15:52 [E780.E780_IF_FILE_ATTACHMENT (Part 4)] Migrated 1,154 rows.
2026-01-13 16:15:52 [E780.E780_IF_FILE_ATTACHMENT (Part 1)] Migrated 2,414 rows.
2026-01-13 16:15:52 [E780.E780_IF_FILE_ATTACHMENT (Part 4)] Migrated 1,155 rows.
2026-01-13 16:15:52 [E780.E780_IF_FILE_ATTACHMENT (Part 4)] Migrated 1,156 rows.
2026-01-13 16:15:52 [E780.E780_IF_FILE_ATTACHMENT (Part 1)] Migrated 2,415 rows.
2026-01-13 16:15:52 [E780.E780_IF_FILE_ATTACHMENT (Part 1)] Migrated 2,416 rows.
2026-01-13 16:15:52 [E780.E780_IF_FILE_ATTACHMENT (Part 1)] Migrated 2,417 rows.
2026-01-13 16:15:52 [E780.E780_IF_FILE_ATTACHMENT (Part 1)] Migrated 2,418 rows.
2026-01-13 16:15:53 [E780.E780_IF_FILE_ATTACHMENT (Part 2)] Migrated 1,209 rows.
2026-01-13 16:15:53 [E780.E780_IF_FILE_ATTACHMENT (Part 1)] Migrated 2,419 rows.
2026-01-13 16:15:53 [E780.E780_IF_FILE_ATTACHMENT (Part 4)] Migrated 1,157 rows.
2026-01-13 16:15:53 [E780.E780_IF_FILE_ATTACHMENT (Part 1)] Migrated 2,420 rows.
2026-01-13 16:15:53 [E780.E780_IF_FILE_ATTACHMENT (Part 1)] Migrated 2,421 rows.
2026-01-13 16:15:53 [E780.E780_IF_FILE_ATTACHMENT (Part 1)] Migrated 2,422 rows.
2026-01-13 16:15:53 [E780.E780_IF_FILE_ATTACHMENT (Part 1)] Migrated 2,423 rows.
2026-01-13 16:15:53 [E780.E780_IF_FILE_ATTACHMENT (Part 1)] Migrated 2,424 rows.
2026-01-13 16:15:53 [E780.E780_IF_FILE_ATTACHMENT (Part 1)] Migrated 2,425 rows.
2026-01-13 16:15:53 [E780.E780_IF_FILE_ATTACHMENT (Part 1)] Migrated 2,426 rows.
2026-01-13 16:15:53 [E780.E780_IF_FILE_ATTACHMENT (Part 1)] Migrated 2,427 rows.
2026-01-13 16:15:53 [E780.E780_IF_FILE_ATTACHMENT (Part 3)] Migrated 1,177 rows.
2026-01-13 16:15:54 [E780.E780_IF_FILE_ATTACHMENT (Part 2)] Migrated 1,210 rows.
2026-01-13 16:15:54 [E780.E780_IF_FILE_ATTACHMENT (Part 3)] Migrated 1,178 rows.
2026-01-13 16:15:54 [E780.E780_IF_FILE_ATTACHMENT (Part 4)] Migrated 1,158 rows.
2026-01-13 16:15:54 [E780.E780_IF_FILE_ATTACHMENT (Part 1)] Migrated 2,428 rows.
2026-01-13 16:15:54 [E780.E780_IF_FILE_ATTACHMENT (Part 4)] Migrated 1,159 rows.
2026-01-13 16:15:54 [E780.E780_IF_FILE_ATTACHMENT (Part 3)] Migrated 1,179 rows.
2026-01-13 16:15:54 [E780.E780_IF_FILE_ATTACHMENT (Part 4)] Migrated 1,160 rows.
2026-01-13 16:15:54 [E780.E780_IF_FILE_ATTACHMENT (Part 3)] Migrated 1,180 rows.
2026-01-13 16:15:54 [E780.E780_IF_FILE_ATTACHMENT (Part 4)] Migrated 1,161 rows.
2026-01-13 16:15:54 [E780.E780_IF_FILE_ATTACHMENT (Part 3)] Migrated 1,181 rows.
2026-01-13 16:15:54 [E780.E780_IF_FILE_ATTACHMENT (Part 1)] Migrated 2,429 rows.
2026-01-13 16:15:54 [E780.E780_IF_FILE_ATTACHMENT (Part 3)] Migrated 1,182 rows.
2026-01-13 16:15:54 [E780.E780_IF_FILE_ATTACHMENT (Part 1)] Migrated 2,430 rows.
2026-01-13 16:15:54 [E780.E780_IF_FILE_ATTACHMENT (Part 3)] Migrated 1,183 rows.
2026-01-13 16:15:54 [E780.E780_IF_FILE_ATTACHMENT (Part 1)] Migrated 2,431 rows.
2026-01-13 16:15:54 [E780.E780_IF_FILE_ATTACHMENT (Part 3)] Migrated 1,184 rows.
2026-01-13 16:15:54 [E780.E780_IF_FILE_ATTACHMENT (Part 3)] Migrated 1,185 rows.
2026-01-13 16:15:54 [E780.E780_IF_FILE_ATTACHMENT (Part 3)] Migrated 1,186 rows.
2026-01-13 16:15:54 [E780.E780_IF_FILE_ATTACHMENT (Part 1)] Migrated 2,432 rows.
2026-01-13 16:15:55 [E780.E780_IF_FILE_ATTACHMENT (Part 1)] Migrated 2,433 rows.
2026-01-13 16:15:55 [E780.E780_IF_FILE_ATTACHMENT (Part 3)] Migrated 1,187 rows.
2026-01-13 16:15:55 [E780.E780_IF_FILE_ATTACHMENT (Part 2)] Migrated 1,211 rows.
2026-01-13 16:15:55 [E780.E780_IF_FILE_ATTACHMENT (Part 2)] Migrated 1,212 rows.
2026-01-13 16:15:55 [E780.E780_IF_FILE_ATTACHMENT (Part 1)] Migrated 2,434 rows.
2026-01-13 16:15:55 [E780.E780_IF_FILE_ATTACHMENT (Part 3)] Migrated 1,188 rows.
2026-01-13 16:15:55 [E780.E780_IF_FILE_ATTACHMENT (Part 2)] Migrated 1,213 rows.
2026-01-13 16:15:55 [E780.E780_IF_FILE_ATTACHMENT (Part 2)] Migrated 1,214 rows.
2026-01-13 16:15:55 [E780.E780_IF_FILE_ATTACHMENT (Part 1)] Migrated 2,435 rows.
2026-01-13 16:15:55 [E780.E780_IF_FILE_ATTACHMENT (Part 2)] Migrated 1,215 rows.
2026-01-13 16:15:55 [E780.E780_IF_FILE_ATTACHMENT (Part 2)] Migrated 1,216 rows.
2026-01-13 16:15:55 [E780.E780_IF_FILE_ATTACHMENT (Part 1)] Migrated 2,436 rows.
2026-01-13 16:15:55 [E780.E780_IF_FILE_ATTACHMENT (Part 3)] Migrated 1,189 rows.
2026-01-13 16:15:55 [E780.E780_IF_FILE_ATTACHMENT (Part 2)] Migrated 1,217 rows.
2026-01-13 16:15:55 [E780.E780_IF_FILE_ATTACHMENT (Part 3)] Migrated 1,190 rows.
2026-01-13 16:15:55 [E780.E780_IF_FILE_ATTACHMENT (Part 2)] Migrated 1,218 rows.
2026-01-13 16:15:55 [E780.E780_IF_FILE_ATTACHMENT (Part 2)] Migrated 1,219 rows.
2026-01-13 16:15:56 [E780.E780_IF_FILE_ATTACHMENT (Part 4)] Migrated 1,162 rows.
2026-01-13 16:15:56 [E780.E780_IF_FILE_ATTACHMENT (Part 3)] Migrated 1,191 rows.
2026-01-13 16:15:56 [E780.E780_IF_FILE_ATTACHMENT (Part 2)] Migrated 1,220 rows.
2026-01-13 16:15:56 [E780.E780_IF_FILE_ATTACHMENT (Part 4)] Migrated 1,163 rows.
2026-01-13 16:15:56 [E780.E780_IF_FILE_ATTACHMENT (Part 1)] Migrated 2,437 rows.
2026-01-13 16:15:56 [E780.E780_IF_FILE_ATTACHMENT (Part 3)] Migrated 1,192 rows.
2026-01-13 16:15:56 [E780.E780_IF_FILE_ATTACHMENT (Part 2)] Migrated 1,221 rows.
2026-01-13 16:15:56 [E780.E780_IF_FILE_ATTACHMENT (Part 4)] Migrated 1,164 rows.
2026-01-13 16:15:56 [E780.E780_IF_FILE_ATTACHMENT (Part 2)] Migrated 1,222 rows.
2026-01-13 16:15:56 [E780.E780_IF_FILE_ATTACHMENT (Part 3)] Migrated 1,193 rows.
2026-01-13 16:15:56 [E780.E780_IF_FILE_ATTACHMENT (Part 1)] Migrated 2,438 rows.
2026-01-13 16:15:56 [E780.E780_IF_FILE_ATTACHMENT (Part 3)] Migrated 1,194 rows.
2026-01-13 16:15:56 [E780.E780_IF_FILE_ATTACHMENT (Part 2)] Migrated 1,223 rows.
2026-01-13 16:15:56 [E780.E780_IF_FILE_ATTACHMENT (Part 4)] Migrated 1,165 rows.
2026-01-13 16:15:56 [E780.E780_IF_FILE_ATTACHMENT (Part 1)] Migrated 2,439 rows.
2026-01-13 16:15:56 [E780.E780_IF_FILE_ATTACHMENT (Part 3)] Migrated 1,195 rows.
2026-01-13 16:15:56 [E780.E780_IF_FILE_ATTACHMENT (Part 1)] Migrated 2,440 rows.
2026-01-13 16:15:56 [E780.E780_IF_FILE_ATTACHMENT (Part 1)] Migrated 2,441 rows.
2026-01-13 16:15:56 [E780.E780_IF_FILE_ATTACHMENT (Part 2)] Migrated 1,224 rows.
2026-01-13 16:15:56 [E780.E780_IF_FILE_ATTACHMENT (Part 3)] Migrated 1,196 rows.
2026-01-13 16:15:56 [E780.E780_IF_FILE_ATTACHMENT (Part 4)] Migrated 1,166 rows.
2026-01-13 16:15:56 [E780.E780_IF_FILE_ATTACHMENT (Part 3)] Migrated 1,197 rows.
2026-01-13 16:15:56 [E780.E780_IF_FILE_ATTACHMENT (Part 4)] Migrated 1,167 rows.
2026-01-13 16:15:56 [E780.E780_IF_FILE_ATTACHMENT (Part 1)] Migrated 2,442 rows.
2026-01-13 16:15:56 [E780.E780_IF_FILE_ATTACHMENT (Part 2)] Migrated 1,225 rows.
2026-01-13 16:15:56 [E780.E780_IF_FILE_ATTACHMENT (Part 2)] Migrated 1,226 rows.
2026-01-13 16:15:57 [E780.E780_IF_FILE_ATTACHMENT (Part 1)] Migrated 2,443 rows.
2026-01-13 16:15:57 [E780.E780_IF_FILE_ATTACHMENT (Part 2)] Migrated 1,227 rows.
2026-01-13 16:15:57 [E780.E780_IF_FILE_ATTACHMENT (Part 4)] Migrated 1,168 rows.
2026-01-13 16:15:57 [E780.E780_IF_FILE_ATTACHMENT (Part 2)] Migrated 1,228 rows.
2026-01-13 16:15:57 [E780.E780_IF_FILE_ATTACHMENT (Part 2)] Migrated 1,229 rows.
2026-01-13 16:15:57 [E780.E780_IF_FILE_ATTACHMENT (Part 4)] Migrated 1,169 rows.
2026-01-13 16:15:57 [E780.E780_IF_FILE_ATTACHMENT (Part 2)] Migrated 1,230 rows.
2026-01-13 16:15:57 [E780.E780_IF_FILE_ATTACHMENT (Part 3)] Migrated 1,198 rows.
2026-01-13 16:15:58 [E780.E780_IF_FILE_ATTACHMENT (Part 4)] Migrated 1,170 rows.
2026-01-13 16:15:58 [E780.E780_IF_FILE_ATTACHMENT (Part 2)] Migrated 1,231 rows.
2026-01-13 16:15:58 [E780.E780_IF_FILE_ATTACHMENT (Part 1)] Migrated 2,444 rows.
2026-01-13 16:15:58 [E780.E780_IF_FILE_ATTACHMENT (Part 4)] Migrated 1,171 rows.
2026-01-13 16:15:58 [E780.E780_IF_FILE_ATTACHMENT (Part 1)] Migrated 2,445 rows.
2026-01-13 16:15:58 [E780.E780_IF_FILE_ATTACHMENT (Part 4)] Migrated 1,172 rows.
2026-01-13 16:15:58 [E780.E780_IF_FILE_ATTACHMENT (Part 4)] Migrated 1,173 rows.
2026-01-13 16:15:58 [E780.E780_IF_FILE_ATTACHMENT (Part 1)] Migrated 2,446 rows.
2026-01-13 16:15:58 [E780.E780_IF_FILE_ATTACHMENT (Part 4)] Migrated 1,174 rows.
2026-01-13 16:15:58 [E780.E780_IF_FILE_ATTACHMENT (Part 1)] Migrated 2,447 rows.
2026-01-13 16:15:58 [E780.E780_IF_FILE_ATTACHMENT (Part 4)] Migrated 1,175 rows.
2026-01-13 16:15:58 [E780.E780_IF_FILE_ATTACHMENT (Part 1)] Migrated 2,448 rows.
2026-01-13 16:15:58 [E780.E780_IF_FILE_ATTACHMENT (Part 1)] Migrated 2,449 rows.
2026-01-13 16:15:58 [E780.E780_IF_FILE_ATTACHMENT (Part 4)] Migrated 1,176 rows.
2026-01-13 16:15:59 [E780.E780_IF_FILE_ATTACHMENT (Part 4)] Migrated 1,177 rows.
2026-01-13 16:15:59 [E780.E780_IF_FILE_ATTACHMENT (Part 3)] Migrated 1,199 rows.
2026-01-13 16:15:59 [E780.E780_IF_FILE_ATTACHMENT (Part 1)] Migrated 2,450 rows.
2026-01-13 16:15:59 [E780.E780_IF_FILE_ATTACHMENT (Part 3)] Migrated 1,200 rows.
2026-01-13 16:15:59 [E780.E780_IF_FILE_ATTACHMENT (Part 3)] Migrated 1,201 rows.
2026-01-13 16:15:59 [E780.E780_IF_FILE_ATTACHMENT (Part 3)] Migrated 1,202 rows.
2026-01-13 16:15:59 [E780.E780_IF_FILE_ATTACHMENT (Part 3)] Migrated 1,203 rows.
2026-01-13 16:15:59 [E780.E780_IF_FILE_ATTACHMENT (Part 3)] Migrated 1,204 rows.
2026-01-13 16:15:59 [E780.E780_IF_FILE_ATTACHMENT (Part 3)] Migrated 1,205 rows.
2026-01-13 16:16:00 [E780.E780_IF_FILE_ATTACHMENT (Part 3)] Migrated 1,206 rows.
2026-01-13 16:16:00 [E780.E780_IF_FILE_ATTACHMENT (Part 3)] Migrated 1,207 rows.
2026-01-13 16:16:00 [E780.E780_IF_FILE_ATTACHMENT (Part 3)] Migrated 1,208 rows.
2026-01-13 16:16:00 [E780.E780_IF_FILE_ATTACHMENT (Part 4)] Migrated 1,178 rows.
2026-01-13 16:16:00 [E780.E780_IF_FILE_ATTACHMENT (Part 3)] Migrated 1,209 rows.
2026-01-13 16:16:00 [E780.E780_IF_FILE_ATTACHMENT (Part 4)] Migrated 1,179 rows.
2026-01-13 16:16:01 [E780.E780_IF_FILE_ATTACHMENT (Part 3)] Migrated 1,210 rows.
2026-01-13 16:16:01 [E780.E780_IF_FILE_ATTACHMENT (Part 1)] Migrated 2,451 rows.
2026-01-13 16:16:01 [E780.E780_IF_FILE_ATTACHMENT (Part 2)] Migrated 1,232 rows.
2026-01-13 16:16:01 [E780.E780_IF_FILE_ATTACHMENT (Part 4)] Migrated 1,180 rows.
2026-01-13 16:16:02 [E780.E780_IF_FILE_ATTACHMENT (Part 1)] Migrated 2,452 rows.
2026-01-13 16:16:03 [E780.E780_IF_FILE_ATTACHMENT (Part 4)] Migrated 1,181 rows.
2026-01-13 16:16:03 [E780.E780_IF_FILE_ATTACHMENT (Part 1)] Migrated 2,453 rows.
2026-01-13 16:16:03 [E780.E780_IF_FILE_ATTACHMENT (Part 1)] Migrated 2,454 rows.
2026-01-13 16:16:03 [E780.E780_IF_FILE_ATTACHMENT (Part 2)] Migrated 1,233 rows.
2026-01-13 16:16:04 [E780.E780_IF_FILE_ATTACHMENT (Part 4)] Migrated 1,182 rows.
2026-01-13 16:16:04 [E780.E780_IF_FILE_ATTACHMENT (Part 2)] Migrated 1,234 rows.
2026-01-13 16:16:04 [E780.E780_IF_FILE_ATTACHMENT (Part 1)] Migrated 2,455 rows.
2026-01-13 16:16:04 [E780.E780_IF_FILE_ATTACHMENT (Part 2)] Migrated 1,235 rows.
2026-01-13 16:16:04 [E780.E780_IF_FILE_ATTACHMENT (Part 2)] Migrated 1,236 rows.
2026-01-13 16:16:04 [E780.E780_IF_FILE_ATTACHMENT (Part 1)] Migrated 2,456 rows.
2026-01-13 16:16:04 [E780.E780_IF_FILE_ATTACHMENT (Part 2)] Migrated 1,237 rows.
2026-01-13 16:16:04 [E780.E780_IF_FILE_ATTACHMENT (Part 2)] Migrated 1,238 rows.
2026-01-13 16:16:04 [E780.E780_IF_FILE_ATTACHMENT (Part 1)] Migrated 2,457 rows.
2026-01-13 16:16:04 [E780.E780_IF_FILE_ATTACHMENT (Part 1)] Migrated 2,458 rows.
2026-01-13 16:16:04 [E780.E780_IF_FILE_ATTACHMENT (Part 2)] Migrated 1,239 rows.
2026-01-13 16:16:04 [E780.E780_IF_FILE_ATTACHMENT (Part 2)] Migrated 1,240 rows.
2026-01-13 16:16:04 [E780.E780_IF_FILE_ATTACHMENT (Part 1)] Migrated 2,459 rows.
2026-01-13 16:16:04 [E780.E780_IF_FILE_ATTACHMENT (Part 2)] Migrated 1,241 rows.
2026-01-13 16:16:04 [E780.E780_IF_FILE_ATTACHMENT (Part 2)] Migrated 1,242 rows.
2026-01-13 16:16:04 [E780.E780_IF_FILE_ATTACHMENT (Part 4)] Migrated 1,183 rows.
2026-01-13 16:16:04 [E780.E780_IF_FILE_ATTACHMENT (Part 2)] Migrated 1,243 rows.
2026-01-13 16:16:04 [E780.E780_IF_FILE_ATTACHMENT (Part 1)] Migrated 2,460 rows.
2026-01-13 16:16:05 [E780.E780_IF_FILE_ATTACHMENT (Part 4)] Migrated 1,184 rows.
2026-01-13 16:16:05 [E780.E780_IF_FILE_ATTACHMENT (Part 4)] Migrated 1,185 rows.
2026-01-13 16:16:05 [E780.E780_IF_FILE_ATTACHMENT (Part 1)] Migrated 2,461 rows.
2026-01-13 16:16:05 [E780.E780_IF_FILE_ATTACHMENT (Part 4)] Migrated 1,186 rows.
2026-01-13 16:16:05 [E780.E780_IF_FILE_ATTACHMENT (Part 1)] Migrated 2,462 rows.
2026-01-13 16:16:05 [E780.E780_IF_FILE_ATTACHMENT (Part 2)] Migrated 1,244 rows.
2026-01-13 16:16:05 [E780.E780_IF_FILE_ATTACHMENT (Part 1)] Migrated 2,463 rows.
2026-01-13 16:16:05 [E780.E780_IF_FILE_ATTACHMENT (Part 4)] Migrated 1,187 rows.
2026-01-13 16:16:05 [E780.E780_IF_FILE_ATTACHMENT (Part 2)] Migrated 1,245 rows.
2026-01-13 16:16:05 [E780.E780_IF_FILE_ATTACHMENT (Part 1)] Migrated 2,464 rows.
2026-01-13 16:16:05 [E780.E780_IF_FILE_ATTACHMENT (Part 2)] Migrated 1,246 rows.
2026-01-13 16:16:05 [E780.E780_IF_FILE_ATTACHMENT (Part 1)] Migrated 2,465 rows.
2026-01-13 16:16:05 [E780.E780_IF_FILE_ATTACHMENT (Part 4)] Migrated 1,188 rows.
2026-01-13 16:16:05 [E780.E780_IF_FILE_ATTACHMENT (Part 2)] Migrated 1,247 rows.
2026-01-13 16:16:05 [E780.E780_IF_FILE_ATTACHMENT (Part 4)] Migrated 1,189 rows.
2026-01-13 16:16:05 [E780.E780_IF_FILE_ATTACHMENT (Part 2)] Migrated 1,248 rows.
2026-01-13 16:16:05 [E780.E780_IF_FILE_ATTACHMENT (Part 2)] Migrated 1,249 rows.
2026-01-13 16:16:05 [E780.E780_IF_FILE_ATTACHMENT (Part 4)] Migrated 1,190 rows.
2026-01-13 16:16:05 [E780.E780_IF_FILE_ATTACHMENT (Part 2)] Migrated 1,250 rows.
2026-01-13 16:16:05 [E780.E780_IF_FILE_ATTACHMENT (Part 4)] Migrated 1,191 rows.
2026-01-13 16:16:05 [E780.E780_IF_FILE_ATTACHMENT (Part 1)] Migrated 2,466 rows.
2026-01-13 16:16:05 [E780.E780_IF_FILE_ATTACHMENT (Part 2)] Migrated 1,251 rows.
2026-01-13 16:16:05 [E780.E780_IF_FILE_ATTACHMENT (Part 4)] Migrated 1,192 rows.
2026-01-13 16:16:05 [E780.E780_IF_FILE_ATTACHMENT (Part 4)] Migrated 1,193 rows.
2026-01-13 16:16:05 [E780.E780_IF_FILE_ATTACHMENT (Part 2)] Migrated 1,252 rows.
2026-01-13 16:16:05 [E780.E780_IF_FILE_ATTACHMENT (Part 4)] Migrated 1,194 rows.
2026-01-13 16:16:05 [E780.E780_IF_FILE_ATTACHMENT (Part 2)] Migrated 1,253 rows.
2026-01-13 16:16:05 [E780.E780_IF_FILE_ATTACHMENT (Part 4)] Migrated 1,195 rows.
2026-01-13 16:16:05 [E780.E780_IF_FILE_ATTACHMENT (Part 1)] Migrated 2,467 rows.
2026-01-13 16:16:05 [E780.E780_IF_FILE_ATTACHMENT (Part 4)] Migrated 1,196 rows.
2026-01-13 16:16:05 [E780.E780_IF_FILE_ATTACHMENT (Part 1)] Migrated 2,468 rows.
2026-01-13 16:16:05 [E780.E780_IF_FILE_ATTACHMENT (Part 4)] Migrated 1,197 rows.
2026-01-13 16:16:05 [E780.E780_IF_FILE_ATTACHMENT (Part 4)] Migrated 1,198 rows.
2026-01-13 16:16:05 [E780.E780_IF_FILE_ATTACHMENT (Part 4)] Migrated 1,199 rows.
2026-01-13 16:16:06 [E780.E780_IF_FILE_ATTACHMENT (Part 4)] Migrated 1,200 rows.
2026-01-13 16:16:06 [E780.E780_IF_FILE_ATTACHMENT (Part 4)] Migrated 1,201 rows.
2026-01-13 16:16:06 [E780.E780_IF_FILE_ATTACHMENT (Part 1)] Migrated 2,469 rows.
2026-01-13 16:16:06 [E780.E780_IF_FILE_ATTACHMENT (Part 1)] Migrated 2,470 rows.
2026-01-13 16:16:06 [E780.E780_IF_FILE_ATTACHMENT (Part 4)] Migrated 1,202 rows.
2026-01-13 16:16:06 [E780.E780_IF_FILE_ATTACHMENT (Part 4)] Migrated 1,203 rows.
2026-01-13 16:16:06 [E780.E780_IF_FILE_ATTACHMENT (Part 1)] Migrated 2,471 rows.
2026-01-13 16:16:06 [E780.E780_IF_FILE_ATTACHMENT (Part 1)] Migrated 2,472 rows.
2026-01-13 16:16:06 [E780.E780_IF_FILE_ATTACHMENT (Part 1)] Migrated 2,473 rows.
2026-01-13 16:16:06 [E780.E780_IF_FILE_ATTACHMENT (Part 1)] Migrated 2,474 rows.
2026-01-13 16:16:06 [E780.E780_IF_FILE_ATTACHMENT (Part 4)] Migrated 1,204 rows.
2026-01-13 16:16:06 [E780.E780_IF_FILE_ATTACHMENT (Part 1)] Migrated 2,475 rows.
2026-01-13 16:16:07 [E780.E780_IF_FILE_ATTACHMENT (Part 1)] Migrated 2,476 rows.
2026-01-13 16:16:07 [E780.E780_IF_FILE_ATTACHMENT (Part 4)] Migrated 1,205 rows.
2026-01-13 16:16:07 [E780.E780_IF_FILE_ATTACHMENT (Part 2)] Migrated 1,254 rows.
2026-01-13 16:16:07 [E780.E780_IF_FILE_ATTACHMENT (Part 1)] Migrated 2,477 rows.
2026-01-13 16:16:07 [E780.E780_IF_FILE_ATTACHMENT (Part 1)] Migrated 2,478 rows.
2026-01-13 16:16:07 [E780.E780_IF_FILE_ATTACHMENT (Part 1)] Migrated 2,479 rows.
2026-01-13 16:16:07 [E780.E780_IF_FILE_ATTACHMENT (Part 1)] Migrated 2,480 rows.
2026-01-13 16:16:07 [E780.E780_IF_FILE_ATTACHMENT (Part 1)] Migrated 2,481 rows.
2026-01-13 16:16:07 [E780.E780_IF_FILE_ATTACHMENT (Part 1)] Migrated 2,482 rows.
2026-01-13 16:16:07 [E780.E780_IF_FILE_ATTACHMENT (Part 4)] Migrated 1,206 rows.
2026-01-13 16:16:07 [E780.E780_IF_FILE_ATTACHMENT (Part 1)] Migrated 2,483 rows.
2026-01-13 16:16:07 [E780.E780_IF_FILE_ATTACHMENT (Part 1)] Migrated 2,484 rows.
2026-01-13 16:16:07 [E780.E780_IF_FILE_ATTACHMENT (Part 1)] Migrated 2,485 rows.
2026-01-13 16:16:07 [E780.E780_IF_FILE_ATTACHMENT (Part 4)] Migrated 1,207 rows.
2026-01-13 16:16:08 [E780.E780_IF_FILE_ATTACHMENT (Part 1)] Migrated 2,486 rows.
2026-01-13 16:16:08 [E780.E780_IF_FILE_ATTACHMENT (Part 4)] Migrated 1,208 rows.
2026-01-13 16:16:08 [E780.E780_IF_FILE_ATTACHMENT (Part 1)] Migrated 2,487 rows.
2026-01-13 16:16:08 [E780.E780_IF_FILE_ATTACHMENT (Part 1)] Migrated 2,488 rows.
2026-01-13 16:16:08 [E780.E780_IF_FILE_ATTACHMENT (Part 1)] Migrated 2,489 rows.
2026-01-13 16:16:08 [E780.E780_IF_FILE_ATTACHMENT (Part 2)] Migrated 1,255 rows.
2026-01-13 16:16:08 [E780.E780_IF_FILE_ATTACHMENT (Part 1)] Migrated 2,490 rows.
2026-01-13 16:16:08 [E780.E780_IF_FILE_ATTACHMENT (Part 1)] Migrated 2,491 rows.
2026-01-13 16:16:08 [E780.E780_IF_FILE_ATTACHMENT (Part 2)] Migrated 1,256 rows.
2026-01-13 16:16:08 [E780.E780_IF_FILE_ATTACHMENT (Part 1)] Migrated 2,492 rows.
2026-01-13 16:16:08 [E780.E780_IF_FILE_ATTACHMENT (Part 1)] Migrated 2,493 rows.
2026-01-13 16:16:08 [E780.E780_IF_FILE_ATTACHMENT (Part 1)] Migrated 2,494 rows.
2026-01-13 16:16:09 [E780.E780_IF_FILE_ATTACHMENT (Part 2)] Migrated 1,257 rows.
2026-01-13 16:16:09 [E780.E780_IF_FILE_ATTACHMENT (Part 4)] Migrated 1,209 rows.
2026-01-13 16:16:09 [E780.E780_IF_FILE_ATTACHMENT (Part 2)] Migrated 1,258 rows.
2026-01-13 16:16:09 [E780.E780_IF_FILE_ATTACHMENT (Part 4)] Migrated 1,210 rows.
2026-01-13 16:16:09 [E780.E780_IF_FILE_ATTACHMENT (Part 2)] Migrated 1,259 rows.
2026-01-13 16:16:09 [E780.E780_IF_FILE_ATTACHMENT (Part 2)] Migrated 1,260 rows.
2026-01-13 16:16:09 [E780.E780_IF_FILE_ATTACHMENT (Part 4)] Migrated 1,211 rows.
2026-01-13 16:16:09 [E780.E780_IF_FILE_ATTACHMENT (Part 4)] Migrated 1,212 rows.
2026-01-13 16:16:09 [E780.E780_IF_FILE_ATTACHMENT (Part 2)] Migrated 1,261 rows.
2026-01-13 16:16:09 [E780.E780_IF_FILE_ATTACHMENT (Part 2)] Migrated 1,262 rows.
2026-01-13 16:16:09 [E780.E780_IF_FILE_ATTACHMENT (Part 4)] Migrated 1,213 rows.
2026-01-13 16:16:09 [E780.E780_IF_FILE_ATTACHMENT (Part 2)] Migrated 1,263 rows.
2026-01-13 16:16:09 [E780.E780_IF_FILE_ATTACHMENT (Part 4)] Migrated 1,214 rows.
2026-01-13 16:16:09 [E780.E780_IF_FILE_ATTACHMENT (Part 4)] Migrated 1,215 rows.
2026-01-13 16:16:09 [E780.E780_IF_FILE_ATTACHMENT (Part 2)] Migrated 1,264 rows.
2026-01-13 16:16:09 [E780.E780_IF_FILE_ATTACHMENT (Part 4)] Migrated 1,216 rows.
2026-01-13 16:16:09 [E780.E780_IF_FILE_ATTACHMENT (Part 4)] Migrated 1,217 rows.
2026-01-13 16:16:09 [E780.E780_IF_FILE_ATTACHMENT (Part 2)] Migrated 1,265 rows.
2026-01-13 16:16:09 [E780.E780_IF_FILE_ATTACHMENT (Part 1)] Migrated 2,495 rows.
2026-01-13 16:16:09 [E780.E780_IF_FILE_ATTACHMENT (Part 4)] Migrated 1,218 rows.
2026-01-13 16:16:09 [E780.E780_IF_FILE_ATTACHMENT (Part 4)] Migrated 1,219 rows.
2026-01-13 16:16:09 [E780.E780_IF_FILE_ATTACHMENT (Part 1)] Migrated 2,496 rows.
2026-01-13 16:16:10 [E780.E780_IF_FILE_ATTACHMENT (Part 4)] Migrated 1,220 rows.
2026-01-13 16:16:10 [E780.E780_IF_FILE_ATTACHMENT (Part 2)] Migrated 1,266 rows.
2026-01-13 16:16:10 [E780.E780_IF_FILE_ATTACHMENT (Part 2)] Migrated 1,267 rows.
2026-01-13 16:16:10 [E780.E780_IF_FILE_ATTACHMENT (Part 1)] Migrated 2,497 rows.
2026-01-13 16:16:10 [E780.E780_IF_FILE_ATTACHMENT (Part 4)] Migrated 1,221 rows.
2026-01-13 16:16:10 [E780.E780_IF_FILE_ATTACHMENT (Part 4)] Migrated 1,222 rows.
2026-01-13 16:16:10 [E780.E780_IF_FILE_ATTACHMENT (Part 1)] Migrated 2,498 rows.
2026-01-13 16:16:10 [E780.E780_IF_FILE_ATTACHMENT (Part 1)] Migrated 2,499 rows.
2026-01-13 16:16:10 [E780.E780_IF_FILE_ATTACHMENT (Part 1)] Migrated 2,500 rows.
2026-01-13 16:16:10 [E780.E780_IF_FILE_ATTACHMENT (Part 4)] Migrated 1,223 rows.
2026-01-13 16:16:11 [E780.E780_IF_FILE_ATTACHMENT (Part 4)] Migrated 1,224 rows.
2026-01-13 16:16:11 [E780.E780_IF_FILE_ATTACHMENT (Part 2)] Migrated 1,268 rows.
2026-01-13 16:16:11 [E780.E780_IF_FILE_ATTACHMENT (Part 4)] Migrated 1,225 rows.
2026-01-13 16:16:11 [E780.E780_IF_FILE_ATTACHMENT (Part 1)] Migrated 2,501 rows.
2026-01-13 16:16:11 [E780.E780_IF_FILE_ATTACHMENT (Part 4)] Migrated 1,226 rows.
2026-01-13 16:16:11 [E780.E780_IF_FILE_ATTACHMENT (Part 2)] Migrated 1,269 rows.
2026-01-13 16:16:11 [E780.E780_IF_FILE_ATTACHMENT (Part 4)] Migrated 1,227 rows.
2026-01-13 16:16:11 [E780.E780_IF_FILE_ATTACHMENT (Part 2)] Migrated 1,270 rows.
2026-01-13 16:16:11 [E780.E780_IF_FILE_ATTACHMENT (Part 4)] Migrated 1,228 rows.
2026-01-13 16:16:11 [E780.E780_IF_FILE_ATTACHMENT (Part 1)] Migrated 2,502 rows.
2026-01-13 16:16:11 [E780.E780_IF_FILE_ATTACHMENT (Part 4)] Migrated 1,229 rows.
2026-01-13 16:16:11 [E780.E780_IF_FILE_ATTACHMENT (Part 2)] Migrated 1,271 rows.
2026-01-13 16:16:11 [E780.E780_IF_FILE_ATTACHMENT (Part 4)] Migrated 1,230 rows.
2026-01-13 16:16:11 [E780.E780_IF_FILE_ATTACHMENT (Part 1)] Migrated 2,503 rows.
2026-01-13 16:16:11 [E780.E780_IF_FILE_ATTACHMENT (Part 2)] Migrated 1,272 rows.
2026-01-13 16:16:11 [E780.E780_IF_FILE_ATTACHMENT (Part 2)] Migrated 1,273 rows.
2026-01-13 16:16:11 [E780.E780_IF_FILE_ATTACHMENT (Part 4)] Migrated 1,231 rows.
2026-01-13 16:16:11 [E780.E780_IF_FILE_ATTACHMENT (Part 1)] Migrated 2,504 rows.
2026-01-13 16:16:11 [E780.E780_IF_FILE_ATTACHMENT (Part 2)] Migrated 1,274 rows.
2026-01-13 16:16:11 [E780.E780_IF_FILE_ATTACHMENT (Part 4)] Migrated 1,232 rows.
2026-01-13 16:16:11 [E780.E780_IF_FILE_ATTACHMENT (Part 4)] Migrated 1,233 rows.
2026-01-13 16:16:11 [E780.E780_IF_FILE_ATTACHMENT (Part 1)] Migrated 2,505 rows.
2026-01-13 16:16:11 [E780.E780_IF_FILE_ATTACHMENT (Part 2)] Migrated 1,275 rows.
2026-01-13 16:16:11 [E780.E780_IF_FILE_ATTACHMENT (Part 1)] Migrated 2,506 rows.
2026-01-13 16:16:11 [E780.E780_IF_FILE_ATTACHMENT (Part 2)] Migrated 1,276 rows.
2026-01-13 16:16:11 [E780.E780_IF_FILE_ATTACHMENT (Part 1)] Migrated 2,507 rows.
2026-01-13 16:16:11 [E780.E780_IF_FILE_ATTACHMENT (Part 2)] Migrated 1,277 rows.
2026-01-13 16:16:11 [E780.E780_IF_FILE_ATTACHMENT (Part 1)] Migrated 2,508 rows.
2026-01-13 16:16:11 [E780.E780_IF_FILE_ATTACHMENT (Part 2)] Migrated 1,278 rows.
2026-01-13 16:16:11 [E780.E780_IF_FILE_ATTACHMENT (Part 2)] Migrated 1,279 rows.
2026-01-13 16:16:11 [E780.E780_IF_FILE_ATTACHMENT (Part 2)] Migrated 1,280 rows.
2026-01-13 16:16:12 [E780.E780_IF_FILE_ATTACHMENT (Part 1)] Migrated 2,509 rows.
2026-01-13 16:16:12 [E780.E780_IF_FILE_ATTACHMENT (Part 1)] Migrated 2,510 rows.
2026-01-13 16:16:12 [E780.E780_IF_FILE_ATTACHMENT (Part 1)] Migrated 2,511 rows.
2026-01-13 16:16:12 [E780.E780_IF_FILE_ATTACHMENT (Part 1)] Migrated 2,512 rows.
2026-01-13 16:16:12 [E780.E780_IF_FILE_ATTACHMENT (Part 1)] Migrated 2,513 rows.
2026-01-13 16:16:12 [E780.E780_IF_FILE_ATTACHMENT (Part 2)] Migrated 1,281 rows.
2026-01-13 16:16:12 [E780.E780_IF_FILE_ATTACHMENT (Part 1)] Migrated 2,514 rows.
2026-01-13 16:16:12 [E780.E780_IF_FILE_ATTACHMENT (Part 1)] Migrated 2,515 rows.
2026-01-13 16:16:12 [E780.E780_IF_FILE_ATTACHMENT (Part 1)] Migrated 2,516 rows.
2026-01-13 16:16:12 [E780.E780_IF_FILE_ATTACHMENT (Part 1)] Migrated 2,517 rows.
2026-01-13 16:16:12 [E780.E780_IF_FILE_ATTACHMENT (Part 2)] Migrated 1,282 rows.
2026-01-13 16:16:12 [E780.E780_IF_FILE_ATTACHMENT (Part 2)] Migrated 1,283 rows.
2026-01-13 16:16:12 [E780.E780_IF_FILE_ATTACHMENT (Part 1)] Migrated 2,518 rows.
2026-01-13 16:16:12 [E780.E780_IF_FILE_ATTACHMENT (Part 2)] Migrated 1,284 rows.
2026-01-13 16:16:12 [E780.E780_IF_FILE_ATTACHMENT (Part 1)] Migrated 2,519 rows.
2026-01-13 16:16:12 [E780.E780_IF_FILE_ATTACHMENT (Part 2)] Migrated 1,285 rows.
2026-01-13 16:16:12 [E780.E780_IF_FILE_ATTACHMENT (Part 2)] Migrated 1,286 rows.
2026-01-13 16:16:12 [E780.E780_IF_FILE_ATTACHMENT (Part 2)] Migrated 1,287 rows.
2026-01-13 16:16:12 [E780.E780_IF_FILE_ATTACHMENT (Part 2)] Migrated 1,288 rows.
2026-01-13 16:16:12 [E780.E780_IF_FILE_ATTACHMENT (Part 2)] Migrated 1,289 rows.
2026-01-13 16:16:12 [E780.E780_IF_FILE_ATTACHMENT (Part 2)] Migrated 1,290 rows.
2026-01-13 16:16:12 [E780.E780_IF_FILE_ATTACHMENT (Part 2)] Migrated 1,291 rows.
2026-01-13 16:16:12 [E780.E780_IF_FILE_ATTACHMENT (Part 1)] Migrated 2,520 rows.
2026-01-13 16:16:12 [E780.E780_IF_FILE_ATTACHMENT (Part 2)] Migrated 1,292 rows.
2026-01-13 16:16:12 [E780.E780_IF_FILE_ATTACHMENT (Part 2)] Migrated 1,293 rows.
2026-01-13 16:16:12 [E780.E780_IF_FILE_ATTACHMENT (Part 2)] Migrated 1,294 rows.
2026-01-13 16:16:12 [E780.E780_IF_FILE_ATTACHMENT (Part 2)] Migrated 1,295 rows.
2026-01-13 16:16:13 [E780.E780_IF_FILE_ATTACHMENT (Part 2)] Migrated 1,296 rows.
2026-01-13 16:16:13 [E780.E780_IF_FILE_ATTACHMENT (Part 2)] Migrated 1,297 rows.
2026-01-13 16:16:13 [E780.E780_IF_FILE_ATTACHMENT (Part 2)] Migrated 1,298 rows.
2026-01-13 16:16:13 [E780.E780_IF_FILE_ATTACHMENT (Part 2)] Migrated 1,299 rows.
2026-01-13 16:16:13 [E780.E780_IF_FILE_ATTACHMENT (Part 1)] Migrated 2,521 rows.
2026-01-13 16:16:14 [E780.E780_IF_FILE_ATTACHMENT (Part 2)] Migrated 1,300 rows.
2026-01-13 16:16:14 [E780.E780_IF_FILE_ATTACHMENT (Part 1)] Migrated 2,522 rows.
2026-01-13 16:16:14 [E780.E780_IF_FILE_ATTACHMENT (Part 2)] Migrated 1,301 rows.
2026-01-13 16:16:14 [E780.E780_IF_FILE_ATTACHMENT (Part 1)] Migrated 2,523 rows.
2026-01-13 16:16:14 [E780.E780_IF_FILE_ATTACHMENT (Part 2)] Migrated 1,302 rows.
2026-01-13 16:16:14 [E780.E780_IF_FILE_ATTACHMENT (Part 1)] Migrated 2,524 rows.
2026-01-13 16:16:14 [E780.E780_IF_FILE_ATTACHMENT (Part 1)] Migrated 2,525 rows.
2026-01-13 16:16:14 [E780.E780_IF_FILE_ATTACHMENT (Part 1)] Migrated 2,526 rows.
2026-01-13 16:16:14 [E780.E780_IF_FILE_ATTACHMENT (Part 2)] Migrated 1,303 rows.
2026-01-13 16:16:15 [E780.E780_IF_FILE_ATTACHMENT (Part 2)] Migrated 1,304 rows.
2026-01-13 16:16:15 [E780.E780_IF_FILE_ATTACHMENT (Part 1)] Migrated 2,527 rows.
2026-01-13 16:16:15 [E780.E780_IF_FILE_ATTACHMENT (Part 1)] Migrated 2,528 rows.
2026-01-13 16:16:15 [E780.E780_IF_FILE_ATTACHMENT (Part 1)] Migrated 2,529 rows.
2026-01-13 16:16:15 [E780.E780_IF_FILE_ATTACHMENT (Part 1)] Migrated 2,530 rows.
2026-01-13 16:16:15 [E780.E780_IF_FILE_ATTACHMENT (Part 1)] Migrated 2,531 rows.
2026-01-13 16:16:15 [E780.E780_IF_FILE_ATTACHMENT (Part 2)] Migrated 1,305 rows.
2026-01-13 16:16:15 [E780.E780_IF_FILE_ATTACHMENT (Part 1)] Migrated 2,532 rows.
2026-01-13 16:16:15 [E780.E780_IF_FILE_ATTACHMENT (Part 1)] Migrated 2,533 rows.
2026-01-13 16:16:15 MTK-17000: Batch entry 0 INSERT INTO e780.E780_IF_FILE_ATTACHMENT(ID, CONTENT, FILE_NAME) VALUES (112443, ?, 'VH-OQL MSN074 - Wing ORS Inspection report LH & RH side.zip') was aborted: ERROR: out of memory
  Detail: Failed on request of size 18884101 in memory context "ExecutorState".  Call getNextException to see other errors in the batch.
DB-53200: java.sql.BatchUpdateException: Batch entry 0 INSERT INTO e780.E780_IF_FILE_ATTACHMENT(ID, CONTENT, FILE_NAME) VALUES (112443, ?, 'VH-OQL MSN074 - Wing ORS Inspection report LH & RH side.zip') was aborted: ERROR: out of memory
  Detail: Failed on request of size 18884101 in memory context "ExecutorState".  Call getNextException to see other errors in the batch.
DB-53200: com.edb.util.PSQLException: ERROR: out of memory
  Detail: Failed on request of size 18884101 in memory context "ExecutorState"., Skipping Batch
2026-01-13 16:16:15 MTK-17000:ERROR: out of memory
  Detail: Failed on request of size 18884101 in memory context "ExecutorState".
2026-01-13 16:16:15 Stack Trace:
com.edb.MTKException: MTK-17000: Batch entry 0 INSERT INTO e780.E780_IF_FILE_ATTACHMENT(ID, CONTENT, FILE_NAME) VALUES (112443, ?, 'VH-OQL MSN074 - Wing ORS Inspection report LH & RH side.zip') was aborted: ERROR: out of memory
  Detail: Failed on request of size 18884101 in memory context "ExecutorState".  Call getNextException to see other errors in the batch.
DB-53200: java.sql.BatchUpdateException: Batch entry 0 INSERT INTO e780.E780_IF_FILE_ATTACHMENT(ID, CONTENT, FILE_NAME) VALUES (112443, ?, 'VH-OQL MSN074 - Wing ORS Inspection report LH & RH side.zip') was aborted: ERROR: out of memory
  Detail: Failed on request of size 18884101 in memory context "ExecutorState".  Call getNextException to see other errors in the batch.
DB-53200: com.edb.util.PSQLException: ERROR: out of memory
  Detail: Failed on request of size 18884101 in memory context "ExecutorState".
	at com.edb.dbhandler.enterprisedb.RedwoodBridge.setTableData(RedwoodBridge.java:426) [edb-migrationtoolkit.jar:?]
	at com.edb.DataLoader.loadDataForLoMode(DataLoader.java:1581) [edb-migrationtoolkit.jar:?]
	at com.edb.DataLoader.run(DataLoader.java:352) [edb-migrationtoolkit.jar:?]
	at java.lang.Thread.run(Thread.java:750) [?:1.8.0_462]
Caused by: java.sql.BatchUpdateException: Batch entry 0 INSERT INTO e780.E780_IF_FILE_ATTACHMENT(ID, CONTENT, FILE_NAME) VALUES (112443, ?, 'VH-OQL MSN074 - Wing ORS Inspection report LH & RH side.zip') was aborted: ERROR: out of memory
  Detail: Failed on request of size 18884101 in memory context "ExecutorState".  Call getNextException to see other errors in the batch.
	at com.edb.jdbc.BatchResultHandler.handleError(BatchResultHandler.java:167) ~[edb-jdbc18.jar:42.3.3.1]
	at com.edb.core.ResultHandlerDelegate.handleError(ResultHandlerDelegate.java:55) ~[edb-jdbc18.jar:42.3.3.1]
	at com.edb.core.v3.QueryExecutorImpl.processResults(QueryExecutorImpl.java:2459) ~[edb-jdbc18.jar:42.3.3.1]
	at com.edb.core.v3.QueryExecutorImpl.execute(QueryExecutorImpl.java:593) ~[edb-jdbc18.jar:42.3.3.1]
	at com.edb.jdbc.PgStatement.internalExecuteBatch(PgStatement.java:921) ~[edb-jdbc18.jar:42.3.3.1]
	at com.edb.jdbc.PgStatement.executeBatch(PgStatement.java:945) ~[edb-jdbc18.jar:42.3.3.1]
	at com.edb.jdbc.PgPreparedStatement.executeBatch(PgPreparedStatement.java:2030) ~[edb-jdbc18.jar:42.3.3.1]
	at com.edb.dbhandler.enterprisedb.RedwoodBridge.setTableData(RedwoodBridge.java:414) ~[edb-migrationtoolkit.jar:?]
	... 3 more
Caused by: com.edb.util.PSQLException: ERROR: out of memory
  Detail: Failed on request of size 18884101 in memory context "ExecutorState".
	at com.edb.core.v3.QueryExecutorImpl.receiveErrorResponse(QueryExecutorImpl.java:2884) ~[edb-jdbc18.jar:42.3.3.1]
	at com.edb.core.v3.QueryExecutorImpl.processResults(QueryExecutorImpl.java:2458) ~[edb-jdbc18.jar:42.3.3.1]
	at com.edb.core.v3.QueryExecutorImpl.execute(QueryExecutorImpl.java:593) ~[edb-jdbc18.jar:42.3.3.1]
	at com.edb.jdbc.PgStatement.internalExecuteBatch(PgStatement.java:921) ~[edb-jdbc18.jar:42.3.3.1]
	at com.edb.jdbc.PgStatement.executeBatch(PgStatement.java:945) ~[edb-jdbc18.jar:42.3.3.1]
	at com.edb.jdbc.PgPreparedStatement.executeBatch(PgPreparedStatement.java:2030) ~[edb-jdbc18.jar:42.3.3.1]
	at com.edb.dbhandler.enterprisedb.RedwoodBridge.setTableData(RedwoodBridge.java:414) ~[edb-migrationtoolkit.jar:?]
	... 3 more
2026-01-13 16:16:15 [E780.E780_IF_FILE_ATTACHMENT (Part 2)] Migrated 1,306 rows.
2026-01-13 16:16:15 [E780.E780_IF_FILE_ATTACHMENT (Part 4)] Migrated 1,235 rows.
2026-01-13 16:16:15 [E780.E780_IF_FILE_ATTACHMENT (Part 1)] Migrated 2,534 rows.
2026-01-13 16:16:15 [E780.E780_IF_FILE_ATTACHMENT (Part 2)] Migrated 1,307 rows.
2026-01-13 16:16:15 [E780.E780_IF_FILE_ATTACHMENT (Part 1)] Migrated 2,535 rows.
2026-01-13 16:16:16 [E780.E780_IF_FILE_ATTACHMENT (Part 1)] Migrated 2,536 rows.
2026-01-13 16:16:16 [E780.E780_IF_FILE_ATTACHMENT (Part 1)] Migrated 2,537 rows.
2026-01-13 16:16:16 [E780.E780_IF_FILE_ATTACHMENT (Part 1)] Migrated 2,538 rows.
2026-01-13 16:16:16 [E780.E780_IF_FILE_ATTACHMENT (Part 1)] Migrated 2,539 rows.
2026-01-13 16:16:16 [E780.E780_IF_FILE_ATTACHMENT (Part 1)] Migrated 2,540 rows.
2026-01-13 16:16:16 [E780.E780_IF_FILE_ATTACHMENT (Part 4)] Migrated 1,236 rows.
2026-01-13 16:16:16 [E780.E780_IF_FILE_ATTACHMENT (Part 3)] Migrated 1,211 rows.
2026-01-13 16:16:17 [E780.E780_IF_FILE_ATTACHMENT (Part 3)] Migrated 1,212 rows.
2026-01-13 16:16:17 [E780.E780_IF_FILE_ATTACHMENT (Part 1)] Migrated 2,541 rows.
2026-01-13 16:16:17 [E780.E780_IF_FILE_ATTACHMENT (Part 2)] Migrated 1,308 rows.
2026-01-13 16:16:17 [E780.E780_IF_FILE_ATTACHMENT (Part 4)] Migrated 1,237 rows.
2026-01-13 16:16:17 [E780.E780_IF_FILE_ATTACHMENT (Part 3)] Migrated 1,213 rows.
2026-01-13 16:16:17 [E780.E780_IF_FILE_ATTACHMENT (Part 1)] Migrated 2,542 rows.
2026-01-13 16:16:17 [E780.E780_IF_FILE_ATTACHMENT (Part 4)] Migrated 1,238 rows.
2026-01-13 16:16:17 [E780.E780_IF_FILE_ATTACHMENT (Part 2)] Migrated 1,309 rows.
2026-01-13 16:16:17 [E780.E780_IF_FILE_ATTACHMENT (Part 4)] Migrated 1,239 rows.
2026-01-13 16:16:17 [E780.E780_IF_FILE_ATTACHMENT (Part 2)] Migrated 1,310 rows.
2026-01-13 16:16:17 [E780.E780_IF_FILE_ATTACHMENT (Part 4)] Migrated 1,240 rows.
2026-01-13 16:16:17 [E780.E780_IF_FILE_ATTACHMENT (Part 2)] Migrated 1,311 rows.
2026-01-13 16:16:17 [E780.E780_IF_FILE_ATTACHMENT (Part 4)] Migrated 1,241 rows.
2026-01-13 16:16:17 [E780.E780_IF_FILE_ATTACHMENT (Part 3)] Migrated 1,214 rows.
2026-01-13 16:16:17 [E780.E780_IF_FILE_ATTACHMENT (Part 2)] Migrated 1,312 rows.
2026-01-13 16:16:17 [E780.E780_IF_FILE_ATTACHMENT (Part 1)] Migrated 2,543 rows.
2026-01-13 16:16:17 [E780.E780_IF_FILE_ATTACHMENT (Part 4)] Migrated 1,242 rows.
2026-01-13 16:16:17 [E780.E780_IF_FILE_ATTACHMENT (Part 2)] Migrated 1,313 rows.
2026-01-13 16:16:17 [E780.E780_IF_FILE_ATTACHMENT (Part 4)] Migrated 1,243 rows.
2026-01-13 16:16:17 [E780.E780_IF_FILE_ATTACHMENT (Part 3)] Migrated 1,215 rows.
2026-01-13 16:16:17 [E780.E780_IF_FILE_ATTACHMENT (Part 2)] Migrated 1,314 rows.
2026-01-13 16:16:17 [E780.E780_IF_FILE_ATTACHMENT (Part 4)] Migrated 1,244 rows.
2026-01-13 16:16:17 [E780.E780_IF_FILE_ATTACHMENT (Part 1)] Migrated 2,544 rows.
2026-01-13 16:16:17 [E780.E780_IF_FILE_ATTACHMENT (Part 2)] Migrated 1,315 rows.
2026-01-13 16:16:17 [E780.E780_IF_FILE_ATTACHMENT (Part 4)] Migrated 1,245 rows.
2026-01-13 16:16:17 [E780.E780_IF_FILE_ATTACHMENT (Part 2)] Migrated 1,316 rows.
2026-01-13 16:16:17 [E780.E780_IF_FILE_ATTACHMENT (Part 3)] Migrated 1,216 rows.
2026-01-13 16:16:17 [E780.E780_IF_FILE_ATTACHMENT (Part 2)] Migrated 1,317 rows.
2026-01-13 16:16:17 [E780.E780_IF_FILE_ATTACHMENT (Part 1)] Migrated 2,545 rows.
2026-01-13 16:16:17 [E780.E780_IF_FILE_ATTACHMENT (Part 2)] Migrated 1,318 rows.
2026-01-13 16:16:17 [E780.E780_IF_FILE_ATTACHMENT (Part 2)] Migrated 1,319 rows.
2026-01-13 16:16:17 [E780.E780_IF_FILE_ATTACHMENT (Part 1)] Migrated 2,546 rows.
2026-01-13 16:16:17 [E780.E780_IF_FILE_ATTACHMENT (Part 2)] Migrated 1,320 rows.
2026-01-13 16:16:17 [E780.E780_IF_FILE_ATTACHMENT (Part 3)] Migrated 1,217 rows.
2026-01-13 16:16:17 [E780.E780_IF_FILE_ATTACHMENT (Part 1)] Migrated 2,547 rows.
2026-01-13 16:16:18 [E780.E780_IF_FILE_ATTACHMENT (Part 2)] Migrated 1,321 rows.
2026-01-13 16:16:18 [E780.E780_IF_FILE_ATTACHMENT (Part 2)] Migrated 1,322 rows.
2026-01-13 16:16:18 [E780.E780_IF_FILE_ATTACHMENT (Part 1)] Migrated 2,548 rows.
2026-01-13 16:16:18 [E780.E780_IF_FILE_ATTACHMENT (Part 4)] Migrated 1,246 rows.
2026-01-13 16:16:18 [E780.E780_IF_FILE_ATTACHMENT (Part 3)] Migrated 1,218 rows.
2026-01-13 16:16:18 [E780.E780_IF_FILE_ATTACHMENT (Part 2)] Migrated 1,323 rows.
2026-01-13 16:16:18 [E780.E780_IF_FILE_ATTACHMENT (Part 3)] Migrated 1,219 rows.
2026-01-13 16:16:18 [E780.E780_IF_FILE_ATTACHMENT (Part 2)] Migrated 1,324 rows.
2026-01-13 16:16:18 [E780.E780_IF_FILE_ATTACHMENT (Part 4)] Migrated 1,247 rows.
2026-01-13 16:16:18 [E780.E780_IF_FILE_ATTACHMENT (Part 3)] Migrated 1,220 rows.
2026-01-13 16:16:18 [E780.E780_IF_FILE_ATTACHMENT (Part 3)] Migrated 1,221 rows.
2026-01-13 16:16:18 [E780.E780_IF_FILE_ATTACHMENT (Part 3)] Migrated 1,222 rows.
2026-01-13 16:16:18 [E780.E780_IF_FILE_ATTACHMENT (Part 3)] Migrated 1,223 rows.
2026-01-13 16:16:18 [E780.E780_IF_FILE_ATTACHMENT (Part 3)] Migrated 1,224 rows.
2026-01-13 16:16:18 [E780.E780_IF_FILE_ATTACHMENT (Part 3)] Migrated 1,225 rows.
2026-01-13 16:16:18 [E780.E780_IF_FILE_ATTACHMENT (Part 1)] Migrated 2,549 rows.
2026-01-13 16:16:18 [E780.E780_IF_FILE_ATTACHMENT (Part 3)] Migrated 1,226 rows.
2026-01-13 16:16:18 [E780.E780_IF_FILE_ATTACHMENT (Part 3)] Migrated 1,227 rows.
2026-01-13 16:16:18 [E780.E780_IF_FILE_ATTACHMENT (Part 3)] Migrated 1,228 rows.
2026-01-13 16:16:18 [E780.E780_IF_FILE_ATTACHMENT (Part 3)] Migrated 1,229 rows.
2026-01-13 16:16:18 [E780.E780_IF_FILE_ATTACHMENT (Part 3)] Migrated 1,230 rows.
2026-01-13 16:16:18 [E780.E780_IF_FILE_ATTACHMENT (Part 3)] Migrated 1,231 rows.
2026-01-13 16:16:18 [E780.E780_IF_FILE_ATTACHMENT (Part 1)] Migrated 2,550 rows.
2026-01-13 16:16:18 [E780.E780_IF_FILE_ATTACHMENT (Part 3)] Migrated 1,232 rows.
2026-01-13 16:16:18 [E780.E780_IF_FILE_ATTACHMENT (Part 1)] Migrated 2,551 rows.
2026-01-13 16:16:18 [E780.E780_IF_FILE_ATTACHMENT (Part 3)] Migrated 1,233 rows.
2026-01-13 16:16:18 [E780.E780_IF_FILE_ATTACHMENT (Part 3)] Migrated 1,234 rows.
2026-01-13 16:16:18 [E780.E780_IF_FILE_ATTACHMENT (Part 3)] Migrated 1,235 rows.
2026-01-13 16:16:18 [E780.E780_IF_FILE_ATTACHMENT (Part 1)] Migrated 2,552 rows.
2026-01-13 16:16:18 [E780.E780_IF_FILE_ATTACHMENT (Part 3)] Migrated 1,236 rows.
2026-01-13 16:16:18 [E780.E780_IF_FILE_ATTACHMENT (Part 3)] Migrated 1,237 rows.
2026-01-13 16:16:18 [E780.E780_IF_FILE_ATTACHMENT (Part 3)] Migrated 1,238 rows.
2026-01-13 16:16:18 [E780.E780_IF_FILE_ATTACHMENT (Part 3)] Migrated 1,239 rows.
2026-01-13 16:16:18 [E780.E780_IF_FILE_ATTACHMENT (Part 4)] Migrated 1,248 rows.
2026-01-13 16:16:18 [E780.E780_IF_FILE_ATTACHMENT (Part 3)] Migrated 1,240 rows.
2026-01-13 16:16:18 [E780.E780_IF_FILE_ATTACHMENT (Part 3)] Migrated 1,241 rows.
2026-01-13 16:16:18 [E780.E780_IF_FILE_ATTACHMENT (Part 4)] Migrated 1,249 rows.
2026-01-13 16:16:19 [E780.E780_IF_FILE_ATTACHMENT (Part 1)] Migrated 2,553 rows.
2026-01-13 16:16:19 [E780.E780_IF_FILE_ATTACHMENT (Part 3)] Migrated 1,242 rows.
2026-01-13 16:16:19 [E780.E780_IF_FILE_ATTACHMENT (Part 2)] Migrated 1,325 rows.
2026-01-13 16:16:19 [E780.E780_IF_FILE_ATTACHMENT (Part 4)] Migrated 1,250 rows.
2026-01-13 16:16:19 [E780.E780_IF_FILE_ATTACHMENT (Part 3)] Migrated 1,243 rows.
2026-01-13 16:16:19 [E780.E780_IF_FILE_ATTACHMENT (Part 1)] Migrated 2,554 rows.
2026-01-13 16:16:19 [E780.E780_IF_FILE_ATTACHMENT (Part 4)] Migrated 1,251 rows.
2026-01-13 16:16:19 [E780.E780_IF_FILE_ATTACHMENT (Part 3)] Migrated 1,244 rows.
2026-01-13 16:16:19 [E780.E780_IF_FILE_ATTACHMENT (Part 4)] Migrated 1,252 rows.
2026-01-13 16:16:19 [E780.E780_IF_FILE_ATTACHMENT (Part 3)] Migrated 1,245 rows.
2026-01-13 16:16:19 [E780.E780_IF_FILE_ATTACHMENT (Part 4)] Migrated 1,253 rows.
2026-01-13 16:16:19 [E780.E780_IF_FILE_ATTACHMENT (Part 3)] Migrated 1,246 rows.
2026-01-13 16:16:19 [E780.E780_IF_FILE_ATTACHMENT (Part 3)] Migrated 1,247 rows.
2026-01-13 16:16:19 [E780.E780_IF_FILE_ATTACHMENT (Part 3)] Migrated 1,248 rows.
2026-01-13 16:16:19 [E780.E780_IF_FILE_ATTACHMENT (Part 3)] Migrated 1,249 rows.
2026-01-13 16:16:19 [E780.E780_IF_FILE_ATTACHMENT (Part 3)] Migrated 1,250 rows.
2026-01-13 16:16:19 [E780.E780_IF_FILE_ATTACHMENT (Part 1)] Migrated 2,555 rows.
2026-01-13 16:16:19 [E780.E780_IF_FILE_ATTACHMENT (Part 3)] Migrated 1,251 rows.
2026-01-13 16:16:19 [E780.E780_IF_FILE_ATTACHMENT (Part 3)] Migrated 1,252 rows.
2026-01-13 16:16:19 [E780.E780_IF_FILE_ATTACHMENT (Part 3)] Migrated 1,253 rows.
2026-01-13 16:16:19 [E780.E780_IF_FILE_ATTACHMENT (Part 3)] Migrated 1,254 rows.
2026-01-13 16:16:19 [E780.E780_IF_FILE_ATTACHMENT (Part 3)] Migrated 1,255 rows.
2026-01-13 16:16:19 [E780.E780_IF_FILE_ATTACHMENT (Part 3)] Migrated 1,256 rows.
2026-01-13 16:16:19 [E780.E780_IF_FILE_ATTACHMENT (Part 2)] Migrated 1,326 rows.
2026-01-13 16:16:19 [E780.E780_IF_FILE_ATTACHMENT (Part 3)] Migrated 1,257 rows.
2026-01-13 16:16:19 [E780.E780_IF_FILE_ATTACHMENT (Part 1)] Migrated 2,556 rows.
2026-01-13 16:16:19 [E780.E780_IF_FILE_ATTACHMENT (Part 2)] Migrated 1,327 rows.
2026-01-13 16:16:19 [E780.E780_IF_FILE_ATTACHMENT (Part 3)] Migrated 1,258 rows.
2026-01-13 16:16:19 [E780.E780_IF_FILE_ATTACHMENT (Part 3)] Migrated 1,259 rows.
2026-01-13 16:16:19 [E780.E780_IF_FILE_ATTACHMENT (Part 2)] Migrated 1,328 rows.
2026-01-13 16:16:19 [E780.E780_IF_FILE_ATTACHMENT (Part 3)] Migrated 1,260 rows.
2026-01-13 16:16:19 [E780.E780_IF_FILE_ATTACHMENT (Part 4)] Migrated 1,254 rows.
2026-01-13 16:16:19 [E780.E780_IF_FILE_ATTACHMENT (Part 1)] Migrated 2,557 rows.
2026-01-13 16:16:19 [E780.E780_IF_FILE_ATTACHMENT (Part 3)] Migrated 1,261 rows.
2026-01-13 16:16:19 [E780.E780_IF_FILE_ATTACHMENT (Part 3)] Migrated 1,262 rows.
2026-01-13 16:16:19 [E780.E780_IF_FILE_ATTACHMENT (Part 4)] Migrated 1,255 rows.
2026-01-13 16:16:19 [E780.E780_IF_FILE_ATTACHMENT (Part 3)] Migrated 1,263 rows.
2026-01-13 16:16:19 [E780.E780_IF_FILE_ATTACHMENT (Part 1)] Migrated 2,558 rows.
2026-01-13 16:16:19 [E780.E780_IF_FILE_ATTACHMENT (Part 4)] Migrated 1,256 rows.
2026-01-13 16:16:19 [E780.E780_IF_FILE_ATTACHMENT (Part 3)] Migrated 1,264 rows.
2026-01-13 16:16:20 [E780.E780_IF_FILE_ATTACHMENT (Part 3)] Migrated 1,265 rows.
2026-01-13 16:16:20 [E780.E780_IF_FILE_ATTACHMENT (Part 3)] Migrated 1,266 rows.
2026-01-13 16:16:20 [E780.E780_IF_FILE_ATTACHMENT (Part 2)] Migrated 1,329 rows.
2026-01-13 16:16:20 [E780.E780_IF_FILE_ATTACHMENT (Part 3)] Migrated 1,267 rows.
2026-01-13 16:16:20 [E780.E780_IF_FILE_ATTACHMENT (Part 1)] Migrated 2,559 rows.
2026-01-13 16:16:20 [E780.E780_IF_FILE_ATTACHMENT (Part 2)] Migrated 1,330 rows.
2026-01-13 16:16:20 [E780.E780_IF_FILE_ATTACHMENT (Part 3)] Migrated 1,268 rows.
2026-01-13 16:16:20 [E780.E780_IF_FILE_ATTACHMENT (Part 1)] Migrated 2,560 rows.
2026-01-13 16:16:20 [E780.E780_IF_FILE_ATTACHMENT (Part 4)] Migrated 1,257 rows.
2026-01-13 16:16:20 [E780.E780_IF_FILE_ATTACHMENT (Part 3)] Migrated 1,269 rows.
2026-01-13 16:16:20 [E780.E780_IF_FILE_ATTACHMENT (Part 3)] Migrated 1,270 rows.
2026-01-13 16:16:20 [E780.E780_IF_FILE_ATTACHMENT (Part 3)] Migrated 1,271 rows.
2026-01-13 16:16:20 [E780.E780_IF_FILE_ATTACHMENT (Part 3)] Migrated 1,272 rows.
2026-01-13 16:16:20 [E780.E780_IF_FILE_ATTACHMENT (Part 2)] Migrated 1,331 rows.
2026-01-13 16:16:20 [E780.E780_IF_FILE_ATTACHMENT (Part 3)] Migrated 1,273 rows.
2026-01-13 16:16:20 [E780.E780_IF_FILE_ATTACHMENT (Part 2)] Migrated 1,332 rows.
2026-01-13 16:16:20 [E780.E780_IF_FILE_ATTACHMENT (Part 3)] Migrated 1,274 rows.
2026-01-13 16:16:20 [E780.E780_IF_FILE_ATTACHMENT (Part 3)] Migrated 1,275 rows.
2026-01-13 16:16:20 [E780.E780_IF_FILE_ATTACHMENT (Part 2)] Migrated 1,333 rows.
2026-01-13 16:16:20 [E780.E780_IF_FILE_ATTACHMENT (Part 3)] Migrated 1,276 rows.
2026-01-13 16:16:20 [E780.E780_IF_FILE_ATTACHMENT (Part 3)] Migrated 1,277 rows.
2026-01-13 16:16:20 [E780.E780_IF_FILE_ATTACHMENT (Part 3)] Migrated 1,278 rows.
2026-01-13 16:16:20 [E780.E780_IF_FILE_ATTACHMENT (Part 2)] Migrated 1,334 rows.
2026-01-13 16:16:20 [E780.E780_IF_FILE_ATTACHMENT (Part 3)] Migrated 1,279 rows.
2026-01-13 16:16:20 [E780.E780_IF_FILE_ATTACHMENT (Part 2)] Migrated 1,335 rows.
2026-01-13 16:16:20 [E780.E780_IF_FILE_ATTACHMENT (Part 3)] Migrated 1,280 rows.
2026-01-13 16:16:20 [E780.E780_IF_FILE_ATTACHMENT (Part 3)] Migrated 1,281 rows.
2026-01-13 16:16:20 [E780.E780_IF_FILE_ATTACHMENT (Part 2)] Migrated 1,336 rows.
2026-01-13 16:16:20 [E780.E780_IF_FILE_ATTACHMENT (Part 3)] Migrated 1,282 rows.
2026-01-13 16:16:20 [E780.E780_IF_FILE_ATTACHMENT (Part 3)] Migrated 1,283 rows.
2026-01-13 16:16:20 [E780.E780_IF_FILE_ATTACHMENT (Part 2)] Migrated 1,337 rows.
2026-01-13 16:16:20 [E780.E780_IF_FILE_ATTACHMENT (Part 3)] Migrated 1,284 rows.
2026-01-13 16:16:20 [E780.E780_IF_FILE_ATTACHMENT (Part 3)] Migrated 1,285 rows.
2026-01-13 16:16:20 [E780.E780_IF_FILE_ATTACHMENT (Part 2)] Migrated 1,338 rows.
2026-01-13 16:16:20 [E780.E780_IF_FILE_ATTACHMENT (Part 3)] Migrated 1,286 rows.
2026-01-13 16:16:20 [E780.E780_IF_FILE_ATTACHMENT (Part 3)] Migrated 1,287 rows.
2026-01-13 16:16:20 [E780.E780_IF_FILE_ATTACHMENT (Part 3)] Migrated 1,288 rows.
2026-01-13 16:16:20 [E780.E780_IF_FILE_ATTACHMENT (Part 2)] Migrated 1,339 rows.
2026-01-13 16:16:20 [E780.E780_IF_FILE_ATTACHMENT (Part 3)] Migrated 1,289 rows.
2026-01-13 16:16:20 [E780.E780_IF_FILE_ATTACHMENT (Part 3)] Migrated 1,290 rows.
2026-01-13 16:16:20 [E780.E780_IF_FILE_ATTACHMENT (Part 1)] Migrated 2,561 rows.
2026-01-13 16:16:20 [E780.E780_IF_FILE_ATTACHMENT (Part 3)] Migrated 1,291 rows.
2026-01-13 16:16:20 [E780.E780_IF_FILE_ATTACHMENT (Part 3)] Migrated 1,292 rows.
2026-01-13 16:16:20 [E780.E780_IF_FILE_ATTACHMENT (Part 1)] Migrated 2,562 rows.
2026-01-13 16:16:20 [E780.E780_IF_FILE_ATTACHMENT (Part 4)] Migrated 1,258 rows.
2026-01-13 16:16:20 [E780.E780_IF_FILE_ATTACHMENT (Part 3)] Migrated 1,293 rows.
2026-01-13 16:16:20 [E780.E780_IF_FILE_ATTACHMENT (Part 1)] Migrated 2,563 rows.
2026-01-13 16:16:20 [E780.E780_IF_FILE_ATTACHMENT (Part 3)] Migrated 1,294 rows.
2026-01-13 16:16:20 [E780.E780_IF_FILE_ATTACHMENT (Part 1)] Migrated 2,564 rows.
2026-01-13 16:16:20 [E780.E780_IF_FILE_ATTACHMENT (Part 4)] Migrated 1,259 rows.
2026-01-13 16:16:20 [E780.E780_IF_FILE_ATTACHMENT (Part 1)] Migrated 2,565 rows.
2026-01-13 16:16:20 [E780.E780_IF_FILE_ATTACHMENT (Part 1)] Migrated 2,566 rows.
2026-01-13 16:16:21 [E780.E780_IF_FILE_ATTACHMENT (Part 1)] Migrated 2,567 rows.
2026-01-13 16:16:21 [E780.E780_IF_FILE_ATTACHMENT (Part 1)] Migrated 2,568 rows.
2026-01-13 16:16:21 [E780.E780_IF_FILE_ATTACHMENT (Part 3)] Migrated 1,295 rows.
2026-01-13 16:16:21 [E780.E780_IF_FILE_ATTACHMENT (Part 1)] Migrated 2,569 rows.
2026-01-13 16:16:21 [E780.E780_IF_FILE_ATTACHMENT (Part 3)] Migrated 1,296 rows.
2026-01-13 16:16:21 [E780.E780_IF_FILE_ATTACHMENT (Part 1)] Migrated 2,570 rows.
2026-01-13 16:16:21 [E780.E780_IF_FILE_ATTACHMENT (Part 3)] Migrated 1,297 rows.
2026-01-13 16:16:21 [E780.E780_IF_FILE_ATTACHMENT (Part 1)] Migrated 2,571 rows.
2026-01-13 16:16:21 [E780.E780_IF_FILE_ATTACHMENT (Part 1)] Migrated 2,572 rows.
2026-01-13 16:16:21 [E780.E780_IF_FILE_ATTACHMENT (Part 3)] Migrated 1,298 rows.
2026-01-13 16:16:21 [E780.E780_IF_FILE_ATTACHMENT (Part 1)] Migrated 2,573 rows.
2026-01-13 16:16:21 [E780.E780_IF_FILE_ATTACHMENT (Part 3)] Migrated 1,299 rows.
2026-01-13 16:16:21 [E780.E780_IF_FILE_ATTACHMENT (Part 1)] Migrated 2,574 rows.
2026-01-13 16:16:21 [E780.E780_IF_FILE_ATTACHMENT (Part 1)] Migrated 2,575 rows.
2026-01-13 16:16:21 [E780.E780_IF_FILE_ATTACHMENT (Part 3)] Migrated 1,300 rows.
2026-01-13 16:16:22 [E780.E780_IF_FILE_ATTACHMENT (Part 1)] Migrated 2,576 rows.
2026-01-13 16:16:22 [E780.E780_IF_FILE_ATTACHMENT (Part 2)] Migrated 1,340 rows.
2026-01-13 16:16:22 [E780.E780_IF_FILE_ATTACHMENT (Part 1)] Migrated 2,577 rows.
2026-01-13 16:16:22 [E780.E780_IF_FILE_ATTACHMENT (Part 1)] Migrated 2,578 rows.
2026-01-13 16:16:22 [E780.E780_IF_FILE_ATTACHMENT (Part 3)] Migrated 1,301 rows.
2026-01-13 16:16:22 [E780.E780_IF_FILE_ATTACHMENT (Part 3)] Migrated 1,302 rows.
2026-01-13 16:16:22 [E780.E780_IF_FILE_ATTACHMENT (Part 3)] Migrated 1,303 rows.
2026-01-13 16:16:22 [E780.E780_IF_FILE_ATTACHMENT (Part 4)] Migrated 1,260 rows.
2026-01-13 16:16:22 [E780.E780_IF_FILE_ATTACHMENT (Part 1)] Migrated 2,579 rows.
2026-01-13 16:16:23 [E780.E780_IF_FILE_ATTACHMENT (Part 3)] Migrated 1,304 rows.
2026-01-13 16:16:23 [E780.E780_IF_FILE_ATTACHMENT (Part 3)] Migrated 1,305 rows.
2026-01-13 16:16:23 [E780.E780_IF_FILE_ATTACHMENT (Part 4)] Migrated 1,261 rows.
2026-01-13 16:16:24 [E780.E780_IF_FILE_ATTACHMENT (Part 3)] Migrated 1,306 rows.
2026-01-13 16:16:24 [E780.E780_IF_FILE_ATTACHMENT (Part 1)] Migrated 2,580 rows.
2026-01-13 16:16:24 [E780.E780_IF_FILE_ATTACHMENT (Part 4)] Migrated 1,262 rows.
2026-01-13 16:16:24 [E780.E780_IF_FILE_ATTACHMENT (Part 4)] Migrated 1,263 rows.
2026-01-13 16:16:24 [E780.E780_IF_FILE_ATTACHMENT (Part 3)] Migrated 1,307 rows.
2026-01-13 16:16:24 [E780.E780_IF_FILE_ATTACHMENT (Part 1)] Migrated 2,581 rows.
2026-01-13 16:16:24 [E780.E780_IF_FILE_ATTACHMENT (Part 3)] Migrated 1,308 rows.
2026-01-13 16:16:25 [E780.E780_IF_FILE_ATTACHMENT (Part 4)] Migrated 1,264 rows.
2026-01-13 16:16:25 [E780.E780_IF_FILE_ATTACHMENT (Part 3)] Migrated 1,309 rows.
2026-01-13 16:16:25 [E780.E780_IF_FILE_ATTACHMENT (Part 1)] Migrated 2,582 rows.
2026-01-13 16:16:25 [E780.E780_IF_FILE_ATTACHMENT (Part 3)] Migrated 1,310 rows.
2026-01-13 16:16:25 [E780.E780_IF_FILE_ATTACHMENT (Part 1)] Migrated 2,583 rows.
2026-01-13 16:16:25 [E780.E780_IF_FILE_ATTACHMENT (Part 4)] Migrated 1,265 rows.
2026-01-13 16:16:25 [E780.E780_IF_FILE_ATTACHMENT (Part 3)] Migrated 1,311 rows.
2026-01-13 16:16:25 [E780.E780_IF_FILE_ATTACHMENT (Part 1)] Migrated 2,584 rows.
2026-01-13 16:16:25 [E780.E780_IF_FILE_ATTACHMENT (Part 3)] Migrated 1,312 rows.
2026-01-13 16:16:25 [E780.E780_IF_FILE_ATTACHMENT (Part 1)] Migrated 2,585 rows.
2026-01-13 16:16:25 [E780.E780_IF_FILE_ATTACHMENT (Part 3)] Migrated 1,313 rows.
2026-01-13 16:16:25 [E780.E780_IF_FILE_ATTACHMENT (Part 1)] Migrated 2,586 rows.
2026-01-13 16:16:25 [E780.E780_IF_FILE_ATTACHMENT (Part 4)] Migrated 1,266 rows.
2026-01-13 16:16:25 [E780.E780_IF_FILE_ATTACHMENT (Part 2)] Migrated 1,341 rows.
2026-01-13 16:16:25 [E780.E780_IF_FILE_ATTACHMENT (Part 4)] Migrated 1,267 rows.
2026-01-13 16:16:25 [E780.E780_IF_FILE_ATTACHMENT (Part 2)] Migrated 1,342 rows.
2026-01-13 16:16:25 [E780.E780_IF_FILE_ATTACHMENT (Part 3)] Migrated 1,314 rows.
2026-01-13 16:16:25 [E780.E780_IF_FILE_ATTACHMENT (Part 4)] Migrated 1,268 rows.
2026-01-13 16:16:25 [E780.E780_IF_FILE_ATTACHMENT (Part 2)] Migrated 1,343 rows.
2026-01-13 16:16:25 [E780.E780_IF_FILE_ATTACHMENT (Part 4)] Migrated 1,269 rows.
2026-01-13 16:16:25 [E780.E780_IF_FILE_ATTACHMENT (Part 3)] Migrated 1,315 rows.
2026-01-13 16:16:25 [E780.E780_IF_FILE_ATTACHMENT (Part 4)] Migrated 1,270 rows.
2026-01-13 16:16:26 [E780.E780_IF_FILE_ATTACHMENT (Part 4)] Migrated 1,271 rows.
2026-01-13 16:16:26 [E780.E780_IF_FILE_ATTACHMENT (Part 3)] Migrated 1,316 rows.
2026-01-13 16:16:26 [E780.E780_IF_FILE_ATTACHMENT (Part 4)] Migrated 1,272 rows.
2026-01-13 16:16:26 [E780.E780_IF_FILE_ATTACHMENT (Part 1)] Migrated 2,587 rows.
2026-01-13 16:16:26 [E780.E780_IF_FILE_ATTACHMENT (Part 4)] Migrated 1,273 rows.
2026-01-13 16:16:26 [E780.E780_IF_FILE_ATTACHMENT (Part 3)] Migrated 1,317 rows.
2026-01-13 16:16:26 [E780.E780_IF_FILE_ATTACHMENT (Part 1)] Migrated 2,588 rows.
2026-01-13 16:16:26 [E780.E780_IF_FILE_ATTACHMENT (Part 1)] Migrated 2,589 rows.
2026-01-13 16:16:26 [E780.E780_IF_FILE_ATTACHMENT (Part 4)] Migrated 1,274 rows.
2026-01-13 16:16:26 [E780.E780_IF_FILE_ATTACHMENT (Part 2)] Migrated 1,344 rows.
2026-01-13 16:16:26 [E780.E780_IF_FILE_ATTACHMENT (Part 3)] Migrated 1,318 rows.
2026-01-13 16:16:26 [E780.E780_IF_FILE_ATTACHMENT (Part 2)] Migrated 1,345 rows.
2026-01-13 16:16:26 [E780.E780_IF_FILE_ATTACHMENT (Part 1)] Migrated 2,590 rows.
2026-01-13 16:16:26 [E780.E780_IF_FILE_ATTACHMENT (Part 4)] Migrated 1,275 rows.
2026-01-13 16:16:26 [E780.E780_IF_FILE_ATTACHMENT (Part 3)] Migrated 1,319 rows.
2026-01-13 16:16:26 [E780.E780_IF_FILE_ATTACHMENT (Part 1)] Migrated 2,591 rows.
2026-01-13 16:16:26 [E780.E780_IF_FILE_ATTACHMENT (Part 3)] Migrated 1,320 rows.
2026-01-13 16:16:26 [E780.E780_IF_FILE_ATTACHMENT (Part 1)] Migrated 2,592 rows.
2026-01-13 16:16:27 [E780.E780_IF_FILE_ATTACHMENT (Part 2)] Migrated 1,346 rows.
2026-01-13 16:16:27 [E780.E780_IF_FILE_ATTACHMENT (Part 3)] Migrated 1,321 rows.
2026-01-13 16:16:27 [E780.E780_IF_FILE_ATTACHMENT (Part 2)] Migrated 1,347 rows.
2026-01-13 16:16:27 [E780.E780_IF_FILE_ATTACHMENT (Part 3)] Migrated 1,322 rows.
2026-01-13 16:16:27 [E780.E780_IF_FILE_ATTACHMENT (Part 3)] Migrated 1,323 rows.
2026-01-13 16:16:27 [E780.E780_IF_FILE_ATTACHMENT (Part 2)] Migrated 1,348 rows.
2026-01-13 16:16:27 [E780.E780_IF_FILE_ATTACHMENT (Part 3)] Migrated 1,324 rows.
2026-01-13 16:16:27 [E780.E780_IF_FILE_ATTACHMENT (Part 2)] Migrated 1,349 rows.
2026-01-13 16:16:27 [E780.E780_IF_FILE_ATTACHMENT (Part 2)] Migrated 1,350 rows.
2026-01-13 16:16:27 [E780.E780_IF_FILE_ATTACHMENT (Part 2)] Migrated 1,351 rows.
2026-01-13 16:16:27 [E780.E780_IF_FILE_ATTACHMENT (Part 3)] Migrated 1,325 rows.
2026-01-13 16:16:27 [E780.E780_IF_FILE_ATTACHMENT (Part 2)] Migrated 1,352 rows.
2026-01-13 16:16:27 [E780.E780_IF_FILE_ATTACHMENT (Part 2)] Migrated 1,353 rows.
2026-01-13 16:16:27 [E780.E780_IF_FILE_ATTACHMENT (Part 2)] Migrated 1,354 rows.
2026-01-13 16:16:28 [E780.E780_IF_FILE_ATTACHMENT (Part 2)] Migrated 1,355 rows.
2026-01-13 16:16:28 [E780.E780_IF_FILE_ATTACHMENT (Part 1)] Migrated 2,593 rows.
2026-01-13 16:16:28 [E780.E780_IF_FILE_ATTACHMENT (Part 1)] Migrated 2,594 rows.
2026-01-13 16:16:28 [E780.E780_IF_FILE_ATTACHMENT (Part 4)] Migrated 1,276 rows.
2026-01-13 16:16:28 [E780.E780_IF_FILE_ATTACHMENT (Part 1)] Migrated 2,595 rows.
2026-01-13 16:16:28 [E780.E780_IF_FILE_ATTACHMENT (Part 1)] Migrated 2,596 rows.
2026-01-13 16:16:29 [E780.E780_IF_FILE_ATTACHMENT (Part 1)] Migrated 2,597 rows.
2026-01-13 16:16:29 [E780.E780_IF_FILE_ATTACHMENT (Part 1)] Migrated 2,598 rows.
2026-01-13 16:16:29 [E780.E780_IF_FILE_ATTACHMENT (Part 4)] Migrated 1,277 rows.
2026-01-13 16:16:29 [E780.E780_IF_FILE_ATTACHMENT (Part 2)] Migrated 1,356 rows.
2026-01-13 16:16:29 [E780.E780_IF_FILE_ATTACHMENT (Part 1)] Migrated 2,599 rows.
2026-01-13 16:16:29 [E780.E780_IF_FILE_ATTACHMENT (Part 1)] Migrated 2,600 rows.
2026-01-13 16:16:29 [E780.E780_IF_FILE_ATTACHMENT (Part 4)] Migrated 1,278 rows.
2026-01-13 16:16:30 [E780.E780_IF_FILE_ATTACHMENT (Part 1)] Migrated 2,601 rows.
2026-01-13 16:16:30 [E780.E780_IF_FILE_ATTACHMENT (Part 2)] Migrated 1,357 rows.
2026-01-13 16:16:30 [E780.E780_IF_FILE_ATTACHMENT (Part 1)] Migrated 2,602 rows.
2026-01-13 16:16:31 [E780.E780_IF_FILE_ATTACHMENT (Part 1)] Migrated 2,603 rows.
2026-01-13 16:16:31 [E780.E780_IF_FILE_ATTACHMENT (Part 1)] Migrated 2,604 rows.
2026-01-13 16:16:31 [E780.E780_IF_FILE_ATTACHMENT (Part 4)] Migrated 1,279 rows.
2026-01-13 16:16:31 [E780.E780_IF_FILE_ATTACHMENT (Part 1)] Migrated 2,605 rows.
2026-01-13 16:16:31 [E780.E780_IF_FILE_ATTACHMENT (Part 2)] Migrated 1,358 rows.
2026-01-13 16:16:31 [E780.E780_IF_FILE_ATTACHMENT (Part 1)] Migrated 2,606 rows.
2026-01-13 16:16:32 [E780.E780_IF_FILE_ATTACHMENT (Part 4)] Migrated 1,280 rows.
2026-01-13 16:16:32 [E780.E780_IF_FILE_ATTACHMENT (Part 1)] Migrated 2,607 rows.
2026-01-13 16:16:32 [E780.E780_IF_FILE_ATTACHMENT (Part 2)] Migrated 1,359 rows.
2026-01-13 16:16:32 [E780.E780_IF_FILE_ATTACHMENT (Part 1)] Migrated 2,608 rows.
2026-01-13 16:16:32 [E780.E780_IF_FILE_ATTACHMENT (Part 2)] Migrated 1,360 rows.
2026-01-13 16:16:32 [E780.E780_IF_FILE_ATTACHMENT (Part 1)] Migrated 2,609 rows.
2026-01-13 16:16:32 [E780.E780_IF_FILE_ATTACHMENT (Part 1)] Migrated 2,610 rows.
2026-01-13 16:16:32 [E780.E780_IF_FILE_ATTACHMENT (Part 2)] Migrated 1,361 rows.
2026-01-13 16:16:32 [E780.E780_IF_FILE_ATTACHMENT (Part 1)] Migrated 2,611 rows.
2026-01-13 16:16:32 [E780.E780_IF_FILE_ATTACHMENT (Part 4)] Migrated 1,281 rows.
2026-01-13 16:16:32 [E780.E780_IF_FILE_ATTACHMENT (Part 1)] Migrated 2,612 rows.
2026-01-13 16:16:32 [E780.E780_IF_FILE_ATTACHMENT (Part 1)] Migrated 2,613 rows.
2026-01-13 16:16:32 [E780.E780_IF_FILE_ATTACHMENT (Part 2)] Migrated 1,362 rows.
2026-01-13 16:16:32 [E780.E780_IF_FILE_ATTACHMENT (Part 1)] Migrated 2,614 rows.
2026-01-13 16:16:33 [E780.E780_IF_FILE_ATTACHMENT (Part 2)] Migrated 1,363 rows.
2026-01-13 16:16:33 [E780.E780_IF_FILE_ATTACHMENT (Part 1)] Migrated 2,615 rows.
2026-01-13 16:16:33 [E780.E780_IF_FILE_ATTACHMENT (Part 2)] Migrated 1,364 rows.
2026-01-13 16:16:33 [E780.E780_IF_FILE_ATTACHMENT (Part 1)] Migrated 2,616 rows.
2026-01-13 16:16:33 [E780.E780_IF_FILE_ATTACHMENT (Part 1)] Migrated 2,617 rows.
2026-01-13 16:16:33 [E780.E780_IF_FILE_ATTACHMENT (Part 2)] Migrated 1,365 rows.
2026-01-13 16:16:33 [E780.E780_IF_FILE_ATTACHMENT (Part 1)] Migrated 2,618 rows.
2026-01-13 16:16:33 [E780.E780_IF_FILE_ATTACHMENT (Part 2)] Migrated 1,366 rows.
2026-01-13 16:16:33 [E780.E780_IF_FILE_ATTACHMENT (Part 1)] Migrated 2,619 rows.
2026-01-13 16:16:33 [E780.E780_IF_FILE_ATTACHMENT (Part 2)] Migrated 1,367 rows.
2026-01-13 16:16:33 [E780.E780_IF_FILE_ATTACHMENT (Part 1)] Migrated 2,620 rows.
2026-01-13 16:16:33 [E780.E780_IF_FILE_ATTACHMENT (Part 1)] Migrated 2,621 rows.
2026-01-13 16:16:33 [E780.E780_IF_FILE_ATTACHMENT (Part 1)] Migrated 2,622 rows.
2026-01-13 16:16:33 [E780.E780_IF_FILE_ATTACHMENT (Part 2)] Migrated 1,368 rows.
2026-01-13 16:16:33 [E780.E780_IF_FILE_ATTACHMENT (Part 4)] Migrated 1,282 rows.
2026-01-13 16:16:33 [E780.E780_IF_FILE_ATTACHMENT (Part 1)] Migrated 2,623 rows.
2026-01-13 16:16:34 [E780.E780_IF_FILE_ATTACHMENT (Part 1)] Migrated 2,624 rows.
2026-01-13 16:16:34 [E780.E780_IF_FILE_ATTACHMENT (Part 1)] Migrated 2,625 rows.
2026-01-13 16:16:34 [E780.E780_IF_FILE_ATTACHMENT (Part 2)] Migrated 1,369 rows.
2026-01-13 16:16:34 [E780.E780_IF_FILE_ATTACHMENT (Part 1)] Migrated 2,626 rows.
2026-01-13 16:16:34 [E780.E780_IF_FILE_ATTACHMENT (Part 1)] Migrated 2,627 rows.
2026-01-13 16:16:34 [E780.E780_IF_FILE_ATTACHMENT (Part 1)] Migrated 2,628 rows.
2026-01-13 16:16:34 [E780.E780_IF_FILE_ATTACHMENT (Part 1)] Migrated 2,629 rows.
2026-01-13 16:16:34 [E780.E780_IF_FILE_ATTACHMENT (Part 1)] Migrated 2,630 rows.
2026-01-13 16:16:34 [E780.E780_IF_FILE_ATTACHMENT (Part 4)] Migrated 1,283 rows.
2026-01-13 16:16:34 [E780.E780_IF_FILE_ATTACHMENT (Part 4)] Migrated 1,284 rows.
2026-01-13 16:16:34 [E780.E780_IF_FILE_ATTACHMENT (Part 1)] Migrated 2,631 rows.
2026-01-13 16:16:34 [E780.E780_IF_FILE_ATTACHMENT (Part 1)] Migrated 2,632 rows.
2026-01-13 16:16:34 [E780.E780_IF_FILE_ATTACHMENT (Part 4)] Migrated 1,285 rows.
2026-01-13 16:16:35 MTK-17000: Batch entry 0 INSERT INTO e780.E780_IF_FILE_ATTACHMENT(ID, CONTENT, FILE_NAME) VALUES (38817, ?, 'BAP SB 53-1195 DFP.pdf') was aborted: ERROR: out of memory
  Detail: Failed on request of size 34119201 in memory context "ErrorContext".  Call getNextException to see other errors in the batch.
DB-53200: java.sql.BatchUpdateException: Batch entry 0 INSERT INTO e780.E780_IF_FILE_ATTACHMENT(ID, CONTENT, FILE_NAME) VALUES (38817, ?, 'BAP SB 53-1195 DFP.pdf') was aborted: ERROR: out of memory
  Detail: Failed on request of size 34119201 in memory context "ErrorContext".  Call getNextException to see other errors in the batch.
DB-53200: com.edb.util.PSQLException: ERROR: out of memory
  Detail: Failed on request of size 34119201 in memory context "ErrorContext"., Skipping Batch
2026-01-13 16:16:35 MTK-17000:ERROR: out of memory
  Detail: Failed on request of size 34119201 in memory context "ErrorContext".
2026-01-13 16:16:35 Stack Trace:
com.edb.MTKException: MTK-17000: Batch entry 0 INSERT INTO e780.E780_IF_FILE_ATTACHMENT(ID, CONTENT, FILE_NAME) VALUES (38817, ?, 'BAP SB 53-1195 DFP.pdf') was aborted: ERROR: out of memory
  Detail: Failed on request of size 34119201 in memory context "ErrorContext".  Call getNextException to see other errors in the batch.
DB-53200: java.sql.BatchUpdateException: Batch entry 0 INSERT INTO e780.E780_IF_FILE_ATTACHMENT(ID, CONTENT, FILE_NAME) VALUES (38817, ?, 'BAP SB 53-1195 DFP.pdf') was aborted: ERROR: out of memory
  Detail: Failed on request of size 34119201 in memory context "ErrorContext".  Call getNextException to see other errors in the batch.
DB-53200: com.edb.util.PSQLException: ERROR: out of memory
  Detail: Failed on request of size 34119201 in memory context "ErrorContext".
	at com.edb.dbhandler.enterprisedb.RedwoodBridge.setTableData(RedwoodBridge.java:426) [edb-migrationtoolkit.jar:?]
	at com.edb.DataLoader.loadDataForLoMode(DataLoader.java:1581) [edb-migrationtoolkit.jar:?]
	at com.edb.DataLoader.run(DataLoader.java:352) [edb-migrationtoolkit.jar:?]
	at java.lang.Thread.run(Thread.java:750) [?:1.8.0_462]
Caused by: java.sql.BatchUpdateException: Batch entry 0 INSERT INTO e780.E780_IF_FILE_ATTACHMENT(ID, CONTENT, FILE_NAME) VALUES (38817, ?, 'BAP SB 53-1195 DFP.pdf') was aborted: ERROR: out of memory
  Detail: Failed on request of size 34119201 in memory context "ErrorContext".  Call getNextException to see other errors in the batch.
	at com.edb.jdbc.BatchResultHandler.handleError(BatchResultHandler.java:167) ~[edb-jdbc18.jar:42.3.3.1]
	at com.edb.core.ResultHandlerDelegate.handleError(ResultHandlerDelegate.java:55) ~[edb-jdbc18.jar:42.3.3.1]
	at com.edb.core.v3.QueryExecutorImpl.processResults(QueryExecutorImpl.java:2459) ~[edb-jdbc18.jar:42.3.3.1]
	at com.edb.core.v3.QueryExecutorImpl.execute(QueryExecutorImpl.java:593) ~[edb-jdbc18.jar:42.3.3.1]
	at com.edb.jdbc.PgStatement.internalExecuteBatch(PgStatement.java:921) ~[edb-jdbc18.jar:42.3.3.1]
	at com.edb.jdbc.PgStatement.executeBatch(PgStatement.java:945) ~[edb-jdbc18.jar:42.3.3.1]
	at com.edb.jdbc.PgPreparedStatement.executeBatch(PgPreparedStatement.java:2030) ~[edb-jdbc18.jar:42.3.3.1]
	at com.edb.dbhandler.enterprisedb.RedwoodBridge.setTableData(RedwoodBridge.java:414) ~[edb-migrationtoolkit.jar:?]
	... 3 more
Caused by: com.edb.util.PSQLException: ERROR: out of memory
  Detail: Failed on request of size 34119201 in memory context "ErrorContext".
	at com.edb.core.v3.QueryExecutorImpl.receiveErrorResponse(QueryExecutorImpl.java:2884) ~[edb-jdbc18.jar:42.3.3.1]
	at com.edb.core.v3.QueryExecutorImpl.processResults(QueryExecutorImpl.java:2458) ~[edb-jdbc18.jar:42.3.3.1]
	at com.edb.core.v3.QueryExecutorImpl.execute(QueryExecutorImpl.java:593) ~[edb-jdbc18.jar:42.3.3.1]
	at com.edb.jdbc.PgStatement.internalExecuteBatch(PgStatement.java:921) ~[edb-jdbc18.jar:42.3.3.1]
	at com.edb.jdbc.PgStatement.executeBatch(PgStatement.java:945) ~[edb-jdbc18.jar:42.3.3.1]
	at com.edb.jdbc.PgPreparedStatement.executeBatch(PgPreparedStatement.java:2030) ~[edb-jdbc18.jar:42.3.3.1]
	at com.edb.dbhandler.enterprisedb.RedwoodBridge.setTableData(RedwoodBridge.java:414) ~[edb-migrationtoolkit.jar:?]
	... 3 more
2026-01-13 16:16:35 [E780.E780_IF_FILE_ATTACHMENT (Part 4)] Migrated 1,286 rows.
2026-01-13 16:16:35 [E780.E780_IF_FILE_ATTACHMENT (Part 2)] Migrated 1,371 rows.
2026-01-13 16:16:35 [E780.E780_IF_FILE_ATTACHMENT (Part 2)] Migrated 1,372 rows.
2026-01-13 16:16:35 [E780.E780_IF_FILE_ATTACHMENT (Part 2)] Migrated 1,373 rows.
2026-01-13 16:16:35 [E780.E780_IF_FILE_ATTACHMENT (Part 1)] Migrated 2,633 rows.
2026-01-13 16:16:35 [E780.E780_IF_FILE_ATTACHMENT (Part 2)] Migrated 1,374 rows.
2026-01-13 16:16:35 [E780.E780_IF_FILE_ATTACHMENT (Part 4)] Migrated 1,287 rows.
2026-01-13 16:16:35 [E780.E780_IF_FILE_ATTACHMENT (Part 1)] Migrated 2,634 rows.
2026-01-13 16:16:35 [E780.E780_IF_FILE_ATTACHMENT (Part 2)] Migrated 1,375 rows.
2026-01-13 16:16:35 [E780.E780_IF_FILE_ATTACHMENT (Part 1)] Migrated 2,635 rows.
2026-01-13 16:16:35 [E780.E780_IF_FILE_ATTACHMENT (Part 2)] Migrated 1,376 rows.
2026-01-13 16:16:35 [E780.E780_IF_FILE_ATTACHMENT (Part 4)] Migrated 1,288 rows.
2026-01-13 16:16:35 [E780.E780_IF_FILE_ATTACHMENT (Part 4)] Migrated 1,289 rows.
2026-01-13 16:16:35 [E780.E780_IF_FILE_ATTACHMENT (Part 4)] Migrated 1,290 rows.
2026-01-13 16:16:35 [E780.E780_IF_FILE_ATTACHMENT (Part 1)] Migrated 2,636 rows.
2026-01-13 16:16:35 [E780.E780_IF_FILE_ATTACHMENT (Part 2)] Migrated 1,377 rows.
2026-01-13 16:16:35 [E780.E780_IF_FILE_ATTACHMENT (Part 4)] Migrated 1,291 rows.
2026-01-13 16:16:35 [E780.E780_IF_FILE_ATTACHMENT (Part 2)] Migrated 1,378 rows.
2026-01-13 16:16:35 [E780.E780_IF_FILE_ATTACHMENT (Part 2)] Migrated 1,379 rows.
2026-01-13 16:16:35 [E780.E780_IF_FILE_ATTACHMENT (Part 2)] Migrated 1,380 rows.
2026-01-13 16:16:35 [E780.E780_IF_FILE_ATTACHMENT (Part 2)] Migrated 1,381 rows.
2026-01-13 16:16:35 [E780.E780_IF_FILE_ATTACHMENT (Part 2)] Migrated 1,382 rows.
2026-01-13 16:16:35 [E780.E780_IF_FILE_ATTACHMENT (Part 2)] Migrated 1,383 rows.
2026-01-13 16:16:35 [E780.E780_IF_FILE_ATTACHMENT (Part 4)] Migrated 1,292 rows.
2026-01-13 16:16:35 [E780.E780_IF_FILE_ATTACHMENT (Part 2)] Migrated 1,384 rows.
2026-01-13 16:16:35 [E780.E780_IF_FILE_ATTACHMENT (Part 3)] Migrated 1,326 rows.
2026-01-13 16:16:35 [E780.E780_IF_FILE_ATTACHMENT (Part 2)] Migrated 1,385 rows.
2026-01-13 16:16:36 [E780.E780_IF_FILE_ATTACHMENT (Part 3)] Migrated 1,327 rows.
2026-01-13 16:16:36 [E780.E780_IF_FILE_ATTACHMENT (Part 2)] Migrated 1,386 rows.
2026-01-13 16:16:36 [E780.E780_IF_FILE_ATTACHMENT (Part 4)] Migrated 1,293 rows.
2026-01-13 16:16:36 [E780.E780_IF_FILE_ATTACHMENT (Part 2)] Migrated 1,387 rows.
2026-01-13 16:16:36 [E780.E780_IF_FILE_ATTACHMENT (Part 4)] Migrated 1,294 rows.
2026-01-13 16:16:36 [E780.E780_IF_FILE_ATTACHMENT (Part 2)] Migrated 1,388 rows.
2026-01-13 16:16:36 [E780.E780_IF_FILE_ATTACHMENT (Part 2)] Migrated 1,389 rows.
2026-01-13 16:16:36 [E780.E780_IF_FILE_ATTACHMENT (Part 4)] Migrated 1,295 rows.
2026-01-13 16:16:36 [E780.E780_IF_FILE_ATTACHMENT (Part 1)] Migrated 2,637 rows.
2026-01-13 16:16:36 [E780.E780_IF_FILE_ATTACHMENT (Part 4)] Migrated 1,296 rows.
2026-01-13 16:16:36 [E780.E780_IF_FILE_ATTACHMENT (Part 2)] Migrated 1,390 rows.
2026-01-13 16:16:36 [E780.E780_IF_FILE_ATTACHMENT (Part 4)] Migrated 1,297 rows.
2026-01-13 16:16:36 [E780.E780_IF_FILE_ATTACHMENT (Part 2)] Migrated 1,391 rows.
2026-01-13 16:16:36 [E780.E780_IF_FILE_ATTACHMENT (Part 4)] Migrated 1,298 rows.
2026-01-13 16:16:36 [E780.E780_IF_FILE_ATTACHMENT (Part 4)] Migrated 1,299 rows.
2026-01-13 16:16:36 [E780.E780_IF_FILE_ATTACHMENT (Part 2)] Migrated 1,392 rows.
2026-01-13 16:16:36 [E780.E780_IF_FILE_ATTACHMENT (Part 4)] Migrated 1,300 rows.
2026-01-13 16:16:36 [E780.E780_IF_FILE_ATTACHMENT (Part 2)] Migrated 1,393 rows.
2026-01-13 16:16:36 [E780.E780_IF_FILE_ATTACHMENT (Part 2)] Migrated 1,394 rows.
2026-01-13 16:16:36 [E780.E780_IF_FILE_ATTACHMENT (Part 2)] Migrated 1,395 rows.
2026-01-13 16:16:36 [E780.E780_IF_FILE_ATTACHMENT (Part 2)] Migrated 1,396 rows.
2026-01-13 16:16:36 [E780.E780_IF_FILE_ATTACHMENT (Part 2)] Migrated 1,397 rows.
2026-01-13 16:16:36 [E780.E780_IF_FILE_ATTACHMENT (Part 2)] Migrated 1,398 rows.
2026-01-13 16:16:36 [E780.E780_IF_FILE_ATTACHMENT (Part 4)] Migrated 1,301 rows.
2026-01-13 16:16:36 [E780.E780_IF_FILE_ATTACHMENT (Part 3)] Migrated 1,328 rows.
2026-01-13 16:16:36 [E780.E780_IF_FILE_ATTACHMENT (Part 2)] Migrated 1,399 rows.
2026-01-13 16:16:36 [E780.E780_IF_FILE_ATTACHMENT (Part 3)] Migrated 1,329 rows.
2026-01-13 16:16:36 [E780.E780_IF_FILE_ATTACHMENT (Part 2)] Migrated 1,400 rows.
2026-01-13 16:16:36 [E780.E780_IF_FILE_ATTACHMENT (Part 3)] Migrated 1,330 rows.
2026-01-13 16:16:36 [E780.E780_IF_FILE_ATTACHMENT (Part 2)] Migrated 1,401 rows.
2026-01-13 16:16:36 [E780.E780_IF_FILE_ATTACHMENT (Part 3)] Migrated 1,331 rows.
2026-01-13 16:16:36 [E780.E780_IF_FILE_ATTACHMENT (Part 3)] Migrated 1,332 rows.
2026-01-13 16:16:36 [E780.E780_IF_FILE_ATTACHMENT (Part 3)] Migrated 1,333 rows.
2026-01-13 16:16:36 [E780.E780_IF_FILE_ATTACHMENT (Part 2)] Migrated 1,402 rows.
2026-01-13 16:16:36 [E780.E780_IF_FILE_ATTACHMENT (Part 3)] Migrated 1,334 rows.
2026-01-13 16:16:36 [E780.E780_IF_FILE_ATTACHMENT (Part 2)] Migrated 1,403 rows.
2026-01-13 16:16:36 [E780.E780_IF_FILE_ATTACHMENT (Part 3)] Migrated 1,335 rows.
2026-01-13 16:16:37 [E780.E780_IF_FILE_ATTACHMENT (Part 2)] Migrated 1,404 rows.
2026-01-13 16:16:37 [E780.E780_IF_FILE_ATTACHMENT (Part 3)] Migrated 1,336 rows.
2026-01-13 16:16:37 [E780.E780_IF_FILE_ATTACHMENT (Part 4)] Migrated 1,302 rows.
2026-01-13 16:16:37 [E780.E780_IF_FILE_ATTACHMENT (Part 1)] Migrated 2,638 rows.
2026-01-13 16:16:37 [E780.E780_IF_FILE_ATTACHMENT (Part 2)] Migrated 1,405 rows.
2026-01-13 16:16:37 [E780.E780_IF_FILE_ATTACHMENT (Part 3)] Migrated 1,337 rows.
2026-01-13 16:16:37 [E780.E780_IF_FILE_ATTACHMENT (Part 3)] Migrated 1,338 rows.
2026-01-13 16:16:37 [E780.E780_IF_FILE_ATTACHMENT (Part 2)] Migrated 1,406 rows.
2026-01-13 16:16:37 [E780.E780_IF_FILE_ATTACHMENT (Part 4)] Migrated 1,303 rows.
2026-01-13 16:16:37 [E780.E780_IF_FILE_ATTACHMENT (Part 3)] Migrated 1,339 rows.
2026-01-13 16:16:37 [E780.E780_IF_FILE_ATTACHMENT (Part 2)] Migrated 1,407 rows.
2026-01-13 16:16:37 [E780.E780_IF_FILE_ATTACHMENT (Part 1)] Migrated 2,639 rows.
2026-01-13 16:16:37 [E780.E780_IF_FILE_ATTACHMENT (Part 3)] Migrated 1,340 rows.
2026-01-13 16:16:37 [E780.E780_IF_FILE_ATTACHMENT (Part 2)] Migrated 1,408 rows.
2026-01-13 16:16:37 [E780.E780_IF_FILE_ATTACHMENT (Part 3)] Migrated 1,341 rows.
2026-01-13 16:16:37 [E780.E780_IF_FILE_ATTACHMENT (Part 2)] Migrated 1,409 rows.
2026-01-13 16:16:37 [E780.E780_IF_FILE_ATTACHMENT (Part 4)] Migrated 1,304 rows.
2026-01-13 16:16:37 [E780.E780_IF_FILE_ATTACHMENT (Part 3)] Migrated 1,342 rows.
2026-01-13 16:16:37 [E780.E780_IF_FILE_ATTACHMENT (Part 3)] Migrated 1,343 rows.
2026-01-13 16:16:37 [E780.E780_IF_FILE_ATTACHMENT (Part 2)] Migrated 1,410 rows.
2026-01-13 16:16:37 [E780.E780_IF_FILE_ATTACHMENT (Part 1)] Migrated 2,640 rows.
2026-01-13 16:16:37 [E780.E780_IF_FILE_ATTACHMENT (Part 3)] Migrated 1,344 rows.
2026-01-13 16:16:37 [E780.E780_IF_FILE_ATTACHMENT (Part 2)] Migrated 1,411 rows.
2026-01-13 16:16:37 [E780.E780_IF_FILE_ATTACHMENT (Part 4)] Migrated 1,305 rows.
2026-01-13 16:16:37 [E780.E780_IF_FILE_ATTACHMENT (Part 3)] Migrated 1,345 rows.
2026-01-13 16:16:37 [E780.E780_IF_FILE_ATTACHMENT (Part 2)] Migrated 1,412 rows.
2026-01-13 16:16:37 [E780.E780_IF_FILE_ATTACHMENT (Part 3)] Migrated 1,346 rows.
2026-01-13 16:16:37 [E780.E780_IF_FILE_ATTACHMENT (Part 2)] Migrated 1,413 rows.
2026-01-13 16:16:37 [E780.E780_IF_FILE_ATTACHMENT (Part 3)] Migrated 1,347 rows.
2026-01-13 16:16:37 [E780.E780_IF_FILE_ATTACHMENT (Part 4)] Migrated 1,306 rows.
2026-01-13 16:16:37 [E780.E780_IF_FILE_ATTACHMENT (Part 2)] Migrated 1,414 rows.
2026-01-13 16:16:37 [E780.E780_IF_FILE_ATTACHMENT (Part 3)] Migrated 1,348 rows.
2026-01-13 16:16:37 [E780.E780_IF_FILE_ATTACHMENT (Part 3)] Migrated 1,349 rows.
2026-01-13 16:16:37 [E780.E780_IF_FILE_ATTACHMENT (Part 2)] Migrated 1,415 rows.
2026-01-13 16:16:37 [E780.E780_IF_FILE_ATTACHMENT (Part 3)] Migrated 1,350 rows.
2026-01-13 16:16:37 [E780.E780_IF_FILE_ATTACHMENT (Part 4)] Migrated 1,307 rows.
2026-01-13 16:16:37 [E780.E780_IF_FILE_ATTACHMENT (Part 2)] Migrated 1,416 rows.
2026-01-13 16:16:37 [E780.E780_IF_FILE_ATTACHMENT (Part 2)] Migrated 1,417 rows.
2026-01-13 16:16:37 [E780.E780_IF_FILE_ATTACHMENT (Part 3)] Migrated 1,351 rows.
2026-01-13 16:16:37 [E780.E780_IF_FILE_ATTACHMENT (Part 2)] Migrated 1,418 rows.
2026-01-13 16:16:37 [E780.E780_IF_FILE_ATTACHMENT (Part 2)] Migrated 1,419 rows.
2026-01-13 16:16:37 [E780.E780_IF_FILE_ATTACHMENT (Part 3)] Migrated 1,352 rows.
2026-01-13 16:16:37 [E780.E780_IF_FILE_ATTACHMENT (Part 2)] Migrated 1,420 rows.
2026-01-13 16:16:37 [E780.E780_IF_FILE_ATTACHMENT (Part 4)] Migrated 1,308 rows.
2026-01-13 16:16:37 [E780.E780_IF_FILE_ATTACHMENT (Part 3)] Migrated 1,353 rows.
2026-01-13 16:16:37 [E780.E780_IF_FILE_ATTACHMENT (Part 1)] Migrated 2,641 rows.
2026-01-13 16:16:37 [E780.E780_IF_FILE_ATTACHMENT (Part 4)] Migrated 1,309 rows.
2026-01-13 16:16:37 [E780.E780_IF_FILE_ATTACHMENT (Part 2)] Migrated 1,421 rows.
2026-01-13 16:16:37 [E780.E780_IF_FILE_ATTACHMENT (Part 3)] Migrated 1,354 rows.
2026-01-13 16:16:37 [E780.E780_IF_FILE_ATTACHMENT (Part 4)] Migrated 1,310 rows.
2026-01-13 16:16:37 [E780.E780_IF_FILE_ATTACHMENT (Part 2)] Migrated 1,422 rows.
2026-01-13 16:16:38 [E780.E780_IF_FILE_ATTACHMENT (Part 4)] Migrated 1,311 rows.
2026-01-13 16:16:38 [E780.E780_IF_FILE_ATTACHMENT (Part 1)] Migrated 2,642 rows.
2026-01-13 16:16:38 [E780.E780_IF_FILE_ATTACHMENT (Part 2)] Migrated 1,423 rows.
2026-01-13 16:16:38 [E780.E780_IF_FILE_ATTACHMENT (Part 4)] Migrated 1,312 rows.
2026-01-13 16:16:38 [E780.E780_IF_FILE_ATTACHMENT (Part 3)] Migrated 1,355 rows.
2026-01-13 16:16:38 [E780.E780_IF_FILE_ATTACHMENT (Part 2)] Migrated 1,424 rows.
2026-01-13 16:16:38 [E780.E780_IF_FILE_ATTACHMENT (Part 1)] Migrated 2,643 rows.
2026-01-13 16:16:38 [E780.E780_IF_FILE_ATTACHMENT (Part 4)] Migrated 1,313 rows.
2026-01-13 16:16:38 [E780.E780_IF_FILE_ATTACHMENT (Part 3)] Migrated 1,356 rows.
2026-01-13 16:16:38 [E780.E780_IF_FILE_ATTACHMENT (Part 3)] Migrated 1,357 rows.
2026-01-13 16:16:38 [E780.E780_IF_FILE_ATTACHMENT (Part 4)] Migrated 1,314 rows.
2026-01-13 16:16:38 [E780.E780_IF_FILE_ATTACHMENT (Part 3)] Migrated 1,358 rows.
2026-01-13 16:16:38 [E780.E780_IF_FILE_ATTACHMENT (Part 1)] Migrated 2,644 rows.
2026-01-13 16:16:38 [E780.E780_IF_FILE_ATTACHMENT (Part 1)] Migrated 2,645 rows.
2026-01-13 16:16:38 [E780.E780_IF_FILE_ATTACHMENT (Part 1)] Migrated 2,646 rows.
2026-01-13 16:16:38 [E780.E780_IF_FILE_ATTACHMENT (Part 1)] Migrated 2,647 rows.
2026-01-13 16:16:38 [E780.E780_IF_FILE_ATTACHMENT (Part 4)] Migrated 1,315 rows.
2026-01-13 16:16:38 [E780.E780_IF_FILE_ATTACHMENT (Part 1)] Migrated 2,648 rows.
2026-01-13 16:16:38 [E780.E780_IF_FILE_ATTACHMENT (Part 1)] Migrated 2,649 rows.
2026-01-13 16:16:38 [E780.E780_IF_FILE_ATTACHMENT (Part 3)] Migrated 1,359 rows.
2026-01-13 16:16:38 [E780.E780_IF_FILE_ATTACHMENT (Part 3)] Migrated 1,360 rows.
2026-01-13 16:16:38 [E780.E780_IF_FILE_ATTACHMENT (Part 1)] Migrated 2,650 rows.
2026-01-13 16:16:38 [E780.E780_IF_FILE_ATTACHMENT (Part 1)] Migrated 2,651 rows.
2026-01-13 16:16:38 [E780.E780_IF_FILE_ATTACHMENT (Part 3)] Migrated 1,361 rows.
2026-01-13 16:16:38 [E780.E780_IF_FILE_ATTACHMENT (Part 1)] Migrated 2,652 rows.
2026-01-13 16:16:39 [E780.E780_IF_FILE_ATTACHMENT (Part 4)] Migrated 1,316 rows.
2026-01-13 16:16:39 [E780.E780_IF_FILE_ATTACHMENT (Part 1)] Migrated 2,653 rows.
2026-01-13 16:16:39 [E780.E780_IF_FILE_ATTACHMENT (Part 3)] Migrated 1,362 rows.
2026-01-13 16:16:39 [E780.E780_IF_FILE_ATTACHMENT (Part 1)] Migrated 2,654 rows.
2026-01-13 16:16:39 [E780.E780_IF_FILE_ATTACHMENT (Part 3)] Migrated 1,363 rows.
2026-01-13 16:16:39 [E780.E780_IF_FILE_ATTACHMENT (Part 1)] Migrated 2,655 rows.
2026-01-13 16:16:39 [E780.E780_IF_FILE_ATTACHMENT (Part 4)] Migrated 1,317 rows.
2026-01-13 16:16:39 [E780.E780_IF_FILE_ATTACHMENT (Part 3)] Migrated 1,364 rows.
2026-01-13 16:16:39 [E780.E780_IF_FILE_ATTACHMENT (Part 3)] Migrated 1,365 rows.
2026-01-13 16:16:39 [E780.E780_IF_FILE_ATTACHMENT (Part 1)] Migrated 2,656 rows.
2026-01-13 16:16:39 [E780.E780_IF_FILE_ATTACHMENT (Part 1)] Migrated 2,657 rows.
2026-01-13 16:16:39 [E780.E780_IF_FILE_ATTACHMENT (Part 3)] Migrated 1,366 rows.
2026-01-13 16:16:39 [E780.E780_IF_FILE_ATTACHMENT (Part 3)] Migrated 1,367 rows.
2026-01-13 16:16:39 [E780.E780_IF_FILE_ATTACHMENT (Part 4)] Migrated 1,318 rows.
2026-01-13 16:16:39 [E780.E780_IF_FILE_ATTACHMENT (Part 3)] Migrated 1,368 rows.
2026-01-13 16:16:39 [E780.E780_IF_FILE_ATTACHMENT (Part 3)] Migrated 1,369 rows.
2026-01-13 16:16:39 [E780.E780_IF_FILE_ATTACHMENT (Part 4)] Migrated 1,319 rows.
2026-01-13 16:16:39 [E780.E780_IF_FILE_ATTACHMENT (Part 3)] Migrated 1,370 rows.
2026-01-13 16:16:39 [E780.E780_IF_FILE_ATTACHMENT (Part 1)] Migrated 2,658 rows.
2026-01-13 16:16:39 [E780.E780_IF_FILE_ATTACHMENT (Part 4)] Migrated 1,320 rows.
2026-01-13 16:16:39 [E780.E780_IF_FILE_ATTACHMENT (Part 1)] Migrated 2,659 rows.
2026-01-13 16:16:39 [E780.E780_IF_FILE_ATTACHMENT (Part 3)] Migrated 1,371 rows.
2026-01-13 16:16:39 [E780.E780_IF_FILE_ATTACHMENT (Part 3)] Migrated 1,372 rows.
2026-01-13 16:16:39 [E780.E780_IF_FILE_ATTACHMENT (Part 3)] Migrated 1,373 rows.
2026-01-13 16:16:40 [E780.E780_IF_FILE_ATTACHMENT (Part 3)] Migrated 1,374 rows.
2026-01-13 16:16:40 [E780.E780_IF_FILE_ATTACHMENT (Part 4)] Migrated 1,321 rows.
2026-01-13 16:16:40 [E780.E780_IF_FILE_ATTACHMENT (Part 3)] Migrated 1,375 rows.
2026-01-13 16:16:40 [E780.E780_IF_FILE_ATTACHMENT (Part 4)] Migrated 1,322 rows.
2026-01-13 16:16:40 [E780.E780_IF_FILE_ATTACHMENT (Part 3)] Migrated 1,376 rows.
2026-01-13 16:16:40 [E780.E780_IF_FILE_ATTACHMENT (Part 4)] Migrated 1,323 rows.
2026-01-13 16:16:40 [E780.E780_IF_FILE_ATTACHMENT (Part 4)] Migrated 1,324 rows.
2026-01-13 16:16:40 [E780.E780_IF_FILE_ATTACHMENT (Part 4)] Migrated 1,325 rows.
2026-01-13 16:16:40 [E780.E780_IF_FILE_ATTACHMENT (Part 3)] Migrated 1,377 rows.
2026-01-13 16:16:40 [E780.E780_IF_FILE_ATTACHMENT (Part 1)] Migrated 2,660 rows.
2026-01-13 16:16:40 [E780.E780_IF_FILE_ATTACHMENT (Part 2)] Migrated 1,425 rows.
2026-01-13 16:16:40 [E780.E780_IF_FILE_ATTACHMENT (Part 1)] Migrated 2,661 rows.
2026-01-13 16:16:40 [E780.E780_IF_FILE_ATTACHMENT (Part 4)] Migrated 1,326 rows.
2026-01-13 16:16:41 [E780.E780_IF_FILE_ATTACHMENT (Part 2)] Migrated 1,426 rows.
2026-01-13 16:16:41 [E780.E780_IF_FILE_ATTACHMENT (Part 1)] Migrated 2,662 rows.
2026-01-13 16:16:41 [E780.E780_IF_FILE_ATTACHMENT (Part 2)] Migrated 1,427 rows.
2026-01-13 16:16:41 [E780.E780_IF_FILE_ATTACHMENT (Part 3)] Migrated 1,378 rows.
2026-01-13 16:16:41 [E780.E780_IF_FILE_ATTACHMENT (Part 1)] Migrated 2,663 rows.
2026-01-13 16:16:41 [E780.E780_IF_FILE_ATTACHMENT (Part 4)] Migrated 1,327 rows.
2026-01-13 16:16:41 [E780.E780_IF_FILE_ATTACHMENT (Part 3)] Migrated 1,379 rows.
2026-01-13 16:16:41 [E780.E780_IF_FILE_ATTACHMENT (Part 2)] Migrated 1,428 rows.
2026-01-13 16:16:41 [E780.E780_IF_FILE_ATTACHMENT (Part 1)] Migrated 2,664 rows.
2026-01-13 16:16:41 [E780.E780_IF_FILE_ATTACHMENT (Part 2)] Migrated 1,429 rows.
2026-01-13 16:16:41 [E780.E780_IF_FILE_ATTACHMENT (Part 4)] Migrated 1,328 rows.
2026-01-13 16:16:41 [E780.E780_IF_FILE_ATTACHMENT (Part 2)] Migrated 1,430 rows.
2026-01-13 16:16:41 [E780.E780_IF_FILE_ATTACHMENT (Part 1)] Migrated 2,665 rows.
2026-01-13 16:16:41 [E780.E780_IF_FILE_ATTACHMENT (Part 2)] Migrated 1,431 rows.
2026-01-13 16:16:41 [E780.E780_IF_FILE_ATTACHMENT (Part 1)] Migrated 2,666 rows.
2026-01-13 16:16:41 [E780.E780_IF_FILE_ATTACHMENT (Part 4)] Migrated 1,329 rows.
2026-01-13 16:16:41 [E780.E780_IF_FILE_ATTACHMENT (Part 3)] Migrated 1,380 rows.
2026-01-13 16:16:41 [E780.E780_IF_FILE_ATTACHMENT (Part 1)] Migrated 2,667 rows.
2026-01-13 16:16:41 [E780.E780_IF_FILE_ATTACHMENT (Part 3)] Migrated 1,381 rows.
2026-01-13 16:16:41 [E780.E780_IF_FILE_ATTACHMENT (Part 1)] Migrated 2,668 rows.
2026-01-13 16:16:41 [E780.E780_IF_FILE_ATTACHMENT (Part 3)] Migrated 1,382 rows.
2026-01-13 16:16:41 [E780.E780_IF_FILE_ATTACHMENT (Part 4)] Migrated 1,330 rows.
2026-01-13 16:16:41 [E780.E780_IF_FILE_ATTACHMENT (Part 1)] Migrated 2,669 rows.
2026-01-13 16:16:41 [E780.E780_IF_FILE_ATTACHMENT (Part 3)] Migrated 1,383 rows.
2026-01-13 16:16:41 [E780.E780_IF_FILE_ATTACHMENT (Part 4)] Migrated 1,331 rows.
2026-01-13 16:16:41 [E780.E780_IF_FILE_ATTACHMENT (Part 3)] Migrated 1,384 rows.
2026-01-13 16:16:41 [E780.E780_IF_FILE_ATTACHMENT (Part 4)] Migrated 1,332 rows.
2026-01-13 16:16:41 [E780.E780_IF_FILE_ATTACHMENT (Part 1)] Migrated 2,670 rows.
2026-01-13 16:16:41 [E780.E780_IF_FILE_ATTACHMENT (Part 4)] Migrated 1,333 rows.
2026-01-13 16:16:41 [E780.E780_IF_FILE_ATTACHMENT (Part 4)] Migrated 1,334 rows.
2026-01-13 16:16:41 [E780.E780_IF_FILE_ATTACHMENT (Part 4)] Migrated 1,335 rows.
2026-01-13 16:16:41 [E780.E780_IF_FILE_ATTACHMENT (Part 1)] Migrated 2,671 rows.
2026-01-13 16:16:41 [E780.E780_IF_FILE_ATTACHMENT (Part 1)] Migrated 2,672 rows.
2026-01-13 16:16:41 [E780.E780_IF_FILE_ATTACHMENT (Part 3)] Migrated 1,385 rows.
2026-01-13 16:16:41 [E780.E780_IF_FILE_ATTACHMENT (Part 4)] Migrated 1,336 rows.
2026-01-13 16:16:41 [E780.E780_IF_FILE_ATTACHMENT (Part 1)] Migrated 2,673 rows.
2026-01-13 16:16:41 [E780.E780_IF_FILE_ATTACHMENT (Part 3)] Migrated 1,386 rows.
2026-01-13 16:16:41 [E780.E780_IF_FILE_ATTACHMENT (Part 4)] Migrated 1,337 rows.
2026-01-13 16:16:42 [E780.E780_IF_FILE_ATTACHMENT (Part 3)] Migrated 1,387 rows.
2026-01-13 16:16:42 [E780.E780_IF_FILE_ATTACHMENT (Part 3)] Migrated 1,388 rows.
2026-01-13 16:16:42 [E780.E780_IF_FILE_ATTACHMENT (Part 4)] Migrated 1,338 rows.
2026-01-13 16:16:42 [E780.E780_IF_FILE_ATTACHMENT (Part 3)] Migrated 1,389 rows.
2026-01-13 16:16:42 [E780.E780_IF_FILE_ATTACHMENT (Part 4)] Migrated 1,339 rows.
2026-01-13 16:16:42 [E780.E780_IF_FILE_ATTACHMENT (Part 3)] Migrated 1,390 rows.
2026-01-13 16:16:42 [E780.E780_IF_FILE_ATTACHMENT (Part 4)] Migrated 1,340 rows.
2026-01-13 16:16:42 [E780.E780_IF_FILE_ATTACHMENT (Part 3)] Migrated 1,391 rows.
2026-01-13 16:16:42 [E780.E780_IF_FILE_ATTACHMENT (Part 3)] Migrated 1,392 rows.
2026-01-13 16:16:42 [E780.E780_IF_FILE_ATTACHMENT (Part 2)] Migrated 1,432 rows.
2026-01-13 16:16:42 [E780.E780_IF_FILE_ATTACHMENT (Part 1)] Migrated 2,674 rows.
2026-01-13 16:16:42 [E780.E780_IF_FILE_ATTACHMENT (Part 4)] Migrated 1,341 rows.
2026-01-13 16:16:42 [E780.E780_IF_FILE_ATTACHMENT (Part 2)] Migrated 1,433 rows.
2026-01-13 16:16:42 [E780.E780_IF_FILE_ATTACHMENT (Part 3)] Migrated 1,393 rows.
2026-01-13 16:16:42 [E780.E780_IF_FILE_ATTACHMENT (Part 2)] Migrated 1,434 rows.
2026-01-13 16:16:42 [E780.E780_IF_FILE_ATTACHMENT (Part 3)] Migrated 1,394 rows.
2026-01-13 16:16:42 [E780.E780_IF_FILE_ATTACHMENT (Part 4)] Migrated 1,342 rows.
2026-01-13 16:16:42 [E780.E780_IF_FILE_ATTACHMENT (Part 2)] Migrated 1,435 rows.
2026-01-13 16:16:42 [E780.E780_IF_FILE_ATTACHMENT (Part 2)] Migrated 1,436 rows.
2026-01-13 16:16:42 [E780.E780_IF_FILE_ATTACHMENT (Part 2)] Migrated 1,437 rows.
2026-01-13 16:16:42 [E780.E780_IF_FILE_ATTACHMENT (Part 2)] Migrated 1,438 rows.
2026-01-13 16:16:43 [E780.E780_IF_FILE_ATTACHMENT (Part 2)] Migrated 1,439 rows.
2026-01-13 16:16:43 [E780.E780_IF_FILE_ATTACHMENT (Part 1)] Migrated 2,675 rows.
2026-01-13 16:16:43 [E780.E780_IF_FILE_ATTACHMENT (Part 2)] Migrated 1,440 rows.
2026-01-13 16:16:43 [E780.E780_IF_FILE_ATTACHMENT (Part 3)] Migrated 1,395 rows.
2026-01-13 16:16:43 [E780.E780_IF_FILE_ATTACHMENT (Part 2)] Migrated 1,441 rows.
2026-01-13 16:16:43 [E780.E780_IF_FILE_ATTACHMENT (Part 3)] Migrated 1,396 rows.
2026-01-13 16:16:43 [E780.E780_IF_FILE_ATTACHMENT (Part 2)] Migrated 1,442 rows.
2026-01-13 16:16:43 [E780.E780_IF_FILE_ATTACHMENT (Part 1)] Migrated 2,676 rows.
2026-01-13 16:16:43 [E780.E780_IF_FILE_ATTACHMENT (Part 1)] Migrated 2,677 rows.
2026-01-13 16:16:43 [E780.E780_IF_FILE_ATTACHMENT (Part 3)] Migrated 1,397 rows.
2026-01-13 16:16:43 [E780.E780_IF_FILE_ATTACHMENT (Part 2)] Migrated 1,443 rows.
2026-01-13 16:16:43 [E780.E780_IF_FILE_ATTACHMENT (Part 1)] Migrated 2,678 rows.
2026-01-13 16:16:43 [E780.E780_IF_FILE_ATTACHMENT (Part 3)] Migrated 1,398 rows.
2026-01-13 16:16:43 [E780.E780_IF_FILE_ATTACHMENT (Part 2)] Migrated 1,444 rows.
2026-01-13 16:16:43 [E780.E780_IF_FILE_ATTACHMENT (Part 1)] Migrated 2,679 rows.
2026-01-13 16:16:43 [E780.E780_IF_FILE_ATTACHMENT (Part 3)] Migrated 1,399 rows.
2026-01-13 16:16:43 [E780.E780_IF_FILE_ATTACHMENT (Part 1)] Migrated 2,680 rows.
2026-01-13 16:16:43 [E780.E780_IF_FILE_ATTACHMENT (Part 2)] Migrated 1,445 rows.
2026-01-13 16:16:43 [E780.E780_IF_FILE_ATTACHMENT (Part 1)] Migrated 2,681 rows.
2026-01-13 16:16:43 [E780.E780_IF_FILE_ATTACHMENT (Part 3)] Migrated 1,400 rows.
2026-01-13 16:16:43 [E780.E780_IF_FILE_ATTACHMENT (Part 1)] Migrated 2,682 rows.
2026-01-13 16:16:43 [E780.E780_IF_FILE_ATTACHMENT (Part 2)] Migrated 1,446 rows.
2026-01-13 16:16:43 [E780.E780_IF_FILE_ATTACHMENT (Part 3)] Migrated 1,401 rows.
2026-01-13 16:16:43 [E780.E780_IF_FILE_ATTACHMENT (Part 1)] Migrated 2,683 rows.
2026-01-13 16:16:43 [E780.E780_IF_FILE_ATTACHMENT (Part 3)] Migrated 1,402 rows.
2026-01-13 16:16:44 [E780.E780_IF_FILE_ATTACHMENT (Part 3)] Migrated 1,403 rows.
2026-01-13 16:16:44 [E780.E780_IF_FILE_ATTACHMENT (Part 1)] Migrated 2,684 rows.
2026-01-13 16:16:44 [E780.E780_IF_FILE_ATTACHMENT (Part 3)] Migrated 1,404 rows.
2026-01-13 16:16:44 [E780.E780_IF_FILE_ATTACHMENT (Part 3)] Migrated 1,405 rows.
2026-01-13 16:16:44 [E780.E780_IF_FILE_ATTACHMENT (Part 1)] Migrated 2,685 rows.
2026-01-13 16:16:44 [E780.E780_IF_FILE_ATTACHMENT (Part 1)] Migrated 2,686 rows.
2026-01-13 16:16:44 [E780.E780_IF_FILE_ATTACHMENT (Part 3)] Migrated 1,406 rows.
2026-01-13 16:16:44 [E780.E780_IF_FILE_ATTACHMENT (Part 1)] Migrated 2,687 rows.
2026-01-13 16:16:44 [E780.E780_IF_FILE_ATTACHMENT (Part 3)] Migrated 1,407 rows.
2026-01-13 16:16:44 [E780.E780_IF_FILE_ATTACHMENT (Part 1)] Migrated 2,688 rows.
2026-01-13 16:16:44 [E780.E780_IF_FILE_ATTACHMENT (Part 3)] Migrated 1,408 rows.
2026-01-13 16:16:44 [E780.E780_IF_FILE_ATTACHMENT (Part 3)] Migrated 1,409 rows.
2026-01-13 16:16:44 [E780.E780_IF_FILE_ATTACHMENT (Part 1)] Migrated 2,689 rows.
2026-01-13 16:16:44 [E780.E780_IF_FILE_ATTACHMENT (Part 3)] Migrated 1,410 rows.
2026-01-13 16:16:44 [E780.E780_IF_FILE_ATTACHMENT (Part 1)] Migrated 2,690 rows.
2026-01-13 16:16:44 [E780.E780_IF_FILE_ATTACHMENT (Part 3)] Migrated 1,411 rows.
2026-01-13 16:16:44 [E780.E780_IF_FILE_ATTACHMENT (Part 1)] Migrated 2,691 rows.
2026-01-13 16:16:44 [E780.E780_IF_FILE_ATTACHMENT (Part 1)] Migrated 2,692 rows.
2026-01-13 16:16:45 [E780.E780_IF_FILE_ATTACHMENT (Part 3)] Migrated 1,412 rows.
2026-01-13 16:16:45 [E780.E780_IF_FILE_ATTACHMENT (Part 3)] Migrated 1,413 rows.
2026-01-13 16:16:45 [E780.E780_IF_FILE_ATTACHMENT (Part 1)] Migrated 2,693 rows.
2026-01-13 16:16:45 [E780.E780_IF_FILE_ATTACHMENT (Part 3)] Migrated 1,414 rows.
2026-01-13 16:16:45 [E780.E780_IF_FILE_ATTACHMENT (Part 3)] Migrated 1,415 rows.
2026-01-13 16:16:45 [E780.E780_IF_FILE_ATTACHMENT (Part 1)] Migrated 2,694 rows.
2026-01-13 16:16:45 [E780.E780_IF_FILE_ATTACHMENT (Part 1)] Migrated 2,695 rows.
2026-01-13 16:16:45 [E780.E780_IF_FILE_ATTACHMENT (Part 1)] Migrated 2,696 rows.
2026-01-13 16:16:45 [E780.E780_IF_FILE_ATTACHMENT (Part 1)] Migrated 2,697 rows.
2026-01-13 16:16:45 [E780.E780_IF_FILE_ATTACHMENT (Part 1)] Migrated 2,698 rows.
2026-01-13 16:16:45 [E780.E780_IF_FILE_ATTACHMENT (Part 2)] Migrated 1,447 rows.
2026-01-13 16:16:45 [E780.E780_IF_FILE_ATTACHMENT (Part 3)] Migrated 1,416 rows.
2026-01-13 16:16:45 [E780.E780_IF_FILE_ATTACHMENT (Part 3)] Migrated 1,417 rows.
2026-01-13 16:16:45 [E780.E780_IF_FILE_ATTACHMENT (Part 3)] Migrated 1,418 rows.
2026-01-13 16:16:45 [E780.E780_IF_FILE_ATTACHMENT (Part 1)] Migrated 2,699 rows.
2026-01-13 16:16:45 [E780.E780_IF_FILE_ATTACHMENT (Part 3)] Migrated 1,419 rows.
2026-01-13 16:16:45 [E780.E780_IF_FILE_ATTACHMENT (Part 3)] Migrated 1,420 rows.
2026-01-13 16:16:45 [E780.E780_IF_FILE_ATTACHMENT (Part 2)] Migrated 1,448 rows.
2026-01-13 16:16:46 [E780.E780_IF_FILE_ATTACHMENT (Part 1)] Migrated 2,700 rows.
2026-01-13 16:16:46 [E780.E780_IF_FILE_ATTACHMENT (Part 1)] Migrated 2,701 rows.
2026-01-13 16:16:46 [E780.E780_IF_FILE_ATTACHMENT (Part 1)] Migrated 2,702 rows.
2026-01-13 16:16:46 [E780.E780_IF_FILE_ATTACHMENT (Part 2)] Migrated 1,449 rows.
2026-01-13 16:16:46 [E780.E780_IF_FILE_ATTACHMENT (Part 1)] Migrated 2,703 rows.
2026-01-13 16:16:46 [E780.E780_IF_FILE_ATTACHMENT (Part 1)] Migrated 2,704 rows.
2026-01-13 16:16:46 [E780.E780_IF_FILE_ATTACHMENT (Part 2)] Migrated 1,450 rows.
2026-01-13 16:16:46 [E780.E780_IF_FILE_ATTACHMENT (Part 1)] Migrated 2,705 rows.
2026-01-13 16:16:46 [E780.E780_IF_FILE_ATTACHMENT (Part 3)] Migrated 1,421 rows.
2026-01-13 16:16:46 [E780.E780_IF_FILE_ATTACHMENT (Part 1)] Migrated 2,706 rows.
2026-01-13 16:16:47 [E780.E780_IF_FILE_ATTACHMENT (Part 2)] Migrated 1,451 rows.
2026-01-13 16:16:47 [E780.E780_IF_FILE_ATTACHMENT (Part 1)] Migrated 2,707 rows.
2026-01-13 16:16:47 [E780.E780_IF_FILE_ATTACHMENT (Part 1)] Migrated 2,708 rows.
2026-01-13 16:16:47 [E780.E780_IF_FILE_ATTACHMENT (Part 1)] Migrated 2,709 rows.
2026-01-13 16:16:47 [E780.E780_IF_FILE_ATTACHMENT (Part 2)] Migrated 1,452 rows.
2026-01-13 16:16:47 [E780.E780_IF_FILE_ATTACHMENT (Part 1)] Migrated 2,710 rows.
2026-01-13 16:16:47 [E780.E780_IF_FILE_ATTACHMENT (Part 2)] Migrated 1,453 rows.
2026-01-13 16:16:47 [E780.E780_IF_FILE_ATTACHMENT (Part 1)] Migrated 2,711 rows.
2026-01-13 16:16:47 [E780.E780_IF_FILE_ATTACHMENT (Part 3)] Migrated 1,422 rows.
2026-01-13 16:16:47 [E780.E780_IF_FILE_ATTACHMENT (Part 2)] Migrated 1,454 rows.
2026-01-13 16:16:48 [E780.E780_IF_FILE_ATTACHMENT (Part 3)] Migrated 1,423 rows.
2026-01-13 16:16:48 [E780.E780_IF_FILE_ATTACHMENT (Part 3)] Migrated 1,424 rows.
2026-01-13 16:16:48 [E780.E780_IF_FILE_ATTACHMENT (Part 3)] Migrated 1,425 rows.
2026-01-13 16:16:48 [E780.E780_IF_FILE_ATTACHMENT (Part 3)] Migrated 1,426 rows.
2026-01-13 16:16:48 [E780.E780_IF_FILE_ATTACHMENT (Part 3)] Migrated 1,427 rows.
2026-01-13 16:16:48 [E780.E780_IF_FILE_ATTACHMENT (Part 3)] Migrated 1,428 rows.
2026-01-13 16:16:48 [E780.E780_IF_FILE_ATTACHMENT (Part 1)] Migrated 2,712 rows.
2026-01-13 16:16:48 [E780.E780_IF_FILE_ATTACHMENT (Part 3)] Migrated 1,429 rows.
2026-01-13 16:16:48 [E780.E780_IF_FILE_ATTACHMENT (Part 1)] Migrated 2,713 rows.
2026-01-13 16:16:48 [E780.E780_IF_FILE_ATTACHMENT (Part 1)] Migrated 2,714 rows.
2026-01-13 16:16:48 [E780.E780_IF_FILE_ATTACHMENT (Part 3)] Migrated 1,430 rows.
2026-01-13 16:16:48 [E780.E780_IF_FILE_ATTACHMENT (Part 3)] Migrated 1,431 rows.
2026-01-13 16:16:49 [E780.E780_IF_FILE_ATTACHMENT (Part 2)] Migrated 1,455 rows.
2026-01-13 16:16:49 [E780.E780_IF_FILE_ATTACHMENT (Part 3)] Migrated 1,432 rows.
2026-01-13 16:16:49 [E780.E780_IF_FILE_ATTACHMENT (Part 3)] Migrated 1,433 rows.
2026-01-13 16:16:49 [E780.E780_IF_FILE_ATTACHMENT (Part 3)] Migrated 1,434 rows.
2026-01-13 16:16:49 [E780.E780_IF_FILE_ATTACHMENT (Part 3)] Migrated 1,435 rows.
2026-01-13 16:16:49 [E780.E780_IF_FILE_ATTACHMENT (Part 1)] Migrated 2,715 rows.
2026-01-13 16:16:49 [E780.E780_IF_FILE_ATTACHMENT (Part 3)] Migrated 1,436 rows.
2026-01-13 16:16:49 [E780.E780_IF_FILE_ATTACHMENT (Part 1)] Migrated 2,716 rows.
2026-01-13 16:16:50 [E780.E780_IF_FILE_ATTACHMENT (Part 1)] Migrated 2,717 rows.
2026-01-13 16:16:50 [E780.E780_IF_FILE_ATTACHMENT (Part 3)] Migrated 1,437 rows.
2026-01-13 16:16:50 [E780.E780_IF_FILE_ATTACHMENT (Part 1)] Migrated 2,718 rows.
2026-01-13 16:16:50 [E780.E780_IF_FILE_ATTACHMENT (Part 1)] Migrated 2,719 rows.
2026-01-13 16:16:50 [E780.E780_IF_FILE_ATTACHMENT (Part 1)] Migrated 2,720 rows.
2026-01-13 16:16:50 [E780.E780_IF_FILE_ATTACHMENT (Part 3)] Migrated 1,438 rows.
2026-01-13 16:16:50 [E780.E780_IF_FILE_ATTACHMENT (Part 3)] Migrated 1,439 rows.
2026-01-13 16:16:50 [E780.E780_IF_FILE_ATTACHMENT (Part 3)] Migrated 1,440 rows.
2026-01-13 16:16:50 [E780.E780_IF_FILE_ATTACHMENT (Part 2)] Migrated 1,456 rows.
2026-01-13 16:16:50 [E780.E780_IF_FILE_ATTACHMENT (Part 1)] Migrated 2,721 rows.
2026-01-13 16:16:50 [E780.E780_IF_FILE_ATTACHMENT (Part 2)] Migrated 1,457 rows.
2026-01-13 16:16:50 [E780.E780_IF_FILE_ATTACHMENT (Part 1)] Migrated 2,722 rows.
2026-01-13 16:16:50 [E780.E780_IF_FILE_ATTACHMENT (Part 3)] Migrated 1,441 rows.
2026-01-13 16:16:51 [E780.E780_IF_FILE_ATTACHMENT (Part 2)] Migrated 1,458 rows.
2026-01-13 16:16:51 [E780.E780_IF_FILE_ATTACHMENT (Part 2)] Migrated 1,459 rows.
2026-01-13 16:16:51 [E780.E780_IF_FILE_ATTACHMENT (Part 2)] Migrated 1,460 rows.
2026-01-13 16:16:51 [E780.E780_IF_FILE_ATTACHMENT (Part 2)] Migrated 1,461 rows.
2026-01-13 16:16:51 [E780.E780_IF_FILE_ATTACHMENT (Part 2)] Migrated 1,462 rows.
2026-01-13 16:16:51 [E780.E780_IF_FILE_ATTACHMENT (Part 1)] Migrated 2,723 rows.
2026-01-13 16:16:51 [E780.E780_IF_FILE_ATTACHMENT (Part 3)] Migrated 1,442 rows.
2026-01-13 16:16:51 [E780.E780_IF_FILE_ATTACHMENT (Part 2)] Migrated 1,463 rows.
2026-01-13 16:16:51 [E780.E780_IF_FILE_ATTACHMENT (Part 3)] Migrated 1,443 rows.
2026-01-13 16:16:51 [E780.E780_IF_FILE_ATTACHMENT (Part 3)] Migrated 1,444 rows.
2026-01-13 16:16:51 [E780.E780_IF_FILE_ATTACHMENT (Part 3)] Migrated 1,445 rows.
2026-01-13 16:16:51 [E780.E780_IF_FILE_ATTACHMENT (Part 2)] Migrated 1,464 rows.
2026-01-13 16:16:51 [E780.E780_IF_FILE_ATTACHMENT (Part 3)] Migrated 1,446 rows.
2026-01-13 16:16:51 [E780.E780_IF_FILE_ATTACHMENT (Part 3)] Migrated 1,447 rows.
2026-01-13 16:16:51 [E780.E780_IF_FILE_ATTACHMENT (Part 1)] Migrated 2,724 rows.
2026-01-13 16:16:51 [E780.E780_IF_FILE_ATTACHMENT (Part 1)] Migrated 2,725 rows.
2026-01-13 16:16:51 [E780.E780_IF_FILE_ATTACHMENT (Part 2)] Migrated 1,465 rows.
2026-01-13 16:16:51 [E780.E780_IF_FILE_ATTACHMENT (Part 3)] Migrated 1,448 rows.
2026-01-13 16:16:51 [E780.E780_IF_FILE_ATTACHMENT (Part 1)] Migrated 2,726 rows.
2026-01-13 16:16:51 [E780.E780_IF_FILE_ATTACHMENT (Part 2)] Migrated 1,466 rows.
2026-01-13 16:16:51 [E780.E780_IF_FILE_ATTACHMENT (Part 3)] Migrated 1,449 rows.
2026-01-13 16:16:51 [E780.E780_IF_FILE_ATTACHMENT (Part 1)] Migrated 2,727 rows.
2026-01-13 16:16:51 [E780.E780_IF_FILE_ATTACHMENT (Part 2)] Migrated 1,467 rows.
2026-01-13 16:16:51 [E780.E780_IF_FILE_ATTACHMENT (Part 2)] Migrated 1,468 rows.
2026-01-13 16:16:51 [E780.E780_IF_FILE_ATTACHMENT (Part 4)] Migrated 1,343 rows.
2026-01-13 16:16:51 [E780.E780_IF_FILE_ATTACHMENT (Part 2)] Migrated 1,469 rows.
2026-01-13 16:16:51 [E780.E780_IF_FILE_ATTACHMENT (Part 4)] Migrated 1,344 rows.
2026-01-13 16:16:51 [E780.E780_IF_FILE_ATTACHMENT (Part 1)] Migrated 2,728 rows.
2026-01-13 16:16:51 [E780.E780_IF_FILE_ATTACHMENT (Part 3)] Migrated 1,450 rows.
2026-01-13 16:16:52 [E780.E780_IF_FILE_ATTACHMENT (Part 2)] Migrated 1,470 rows.
2026-01-13 16:16:52 [E780.E780_IF_FILE_ATTACHMENT (Part 1)] Migrated 2,729 rows.
2026-01-13 16:16:52 [E780.E780_IF_FILE_ATTACHMENT (Part 2)] Migrated 1,471 rows.
2026-01-13 16:16:52 [E780.E780_IF_FILE_ATTACHMENT (Part 3)] Migrated 1,451 rows.
2026-01-13 16:16:52 [E780.E780_IF_FILE_ATTACHMENT (Part 2)] Migrated 1,472 rows.
2026-01-13 16:16:52 [E780.E780_IF_FILE_ATTACHMENT (Part 3)] Migrated 1,452 rows.
2026-01-13 16:16:52 [E780.E780_IF_FILE_ATTACHMENT (Part 2)] Migrated 1,473 rows.
2026-01-13 16:16:52 [E780.E780_IF_FILE_ATTACHMENT (Part 2)] Migrated 1,474 rows.
2026-01-13 16:16:52 [E780.E780_IF_FILE_ATTACHMENT (Part 2)] Migrated 1,475 rows.
2026-01-13 16:16:52 [E780.E780_IF_FILE_ATTACHMENT (Part 2)] Migrated 1,476 rows.
2026-01-13 16:16:52 [E780.E780_IF_FILE_ATTACHMENT (Part 2)] Migrated 1,477 rows.
2026-01-13 16:16:52 [E780.E780_IF_FILE_ATTACHMENT (Part 4)] Migrated 1,345 rows.
2026-01-13 16:16:53 [E780.E780_IF_FILE_ATTACHMENT (Part 1)] Migrated 2,730 rows.
2026-01-13 16:16:53 [E780.E780_IF_FILE_ATTACHMENT (Part 4)] Migrated 1,346 rows.
2026-01-13 16:16:53 [E780.E780_IF_FILE_ATTACHMENT (Part 2)] Migrated 1,478 rows.
2026-01-13 16:16:53 [E780.E780_IF_FILE_ATTACHMENT (Part 3)] Migrated 1,453 rows.
2026-01-13 16:16:53 [E780.E780_IF_FILE_ATTACHMENT (Part 1)] Migrated 2,731 rows.
2026-01-13 16:16:53 [E780.E780_IF_FILE_ATTACHMENT (Part 4)] Migrated 1,347 rows.
2026-01-13 16:16:53 [E780.E780_IF_FILE_ATTACHMENT (Part 1)] Migrated 2,732 rows.
2026-01-13 16:16:53 [E780.E780_IF_FILE_ATTACHMENT (Part 1)] Migrated 2,733 rows.
2026-01-13 16:16:53 [E780.E780_IF_FILE_ATTACHMENT (Part 4)] Migrated 1,348 rows.
2026-01-13 16:16:53 [E780.E780_IF_FILE_ATTACHMENT (Part 4)] Migrated 1,349 rows.
2026-01-13 16:16:53 [E780.E780_IF_FILE_ATTACHMENT (Part 1)] Migrated 2,734 rows.
2026-01-13 16:16:53 [E780.E780_IF_FILE_ATTACHMENT (Part 4)] Migrated 1,350 rows.
2026-01-13 16:16:53 [E780.E780_IF_FILE_ATTACHMENT (Part 1)] Migrated 2,735 rows.
2026-01-13 16:16:53 [E780.E780_IF_FILE_ATTACHMENT (Part 4)] Migrated 1,351 rows.
2026-01-13 16:16:53 [E780.E780_IF_FILE_ATTACHMENT (Part 2)] Migrated 1,479 rows.
2026-01-13 16:16:53 [E780.E780_IF_FILE_ATTACHMENT (Part 4)] Migrated 1,352 rows.
2026-01-13 16:16:53 [E780.E780_IF_FILE_ATTACHMENT (Part 2)] Migrated 1,480 rows.
2026-01-13 16:16:53 [E780.E780_IF_FILE_ATTACHMENT (Part 4)] Migrated 1,353 rows.
2026-01-13 16:16:54 [E780.E780_IF_FILE_ATTACHMENT (Part 3)] Migrated 1,454 rows.
2026-01-13 16:16:54 [E780.E780_IF_FILE_ATTACHMENT (Part 4)] Migrated 1,354 rows.
2026-01-13 16:16:54 [E780.E780_IF_FILE_ATTACHMENT (Part 2)] Migrated 1,481 rows.
2026-01-13 16:16:54 [E780.E780_IF_FILE_ATTACHMENT (Part 4)] Migrated 1,355 rows.
2026-01-13 16:16:54 [E780.E780_IF_FILE_ATTACHMENT (Part 1)] Migrated 2,736 rows.
2026-01-13 16:16:54 [E780.E780_IF_FILE_ATTACHMENT (Part 1)] Migrated 2,737 rows.
2026-01-13 16:16:54 [E780.E780_IF_FILE_ATTACHMENT (Part 1)] Migrated 2,738 rows.
2026-01-13 16:16:54 [E780.E780_IF_FILE_ATTACHMENT (Part 3)] Migrated 1,455 rows.
2026-01-13 16:16:54 [E780.E780_IF_FILE_ATTACHMENT (Part 2)] Migrated 1,482 rows.
2026-01-13 16:16:54 [E780.E780_IF_FILE_ATTACHMENT (Part 3)] Migrated 1,456 rows.
2026-01-13 16:16:54 [E780.E780_IF_FILE_ATTACHMENT (Part 1)] Migrated 2,739 rows.
2026-01-13 16:16:54 [E780.E780_IF_FILE_ATTACHMENT (Part 4)] Migrated 1,356 rows.
2026-01-13 16:16:54 [E780.E780_IF_FILE_ATTACHMENT (Part 3)] Migrated 1,457 rows.
2026-01-13 16:16:54 [E780.E780_IF_FILE_ATTACHMENT (Part 3)] Migrated 1,458 rows.
2026-01-13 16:16:54 [E780.E780_IF_FILE_ATTACHMENT (Part 1)] Migrated 2,740 rows.
2026-01-13 16:16:54 [E780.E780_IF_FILE_ATTACHMENT (Part 2)] Migrated 1,483 rows.
2026-01-13 16:16:54 [E780.E780_IF_FILE_ATTACHMENT (Part 4)] Migrated 1,357 rows.
2026-01-13 16:16:54 [E780.E780_IF_FILE_ATTACHMENT (Part 1)] Migrated 2,741 rows.
2026-01-13 16:16:55 [E780.E780_IF_FILE_ATTACHMENT (Part 4)] Migrated 1,358 rows.
2026-01-13 16:16:55 [E780.E780_IF_FILE_ATTACHMENT (Part 1)] Migrated 2,742 rows.
2026-01-13 16:16:55 [E780.E780_IF_FILE_ATTACHMENT (Part 4)] Migrated 1,359 rows.
2026-01-13 16:16:55 [E780.E780_IF_FILE_ATTACHMENT (Part 2)] Migrated 1,484 rows.
2026-01-13 16:16:55 [E780.E780_IF_FILE_ATTACHMENT (Part 1)] Migrated 2,743 rows.
2026-01-13 16:16:55 [E780.E780_IF_FILE_ATTACHMENT (Part 1)] Migrated 2,744 rows.
2026-01-13 16:16:55 [E780.E780_IF_FILE_ATTACHMENT (Part 3)] Migrated 1,459 rows.
2026-01-13 16:16:55 [E780.E780_IF_FILE_ATTACHMENT (Part 2)] Migrated 1,485 rows.
2026-01-13 16:16:55 [E780.E780_IF_FILE_ATTACHMENT (Part 3)] Migrated 1,460 rows.
2026-01-13 16:16:55 [E780.E780_IF_FILE_ATTACHMENT (Part 1)] Migrated 2,745 rows.
2026-01-13 16:16:55 [E780.E780_IF_FILE_ATTACHMENT (Part 3)] Migrated 1,461 rows.
2026-01-13 16:16:55 [E780.E780_IF_FILE_ATTACHMENT (Part 3)] Migrated 1,462 rows.
2026-01-13 16:16:55 [E780.E780_IF_FILE_ATTACHMENT (Part 4)] Migrated 1,360 rows.
2026-01-13 16:16:55 [E780.E780_IF_FILE_ATTACHMENT (Part 1)] Migrated 2,746 rows.
2026-01-13 16:16:55 [E780.E780_IF_FILE_ATTACHMENT (Part 3)] Migrated 1,463 rows.
2026-01-13 16:16:55 [E780.E780_IF_FILE_ATTACHMENT (Part 1)] Migrated 2,747 rows.
2026-01-13 16:16:55 [E780.E780_IF_FILE_ATTACHMENT (Part 1)] Migrated 2,748 rows.
2026-01-13 16:16:55 [E780.E780_IF_FILE_ATTACHMENT (Part 3)] Migrated 1,464 rows.
2026-01-13 16:16:55 [E780.E780_IF_FILE_ATTACHMENT (Part 1)] Migrated 2,749 rows.
2026-01-13 16:16:56 [E780.E780_IF_FILE_ATTACHMENT (Part 1)] Migrated 2,750 rows.
2026-01-13 16:16:56 [E780.E780_IF_FILE_ATTACHMENT (Part 1)] Migrated 2,751 rows.
2026-01-13 16:16:56 [E780.E780_IF_FILE_ATTACHMENT (Part 1)] Migrated 2,752 rows.
2026-01-13 16:16:56 [E780.E780_IF_FILE_ATTACHMENT (Part 4)] Migrated 1,361 rows.
2026-01-13 16:16:56 [E780.E780_IF_FILE_ATTACHMENT (Part 1)] Migrated 2,753 rows.
2026-01-13 16:16:56 [E780.E780_IF_FILE_ATTACHMENT (Part 4)] Migrated 1,362 rows.
2026-01-13 16:16:56 [E780.E780_IF_FILE_ATTACHMENT (Part 4)] Migrated 1,363 rows.
2026-01-13 16:16:56 [E780.E780_IF_FILE_ATTACHMENT (Part 3)] Migrated 1,465 rows.
2026-01-13 16:16:56 [E780.E780_IF_FILE_ATTACHMENT (Part 1)] Migrated 2,754 rows.
2026-01-13 16:16:56 [E780.E780_IF_FILE_ATTACHMENT (Part 4)] Migrated 1,364 rows.
2026-01-13 16:16:56 [E780.E780_IF_FILE_ATTACHMENT (Part 3)] Migrated 1,466 rows.
2026-01-13 16:16:56 [E780.E780_IF_FILE_ATTACHMENT (Part 1)] Migrated 2,755 rows.
2026-01-13 16:16:56 [E780.E780_IF_FILE_ATTACHMENT (Part 4)] Migrated 1,365 rows.
2026-01-13 16:16:56 [E780.E780_IF_FILE_ATTACHMENT (Part 3)] Migrated 1,467 rows.
2026-01-13 16:16:56 [E780.E780_IF_FILE_ATTACHMENT (Part 4)] Migrated 1,366 rows.
2026-01-13 16:16:57 [E780.E780_IF_FILE_ATTACHMENT (Part 4)] Migrated 1,367 rows.
2026-01-13 16:16:57 [E780.E780_IF_FILE_ATTACHMENT (Part 1)] Migrated 2,756 rows.
2026-01-13 16:16:57 [E780.E780_IF_FILE_ATTACHMENT (Part 4)] Migrated 1,368 rows.
2026-01-13 16:16:57 [E780.E780_IF_FILE_ATTACHMENT (Part 1)] Migrated 2,757 rows.
2026-01-13 16:16:57 [E780.E780_IF_FILE_ATTACHMENT (Part 4)] Migrated 1,369 rows.
2026-01-13 16:16:57 [E780.E780_IF_FILE_ATTACHMENT (Part 4)] Migrated 1,370 rows.
2026-01-13 16:16:57 [E780.E780_IF_FILE_ATTACHMENT (Part 1)] Migrated 2,758 rows.
2026-01-13 16:16:57 [E780.E780_IF_FILE_ATTACHMENT (Part 3)] Migrated 1,468 rows.
2026-01-13 16:16:57 [E780.E780_IF_FILE_ATTACHMENT (Part 3)] Migrated 1,469 rows.
2026-01-13 16:16:57 [E780.E780_IF_FILE_ATTACHMENT (Part 1)] Migrated 2,759 rows.
2026-01-13 16:16:57 [E780.E780_IF_FILE_ATTACHMENT (Part 3)] Migrated 1,470 rows.
2026-01-13 16:16:57 [E780.E780_IF_FILE_ATTACHMENT (Part 3)] Migrated 1,471 rows.
2026-01-13 16:16:57 [E780.E780_IF_FILE_ATTACHMENT (Part 1)] Migrated 2,760 rows.
2026-01-13 16:16:57 [E780.E780_IF_FILE_ATTACHMENT (Part 1)] Migrated 2,761 rows.
2026-01-13 16:16:57 [E780.E780_IF_FILE_ATTACHMENT (Part 3)] Migrated 1,472 rows.
2026-01-13 16:16:57 [E780.E780_IF_FILE_ATTACHMENT (Part 4)] Migrated 1,371 rows.
2026-01-13 16:16:57 [E780.E780_IF_FILE_ATTACHMENT (Part 2)] Migrated 1,486 rows.
2026-01-13 16:16:58 [E780.E780_IF_FILE_ATTACHMENT (Part 3)] Migrated 1,473 rows.
2026-01-13 16:16:58 [E780.E780_IF_FILE_ATTACHMENT (Part 1)] Migrated 2,762 rows.
2026-01-13 16:16:58 [E780.E780_IF_FILE_ATTACHMENT (Part 3)] Migrated 1,474 rows.
2026-01-13 16:16:58 [E780.E780_IF_FILE_ATTACHMENT (Part 1)] Migrated 2,763 rows.
2026-01-13 16:16:58 [E780.E780_IF_FILE_ATTACHMENT (Part 1)] Migrated 2,764 rows.
2026-01-13 16:16:58 [E780.E780_IF_FILE_ATTACHMENT (Part 1)] Migrated 2,765 rows.
2026-01-13 16:16:58 [E780.E780_IF_FILE_ATTACHMENT (Part 1)] Migrated 2,766 rows.
2026-01-13 16:16:58 [E780.E780_IF_FILE_ATTACHMENT (Part 3)] Migrated 1,475 rows.
2026-01-13 16:16:58 [E780.E780_IF_FILE_ATTACHMENT (Part 1)] Migrated 2,767 rows.
2026-01-13 16:16:58 [E780.E780_IF_FILE_ATTACHMENT (Part 3)] Migrated 1,476 rows.
2026-01-13 16:16:58 [E780.E780_IF_FILE_ATTACHMENT (Part 4)] Migrated 1,372 rows.
2026-01-13 16:16:58 [E780.E780_IF_FILE_ATTACHMENT (Part 3)] Migrated 1,477 rows.
2026-01-13 16:16:58 [E780.E780_IF_FILE_ATTACHMENT (Part 4)] Migrated 1,373 rows.
2026-01-13 16:16:58 [E780.E780_IF_FILE_ATTACHMENT (Part 3)] Migrated 1,478 rows.
2026-01-13 16:16:58 [E780.E780_IF_FILE_ATTACHMENT (Part 4)] Migrated 1,374 rows.
2026-01-13 16:16:58 [E780.E780_IF_FILE_ATTACHMENT (Part 1)] Migrated 2,768 rows.
2026-01-13 16:16:58 [E780.E780_IF_FILE_ATTACHMENT (Part 4)] Migrated 1,375 rows.
2026-01-13 16:16:58 [E780.E780_IF_FILE_ATTACHMENT (Part 4)] Migrated 1,376 rows.
2026-01-13 16:16:58 [E780.E780_IF_FILE_ATTACHMENT (Part 2)] Migrated 1,487 rows.
2026-01-13 16:16:58 [E780.E780_IF_FILE_ATTACHMENT (Part 4)] Migrated 1,377 rows.
2026-01-13 16:16:58 [E780.E780_IF_FILE_ATTACHMENT (Part 1)] Migrated 2,769 rows.
2026-01-13 16:16:58 [E780.E780_IF_FILE_ATTACHMENT (Part 4)] Migrated 1,378 rows.
2026-01-13 16:16:59 [E780.E780_IF_FILE_ATTACHMENT (Part 2)] Migrated 1,488 rows.
2026-01-13 16:16:59 [E780.E780_IF_FILE_ATTACHMENT (Part 1)] Migrated 2,770 rows.
2026-01-13 16:16:59 [E780.E780_IF_FILE_ATTACHMENT (Part 4)] Migrated 1,379 rows.
2026-01-13 16:16:59 [E780.E780_IF_FILE_ATTACHMENT (Part 1)] Migrated 2,771 rows.
2026-01-13 16:16:59 [E780.E780_IF_FILE_ATTACHMENT (Part 1)] Migrated 2,772 rows.
2026-01-13 16:16:59 [E780.E780_IF_FILE_ATTACHMENT (Part 1)] Migrated 2,773 rows.
2026-01-13 16:16:59 [E780.E780_IF_FILE_ATTACHMENT (Part 2)] Migrated 1,489 rows.
2026-01-13 16:16:59 [E780.E780_IF_FILE_ATTACHMENT (Part 1)] Migrated 2,774 rows.
2026-01-13 16:16:59 [E780.E780_IF_FILE_ATTACHMENT (Part 4)] Migrated 1,380 rows.
2026-01-13 16:16:59 [E780.E780_IF_FILE_ATTACHMENT (Part 1)] Migrated 2,775 rows.
2026-01-13 16:16:59 [E780.E780_IF_FILE_ATTACHMENT (Part 2)] Migrated 1,490 rows.
2026-01-13 16:16:59 [E780.E780_IF_FILE_ATTACHMENT (Part 1)] Migrated 2,776 rows.
2026-01-13 16:16:59 [E780.E780_IF_FILE_ATTACHMENT (Part 4)] Migrated 1,381 rows.
2026-01-13 16:16:59 [E780.E780_IF_FILE_ATTACHMENT (Part 1)] Migrated 2,777 rows.
2026-01-13 16:16:59 [E780.E780_IF_FILE_ATTACHMENT (Part 1)] Migrated 2,778 rows.
2026-01-13 16:16:59 [E780.E780_IF_FILE_ATTACHMENT (Part 1)] Migrated 2,779 rows.
2026-01-13 16:16:59 [E780.E780_IF_FILE_ATTACHMENT (Part 4)] Migrated 1,382 rows.
2026-01-13 16:16:59 [E780.E780_IF_FILE_ATTACHMENT (Part 4)] Migrated 1,383 rows.
2026-01-13 16:16:59 [E780.E780_IF_FILE_ATTACHMENT (Part 4)] Migrated 1,384 rows.
2026-01-13 16:16:59 [E780.E780_IF_FILE_ATTACHMENT (Part 4)] Migrated 1,385 rows.
2026-01-13 16:17:00 [E780.E780_IF_FILE_ATTACHMENT (Part 1)] Migrated 2,780 rows.
2026-01-13 16:17:00 [E780.E780_IF_FILE_ATTACHMENT (Part 2)] Migrated 1,491 rows.
2026-01-13 16:17:00 [E780.E780_IF_FILE_ATTACHMENT (Part 1)] Migrated 2,781 rows.
2026-01-13 16:17:00 [E780.E780_IF_FILE_ATTACHMENT (Part 1)] Migrated 2,782 rows.
2026-01-13 16:17:00 [E780.E780_IF_FILE_ATTACHMENT (Part 1)] Migrated 2,783 rows.
2026-01-13 16:17:00 [E780.E780_IF_FILE_ATTACHMENT (Part 2)] Migrated 1,492 rows.
2026-01-13 16:17:00 [E780.E780_IF_FILE_ATTACHMENT (Part 2)] Migrated 1,493 rows.
2026-01-13 16:17:00 [E780.E780_IF_FILE_ATTACHMENT (Part 2)] Migrated 1,494 rows.
2026-01-13 16:17:00 [E780.E780_IF_FILE_ATTACHMENT (Part 4)] Migrated 1,386 rows.
2026-01-13 16:17:00 [E780.E780_IF_FILE_ATTACHMENT (Part 2)] Migrated 1,495 rows.
2026-01-13 16:17:00 [E780.E780_IF_FILE_ATTACHMENT (Part 2)] Migrated 1,496 rows.
2026-01-13 16:17:01 [E780.E780_IF_FILE_ATTACHMENT (Part 2)] Migrated 1,497 rows.
2026-01-13 16:17:01 [E780.E780_IF_FILE_ATTACHMENT (Part 2)] Migrated 1,498 rows.
2026-01-13 16:17:01 [E780.E780_IF_FILE_ATTACHMENT (Part 2)] Migrated 1,499 rows.
2026-01-13 16:17:01 [E780.E780_IF_FILE_ATTACHMENT (Part 4)] Migrated 1,387 rows.
2026-01-13 16:17:01 [E780.E780_IF_FILE_ATTACHMENT (Part 2)] Migrated 1,500 rows.
2026-01-13 16:17:01 [E780.E780_IF_FILE_ATTACHMENT (Part 4)] Migrated 1,388 rows.
2026-01-13 16:17:01 [E780.E780_IF_FILE_ATTACHMENT (Part 4)] Migrated 1,389 rows.
2026-01-13 16:17:01 [E780.E780_IF_FILE_ATTACHMENT (Part 1)] Migrated 2,784 rows.
2026-01-13 16:17:01 [E780.E780_IF_FILE_ATTACHMENT (Part 1)] Migrated 2,785 rows.
2026-01-13 16:17:01 [E780.E780_IF_FILE_ATTACHMENT (Part 4)] Migrated 1,390 rows.
2026-01-13 16:17:01 [E780.E780_IF_FILE_ATTACHMENT (Part 1)] Migrated 2,786 rows.
2026-01-13 16:17:01 [E780.E780_IF_FILE_ATTACHMENT (Part 4)] Migrated 1,391 rows.
2026-01-13 16:17:01 [E780.E780_IF_FILE_ATTACHMENT (Part 2)] Migrated 1,501 rows.
2026-01-13 16:17:01 [E780.E780_IF_FILE_ATTACHMENT (Part 1)] Migrated 2,787 rows.
2026-01-13 16:17:01 [E780.E780_IF_FILE_ATTACHMENT (Part 4)] Migrated 1,392 rows.
2026-01-13 16:17:01 [E780.E780_IF_FILE_ATTACHMENT (Part 2)] Migrated 1,502 rows.
2026-01-13 16:17:01 [E780.E780_IF_FILE_ATTACHMENT (Part 1)] Migrated 2,788 rows.
2026-01-13 16:17:01 [E780.E780_IF_FILE_ATTACHMENT (Part 1)] Migrated 2,789 rows.
2026-01-13 16:17:01 [E780.E780_IF_FILE_ATTACHMENT (Part 4)] Migrated 1,393 rows.
2026-01-13 16:17:01 [E780.E780_IF_FILE_ATTACHMENT (Part 1)] Migrated 2,790 rows.
2026-01-13 16:17:01 [E780.E780_IF_FILE_ATTACHMENT (Part 4)] Migrated 1,394 rows.
2026-01-13 16:17:01 [E780.E780_IF_FILE_ATTACHMENT (Part 1)] Migrated 2,791 rows.
2026-01-13 16:17:01 [E780.E780_IF_FILE_ATTACHMENT (Part 1)] Migrated 2,792 rows.
2026-01-13 16:17:02 [E780.E780_IF_FILE_ATTACHMENT (Part 1)] Migrated 2,793 rows.
2026-01-13 16:17:02 [E780.E780_IF_FILE_ATTACHMENT (Part 1)] Migrated 2,794 rows.
2026-01-13 16:17:02 [E780.E780_IF_FILE_ATTACHMENT (Part 1)] Migrated 2,795 rows.
2026-01-13 16:17:02 [E780.E780_IF_FILE_ATTACHMENT (Part 1)] Migrated 2,796 rows.
2026-01-13 16:17:02 [E780.E780_IF_FILE_ATTACHMENT (Part 2)] Migrated 1,503 rows.
2026-01-13 16:17:02 [E780.E780_IF_FILE_ATTACHMENT (Part 2)] Migrated 1,504 rows.
2026-01-13 16:17:02 [E780.E780_IF_FILE_ATTACHMENT (Part 1)] Migrated 2,797 rows.
2026-01-13 16:17:02 [E780.E780_IF_FILE_ATTACHMENT (Part 2)] Migrated 1,505 rows.
2026-01-13 16:17:02 [E780.E780_IF_FILE_ATTACHMENT (Part 1)] Migrated 2,798 rows.
2026-01-13 16:17:02 [E780.E780_IF_FILE_ATTACHMENT (Part 2)] Migrated 1,506 rows.
2026-01-13 16:17:02 [E780.E780_IF_FILE_ATTACHMENT (Part 4)] Migrated 1,395 rows.
2026-01-13 16:17:02 [E780.E780_IF_FILE_ATTACHMENT (Part 1)] Migrated 2,799 rows.
2026-01-13 16:17:02 [E780.E780_IF_FILE_ATTACHMENT (Part 2)] Migrated 1,507 rows.
2026-01-13 16:17:02 [E780.E780_IF_FILE_ATTACHMENT (Part 2)] Migrated 1,508 rows.
2026-01-13 16:17:02 [E780.E780_IF_FILE_ATTACHMENT (Part 4)] Migrated 1,396 rows.
2026-01-13 16:17:02 [E780.E780_IF_FILE_ATTACHMENT (Part 1)] Migrated 2,800 rows.
2026-01-13 16:17:02 [E780.E780_IF_FILE_ATTACHMENT (Part 2)] Migrated 1,509 rows.
2026-01-13 16:17:02 [E780.E780_IF_FILE_ATTACHMENT (Part 4)] Migrated 1,397 rows.
2026-01-13 16:17:02 [E780.E780_IF_FILE_ATTACHMENT (Part 2)] Migrated 1,510 rows.
2026-01-13 16:17:02 [E780.E780_IF_FILE_ATTACHMENT (Part 2)] Migrated 1,511 rows.
2026-01-13 16:17:02 [E780.E780_IF_FILE_ATTACHMENT (Part 4)] Migrated 1,398 rows.
2026-01-13 16:17:02 [E780.E780_IF_FILE_ATTACHMENT (Part 2)] Migrated 1,512 rows.
2026-01-13 16:17:02 [E780.E780_IF_FILE_ATTACHMENT (Part 1)] Migrated 2,801 rows.
2026-01-13 16:17:02 [E780.E780_IF_FILE_ATTACHMENT (Part 2)] Migrated 1,513 rows.
2026-01-13 16:17:02 [E780.E780_IF_FILE_ATTACHMENT (Part 2)] Migrated 1,514 rows.
2026-01-13 16:17:02 [E780.E780_IF_FILE_ATTACHMENT (Part 2)] Migrated 1,515 rows.
2026-01-13 16:17:02 [E780.E780_IF_FILE_ATTACHMENT (Part 2)] Migrated 1,516 rows.
2026-01-13 16:17:03 [E780.E780_IF_FILE_ATTACHMENT (Part 2)] Migrated 1,517 rows.
2026-01-13 16:17:03 [E780.E780_IF_FILE_ATTACHMENT (Part 4)] Migrated 1,399 rows.
2026-01-13 16:17:03 [E780.E780_IF_FILE_ATTACHMENT (Part 1)] Migrated 2,802 rows.
2026-01-13 16:17:03 [E780.E780_IF_FILE_ATTACHMENT (Part 1)] Migrated 2,803 rows.
2026-01-13 16:17:03 [E780.E780_IF_FILE_ATTACHMENT (Part 1)] Migrated 2,804 rows.
2026-01-13 16:17:04 [E780.E780_IF_FILE_ATTACHMENT (Part 1)] Migrated 2,805 rows.
2026-01-13 16:17:04 [E780.E780_IF_FILE_ATTACHMENT (Part 1)] Migrated 2,806 rows.
2026-01-13 16:17:04 [E780.E780_IF_FILE_ATTACHMENT (Part 1)] Migrated 2,807 rows.
2026-01-13 16:17:04 [E780.E780_IF_FILE_ATTACHMENT (Part 1)] Migrated 2,808 rows.
2026-01-13 16:17:04 [E780.E780_IF_FILE_ATTACHMENT (Part 1)] Migrated 2,809 rows.
2026-01-13 16:17:04 [E780.E780_IF_FILE_ATTACHMENT (Part 1)] Migrated 2,810 rows.
2026-01-13 16:17:04 [E780.E780_IF_FILE_ATTACHMENT (Part 1)] Migrated 2,811 rows.
2026-01-13 16:17:04 [E780.E780_IF_FILE_ATTACHMENT (Part 1)] Migrated 2,812 rows.
2026-01-13 16:17:04 [E780.E780_IF_FILE_ATTACHMENT (Part 1)] Migrated 2,813 rows.
2026-01-13 16:17:04 [E780.E780_IF_FILE_ATTACHMENT (Part 1)] Migrated 2,814 rows.
2026-01-13 16:17:04 [E780.E780_IF_FILE_ATTACHMENT (Part 1)] Migrated 2,815 rows.
2026-01-13 16:17:05 [E780.E780_IF_FILE_ATTACHMENT (Part 1)] Migrated 2,816 rows.
2026-01-13 16:17:06 [E780.E780_IF_FILE_ATTACHMENT (Part 1)] Migrated 2,817 rows.
2026-01-13 16:17:06 [E780.E780_IF_FILE_ATTACHMENT (Part 1)] Migrated 2,818 rows.
2026-01-13 16:17:06 [E780.E780_IF_FILE_ATTACHMENT (Part 4)] Migrated 1,400 rows.
2026-01-13 16:17:06 [E780.E780_IF_FILE_ATTACHMENT (Part 1)] Migrated 2,819 rows.
2026-01-13 16:17:07 [E780.E780_IF_FILE_ATTACHMENT (Part 1)] Migrated 2,820 rows.
2026-01-13 16:17:07 [E780.E780_IF_FILE_ATTACHMENT (Part 1)] Migrated 2,821 rows.
2026-01-13 16:17:07 [E780.E780_IF_FILE_ATTACHMENT (Part 1)] Migrated 2,822 rows.
2026-01-13 16:17:08 [E780.E780_IF_FILE_ATTACHMENT (Part 1)] Migrated 2,823 rows.
2026-01-13 16:17:08 [E780.E780_IF_FILE_ATTACHMENT (Part 1)] Migrated 2,824 rows.
2026-01-13 16:17:08 [E780.E780_IF_FILE_ATTACHMENT (Part 1)] Migrated 2,825 rows.
2026-01-13 16:17:08 [E780.E780_IF_FILE_ATTACHMENT (Part 1)] Migrated 2,826 rows.
2026-01-13 16:17:09 [E780.E780_IF_FILE_ATTACHMENT (Part 1)] Migrated 2,827 rows.
2026-01-13 16:17:09 [E780.E780_IF_FILE_ATTACHMENT (Part 1)] Migrated 2,828 rows.
2026-01-13 16:17:09 [E780.E780_IF_FILE_ATTACHMENT (Part 1)] Migrated 2,829 rows.
2026-01-13 16:17:09 [E780.E780_IF_FILE_ATTACHMENT (Part 1)] Migrated 2,830 rows.
2026-01-13 16:17:09 [E780.E780_IF_FILE_ATTACHMENT (Part 1)] Migrated 2,831 rows.
2026-01-13 16:17:09 [E780.E780_IF_FILE_ATTACHMENT (Part 1)] Migrated 2,832 rows.
2026-01-13 16:17:10 [E780.E780_IF_FILE_ATTACHMENT (Part 1)] Migrated 2,833 rows.
2026-01-13 16:17:10 [E780.E780_IF_FILE_ATTACHMENT (Part 1)] Migrated 2,834 rows.
2026-01-13 16:17:10 [E780.E780_IF_FILE_ATTACHMENT (Part 1)] Migrated 2,835 rows.
2026-01-13 16:17:10 [E780.E780_IF_FILE_ATTACHMENT (Part 1)] Migrated 2,836 rows.
2026-01-13 16:17:10 [E780.E780_IF_FILE_ATTACHMENT (Part 1)] Migrated 2,837 rows.
2026-01-13 16:17:10 [E780.E780_IF_FILE_ATTACHMENT (Part 1)] Migrated 2,838 rows.
2026-01-13 16:17:10 [E780.E780_IF_FILE_ATTACHMENT (Part 1)] Migrated 2,839 rows.
2026-01-13 16:17:11 [E780.E780_IF_FILE_ATTACHMENT (Part 1)] Migrated 2,840 rows.
2026-01-13 16:17:11 [E780.E780_IF_FILE_ATTACHMENT (Part 1)] Migrated 2,841 rows.
2026-01-13 16:17:11 [E780.E780_IF_FILE_ATTACHMENT (Part 1)] Migrated 2,842 rows.
2026-01-13 16:17:11 [E780.E780_IF_FILE_ATTACHMENT (Part 1)] Migrated 2,843 rows.
2026-01-13 16:17:11 [E780.E780_IF_FILE_ATTACHMENT (Part 1)] Migrated 2,844 rows.
2026-01-13 16:17:11 [E780.E780_IF_FILE_ATTACHMENT (Part 1)] Migrated 2,845 rows.
2026-01-13 16:17:11 [E780.E780_IF_FILE_ATTACHMENT (Part 1)] Migrated 2,846 rows.
2026-01-13 16:17:11 [E780.E780_IF_FILE_ATTACHMENT (Part 1)] Migrated 2,847 rows.
2026-01-13 16:17:11 [E780.E780_IF_FILE_ATTACHMENT (Part 1)] Migrated 2,848 rows.
2026-01-13 16:17:11 [E780.E780_IF_FILE_ATTACHMENT (Part 1)] Migrated 2,849 rows.
2026-01-13 16:17:11 [E780.E780_IF_FILE_ATTACHMENT (Part 1)] Migrated 2,850 rows.
2026-01-13 16:17:11 [E780.E780_IF_FILE_ATTACHMENT (Part 1)] Migrated 2,851 rows.
2026-01-13 16:17:11 [E780.E780_IF_FILE_ATTACHMENT (Part 1)] Migrated 2,852 rows.
2026-01-13 16:17:11 [E780.E780_IF_FILE_ATTACHMENT (Part 1)] Migrated 2,853 rows.
2026-01-13 16:17:11 [E780.E780_IF_FILE_ATTACHMENT (Part 1)] Migrated 2,854 rows.
2026-01-13 16:17:11 [E780.E780_IF_FILE_ATTACHMENT (Part 1)] Migrated 2,855 rows.
2026-01-13 16:17:11 [E780.E780_IF_FILE_ATTACHMENT (Part 1)] Migrated 2,856 rows.
2026-01-13 16:17:11 [E780.E780_IF_FILE_ATTACHMENT (Part 1)] Migrated 2,857 rows.
2026-01-13 16:17:12 [E780.E780_IF_FILE_ATTACHMENT (Part 3)] Migrated 1,479 rows.
2026-01-13 16:17:12 [E780.E780_IF_FILE_ATTACHMENT (Part 1)] Migrated 2,858 rows.
2026-01-13 16:17:12 [E780.E780_IF_FILE_ATTACHMENT (Part 2)] Migrated 1,518 rows.
2026-01-13 16:17:12 [E780.E780_IF_FILE_ATTACHMENT (Part 2)] Migrated 1,519 rows.
2026-01-13 16:17:12 [E780.E780_IF_FILE_ATTACHMENT (Part 2)] Migrated 1,520 rows.
2026-01-13 16:17:12 [E780.E780_IF_FILE_ATTACHMENT (Part 2)] Migrated 1,521 rows.
2026-01-13 16:17:12 [E780.E780_IF_FILE_ATTACHMENT (Part 2)] Migrated 1,522 rows.
2026-01-13 16:17:12 [E780.E780_IF_FILE_ATTACHMENT (Part 2)] Migrated 1,523 rows.
2026-01-13 16:17:12 [E780.E780_IF_FILE_ATTACHMENT (Part 2)] Migrated 1,524 rows.
2026-01-13 16:17:12 [E780.E780_IF_FILE_ATTACHMENT (Part 1)] Migrated 2,859 rows.
2026-01-13 16:17:12 [E780.E780_IF_FILE_ATTACHMENT (Part 2)] Migrated 1,525 rows.
2026-01-13 16:17:13 [E780.E780_IF_FILE_ATTACHMENT (Part 2)] Migrated 1,526 rows.
2026-01-13 16:17:13 [E780.E780_IF_FILE_ATTACHMENT (Part 2)] Migrated 1,527 rows.
2026-01-13 16:17:13 [E780.E780_IF_FILE_ATTACHMENT (Part 2)] Migrated 1,528 rows.
2026-01-13 16:17:13 [E780.E780_IF_FILE_ATTACHMENT (Part 1)] Migrated 2,860 rows.
2026-01-13 16:17:13 [E780.E780_IF_FILE_ATTACHMENT (Part 2)] Migrated 1,529 rows.
2026-01-13 16:17:13 [E780.E780_IF_FILE_ATTACHMENT (Part 2)] Migrated 1,530 rows.
2026-01-13 16:17:13 [E780.E780_IF_FILE_ATTACHMENT (Part 2)] Migrated 1,531 rows.
2026-01-13 16:17:13 [E780.E780_IF_FILE_ATTACHMENT (Part 1)] Migrated 2,861 rows.
2026-01-13 16:17:13 [E780.E780_IF_FILE_ATTACHMENT (Part 1)] Migrated 2,862 rows.
2026-01-13 16:17:13 [E780.E780_IF_FILE_ATTACHMENT (Part 1)] Migrated 2,863 rows.
2026-01-13 16:17:13 [E780.E780_IF_FILE_ATTACHMENT (Part 1)] Migrated 2,864 rows.
2026-01-13 16:17:13 [E780.E780_IF_FILE_ATTACHMENT (Part 4)] Migrated 1,401 rows.
2026-01-13 16:17:14 [E780.E780_IF_FILE_ATTACHMENT (Part 4)] Migrated 1,402 rows.
2026-01-13 16:17:14 [E780.E780_IF_FILE_ATTACHMENT (Part 4)] Migrated 1,403 rows.
2026-01-13 16:17:14 [E780.E780_IF_FILE_ATTACHMENT (Part 4)] Migrated 1,404 rows.
2026-01-13 16:17:14 [E780.E780_IF_FILE_ATTACHMENT (Part 4)] Migrated 1,405 rows.
2026-01-13 16:17:14 [E780.E780_IF_FILE_ATTACHMENT (Part 1)] Migrated 2,865 rows.
2026-01-13 16:17:14 [E780.E780_IF_FILE_ATTACHMENT (Part 1)] Migrated 2,866 rows.
2026-01-13 16:17:14 [E780.E780_IF_FILE_ATTACHMENT (Part 1)] Migrated 2,867 rows.
2026-01-13 16:17:14 [E780.E780_IF_FILE_ATTACHMENT (Part 1)] Migrated 2,868 rows.
2026-01-13 16:17:14 [E780.E780_IF_FILE_ATTACHMENT (Part 4)] Migrated 1,406 rows.
2026-01-13 16:17:14 [E780.E780_IF_FILE_ATTACHMENT (Part 1)] Migrated 2,869 rows.
2026-01-13 16:17:14 [E780.E780_IF_FILE_ATTACHMENT (Part 2)] Migrated 1,532 rows.
2026-01-13 16:17:14 [E780.E780_IF_FILE_ATTACHMENT (Part 1)] Migrated 2,870 rows.
2026-01-13 16:17:14 [E780.E780_IF_FILE_ATTACHMENT (Part 1)] Migrated 2,871 rows.
2026-01-13 16:17:14 [E780.E780_IF_FILE_ATTACHMENT (Part 1)] Migrated 2,872 rows.
2026-01-13 16:17:14 [E780.E780_IF_FILE_ATTACHMENT (Part 4)] Migrated 1,407 rows.
2026-01-13 16:17:14 [E780.E780_IF_FILE_ATTACHMENT (Part 1)] Migrated 2,873 rows.
2026-01-13 16:17:14 [E780.E780_IF_FILE_ATTACHMENT (Part 4)] Migrated 1,408 rows.
2026-01-13 16:17:15 [E780.E780_IF_FILE_ATTACHMENT (Part 4)] Migrated 1,409 rows.
2026-01-13 16:17:15 [E780.E780_IF_FILE_ATTACHMENT (Part 1)] Migrated 2,874 rows.
2026-01-13 16:17:15 [E780.E780_IF_FILE_ATTACHMENT (Part 1)] Migrated 2,875 rows.
2026-01-13 16:17:15 [E780.E780_IF_FILE_ATTACHMENT (Part 4)] Migrated 1,410 rows.
2026-01-13 16:17:15 [E780.E780_IF_FILE_ATTACHMENT (Part 4)] Migrated 1,411 rows.
2026-01-13 16:17:15 [E780.E780_IF_FILE_ATTACHMENT (Part 1)] Migrated 2,876 rows.
2026-01-13 16:17:15 [E780.E780_IF_FILE_ATTACHMENT (Part 4)] Migrated 1,412 rows.
2026-01-13 16:17:15 [E780.E780_IF_FILE_ATTACHMENT (Part 4)] Migrated 1,413 rows.
2026-01-13 16:17:15 [E780.E780_IF_FILE_ATTACHMENT (Part 4)] Migrated 1,414 rows.
2026-01-13 16:17:15 [E780.E780_IF_FILE_ATTACHMENT (Part 4)] Migrated 1,415 rows.
2026-01-13 16:17:15 [E780.E780_IF_FILE_ATTACHMENT (Part 2)] Migrated 1,533 rows.
2026-01-13 16:17:15 [E780.E780_IF_FILE_ATTACHMENT (Part 4)] Migrated 1,416 rows.
2026-01-13 16:17:15 [E780.E780_IF_FILE_ATTACHMENT (Part 2)] Migrated 1,534 rows.
2026-01-13 16:17:16 [E780.E780_IF_FILE_ATTACHMENT (Part 4)] Migrated 1,417 rows.
2026-01-13 16:17:16 [E780.E780_IF_FILE_ATTACHMENT (Part 4)] Migrated 1,418 rows.
2026-01-13 16:17:16 [E780.E780_IF_FILE_ATTACHMENT (Part 2)] Migrated 1,535 rows.
2026-01-13 16:17:16 [E780.E780_IF_FILE_ATTACHMENT (Part 1)] Migrated 2,877 rows.
2026-01-13 16:17:16 [E780.E780_IF_FILE_ATTACHMENT (Part 4)] Migrated 1,419 rows.
2026-01-13 16:17:16 [E780.E780_IF_FILE_ATTACHMENT (Part 2)] Migrated 1,536 rows.
2026-01-13 16:17:16 [E780.E780_IF_FILE_ATTACHMENT (Part 3)] Migrated 1,480 rows.
2026-01-13 16:17:16 [E780.E780_IF_FILE_ATTACHMENT (Part 4)] Migrated 1,420 rows.
2026-01-13 16:17:16 [E780.E780_IF_FILE_ATTACHMENT (Part 1)] Migrated 2,878 rows.
2026-01-13 16:17:17 [E780.E780_IF_FILE_ATTACHMENT (Part 4)] Migrated 1,421 rows.
2026-01-13 16:17:17 [E780.E780_IF_FILE_ATTACHMENT (Part 2)] Migrated 1,537 rows.
2026-01-13 16:17:17 [E780.E780_IF_FILE_ATTACHMENT (Part 1)] Migrated 2,879 rows.
2026-01-13 16:17:17 [E780.E780_IF_FILE_ATTACHMENT (Part 2)] Migrated 1,538 rows.
2026-01-13 16:17:17 [E780.E780_IF_FILE_ATTACHMENT (Part 2)] Migrated 1,539 rows.
2026-01-13 16:17:17 [E780.E780_IF_FILE_ATTACHMENT (Part 4)] Migrated 1,422 rows.
2026-01-13 16:17:17 [E780.E780_IF_FILE_ATTACHMENT (Part 3)] Migrated 1,481 rows.
2026-01-13 16:17:17 [E780.E780_IF_FILE_ATTACHMENT (Part 1)] Migrated 2,880 rows.
2026-01-13 16:17:17 [E780.E780_IF_FILE_ATTACHMENT (Part 2)] Migrated 1,540 rows.
2026-01-13 16:17:18 [E780.E780_IF_FILE_ATTACHMENT (Part 2)] Migrated 1,541 rows.
2026-01-13 16:17:18 [E780.E780_IF_FILE_ATTACHMENT (Part 2)] Migrated 1,542 rows.
2026-01-13 16:17:18 [E780.E780_IF_FILE_ATTACHMENT (Part 2)] Migrated 1,543 rows.
2026-01-13 16:17:18 [E780.E780_IF_FILE_ATTACHMENT (Part 2)] Migrated 1,544 rows.
2026-01-13 16:17:18 [E780.E780_IF_FILE_ATTACHMENT (Part 2)] Migrated 1,545 rows.
2026-01-13 16:17:18 [E780.E780_IF_FILE_ATTACHMENT (Part 2)] Migrated 1,546 rows.
2026-01-13 16:17:18 [E780.E780_IF_FILE_ATTACHMENT (Part 2)] Migrated 1,547 rows.
2026-01-13 16:17:18 [E780.E780_IF_FILE_ATTACHMENT (Part 4)] Migrated 1,423 rows.
2026-01-13 16:17:18 [E780.E780_IF_FILE_ATTACHMENT (Part 2)] Migrated 1,548 rows.
2026-01-13 16:17:18 [E780.E780_IF_FILE_ATTACHMENT (Part 1)] Migrated 2,881 rows.
2026-01-13 16:17:18 [E780.E780_IF_FILE_ATTACHMENT (Part 3)] Migrated 1,482 rows.
2026-01-13 16:17:18 [E780.E780_IF_FILE_ATTACHMENT (Part 2)] Migrated 1,549 rows.
2026-01-13 16:17:18 [E780.E780_IF_FILE_ATTACHMENT (Part 1)] Migrated 2,882 rows.
2026-01-13 16:17:18 [E780.E780_IF_FILE_ATTACHMENT (Part 2)] Migrated 1,550 rows.
2026-01-13 16:17:19 [E780.E780_IF_FILE_ATTACHMENT (Part 2)] Migrated 1,551 rows.
2026-01-13 16:17:19 [E780.E780_IF_FILE_ATTACHMENT (Part 2)] Migrated 1,552 rows.
2026-01-13 16:17:19 [E780.E780_IF_FILE_ATTACHMENT (Part 1)] Migrated 2,883 rows.
2026-01-13 16:17:19 [E780.E780_IF_FILE_ATTACHMENT (Part 4)] Migrated 1,424 rows.
2026-01-13 16:17:19 [E780.E780_IF_FILE_ATTACHMENT (Part 2)] Migrated 1,553 rows.
2026-01-13 16:17:19 [E780.E780_IF_FILE_ATTACHMENT (Part 4)] Migrated 1,425 rows.
2026-01-13 16:17:19 [E780.E780_IF_FILE_ATTACHMENT (Part 4)] Migrated 1,426 rows.
2026-01-13 16:17:19 [E780.E780_IF_FILE_ATTACHMENT (Part 4)] Migrated 1,427 rows.
2026-01-13 16:17:19 [E780.E780_IF_FILE_ATTACHMENT (Part 4)] Migrated 1,428 rows.
2026-01-13 16:17:19 [E780.E780_IF_FILE_ATTACHMENT (Part 2)] Migrated 1,554 rows.
2026-01-13 16:17:20 [E780.E780_IF_FILE_ATTACHMENT (Part 4)] Migrated 1,429 rows.
2026-01-13 16:17:20 [E780.E780_IF_FILE_ATTACHMENT (Part 3)] Migrated 1,483 rows.
2026-01-13 16:17:20 [E780.E780_IF_FILE_ATTACHMENT (Part 1)] Migrated 2,884 rows.
2026-01-13 16:17:20 [E780.E780_IF_FILE_ATTACHMENT (Part 4)] Migrated 1,430 rows.
2026-01-13 16:17:20 [E780.E780_IF_FILE_ATTACHMENT (Part 2)] Migrated 1,555 rows.
2026-01-13 16:17:20 [E780.E780_IF_FILE_ATTACHMENT (Part 3)] Migrated 1,484 rows.
2026-01-13 16:17:20 [E780.E780_IF_FILE_ATTACHMENT (Part 2)] Migrated 1,556 rows.
2026-01-13 16:17:20 [E780.E780_IF_FILE_ATTACHMENT (Part 4)] Migrated 1,431 rows.
2026-01-13 16:17:20 [E780.E780_IF_FILE_ATTACHMENT (Part 4)] Migrated 1,432 rows.
2026-01-13 16:17:20 [E780.E780_IF_FILE_ATTACHMENT (Part 2)] Migrated 1,557 rows.
2026-01-13 16:17:20 [E780.E780_IF_FILE_ATTACHMENT (Part 2)] Migrated 1,558 rows.
2026-01-13 16:17:20 [E780.E780_IF_FILE_ATTACHMENT (Part 2)] Migrated 1,559 rows.
2026-01-13 16:17:20 [E780.E780_IF_FILE_ATTACHMENT (Part 4)] Migrated 1,433 rows.
2026-01-13 16:17:20 [E780.E780_IF_FILE_ATTACHMENT (Part 2)] Migrated 1,560 rows.
2026-01-13 16:17:20 [E780.E780_IF_FILE_ATTACHMENT (Part 4)] Migrated 1,434 rows.
2026-01-13 16:17:20 [E780.E780_IF_FILE_ATTACHMENT (Part 2)] Migrated 1,561 rows.
2026-01-13 16:17:20 [E780.E780_IF_FILE_ATTACHMENT (Part 2)] Migrated 1,562 rows.
2026-01-13 16:17:20 [E780.E780_IF_FILE_ATTACHMENT (Part 2)] Migrated 1,563 rows.
2026-01-13 16:17:20 [E780.E780_IF_FILE_ATTACHMENT (Part 2)] Migrated 1,564 rows.
2026-01-13 16:17:20 [E780.E780_IF_FILE_ATTACHMENT (Part 2)] Migrated 1,565 rows.
2026-01-13 16:17:20 [E780.E780_IF_FILE_ATTACHMENT (Part 2)] Migrated 1,566 rows.
2026-01-13 16:17:20 [E780.E780_IF_FILE_ATTACHMENT (Part 2)] Migrated 1,567 rows.
2026-01-13 16:17:21 [E780.E780_IF_FILE_ATTACHMENT (Part 1)] Migrated 2,885 rows.
2026-01-13 16:17:21 [E780.E780_IF_FILE_ATTACHMENT (Part 2)] Migrated 1,568 rows.
2026-01-13 16:17:21 [E780.E780_IF_FILE_ATTACHMENT (Part 2)] Migrated 1,569 rows.
2026-01-13 16:17:21 [E780.E780_IF_FILE_ATTACHMENT (Part 4)] Migrated 1,435 rows.
2026-01-13 16:17:21 [E780.E780_IF_FILE_ATTACHMENT (Part 2)] Migrated 1,570 rows.
2026-01-13 16:17:21 [E780.E780_IF_FILE_ATTACHMENT (Part 1)] Migrated 2,886 rows.
2026-01-13 16:17:21 [E780.E780_IF_FILE_ATTACHMENT (Part 1)] Migrated 2,887 rows.
2026-01-13 16:17:21 [E780.E780_IF_FILE_ATTACHMENT (Part 1)] Migrated 2,888 rows.
2026-01-13 16:17:21 [E780.E780_IF_FILE_ATTACHMENT (Part 2)] Migrated 1,571 rows.
2026-01-13 16:17:21 [E780.E780_IF_FILE_ATTACHMENT (Part 3)] Migrated 1,485 rows.
2026-01-13 16:17:21 [E780.E780_IF_FILE_ATTACHMENT (Part 1)] Migrated 2,889 rows.
2026-01-13 16:17:22 [E780.E780_IF_FILE_ATTACHMENT (Part 1)] Migrated 2,890 rows.
2026-01-13 16:17:22 [E780.E780_IF_FILE_ATTACHMENT (Part 4)] Migrated 1,436 rows.
2026-01-13 16:17:22 [E780.E780_IF_FILE_ATTACHMENT (Part 2)] Migrated 1,572 rows.
2026-01-13 16:17:22 [E780.E780_IF_FILE_ATTACHMENT (Part 4)] Migrated 1,437 rows.
2026-01-13 16:17:22 [E780.E780_IF_FILE_ATTACHMENT (Part 2)] Migrated 1,573 rows.
2026-01-13 16:17:22 [E780.E780_IF_FILE_ATTACHMENT (Part 1)] Migrated 2,891 rows.
2026-01-13 16:17:22 [E780.E780_IF_FILE_ATTACHMENT (Part 2)] Migrated 1,574 rows.
2026-01-13 16:17:22 [E780.E780_IF_FILE_ATTACHMENT (Part 1)] Migrated 2,892 rows.
2026-01-13 16:17:22 [E780.E780_IF_FILE_ATTACHMENT (Part 4)] Migrated 1,438 rows.
2026-01-13 16:17:22 [E780.E780_IF_FILE_ATTACHMENT (Part 4)] Migrated 1,439 rows.
2026-01-13 16:17:22 [E780.E780_IF_FILE_ATTACHMENT (Part 2)] Migrated 1,575 rows.
2026-01-13 16:17:22 [E780.E780_IF_FILE_ATTACHMENT (Part 1)] Migrated 2,893 rows.
2026-01-13 16:17:22 [E780.E780_IF_FILE_ATTACHMENT (Part 1)] Migrated 2,894 rows.
2026-01-13 16:17:22 [E780.E780_IF_FILE_ATTACHMENT (Part 2)] Migrated 1,576 rows.
2026-01-13 16:17:22 [E780.E780_IF_FILE_ATTACHMENT (Part 1)] Migrated 2,895 rows.
2026-01-13 16:17:22 [E780.E780_IF_FILE_ATTACHMENT (Part 1)] Migrated 2,896 rows.
2026-01-13 16:17:22 [E780.E780_IF_FILE_ATTACHMENT (Part 1)] Migrated 2,897 rows.
2026-01-13 16:17:22 [E780.E780_IF_FILE_ATTACHMENT (Part 1)] Migrated 2,898 rows.
2026-01-13 16:17:22 [E780.E780_IF_FILE_ATTACHMENT (Part 2)] Migrated 1,577 rows.
2026-01-13 16:17:22 [E780.E780_IF_FILE_ATTACHMENT (Part 1)] Migrated 2,899 rows.
2026-01-13 16:17:22 [E780.E780_IF_FILE_ATTACHMENT (Part 1)] Migrated 2,900 rows.
2026-01-13 16:17:22 [E780.E780_IF_FILE_ATTACHMENT (Part 1)] Migrated 2,901 rows.
2026-01-13 16:17:22 [E780.E780_IF_FILE_ATTACHMENT (Part 1)] Migrated 2,902 rows.
2026-01-13 16:17:22 [E780.E780_IF_FILE_ATTACHMENT (Part 2)] Migrated 1,578 rows.
2026-01-13 16:17:22 [E780.E780_IF_FILE_ATTACHMENT (Part 1)] Migrated 2,903 rows.
2026-01-13 16:17:22 [E780.E780_IF_FILE_ATTACHMENT (Part 4)] Migrated 1,440 rows.
2026-01-13 16:17:22 [E780.E780_IF_FILE_ATTACHMENT (Part 1)] Migrated 2,904 rows.
2026-01-13 16:17:22 [E780.E780_IF_FILE_ATTACHMENT (Part 4)] Migrated 1,441 rows.
2026-01-13 16:17:22 [E780.E780_IF_FILE_ATTACHMENT (Part 1)] Migrated 2,905 rows.
2026-01-13 16:17:22 [E780.E780_IF_FILE_ATTACHMENT (Part 4)] Migrated 1,442 rows.
2026-01-13 16:17:23 [E780.E780_IF_FILE_ATTACHMENT (Part 1)] Migrated 2,906 rows.
2026-01-13 16:17:23 [E780.E780_IF_FILE_ATTACHMENT (Part 2)] Migrated 1,579 rows.
2026-01-13 16:17:23 [E780.E780_IF_FILE_ATTACHMENT (Part 1)] Migrated 2,907 rows.
2026-01-13 16:17:23 [E780.E780_IF_FILE_ATTACHMENT (Part 4)] Migrated 1,443 rows.
2026-01-13 16:17:23 [E780.E780_IF_FILE_ATTACHMENT (Part 1)] Migrated 2,908 rows.
2026-01-13 16:17:23 [E780.E780_IF_FILE_ATTACHMENT (Part 4)] Migrated 1,444 rows.
2026-01-13 16:17:23 [E780.E780_IF_FILE_ATTACHMENT (Part 1)] Migrated 2,909 rows.
2026-01-13 16:17:23 [E780.E780_IF_FILE_ATTACHMENT (Part 1)] Migrated 2,910 rows.
2026-01-13 16:17:23 [E780.E780_IF_FILE_ATTACHMENT (Part 2)] Migrated 1,580 rows.
2026-01-13 16:17:23 [E780.E780_IF_FILE_ATTACHMENT (Part 4)] Migrated 1,445 rows.
2026-01-13 16:17:23 [E780.E780_IF_FILE_ATTACHMENT (Part 1)] Migrated 2,911 rows.
2026-01-13 16:17:23 [E780.E780_IF_FILE_ATTACHMENT (Part 1)] Migrated 2,912 rows.
2026-01-13 16:17:23 [E780.E780_IF_FILE_ATTACHMENT (Part 3)] Migrated 1,486 rows.
2026-01-13 16:17:23 [E780.E780_IF_FILE_ATTACHMENT (Part 2)] Migrated 1,581 rows.
2026-01-13 16:17:23 [E780.E780_IF_FILE_ATTACHMENT (Part 1)] Migrated 2,913 rows.
2026-01-13 16:17:23 [E780.E780_IF_FILE_ATTACHMENT (Part 1)] Migrated 2,914 rows.
2026-01-13 16:17:23 [E780.E780_IF_FILE_ATTACHMENT (Part 1)] Migrated 2,915 rows.
2026-01-13 16:17:23 [E780.E780_IF_FILE_ATTACHMENT (Part 2)] Migrated 1,582 rows.
2026-01-13 16:17:23 [E780.E780_IF_FILE_ATTACHMENT (Part 1)] Migrated 2,916 rows.
2026-01-13 16:17:23 [E780.E780_IF_FILE_ATTACHMENT (Part 4)] Migrated 1,446 rows.
2026-01-13 16:17:23 [E780.E780_IF_FILE_ATTACHMENT (Part 1)] Migrated 2,917 rows.
2026-01-13 16:17:23 [E780.E780_IF_FILE_ATTACHMENT (Part 1)] Migrated 2,918 rows.
2026-01-13 16:17:23 [E780.E780_IF_FILE_ATTACHMENT (Part 2)] Migrated 1,583 rows.
2026-01-13 16:17:23 [E780.E780_IF_FILE_ATTACHMENT (Part 1)] Migrated 2,919 rows.
2026-01-13 16:17:23 [E780.E780_IF_FILE_ATTACHMENT (Part 1)] Migrated 2,920 rows.
2026-01-13 16:17:23 [E780.E780_IF_FILE_ATTACHMENT (Part 1)] Migrated 2,921 rows.
2026-01-13 16:17:23 [E780.E780_IF_FILE_ATTACHMENT (Part 3)] Migrated 1,487 rows.
2026-01-13 16:17:23 [E780.E780_IF_FILE_ATTACHMENT (Part 1)] Migrated 2,922 rows.
2026-01-13 16:17:23 [E780.E780_IF_FILE_ATTACHMENT (Part 2)] Migrated 1,584 rows.
2026-01-13 16:17:23 [E780.E780_IF_FILE_ATTACHMENT (Part 1)] Migrated 2,923 rows.
2026-01-13 16:17:23 [E780.E780_IF_FILE_ATTACHMENT (Part 1)] Migrated 2,924 rows.
2026-01-13 16:17:23 [E780.E780_IF_FILE_ATTACHMENT (Part 1)] Migrated 2,925 rows.
2026-01-13 16:17:24 [E780.E780_IF_FILE_ATTACHMENT (Part 4)] Migrated 1,447 rows.
2026-01-13 16:17:24 [E780.E780_IF_FILE_ATTACHMENT (Part 1)] Migrated 2,926 rows.
2026-01-13 16:17:24 [E780.E780_IF_FILE_ATTACHMENT (Part 1)] Migrated 2,927 rows.
2026-01-13 16:17:24 [E780.E780_IF_FILE_ATTACHMENT (Part 2)] Migrated 1,585 rows.
2026-01-13 16:17:24 [E780.E780_IF_FILE_ATTACHMENT (Part 1)] Migrated 2,928 rows.
2026-01-13 16:17:24 [E780.E780_IF_FILE_ATTACHMENT (Part 3)] Migrated 1,488 rows.
2026-01-13 16:17:24 [E780.E780_IF_FILE_ATTACHMENT (Part 1)] Migrated 2,929 rows.
2026-01-13 16:17:24 [E780.E780_IF_FILE_ATTACHMENT (Part 2)] Migrated 1,586 rows.
2026-01-13 16:17:24 [E780.E780_IF_FILE_ATTACHMENT (Part 1)] Migrated 2,930 rows.
2026-01-13 16:17:24 [E780.E780_IF_FILE_ATTACHMENT (Part 1)] Migrated 2,931 rows.
2026-01-13 16:17:24 [E780.E780_IF_FILE_ATTACHMENT (Part 4)] Migrated 1,448 rows.
2026-01-13 16:17:24 [E780.E780_IF_FILE_ATTACHMENT (Part 1)] Migrated 2,932 rows.
2026-01-13 16:17:24 [E780.E780_IF_FILE_ATTACHMENT (Part 1)] Migrated 2,933 rows.
2026-01-13 16:17:24 [E780.E780_IF_FILE_ATTACHMENT (Part 1)] Migrated 2,934 rows.
2026-01-13 16:17:24 [E780.E780_IF_FILE_ATTACHMENT (Part 1)] Migrated 2,935 rows.
2026-01-13 16:17:24 [E780.E780_IF_FILE_ATTACHMENT (Part 1)] Migrated 2,936 rows.
2026-01-13 16:17:24 [E780.E780_IF_FILE_ATTACHMENT (Part 3)] Migrated 1,489 rows.
2026-01-13 16:17:24 [E780.E780_IF_FILE_ATTACHMENT (Part 1)] Migrated 2,937 rows.
2026-01-13 16:17:24 [E780.E780_IF_FILE_ATTACHMENT (Part 1)] Migrated 2,938 rows.
2026-01-13 16:17:24 [E780.E780_IF_FILE_ATTACHMENT (Part 1)] Migrated 2,939 rows.
2026-01-13 16:17:24 [E780.E780_IF_FILE_ATTACHMENT (Part 4)] Migrated 1,449 rows.
2026-01-13 16:17:24 [E780.E780_IF_FILE_ATTACHMENT (Part 3)] Migrated 1,490 rows.
2026-01-13 16:17:24 [E780.E780_IF_FILE_ATTACHMENT (Part 1)] Migrated 2,940 rows.
2026-01-13 16:17:24 [E780.E780_IF_FILE_ATTACHMENT (Part 4)] Migrated 1,450 rows.
2026-01-13 16:17:24 [E780.E780_IF_FILE_ATTACHMENT (Part 3)] Migrated 1,491 rows.
2026-01-13 16:17:24 [E780.E780_IF_FILE_ATTACHMENT (Part 1)] Migrated 2,941 rows.
2026-01-13 16:17:24 [E780.E780_IF_FILE_ATTACHMENT (Part 4)] Migrated 1,451 rows.
2026-01-13 16:17:24 [E780.E780_IF_FILE_ATTACHMENT (Part 3)] Migrated 1,492 rows.
2026-01-13 16:17:24 [E780.E780_IF_FILE_ATTACHMENT (Part 1)] Migrated 2,942 rows.
2026-01-13 16:17:24 [E780.E780_IF_FILE_ATTACHMENT (Part 1)] Migrated 2,943 rows.
2026-01-13 16:17:24 [E780.E780_IF_FILE_ATTACHMENT (Part 1)] Migrated 2,944 rows.
2026-01-13 16:17:24 [E780.E780_IF_FILE_ATTACHMENT (Part 3)] Migrated 1,493 rows.
2026-01-13 16:17:24 [E780.E780_IF_FILE_ATTACHMENT (Part 1)] Migrated 2,945 rows.
2026-01-13 16:17:24 [E780.E780_IF_FILE_ATTACHMENT (Part 3)] Migrated 1,494 rows.
2026-01-13 16:17:24 [E780.E780_IF_FILE_ATTACHMENT (Part 1)] Migrated 2,946 rows.
2026-01-13 16:17:25 [E780.E780_IF_FILE_ATTACHMENT (Part 1)] Migrated 2,947 rows.
2026-01-13 16:17:25 [E780.E780_IF_FILE_ATTACHMENT (Part 1)] Migrated 2,948 rows.
2026-01-13 16:17:25 [E780.E780_IF_FILE_ATTACHMENT (Part 3)] Migrated 1,495 rows.
2026-01-13 16:17:25 [E780.E780_IF_FILE_ATTACHMENT (Part 1)] Migrated 2,949 rows.
2026-01-13 16:17:25 [E780.E780_IF_FILE_ATTACHMENT (Part 3)] Migrated 1,496 rows.
2026-01-13 16:17:25 [E780.E780_IF_FILE_ATTACHMENT (Part 3)] Migrated 1,497 rows.
2026-01-13 16:17:25 [E780.E780_IF_FILE_ATTACHMENT (Part 1)] Migrated 2,950 rows.
2026-01-13 16:17:25 [E780.E780_IF_FILE_ATTACHMENT (Part 3)] Migrated 1,498 rows.
2026-01-13 16:17:25 [E780.E780_IF_FILE_ATTACHMENT (Part 4)] Migrated 1,452 rows.
2026-01-13 16:17:25 [E780.E780_IF_FILE_ATTACHMENT (Part 3)] Migrated 1,499 rows.
2026-01-13 16:17:25 [E780.E780_IF_FILE_ATTACHMENT (Part 1)] Migrated 2,951 rows.
2026-01-13 16:17:25 [E780.E780_IF_FILE_ATTACHMENT (Part 3)] Migrated 1,500 rows.
2026-01-13 16:17:25 [E780.E780_IF_FILE_ATTACHMENT (Part 1)] Migrated 2,952 rows.
2026-01-13 16:17:25 [E780.E780_IF_FILE_ATTACHMENT (Part 3)] Migrated 1,501 rows.
2026-01-13 16:17:25 [E780.E780_IF_FILE_ATTACHMENT (Part 1)] Migrated 2,953 rows.
2026-01-13 16:17:25 [E780.E780_IF_FILE_ATTACHMENT (Part 1)] Migrated 2,954 rows.
2026-01-13 16:17:25 [E780.E780_IF_FILE_ATTACHMENT (Part 3)] Migrated 1,502 rows.
2026-01-13 16:17:25 [E780.E780_IF_FILE_ATTACHMENT (Part 1)] Migrated 2,955 rows.
2026-01-13 16:17:25 [E780.E780_IF_FILE_ATTACHMENT (Part 3)] Migrated 1,503 rows.
2026-01-13 16:17:25 [E780.E780_IF_FILE_ATTACHMENT (Part 1)] Migrated 2,956 rows.
2026-01-13 16:17:25 [E780.E780_IF_FILE_ATTACHMENT (Part 3)] Migrated 1,504 rows.
2026-01-13 16:17:25 [E780.E780_IF_FILE_ATTACHMENT (Part 4)] Migrated 1,453 rows.
2026-01-13 16:17:25 [E780.E780_IF_FILE_ATTACHMENT (Part 3)] Migrated 1,505 rows.
2026-01-13 16:17:25 [E780.E780_IF_FILE_ATTACHMENT (Part 4)] Migrated 1,454 rows.
2026-01-13 16:17:25 [E780.E780_IF_FILE_ATTACHMENT (Part 4)] Migrated 1,455 rows.
2026-01-13 16:17:25 [E780.E780_IF_FILE_ATTACHMENT (Part 1)] Migrated 2,957 rows.
2026-01-13 16:17:25 [E780.E780_IF_FILE_ATTACHMENT (Part 4)] Migrated 1,456 rows.
2026-01-13 16:17:25 [E780.E780_IF_FILE_ATTACHMENT (Part 4)] Migrated 1,457 rows.
2026-01-13 16:17:25 [E780.E780_IF_FILE_ATTACHMENT (Part 4)] Migrated 1,458 rows.
2026-01-13 16:17:25 [E780.E780_IF_FILE_ATTACHMENT (Part 1)] Migrated 2,958 rows.
2026-01-13 16:17:25 [E780.E780_IF_FILE_ATTACHMENT (Part 4)] Migrated 1,459 rows.
2026-01-13 16:17:25 [E780.E780_IF_FILE_ATTACHMENT (Part 4)] Migrated 1,460 rows.
2026-01-13 16:17:25 [E780.E780_IF_FILE_ATTACHMENT (Part 4)] Migrated 1,461 rows.
2026-01-13 16:17:25 [E780.E780_IF_FILE_ATTACHMENT (Part 3)] Migrated 1,506 rows.
2026-01-13 16:17:25 [E780.E780_IF_FILE_ATTACHMENT (Part 4)] Migrated 1,462 rows.
2026-01-13 16:17:26 [E780.E780_IF_FILE_ATTACHMENT (Part 4)] Migrated 1,463 rows.
2026-01-13 16:17:26 [E780.E780_IF_FILE_ATTACHMENT (Part 4)] Migrated 1,464 rows.
2026-01-13 16:17:26 [E780.E780_IF_FILE_ATTACHMENT (Part 2)] Migrated 1,587 rows.
2026-01-13 16:17:26 [E780.E780_IF_FILE_ATTACHMENT (Part 3)] Migrated 1,507 rows.
2026-01-13 16:17:26 [E780.E780_IF_FILE_ATTACHMENT (Part 1)] Migrated 2,959 rows.
2026-01-13 16:17:26 [E780.E780_IF_FILE_ATTACHMENT (Part 4)] Migrated 1,465 rows.
2026-01-13 16:17:27 [E780.E780_IF_FILE_ATTACHMENT (Part 1)] Migrated 2,960 rows.
2026-01-13 16:17:27 [E780.E780_IF_FILE_ATTACHMENT (Part 4)] Migrated 1,466 rows.
2026-01-13 16:17:27 [E780.E780_IF_FILE_ATTACHMENT (Part 1)] Migrated 2,961 rows.
2026-01-13 16:17:27 [E780.E780_IF_FILE_ATTACHMENT (Part 1)] Migrated 2,962 rows.
2026-01-13 16:17:27 [E780.E780_IF_FILE_ATTACHMENT (Part 3)] Migrated 1,508 rows.
2026-01-13 16:17:27 [E780.E780_IF_FILE_ATTACHMENT (Part 4)] Migrated 1,467 rows.
2026-01-13 16:17:27 [E780.E780_IF_FILE_ATTACHMENT (Part 1)] Migrated 2,963 rows.
2026-01-13 16:17:27 [E780.E780_IF_FILE_ATTACHMENT (Part 4)] Migrated 1,468 rows.
2026-01-13 16:17:27 [E780.E780_IF_FILE_ATTACHMENT (Part 4)] Migrated 1,469 rows.
2026-01-13 16:17:27 [E780.E780_IF_FILE_ATTACHMENT (Part 1)] Migrated 2,964 rows.
2026-01-13 16:17:27 [E780.E780_IF_FILE_ATTACHMENT (Part 4)] Migrated 1,470 rows.
2026-01-13 16:17:27 [E780.E780_IF_FILE_ATTACHMENT (Part 1)] Migrated 2,965 rows.
2026-01-13 16:17:27 [E780.E780_IF_FILE_ATTACHMENT (Part 1)] Migrated 2,966 rows.
2026-01-13 16:17:27 [E780.E780_IF_FILE_ATTACHMENT (Part 4)] Migrated 1,471 rows.
2026-01-13 16:17:27 [E780.E780_IF_FILE_ATTACHMENT (Part 1)] Migrated 2,967 rows.
2026-01-13 16:17:27 [E780.E780_IF_FILE_ATTACHMENT (Part 1)] Migrated 2,968 rows.
2026-01-13 16:17:27 [E780.E780_IF_FILE_ATTACHMENT (Part 3)] Migrated 1,509 rows.
2026-01-13 16:17:27 [E780.E780_IF_FILE_ATTACHMENT (Part 4)] Migrated 1,472 rows.
2026-01-13 16:17:27 [E780.E780_IF_FILE_ATTACHMENT (Part 1)] Migrated 2,969 rows.
2026-01-13 16:17:28 [E780.E780_IF_FILE_ATTACHMENT (Part 1)] Migrated 2,970 rows.
2026-01-13 16:17:28 [E780.E780_IF_FILE_ATTACHMENT (Part 1)] Migrated 2,971 rows.
2026-01-13 16:17:28 [E780.E780_IF_FILE_ATTACHMENT (Part 1)] Migrated 2,972 rows.
2026-01-13 16:17:28 [E780.E780_IF_FILE_ATTACHMENT (Part 1)] Migrated 2,973 rows.
2026-01-13 16:17:28 [E780.E780_IF_FILE_ATTACHMENT (Part 1)] Migrated 2,974 rows.
2026-01-13 16:17:28 [E780.E780_IF_FILE_ATTACHMENT (Part 1)] Migrated 2,975 rows.
2026-01-13 16:17:28 [E780.E780_IF_FILE_ATTACHMENT (Part 1)] Migrated 2,976 rows.
2026-01-13 16:17:28 [E780.E780_IF_FILE_ATTACHMENT (Part 1)] Migrated 2,977 rows.
2026-01-13 16:17:28 [E780.E780_IF_FILE_ATTACHMENT (Part 1)] Migrated 2,978 rows.
2026-01-13 16:17:28 [E780.E780_IF_FILE_ATTACHMENT (Part 3)] Migrated 1,510 rows.
2026-01-13 16:17:28 [E780.E780_IF_FILE_ATTACHMENT (Part 1)] Migrated 2,979 rows.
2026-01-13 16:17:28 [E780.E780_IF_FILE_ATTACHMENT (Part 1)] Migrated 2,980 rows.
2026-01-13 16:17:29 [E780.E780_IF_FILE_ATTACHMENT (Part 4)] Migrated 1,473 rows.
2026-01-13 16:17:29 [E780.E780_IF_FILE_ATTACHMENT (Part 1)] Migrated 2,981 rows.
2026-01-13 16:17:29 [E780.E780_IF_FILE_ATTACHMENT (Part 1)] Migrated 2,982 rows.
2026-01-13 16:17:29 [E780.E780_IF_FILE_ATTACHMENT (Part 1)] Migrated 2,983 rows.
2026-01-13 16:17:30 [E780.E780_IF_FILE_ATTACHMENT (Part 1)] Migrated 2,984 rows.
2026-01-13 16:17:30 [E780.E780_IF_FILE_ATTACHMENT (Part 3)] Migrated 1,511 rows.
2026-01-13 16:17:30 [E780.E780_IF_FILE_ATTACHMENT (Part 4)] Migrated 1,474 rows.
2026-01-13 16:17:31 [E780.E780_IF_FILE_ATTACHMENT (Part 1)] Migrated 2,985 rows.
2026-01-13 16:17:31 [E780.E780_IF_FILE_ATTACHMENT (Part 3)] Migrated 1,512 rows.
2026-01-13 16:17:31 [E780.E780_IF_FILE_ATTACHMENT (Part 1)] Migrated 2,986 rows.
2026-01-13 16:17:31 [E780.E780_IF_FILE_ATTACHMENT (Part 1)] Migrated 2,987 rows.
2026-01-13 16:17:31 [E780.E780_IF_FILE_ATTACHMENT (Part 4)] Migrated 1,475 rows.
2026-01-13 16:17:31 [E780.E780_IF_FILE_ATTACHMENT (Part 3)] Migrated 1,513 rows.
2026-01-13 16:17:31 [E780.E780_IF_FILE_ATTACHMENT (Part 1)] Migrated 2,988 rows.
2026-01-13 16:17:31 [E780.E780_IF_FILE_ATTACHMENT (Part 3)] Migrated 1,514 rows.
2026-01-13 16:17:31 [E780.E780_IF_FILE_ATTACHMENT (Part 4)] Migrated 1,476 rows.
2026-01-13 16:17:32 [E780.E780_IF_FILE_ATTACHMENT (Part 3)] Migrated 1,515 rows.
2026-01-13 16:17:32 [E780.E780_IF_FILE_ATTACHMENT (Part 1)] Migrated 2,989 rows.
2026-01-13 16:17:32 [E780.E780_IF_FILE_ATTACHMENT (Part 4)] Migrated 1,477 rows.
2026-01-13 16:17:32 [E780.E780_IF_FILE_ATTACHMENT (Part 1)] Migrated 2,990 rows.
2026-01-13 16:17:32 [E780.E780_IF_FILE_ATTACHMENT (Part 1)] Migrated 2,991 rows.
2026-01-13 16:17:32 [E780.E780_IF_FILE_ATTACHMENT (Part 1)] Migrated 2,992 rows.
2026-01-13 16:17:32 [E780.E780_IF_FILE_ATTACHMENT (Part 1)] Migrated 2,993 rows.
2026-01-13 16:17:32 [E780.E780_IF_FILE_ATTACHMENT (Part 1)] Migrated 2,994 rows.
2026-01-13 16:17:32 [E780.E780_IF_FILE_ATTACHMENT (Part 1)] Migrated 2,995 rows.
2026-01-13 16:17:32 [E780.E780_IF_FILE_ATTACHMENT (Part 1)] Migrated 2,996 rows.
2026-01-13 16:17:32 [E780.E780_IF_FILE_ATTACHMENT (Part 1)] Migrated 2,997 rows.
2026-01-13 16:17:32 [E780.E780_IF_FILE_ATTACHMENT (Part 1)] Migrated 2,998 rows.
2026-01-13 16:17:33 [E780.E780_IF_FILE_ATTACHMENT (Part 1)] Migrated 2,999 rows.
2026-01-13 16:17:33 [E780.E780_IF_FILE_ATTACHMENT (Part 2)] Migrated 1,588 rows.
2026-01-13 16:17:33 [E780.E780_IF_FILE_ATTACHMENT (Part 1)] Migrated 3,000 rows.
2026-01-13 16:17:34 [E780.E780_IF_FILE_ATTACHMENT (Part 1)] Migrated 3,001 rows.
2026-01-13 16:17:35 [E780.E780_IF_FILE_ATTACHMENT (Part 1)] Migrated 3,002 rows.
2026-01-13 16:17:35 [E780.E780_IF_FILE_ATTACHMENT (Part 1)] Migrated 3,003 rows.
2026-01-13 16:17:35 [E780.E780_IF_FILE_ATTACHMENT (Part 1)] Migrated 3,004 rows.
2026-01-13 16:17:35 [E780.E780_IF_FILE_ATTACHMENT (Part 1)] Migrated 3,005 rows.
2026-01-13 16:17:35 [E780.E780_IF_FILE_ATTACHMENT (Part 1)] Migrated 3,006 rows.
2026-01-13 16:17:36 [E780.E780_IF_FILE_ATTACHMENT (Part 1)] Migrated 3,007 rows.
2026-01-13 16:17:36 [E780.E780_IF_FILE_ATTACHMENT (Part 1)] Migrated 3,008 rows.
2026-01-13 16:17:36 [E780.E780_IF_FILE_ATTACHMENT (Part 1)] Migrated 3,009 rows.
2026-01-13 16:17:36 [E780.E780_IF_FILE_ATTACHMENT (Part 1)] Migrated 3,010 rows.
2026-01-13 16:17:36 [E780.E780_IF_FILE_ATTACHMENT (Part 1)] Migrated 3,011 rows.
2026-01-13 16:17:36 [E780.E780_IF_FILE_ATTACHMENT (Part 1)] Migrated 3,012 rows.
2026-01-13 16:17:36 [E780.E780_IF_FILE_ATTACHMENT (Part 1)] Migrated 3,013 rows.
2026-01-13 16:17:36 [E780.E780_IF_FILE_ATTACHMENT (Part 1)] Migrated 3,014 rows.
2026-01-13 16:17:36 [E780.E780_IF_FILE_ATTACHMENT (Part 1)] Migrated 3,015 rows.
2026-01-13 16:17:36 [E780.E780_IF_FILE_ATTACHMENT (Part 1)] Migrated 3,016 rows.
2026-01-13 16:17:36 [E780.E780_IF_FILE_ATTACHMENT (Part 1)] Migrated 3,017 rows.
2026-01-13 16:17:37 [E780.E780_IF_FILE_ATTACHMENT (Part 1)] Migrated 3,018 rows.
2026-01-13 16:17:37 [E780.E780_IF_FILE_ATTACHMENT (Part 1)] Migrated 3,019 rows.
2026-01-13 16:17:37 [E780.E780_IF_FILE_ATTACHMENT (Part 1)] Migrated 3,020 rows.
2026-01-13 16:17:38 [E780.E780_IF_FILE_ATTACHMENT (Part 1)] Migrated 3,021 rows.
2026-01-13 16:17:38 [E780.E780_IF_FILE_ATTACHMENT (Part 1)] Migrated 3,022 rows.
2026-01-13 16:17:38 [E780.E780_IF_FILE_ATTACHMENT (Part 1)] Migrated 3,023 rows.
2026-01-13 16:17:38 [E780.E780_IF_FILE_ATTACHMENT (Part 1)] Migrated 3,024 rows.
2026-01-13 16:17:39 [E780.E780_IF_FILE_ATTACHMENT (Part 3)] Migrated 1,516 rows.
2026-01-13 16:17:39 [E780.E780_IF_FILE_ATTACHMENT (Part 1)] Migrated 3,025 rows.
2026-01-13 16:17:39 [E780.E780_IF_FILE_ATTACHMENT (Part 4)] Migrated 1,478 rows.
2026-01-13 16:17:39 [E780.E780_IF_FILE_ATTACHMENT (Part 4)] Migrated 1,479 rows.
2026-01-13 16:17:39 [E780.E780_IF_FILE_ATTACHMENT (Part 3)] Migrated 1,517 rows.
2026-01-13 16:17:39 [E780.E780_IF_FILE_ATTACHMENT (Part 1)] Migrated 3,026 rows.
2026-01-13 16:17:40 [E780.E780_IF_FILE_ATTACHMENT (Part 1)] Migrated 3,027 rows.
2026-01-13 16:17:40 [E780.E780_IF_FILE_ATTACHMENT (Part 4)] Migrated 1,480 rows.
2026-01-13 16:17:40 [E780.E780_IF_FILE_ATTACHMENT (Part 4)] Migrated 1,481 rows.
2026-01-13 16:17:40 [E780.E780_IF_FILE_ATTACHMENT (Part 4)] Migrated 1,482 rows.
2026-01-13 16:17:40 [E780.E780_IF_FILE_ATTACHMENT (Part 2)] Migrated 1,589 rows.
2026-01-13 16:17:40 [E780.E780_IF_FILE_ATTACHMENT (Part 4)] Migrated 1,483 rows.
2026-01-13 16:17:41 [E780.E780_IF_FILE_ATTACHMENT (Part 1)] Migrated 3,028 rows.
2026-01-13 16:17:41 [E780.E780_IF_FILE_ATTACHMENT (Part 1)] Migrated 3,029 rows.
2026-01-13 16:17:41 [E780.E780_IF_FILE_ATTACHMENT (Part 1)] Migrated 3,030 rows.
2026-01-13 16:17:41 [E780.E780_IF_FILE_ATTACHMENT (Part 4)] Migrated 1,484 rows.
2026-01-13 16:17:41 [E780.E780_IF_FILE_ATTACHMENT (Part 1)] Migrated 3,031 rows.
2026-01-13 16:17:41 [E780.E780_IF_FILE_ATTACHMENT (Part 1)] Migrated 3,032 rows.
2026-01-13 16:17:42 [E780.E780_IF_FILE_ATTACHMENT (Part 4)] Migrated 1,485 rows.
2026-01-13 16:17:42 [E780.E780_IF_FILE_ATTACHMENT (Part 1)] Migrated 3,033 rows.
2026-01-13 16:17:42 [E780.E780_IF_FILE_ATTACHMENT (Part 4)] Migrated 1,486 rows.
2026-01-13 16:17:42 [E780.E780_IF_FILE_ATTACHMENT (Part 1)] Migrated 3,034 rows.
2026-01-13 16:17:42 [E780.E780_IF_FILE_ATTACHMENT (Part 1)] Migrated 3,035 rows.
2026-01-13 16:17:42 [E780.E780_IF_FILE_ATTACHMENT (Part 1)] Migrated 3,036 rows.
2026-01-13 16:17:42 [E780.E780_IF_FILE_ATTACHMENT (Part 1)] Migrated 3,037 rows.
2026-01-13 16:17:42 [E780.E780_IF_FILE_ATTACHMENT (Part 1)] Migrated 3,038 rows.
2026-01-13 16:17:42 [E780.E780_IF_FILE_ATTACHMENT (Part 1)] Migrated 3,039 rows.
2026-01-13 16:17:42 [E780.E780_IF_FILE_ATTACHMENT (Part 1)] Migrated 3,040 rows.
2026-01-13 16:17:42 [E780.E780_IF_FILE_ATTACHMENT (Part 1)] Migrated 3,041 rows.
2026-01-13 16:17:43 [E780.E780_IF_FILE_ATTACHMENT (Part 1)] Migrated 3,042 rows.
2026-01-13 16:17:43 [E780.E780_IF_FILE_ATTACHMENT (Part 1)] Migrated 3,043 rows.
2026-01-13 16:17:43 [E780.E780_IF_FILE_ATTACHMENT (Part 1)] Migrated 3,044 rows.
2026-01-13 16:17:43 [E780.E780_IF_FILE_ATTACHMENT (Part 4)] Migrated 1,487 rows.
2026-01-13 16:17:43 [E780.E780_IF_FILE_ATTACHMENT (Part 1)] Migrated 3,045 rows.
2026-01-13 16:17:44 [E780.E780_IF_FILE_ATTACHMENT (Part 1)] Migrated 3,046 rows.
2026-01-13 16:17:44 [E780.E780_IF_FILE_ATTACHMENT (Part 4)] Migrated 1,488 rows.
2026-01-13 16:17:44 [E780.E780_IF_FILE_ATTACHMENT (Part 4)] Migrated 1,489 rows.
2026-01-13 16:17:44 [E780.E780_IF_FILE_ATTACHMENT (Part 1)] Migrated 3,047 rows.
2026-01-13 16:17:44 [E780.E780_IF_FILE_ATTACHMENT (Part 4)] Migrated 1,490 rows.
2026-01-13 16:17:44 [E780.E780_IF_FILE_ATTACHMENT (Part 1)] Migrated 3,048 rows.
2026-01-13 16:17:44 [E780.E780_IF_FILE_ATTACHMENT (Part 4)] Migrated 1,491 rows.
2026-01-13 16:17:44 [E780.E780_IF_FILE_ATTACHMENT (Part 4)] Migrated 1,492 rows.
2026-01-13 16:17:46 [E780.E780_IF_FILE_ATTACHMENT (Part 4)] Migrated 1,493 rows.
2026-01-13 16:17:46 [E780.E780_IF_FILE_ATTACHMENT (Part 1)] Migrated 3,049 rows.
2026-01-13 16:17:46 [E780.E780_IF_FILE_ATTACHMENT (Part 2)] Migrated 1,590 rows.
2026-01-13 16:17:47 [E780.E780_IF_FILE_ATTACHMENT (Part 2)] Migrated 1,591 rows.
2026-01-13 16:17:47 [E780.E780_IF_FILE_ATTACHMENT (Part 4)] Migrated 1,494 rows.
2026-01-13 16:17:47 [E780.E780_IF_FILE_ATTACHMENT (Part 1)] Migrated 3,050 rows.
2026-01-13 16:17:47 [E780.E780_IF_FILE_ATTACHMENT (Part 2)] Migrated 1,592 rows.
2026-01-13 16:17:47 [E780.E780_IF_FILE_ATTACHMENT (Part 1)] Migrated 3,051 rows.
2026-01-13 16:17:47 [E780.E780_IF_FILE_ATTACHMENT (Part 1)] Migrated 3,052 rows.
2026-01-13 16:17:47 [E780.E780_IF_FILE_ATTACHMENT (Part 1)] Migrated 3,053 rows.
2026-01-13 16:17:48 [E780.E780_IF_FILE_ATTACHMENT (Part 4)] Migrated 1,495 rows.
2026-01-13 16:17:48 [E780.E780_IF_FILE_ATTACHMENT (Part 1)] Migrated 3,054 rows.
2026-01-13 16:17:48 [E780.E780_IF_FILE_ATTACHMENT (Part 1)] Migrated 3,055 rows.
2026-01-13 16:17:48 [E780.E780_IF_FILE_ATTACHMENT (Part 1)] Migrated 3,056 rows.
2026-01-13 16:17:48 [E780.E780_IF_FILE_ATTACHMENT (Part 1)] Migrated 3,057 rows.
2026-01-13 16:17:49 [E780.E780_IF_FILE_ATTACHMENT (Part 1)] Migrated 3,058 rows.
2026-01-13 16:17:49 [E780.E780_IF_FILE_ATTACHMENT (Part 1)] Migrated 3,059 rows.
2026-01-13 16:17:49 [E780.E780_IF_FILE_ATTACHMENT (Part 4)] Migrated 1,496 rows.
2026-01-13 16:17:49 [E780.E780_IF_FILE_ATTACHMENT (Part 4)] Migrated 1,497 rows.
2026-01-13 16:17:49 [E780.E780_IF_FILE_ATTACHMENT (Part 4)] Migrated 1,498 rows.
2026-01-13 16:17:49 [E780.E780_IF_FILE_ATTACHMENT (Part 1)] Migrated 3,060 rows.
2026-01-13 16:17:49 [E780.E780_IF_FILE_ATTACHMENT (Part 4)] Migrated 1,499 rows.
2026-01-13 16:17:49 [E780.E780_IF_FILE_ATTACHMENT (Part 4)] Migrated 1,500 rows.
2026-01-13 16:17:49 [E780.E780_IF_FILE_ATTACHMENT (Part 3)] Migrated 1,518 rows.
2026-01-13 16:17:50 [E780.E780_IF_FILE_ATTACHMENT (Part 4)] Migrated 1,501 rows.
2026-01-13 16:17:50 [E780.E780_IF_FILE_ATTACHMENT (Part 3)] Migrated 1,519 rows.
2026-01-13 16:17:50 [E780.E780_IF_FILE_ATTACHMENT (Part 4)] Migrated 1,502 rows.
2026-01-13 16:17:50 [E780.E780_IF_FILE_ATTACHMENT (Part 1)] Migrated 3,061 rows.
2026-01-13 16:17:50 [E780.E780_IF_FILE_ATTACHMENT (Part 4)] Migrated 1,503 rows.
2026-01-13 16:17:50 [E780.E780_IF_FILE_ATTACHMENT (Part 4)] Migrated 1,504 rows.
2026-01-13 16:17:50 [E780.E780_IF_FILE_ATTACHMENT (Part 4)] Migrated 1,505 rows.
2026-01-13 16:17:50 [E780.E780_IF_FILE_ATTACHMENT (Part 4)] Migrated 1,506 rows.
2026-01-13 16:17:50 [E780.E780_IF_FILE_ATTACHMENT (Part 4)] Migrated 1,507 rows.
2026-01-13 16:17:50 [E780.E780_IF_FILE_ATTACHMENT (Part 4)] Migrated 1,508 rows.
2026-01-13 16:17:50 [E780.E780_IF_FILE_ATTACHMENT (Part 4)] Migrated 1,509 rows.
2026-01-13 16:17:50 [E780.E780_IF_FILE_ATTACHMENT (Part 1)] Migrated 3,062 rows.
2026-01-13 16:17:50 [E780.E780_IF_FILE_ATTACHMENT (Part 4)] Migrated 1,510 rows.
2026-01-13 16:17:50 [E780.E780_IF_FILE_ATTACHMENT (Part 4)] Migrated 1,511 rows.
2026-01-13 16:17:51 [E780.E780_IF_FILE_ATTACHMENT (Part 4)] Migrated 1,512 rows.
2026-01-13 16:17:51 [E780.E780_IF_FILE_ATTACHMENT (Part 3)] Migrated 1,520 rows.
2026-01-13 16:17:51 [E780.E780_IF_FILE_ATTACHMENT (Part 4)] Migrated 1,513 rows.
2026-01-13 16:17:51 [E780.E780_IF_FILE_ATTACHMENT (Part 4)] Migrated 1,514 rows.
2026-01-13 16:17:51 [E780.E780_IF_FILE_ATTACHMENT (Part 4)] Migrated 1,515 rows.
2026-01-13 16:17:51 [E780.E780_IF_FILE_ATTACHMENT (Part 1)] Migrated 3,063 rows.
2026-01-13 16:17:51 [E780.E780_IF_FILE_ATTACHMENT (Part 4)] Migrated 1,516 rows.
2026-01-13 16:17:51 [E780.E780_IF_FILE_ATTACHMENT (Part 1)] Migrated 3,064 rows.
2026-01-13 16:17:51 [E780.E780_IF_FILE_ATTACHMENT (Part 4)] Migrated 1,517 rows.
2026-01-13 16:17:51 [E780.E780_IF_FILE_ATTACHMENT (Part 4)] Migrated 1,518 rows.
2026-01-13 16:17:52 [E780.E780_IF_FILE_ATTACHMENT (Part 4)] Migrated 1,519 rows.
2026-01-13 16:17:52 [E780.E780_IF_FILE_ATTACHMENT (Part 4)] Migrated 1,520 rows.
2026-01-13 16:17:52 [E780.E780_IF_FILE_ATTACHMENT (Part 4)] Migrated 1,521 rows.
2026-01-13 16:17:52 [E780.E780_IF_FILE_ATTACHMENT (Part 4)] Migrated 1,522 rows.
2026-01-13 16:17:52 [E780.E780_IF_FILE_ATTACHMENT (Part 3)] Migrated 1,521 rows.
2026-01-13 16:17:52 [E780.E780_IF_FILE_ATTACHMENT (Part 1)] Migrated 3,065 rows.
2026-01-13 16:17:52 [E780.E780_IF_FILE_ATTACHMENT (Part 1)] Migrated 3,066 rows.
2026-01-13 16:17:53 [E780.E780_IF_FILE_ATTACHMENT (Part 1)] Migrated 3,067 rows.
2026-01-13 16:17:54 [E780.E780_IF_FILE_ATTACHMENT (Part 3)] Migrated 1,522 rows.
2026-01-13 16:17:54 [E780.E780_IF_FILE_ATTACHMENT (Part 1)] Migrated 3,068 rows.
2026-01-13 16:17:54 [E780.E780_IF_FILE_ATTACHMENT (Part 1)] Migrated 3,069 rows.
2026-01-13 16:17:54 [E780.E780_IF_FILE_ATTACHMENT (Part 1)] Migrated 3,070 rows.
2026-01-13 16:17:54 [E780.E780_IF_FILE_ATTACHMENT (Part 1)] Migrated 3,071 rows.
2026-01-13 16:17:55 [E780.E780_IF_FILE_ATTACHMENT (Part 1)] Migrated 3,072 rows.
2026-01-13 16:17:55 [E780.E780_IF_FILE_ATTACHMENT (Part 1)] Migrated 3,073 rows.
2026-01-13 16:17:55 [E780.E780_IF_FILE_ATTACHMENT (Part 3)] Migrated 1,523 rows.
2026-01-13 16:17:55 [E780.E780_IF_FILE_ATTACHMENT (Part 3)] Migrated 1,524 rows.
2026-01-13 16:17:55 [E780.E780_IF_FILE_ATTACHMENT (Part 3)] Migrated 1,525 rows.
2026-01-13 16:17:55 [E780.E780_IF_FILE_ATTACHMENT (Part 3)] Migrated 1,526 rows.
2026-01-13 16:17:55 [E780.E780_IF_FILE_ATTACHMENT (Part 3)] Migrated 1,527 rows.
2026-01-13 16:17:55 [E780.E780_IF_FILE_ATTACHMENT (Part 3)] Migrated 1,528 rows.
2026-01-13 16:17:56 [E780.E780_IF_FILE_ATTACHMENT (Part 3)] Migrated 1,529 rows.
2026-01-13 16:17:56 [E780.E780_IF_FILE_ATTACHMENT (Part 1)] Migrated 3,074 rows.
2026-01-13 16:17:56 [E780.E780_IF_FILE_ATTACHMENT (Part 1)] Migrated 3,075 rows.
2026-01-13 16:17:56 [E780.E780_IF_FILE_ATTACHMENT (Part 1)] Migrated 3,076 rows.
2026-01-13 16:17:56 [E780.E780_IF_FILE_ATTACHMENT (Part 3)] Migrated 1,530 rows.
2026-01-13 16:17:56 [E780.E780_IF_FILE_ATTACHMENT (Part 1)] Migrated 3,077 rows.
2026-01-13 16:17:56 [E780.E780_IF_FILE_ATTACHMENT (Part 3)] Migrated 1,531 rows.
2026-01-13 16:17:56 [E780.E780_IF_FILE_ATTACHMENT (Part 1)] Migrated 3,078 rows.
2026-01-13 16:17:56 [E780.E780_IF_FILE_ATTACHMENT (Part 3)] Migrated 1,532 rows.
2026-01-13 16:17:56 [E780.E780_IF_FILE_ATTACHMENT (Part 1)] Migrated 3,079 rows.
2026-01-13 16:17:56 [E780.E780_IF_FILE_ATTACHMENT (Part 3)] Migrated 1,533 rows.
2026-01-13 16:17:56 [E780.E780_IF_FILE_ATTACHMENT (Part 1)] Migrated 3,080 rows.
2026-01-13 16:17:56 [E780.E780_IF_FILE_ATTACHMENT (Part 1)] Migrated 3,081 rows.
2026-01-13 16:17:56 [E780.E780_IF_FILE_ATTACHMENT (Part 1)] Migrated 3,082 rows.
2026-01-13 16:17:57 [E780.E780_IF_FILE_ATTACHMENT (Part 1)] Migrated 3,083 rows.
2026-01-13 16:17:57 [E780.E780_IF_FILE_ATTACHMENT (Part 4)] Migrated 1,523 rows.
2026-01-13 16:17:57 [E780.E780_IF_FILE_ATTACHMENT (Part 1)] Migrated 3,084 rows.
2026-01-13 16:17:57 [E780.E780_IF_FILE_ATTACHMENT (Part 1)] Migrated 3,085 rows.
2026-01-13 16:17:57 [E780.E780_IF_FILE_ATTACHMENT (Part 1)] Migrated 3,086 rows.
2026-01-13 16:17:57 [E780.E780_IF_FILE_ATTACHMENT (Part 1)] Migrated 3,087 rows.
2026-01-13 16:17:57 [E780.E780_IF_FILE_ATTACHMENT (Part 1)] Migrated 3,088 rows.
2026-01-13 16:17:57 [E780.E780_IF_FILE_ATTACHMENT (Part 1)] Migrated 3,089 rows.
2026-01-13 16:17:57 [E780.E780_IF_FILE_ATTACHMENT (Part 1)] Migrated 3,090 rows.
2026-01-13 16:17:58 [E780.E780_IF_FILE_ATTACHMENT (Part 1)] Migrated 3,091 rows.
2026-01-13 16:17:58 [E780.E780_IF_FILE_ATTACHMENT (Part 4)] Migrated 1,524 rows.
2026-01-13 16:17:58 [E780.E780_IF_FILE_ATTACHMENT (Part 4)] Migrated 1,525 rows.
2026-01-13 16:17:58 [E780.E780_IF_FILE_ATTACHMENT (Part 4)] Migrated 1,526 rows.
2026-01-13 16:17:58 [E780.E780_IF_FILE_ATTACHMENT (Part 1)] Migrated 3,092 rows.
2026-01-13 16:17:58 [E780.E780_IF_FILE_ATTACHMENT (Part 4)] Migrated 1,527 rows.
2026-01-13 16:17:58 [E780.E780_IF_FILE_ATTACHMENT (Part 4)] Migrated 1,528 rows.
2026-01-13 16:17:58 [E780.E780_IF_FILE_ATTACHMENT (Part 4)] Migrated 1,529 rows.
2026-01-13 16:17:59 [E780.E780_IF_FILE_ATTACHMENT (Part 4)] Migrated 1,530 rows.
2026-01-13 16:17:59 [E780.E780_IF_FILE_ATTACHMENT (Part 4)] Migrated 1,531 rows.
2026-01-13 16:17:59 [E780.E780_IF_FILE_ATTACHMENT (Part 2)] Migrated 1,593 rows.
2026-01-13 16:17:59 [E780.E780_IF_FILE_ATTACHMENT (Part 1)] Migrated 3,093 rows.
2026-01-13 16:17:59 [E780.E780_IF_FILE_ATTACHMENT (Part 4)] Migrated 1,532 rows.
2026-01-13 16:17:59 [E780.E780_IF_FILE_ATTACHMENT (Part 4)] Migrated 1,533 rows.
2026-01-13 16:17:59 [E780.E780_IF_FILE_ATTACHMENT (Part 3)] Migrated 1,534 rows.
2026-01-13 16:17:59 [E780.E780_IF_FILE_ATTACHMENT (Part 4)] Migrated 1,534 rows.
2026-01-13 16:18:00 [E780.E780_IF_FILE_ATTACHMENT (Part 4)] Migrated 1,535 rows.
2026-01-13 16:18:00 [E780.E780_IF_FILE_ATTACHMENT (Part 1)] Migrated 3,094 rows.
2026-01-13 16:18:00 [E780.E780_IF_FILE_ATTACHMENT (Part 4)] Migrated 1,536 rows.
2026-01-13 16:18:00 [E780.E780_IF_FILE_ATTACHMENT (Part 2)] Migrated 1,594 rows.
2026-01-13 16:18:00 [E780.E780_IF_FILE_ATTACHMENT (Part 1)] Migrated 3,095 rows.
2026-01-13 16:18:00 [E780.E780_IF_FILE_ATTACHMENT (Part 2)] Migrated 1,595 rows.
2026-01-13 16:18:00 [E780.E780_IF_FILE_ATTACHMENT (Part 2)] Migrated 1,596 rows.
2026-01-13 16:18:00 [E780.E780_IF_FILE_ATTACHMENT (Part 2)] Migrated 1,597 rows.
2026-01-13 16:18:00 [E780.E780_IF_FILE_ATTACHMENT (Part 3)] Migrated 1,535 rows.
2026-01-13 16:18:00 [E780.E780_IF_FILE_ATTACHMENT (Part 2)] Migrated 1,598 rows.
2026-01-13 16:18:00 [E780.E780_IF_FILE_ATTACHMENT (Part 2)] Migrated 1,599 rows.
2026-01-13 16:18:00 [E780.E780_IF_FILE_ATTACHMENT (Part 1)] Migrated 3,096 rows.
2026-01-13 16:18:00 [E780.E780_IF_FILE_ATTACHMENT (Part 1)] Migrated 3,097 rows.
2026-01-13 16:18:01 [E780.E780_IF_FILE_ATTACHMENT (Part 4)] Migrated 1,537 rows.
2026-01-13 16:18:01 [E780.E780_IF_FILE_ATTACHMENT (Part 1)] Migrated 3,098 rows.
2026-01-13 16:18:01 [E780.E780_IF_FILE_ATTACHMENT (Part 4)] Migrated 1,538 rows.
2026-01-13 16:18:01 [E780.E780_IF_FILE_ATTACHMENT (Part 4)] Migrated 1,539 rows.
2026-01-13 16:18:01 [E780.E780_IF_FILE_ATTACHMENT (Part 4)] Migrated 1,540 rows.
2026-01-13 16:18:01 [E780.E780_IF_FILE_ATTACHMENT (Part 4)] Migrated 1,541 rows.
2026-01-13 16:18:01 [E780.E780_IF_FILE_ATTACHMENT (Part 4)] Migrated 1,542 rows.
2026-01-13 16:18:01 [E780.E780_IF_FILE_ATTACHMENT (Part 1)] Migrated 3,099 rows.
2026-01-13 16:18:01 [E780.E780_IF_FILE_ATTACHMENT (Part 4)] Migrated 1,543 rows.
2026-01-13 16:18:01 [E780.E780_IF_FILE_ATTACHMENT (Part 3)] Migrated 1,536 rows.
2026-01-13 16:18:01 [E780.E780_IF_FILE_ATTACHMENT (Part 1)] Migrated 3,100 rows.
2026-01-13 16:18:02 [E780.E780_IF_FILE_ATTACHMENT (Part 1)] Migrated 3,101 rows.
2026-01-13 16:18:02 [E780.E780_IF_FILE_ATTACHMENT (Part 1)] Migrated 3,102 rows.
2026-01-13 16:18:02 [E780.E780_IF_FILE_ATTACHMENT (Part 1)] Migrated 3,103 rows.
2026-01-13 16:18:02 [E780.E780_IF_FILE_ATTACHMENT (Part 1)] Migrated 3,104 rows.
2026-01-13 16:18:02 [E780.E780_IF_FILE_ATTACHMENT (Part 2)] Migrated 1,600 rows.
2026-01-13 16:18:02 [E780.E780_IF_FILE_ATTACHMENT (Part 3)] Migrated 1,537 rows.
2026-01-13 16:18:02 [E780.E780_IF_FILE_ATTACHMENT (Part 1)] Migrated 3,105 rows.
2026-01-13 16:18:03 [E780.E780_IF_FILE_ATTACHMENT (Part 1)] Migrated 3,106 rows.
2026-01-13 16:18:03 [E780.E780_IF_FILE_ATTACHMENT (Part 1)] Migrated 3,107 rows.
2026-01-13 16:18:04 [E780.E780_IF_FILE_ATTACHMENT (Part 4)] Migrated 1,544 rows.
2026-01-13 16:18:04 [E780.E780_IF_FILE_ATTACHMENT (Part 4)] Migrated 1,545 rows.
2026-01-13 16:18:04 [E780.E780_IF_FILE_ATTACHMENT (Part 3)] Migrated 1,538 rows.
2026-01-13 16:18:04 [E780.E780_IF_FILE_ATTACHMENT (Part 4)] Migrated 1,546 rows.
2026-01-13 16:18:04 [E780.E780_IF_FILE_ATTACHMENT (Part 4)] Migrated 1,547 rows.
2026-01-13 16:18:04 [E780.E780_IF_FILE_ATTACHMENT (Part 4)] Migrated 1,548 rows.
2026-01-13 16:18:04 [E780.E780_IF_FILE_ATTACHMENT (Part 3)] Migrated 1,539 rows.
2026-01-13 16:18:04 [E780.E780_IF_FILE_ATTACHMENT (Part 1)] Migrated 3,108 rows.
2026-01-13 16:18:04 [E780.E780_IF_FILE_ATTACHMENT (Part 2)] Migrated 1,601 rows.
2026-01-13 16:18:04 [E780.E780_IF_FILE_ATTACHMENT (Part 3)] Migrated 1,540 rows.
2026-01-13 16:18:04 [E780.E780_IF_FILE_ATTACHMENT (Part 4)] Migrated 1,549 rows.
2026-01-13 16:18:04 [E780.E780_IF_FILE_ATTACHMENT (Part 4)] Migrated 1,550 rows.
2026-01-13 16:18:04 [E780.E780_IF_FILE_ATTACHMENT (Part 1)] Migrated 3,109 rows.
2026-01-13 16:18:04 [E780.E780_IF_FILE_ATTACHMENT (Part 4)] Migrated 1,551 rows.
2026-01-13 16:18:04 [E780.E780_IF_FILE_ATTACHMENT (Part 1)] Migrated 3,110 rows.
2026-01-13 16:18:05 [E780.E780_IF_FILE_ATTACHMENT (Part 1)] Migrated 3,111 rows.
2026-01-13 16:18:05 [E780.E780_IF_FILE_ATTACHMENT (Part 4)] Migrated 1,552 rows.
2026-01-13 16:18:05 [E780.E780_IF_FILE_ATTACHMENT (Part 1)] Migrated 3,112 rows.
2026-01-13 16:18:05 [E780.E780_IF_FILE_ATTACHMENT (Part 4)] Migrated 1,553 rows.
2026-01-13 16:18:05 [E780.E780_IF_FILE_ATTACHMENT (Part 1)] Migrated 3,113 rows.
2026-01-13 16:18:05 [E780.E780_IF_FILE_ATTACHMENT (Part 4)] Migrated 1,554 rows.
2026-01-13 16:18:05 [E780.E780_IF_FILE_ATTACHMENT (Part 1)] Migrated 3,114 rows.
2026-01-13 16:18:05 [E780.E780_IF_FILE_ATTACHMENT (Part 4)] Migrated 1,555 rows.
2026-01-13 16:18:05 [E780.E780_IF_FILE_ATTACHMENT (Part 2)] Migrated 1,602 rows.
2026-01-13 16:18:05 [E780.E780_IF_FILE_ATTACHMENT (Part 2)] Migrated 1,603 rows.
2026-01-13 16:18:05 [E780.E780_IF_FILE_ATTACHMENT (Part 1)] Migrated 3,115 rows.
2026-01-13 16:18:05 [E780.E780_IF_FILE_ATTACHMENT (Part 2)] Migrated 1,604 rows.
2026-01-13 16:18:05 [E780.E780_IF_FILE_ATTACHMENT (Part 1)] Migrated 3,116 rows.
2026-01-13 16:18:05 [E780.E780_IF_FILE_ATTACHMENT (Part 2)] Migrated 1,605 rows.
2026-01-13 16:18:05 [E780.E780_IF_FILE_ATTACHMENT (Part 4)] Migrated 1,556 rows.
2026-01-13 16:18:06 [E780.E780_IF_FILE_ATTACHMENT (Part 1)] Migrated 3,117 rows.
2026-01-13 16:18:06 [E780.E780_IF_FILE_ATTACHMENT (Part 4)] Migrated 1,557 rows.
2026-01-13 16:18:06 [E780.E780_IF_FILE_ATTACHMENT (Part 4)] Migrated 1,558 rows.
2026-01-13 16:18:06 [E780.E780_IF_FILE_ATTACHMENT (Part 1)] Migrated 3,118 rows.
2026-01-13 16:18:06 [E780.E780_IF_FILE_ATTACHMENT (Part 4)] Migrated 1,559 rows.
2026-01-13 16:18:06 [E780.E780_IF_FILE_ATTACHMENT (Part 3)] Migrated 1,541 rows.
2026-01-13 16:18:06 [E780.E780_IF_FILE_ATTACHMENT (Part 4)] Migrated 1,560 rows.
2026-01-13 16:18:06 [E780.E780_IF_FILE_ATTACHMENT (Part 1)] Migrated 3,119 rows.
2026-01-13 16:18:06 [E780.E780_IF_FILE_ATTACHMENT (Part 3)] Migrated 1,542 rows.
2026-01-13 16:18:06 [E780.E780_IF_FILE_ATTACHMENT (Part 3)] Migrated 1,543 rows.
2026-01-13 16:18:06 [E780.E780_IF_FILE_ATTACHMENT (Part 3)] Migrated 1,544 rows.
2026-01-13 16:18:06 [E780.E780_IF_FILE_ATTACHMENT (Part 3)] Migrated 1,545 rows.
2026-01-13 16:18:06 [E780.E780_IF_FILE_ATTACHMENT (Part 1)] Migrated 3,120 rows.
2026-01-13 16:18:06 [E780.E780_IF_FILE_ATTACHMENT (Part 4)] Migrated 1,561 rows.
2026-01-13 16:18:06 [E780.E780_IF_FILE_ATTACHMENT (Part 1)] Migrated 3,121 rows.
2026-01-13 16:18:07 [E780.E780_IF_FILE_ATTACHMENT (Part 1)] Migrated 3,122 rows.
2026-01-13 16:18:07 [E780.E780_IF_FILE_ATTACHMENT (Part 1)] Migrated 3,123 rows.
2026-01-13 16:18:07 [E780.E780_IF_FILE_ATTACHMENT (Part 3)] Migrated 1,546 rows.
2026-01-13 16:18:07 [E780.E780_IF_FILE_ATTACHMENT (Part 4)] Migrated 1,562 rows.
2026-01-13 16:18:07 [E780.E780_IF_FILE_ATTACHMENT (Part 3)] Migrated 1,547 rows.
2026-01-13 16:18:07 [E780.E780_IF_FILE_ATTACHMENT (Part 3)] Migrated 1,548 rows.
2026-01-13 16:18:07 [E780.E780_IF_FILE_ATTACHMENT (Part 4)] Migrated 1,563 rows.
2026-01-13 16:18:07 [E780.E780_IF_FILE_ATTACHMENT (Part 2)] Migrated 1,606 rows.
2026-01-13 16:18:07 [E780.E780_IF_FILE_ATTACHMENT (Part 3)] Migrated 1,549 rows.
2026-01-13 16:18:07 [E780.E780_IF_FILE_ATTACHMENT (Part 1)] Migrated 3,124 rows.
2026-01-13 16:18:07 [E780.E780_IF_FILE_ATTACHMENT (Part 3)] Migrated 1,550 rows.
2026-01-13 16:18:07 [E780.E780_IF_FILE_ATTACHMENT (Part 3)] Migrated 1,551 rows.
2026-01-13 16:18:07 [E780.E780_IF_FILE_ATTACHMENT (Part 4)] Migrated 1,564 rows.
2026-01-13 16:18:07 [E780.E780_IF_FILE_ATTACHMENT (Part 3)] Migrated 1,552 rows.
2026-01-13 16:18:07 [E780.E780_IF_FILE_ATTACHMENT (Part 4)] Migrated 1,565 rows.
2026-01-13 16:18:07 [E780.E780_IF_FILE_ATTACHMENT (Part 4)] Migrated 1,566 rows.
2026-01-13 16:18:07 [E780.E780_IF_FILE_ATTACHMENT (Part 3)] Migrated 1,553 rows.
2026-01-13 16:18:07 [E780.E780_IF_FILE_ATTACHMENT (Part 3)] Migrated 1,554 rows.
2026-01-13 16:18:07 [E780.E780_IF_FILE_ATTACHMENT (Part 3)] Migrated 1,555 rows.
2026-01-13 16:18:08 [E780.E780_IF_FILE_ATTACHMENT (Part 1)] Migrated 3,125 rows.
2026-01-13 16:18:09 [E780.E780_IF_FILE_ATTACHMENT (Part 1)] Migrated 3,126 rows.
2026-01-13 16:18:09 [E780.E780_IF_FILE_ATTACHMENT (Part 1)] Migrated 3,127 rows.
2026-01-13 16:18:09 [E780.E780_IF_FILE_ATTACHMENT (Part 1)] Migrated 3,128 rows.
2026-01-13 16:18:09 [E780.E780_IF_FILE_ATTACHMENT (Part 1)] Migrated 3,129 rows.
2026-01-13 16:18:09 [E780.E780_IF_FILE_ATTACHMENT (Part 1)] Migrated 3,130 rows.
2026-01-13 16:18:09 [E780.E780_IF_FILE_ATTACHMENT (Part 1)] Migrated 3,131 rows.
2026-01-13 16:18:09 [E780.E780_IF_FILE_ATTACHMENT (Part 1)] Migrated 3,132 rows.
2026-01-13 16:18:09 [E780.E780_IF_FILE_ATTACHMENT (Part 3)] Migrated 1,556 rows.
2026-01-13 16:18:09 [E780.E780_IF_FILE_ATTACHMENT (Part 1)] Migrated 3,133 rows.
2026-01-13 16:18:09 [E780.E780_IF_FILE_ATTACHMENT (Part 3)] Migrated 1,557 rows.
2026-01-13 16:18:09 [E780.E780_IF_FILE_ATTACHMENT (Part 1)] Migrated 3,134 rows.
2026-01-13 16:18:09 [E780.E780_IF_FILE_ATTACHMENT (Part 2)] Migrated 1,607 rows.
2026-01-13 16:18:09 [E780.E780_IF_FILE_ATTACHMENT (Part 2)] Migrated 1,608 rows.
2026-01-13 16:18:09 [E780.E780_IF_FILE_ATTACHMENT (Part 3)] Migrated 1,558 rows.
2026-01-13 16:18:09 [E780.E780_IF_FILE_ATTACHMENT (Part 2)] Migrated 1,609 rows.
2026-01-13 16:18:09 [E780.E780_IF_FILE_ATTACHMENT (Part 2)] Migrated 1,610 rows.
2026-01-13 16:18:10 [E780.E780_IF_FILE_ATTACHMENT (Part 2)] Migrated 1,611 rows.
2026-01-13 16:18:10 [E780.E780_IF_FILE_ATTACHMENT (Part 3)] Migrated 1,559 rows.
2026-01-13 16:18:10 [E780.E780_IF_FILE_ATTACHMENT (Part 1)] Migrated 3,135 rows.
2026-01-13 16:18:10 [E780.E780_IF_FILE_ATTACHMENT (Part 1)] Migrated 3,136 rows.
2026-01-13 16:18:10 [E780.E780_IF_FILE_ATTACHMENT (Part 3)] Migrated 1,560 rows.
2026-01-13 16:18:10 [E780.E780_IF_FILE_ATTACHMENT (Part 2)] Migrated 1,612 rows.
2026-01-13 16:18:10 [E780.E780_IF_FILE_ATTACHMENT (Part 1)] Migrated 3,137 rows.
2026-01-13 16:18:10 [E780.E780_IF_FILE_ATTACHMENT (Part 3)] Migrated 1,561 rows.
2026-01-13 16:18:10 [E780.E780_IF_FILE_ATTACHMENT (Part 4)] Migrated 1,567 rows.
2026-01-13 16:18:10 [E780.E780_IF_FILE_ATTACHMENT (Part 3)] Migrated 1,562 rows.
2026-01-13 16:18:11 [E780.E780_IF_FILE_ATTACHMENT (Part 3)] Migrated 1,563 rows.
2026-01-13 16:18:11 [E780.E780_IF_FILE_ATTACHMENT (Part 1)] Migrated 3,138 rows.
2026-01-13 16:18:11 [E780.E780_IF_FILE_ATTACHMENT (Part 2)] Migrated 1,613 rows.
2026-01-13 16:18:11 [E780.E780_IF_FILE_ATTACHMENT (Part 2)] Migrated 1,614 rows.
2026-01-13 16:18:11 [E780.E780_IF_FILE_ATTACHMENT (Part 2)] Migrated 1,615 rows.
2026-01-13 16:18:11 [E780.E780_IF_FILE_ATTACHMENT (Part 2)] Migrated 1,616 rows.
2026-01-13 16:18:11 [E780.E780_IF_FILE_ATTACHMENT (Part 3)] Migrated 1,564 rows.
2026-01-13 16:18:11 [E780.E780_IF_FILE_ATTACHMENT (Part 2)] Migrated 1,617 rows.
2026-01-13 16:18:11 [E780.E780_IF_FILE_ATTACHMENT (Part 2)] Migrated 1,618 rows.
2026-01-13 16:18:11 [E780.E780_IF_FILE_ATTACHMENT (Part 1)] Migrated 3,139 rows.
2026-01-13 16:18:11 [E780.E780_IF_FILE_ATTACHMENT (Part 3)] Migrated 1,565 rows.
2026-01-13 16:18:11 [E780.E780_IF_FILE_ATTACHMENT (Part 1)] Migrated 3,140 rows.
2026-01-13 16:18:11 [E780.E780_IF_FILE_ATTACHMENT (Part 2)] Migrated 1,619 rows.
2026-01-13 16:18:11 [E780.E780_IF_FILE_ATTACHMENT (Part 1)] Migrated 3,141 rows.
2026-01-13 16:18:11 [E780.E780_IF_FILE_ATTACHMENT (Part 2)] Migrated 1,620 rows.
2026-01-13 16:18:11 [E780.E780_IF_FILE_ATTACHMENT (Part 4)] Migrated 1,568 rows.
2026-01-13 16:18:11 [E780.E780_IF_FILE_ATTACHMENT (Part 2)] Migrated 1,621 rows.
2026-01-13 16:18:11 [E780.E780_IF_FILE_ATTACHMENT (Part 3)] Migrated 1,566 rows.
2026-01-13 16:18:12 [E780.E780_IF_FILE_ATTACHMENT (Part 1)] Migrated 3,142 rows.
2026-01-13 16:18:12 [E780.E780_IF_FILE_ATTACHMENT (Part 2)] Migrated 1,622 rows.
2026-01-13 16:18:12 [E780.E780_IF_FILE_ATTACHMENT (Part 2)] Migrated 1,623 rows.
2026-01-13 16:18:12 [E780.E780_IF_FILE_ATTACHMENT (Part 1)] Migrated 3,143 rows.
2026-01-13 16:18:12 [E780.E780_IF_FILE_ATTACHMENT (Part 3)] Migrated 1,567 rows.
2026-01-13 16:18:12 [E780.E780_IF_FILE_ATTACHMENT (Part 4)] Migrated 1,569 rows.
2026-01-13 16:18:12 [E780.E780_IF_FILE_ATTACHMENT (Part 3)] Migrated 1,568 rows.
2026-01-13 16:18:12 [E780.E780_IF_FILE_ATTACHMENT (Part 2)] Migrated 1,624 rows.
2026-01-13 16:18:12 [E780.E780_IF_FILE_ATTACHMENT (Part 1)] Migrated 3,144 rows.
2026-01-13 16:18:12 [E780.E780_IF_FILE_ATTACHMENT (Part 4)] Migrated 1,570 rows.
2026-01-13 16:18:12 [E780.E780_IF_FILE_ATTACHMENT (Part 2)] Migrated 1,625 rows.
2026-01-13 16:18:12 [E780.E780_IF_FILE_ATTACHMENT (Part 1)] Migrated 3,145 rows.
2026-01-13 16:18:12 [E780.E780_IF_FILE_ATTACHMENT (Part 3)] Migrated 1,569 rows.
2026-01-13 16:18:12 [E780.E780_IF_FILE_ATTACHMENT (Part 3)] Migrated 1,570 rows.
2026-01-13 16:18:12 [E780.E780_IF_FILE_ATTACHMENT (Part 2)] Migrated 1,626 rows.
2026-01-13 16:18:12 [E780.E780_IF_FILE_ATTACHMENT (Part 3)] Migrated 1,571 rows.
2026-01-13 16:18:12 [E780.E780_IF_FILE_ATTACHMENT (Part 2)] Migrated 1,627 rows.
2026-01-13 16:18:13 [E780.E780_IF_FILE_ATTACHMENT (Part 2)] Migrated 1,628 rows.
2026-01-13 16:18:13 [E780.E780_IF_FILE_ATTACHMENT (Part 3)] Migrated 1,572 rows.
2026-01-13 16:18:13 [E780.E780_IF_FILE_ATTACHMENT (Part 3)] Migrated 1,573 rows.
2026-01-13 16:18:13 [E780.E780_IF_FILE_ATTACHMENT (Part 2)] Migrated 1,629 rows.
2026-01-13 16:18:13 [E780.E780_IF_FILE_ATTACHMENT (Part 1)] Migrated 3,146 rows.
2026-01-13 16:18:13 [E780.E780_IF_FILE_ATTACHMENT (Part 3)] Migrated 1,574 rows.
2026-01-13 16:18:13 [E780.E780_IF_FILE_ATTACHMENT (Part 4)] Migrated 1,571 rows.
2026-01-13 16:18:13 [E780.E780_IF_FILE_ATTACHMENT (Part 2)] Migrated 1,630 rows.
2026-01-13 16:18:13 [E780.E780_IF_FILE_ATTACHMENT (Part 1)] Migrated 3,147 rows.
2026-01-13 16:18:13 [E780.E780_IF_FILE_ATTACHMENT (Part 2)] Migrated 1,631 rows.
2026-01-13 16:18:13 [E780.E780_IF_FILE_ATTACHMENT (Part 2)] Migrated 1,632 rows.
2026-01-13 16:18:13 [E780.E780_IF_FILE_ATTACHMENT (Part 2)] Migrated 1,633 rows.
2026-01-13 16:18:13 [E780.E780_IF_FILE_ATTACHMENT (Part 4)] Migrated 1,572 rows.
2026-01-13 16:18:13 [E780.E780_IF_FILE_ATTACHMENT (Part 2)] Migrated 1,634 rows.
2026-01-13 16:18:13 [E780.E780_IF_FILE_ATTACHMENT (Part 4)] Migrated 1,573 rows.
2026-01-13 16:18:13 [E780.E780_IF_FILE_ATTACHMENT (Part 2)] Migrated 1,635 rows.
2026-01-13 16:18:13 [E780.E780_IF_FILE_ATTACHMENT (Part 2)] Migrated 1,636 rows.
2026-01-13 16:18:14 [E780.E780_IF_FILE_ATTACHMENT (Part 4)] Migrated 1,574 rows.
2026-01-13 16:18:14 [E780.E780_IF_FILE_ATTACHMENT (Part 4)] Migrated 1,575 rows.
2026-01-13 16:18:14 [E780.E780_IF_FILE_ATTACHMENT (Part 2)] Migrated 1,637 rows.
2026-01-13 16:18:14 [E780.E780_IF_FILE_ATTACHMENT (Part 1)] Migrated 3,148 rows.
2026-01-13 16:18:14 [E780.E780_IF_FILE_ATTACHMENT (Part 2)] Migrated 1,638 rows.
2026-01-13 16:18:14 [E780.E780_IF_FILE_ATTACHMENT (Part 3)] Migrated 1,575 rows.
2026-01-13 16:18:14 [E780.E780_IF_FILE_ATTACHMENT (Part 4)] Migrated 1,576 rows.
2026-01-13 16:18:14 [E780.E780_IF_FILE_ATTACHMENT (Part 2)] Migrated 1,639 rows.
2026-01-13 16:18:14 [E780.E780_IF_FILE_ATTACHMENT (Part 4)] Migrated 1,577 rows.
2026-01-13 16:18:14 [E780.E780_IF_FILE_ATTACHMENT (Part 3)] Migrated 1,576 rows.
2026-01-13 16:18:14 [E780.E780_IF_FILE_ATTACHMENT (Part 2)] Migrated 1,640 rows.
2026-01-13 16:18:14 [E780.E780_IF_FILE_ATTACHMENT (Part 2)] Migrated 1,641 rows.
2026-01-13 16:18:14 [E780.E780_IF_FILE_ATTACHMENT (Part 1)] Migrated 3,149 rows.
2026-01-13 16:18:14 [E780.E780_IF_FILE_ATTACHMENT (Part 3)] Migrated 1,577 rows.
2026-01-13 16:18:14 [E780.E780_IF_FILE_ATTACHMENT (Part 1)] Migrated 3,150 rows.
2026-01-13 16:18:14 [E780.E780_IF_FILE_ATTACHMENT (Part 3)] Migrated 1,578 rows.
2026-01-13 16:18:14 [E780.E780_IF_FILE_ATTACHMENT (Part 2)] Migrated 1,642 rows.
2026-01-13 16:18:14 [E780.E780_IF_FILE_ATTACHMENT (Part 1)] Migrated 3,151 rows.
2026-01-13 16:18:14 [E780.E780_IF_FILE_ATTACHMENT (Part 3)] Migrated 1,579 rows.
2026-01-13 16:18:14 [E780.E780_IF_FILE_ATTACHMENT (Part 1)] Migrated 3,152 rows.
2026-01-13 16:18:15 [E780.E780_IF_FILE_ATTACHMENT (Part 4)] Migrated 1,578 rows.
2026-01-13 16:18:15 [E780.E780_IF_FILE_ATTACHMENT (Part 1)] Migrated 3,153 rows.
2026-01-13 16:18:15 [E780.E780_IF_FILE_ATTACHMENT (Part 1)] Migrated 3,154 rows.
2026-01-13 16:18:15 [E780.E780_IF_FILE_ATTACHMENT (Part 3)] Migrated 1,580 rows.
2026-01-13 16:18:15 [E780.E780_IF_FILE_ATTACHMENT (Part 2)] Migrated 1,643 rows.
2026-01-13 16:18:15 [E780.E780_IF_FILE_ATTACHMENT (Part 1)] Migrated 3,155 rows.
2026-01-13 16:18:15 [E780.E780_IF_FILE_ATTACHMENT (Part 1)] Migrated 3,156 rows.
2026-01-13 16:18:15 [E780.E780_IF_FILE_ATTACHMENT (Part 1)] Migrated 3,157 rows.
2026-01-13 16:18:15 [E780.E780_IF_FILE_ATTACHMENT (Part 2)] Migrated 1,644 rows.
2026-01-13 16:18:15 [E780.E780_IF_FILE_ATTACHMENT (Part 3)] Migrated 1,581 rows.
2026-01-13 16:18:15 [E780.E780_IF_FILE_ATTACHMENT (Part 2)] Migrated 1,645 rows.
2026-01-13 16:18:15 [E780.E780_IF_FILE_ATTACHMENT (Part 2)] Migrated 1,646 rows.
2026-01-13 16:18:15 [E780.E780_IF_FILE_ATTACHMENT (Part 2)] Migrated 1,647 rows.
2026-01-13 16:18:15 [E780.E780_IF_FILE_ATTACHMENT (Part 2)] Migrated 1,648 rows.
2026-01-13 16:18:15 [E780.E780_IF_FILE_ATTACHMENT (Part 2)] Migrated 1,649 rows.
2026-01-13 16:18:15 [E780.E780_IF_FILE_ATTACHMENT (Part 2)] Migrated 1,650 rows.
2026-01-13 16:18:15 [E780.E780_IF_FILE_ATTACHMENT (Part 2)] Migrated 1,651 rows.
2026-01-13 16:18:15 [E780.E780_IF_FILE_ATTACHMENT (Part 1)] Migrated 3,158 rows.
2026-01-13 16:18:16 [E780.E780_IF_FILE_ATTACHMENT (Part 1)] Migrated 3,159 rows.
2026-01-13 16:18:16 [E780.E780_IF_FILE_ATTACHMENT (Part 4)] Migrated 1,579 rows.
2026-01-13 16:18:16 [E780.E780_IF_FILE_ATTACHMENT (Part 3)] Migrated 1,582 rows.
2026-01-13 16:18:16 [E780.E780_IF_FILE_ATTACHMENT (Part 2)] Migrated 1,652 rows.
2026-01-13 16:18:16 [E780.E780_IF_FILE_ATTACHMENT (Part 4)] Migrated 1,580 rows.
2026-01-13 16:18:16 [E780.E780_IF_FILE_ATTACHMENT (Part 3)] Migrated 1,583 rows.
2026-01-13 16:18:16 [E780.E780_IF_FILE_ATTACHMENT (Part 3)] Migrated 1,584 rows.
2026-01-13 16:18:16 [E780.E780_IF_FILE_ATTACHMENT (Part 4)] Migrated 1,581 rows.
2026-01-13 16:18:16 [E780.E780_IF_FILE_ATTACHMENT (Part 2)] Migrated 1,653 rows.
2026-01-13 16:18:16 [E780.E780_IF_FILE_ATTACHMENT (Part 4)] Migrated 1,582 rows.
2026-01-13 16:18:16 [E780.E780_IF_FILE_ATTACHMENT (Part 2)] Migrated 1,654 rows.
2026-01-13 16:18:16 [E780.E780_IF_FILE_ATTACHMENT (Part 4)] Migrated 1,583 rows.
2026-01-13 16:18:16 [E780.E780_IF_FILE_ATTACHMENT (Part 2)] Migrated 1,655 rows.
2026-01-13 16:18:16 [E780.E780_IF_FILE_ATTACHMENT (Part 3)] Migrated 1,585 rows.
2026-01-13 16:18:16 [E780.E780_IF_FILE_ATTACHMENT (Part 1)] Migrated 3,160 rows.
2026-01-13 16:18:16 [E780.E780_IF_FILE_ATTACHMENT (Part 3)] Migrated 1,586 rows.
2026-01-13 16:18:16 [E780.E780_IF_FILE_ATTACHMENT (Part 3)] Migrated 1,587 rows.
2026-01-13 16:18:17 [E780.E780_IF_FILE_ATTACHMENT (Part 3)] Migrated 1,588 rows.
2026-01-13 16:18:17 [E780.E780_IF_FILE_ATTACHMENT (Part 3)] Migrated 1,589 rows.
2026-01-13 16:18:17 [E780.E780_IF_FILE_ATTACHMENT (Part 3)] Migrated 1,590 rows.
2026-01-13 16:18:17 [E780.E780_IF_FILE_ATTACHMENT (Part 3)] Migrated 1,591 rows.
2026-01-13 16:18:17 [E780.E780_IF_FILE_ATTACHMENT (Part 3)] Migrated 1,592 rows.
2026-01-13 16:18:17 [E780.E780_IF_FILE_ATTACHMENT (Part 3)] Migrated 1,593 rows.
2026-01-13 16:18:17 [E780.E780_IF_FILE_ATTACHMENT (Part 3)] Migrated 1,594 rows.
2026-01-13 16:18:17 [E780.E780_IF_FILE_ATTACHMENT (Part 3)] Migrated 1,595 rows.
2026-01-13 16:18:17 [E780.E780_IF_FILE_ATTACHMENT (Part 1)] Migrated 3,161 rows.
2026-01-13 16:18:17 [E780.E780_IF_FILE_ATTACHMENT (Part 3)] Migrated 1,596 rows.
2026-01-13 16:18:17 [E780.E780_IF_FILE_ATTACHMENT (Part 3)] Migrated 1,597 rows.
2026-01-13 16:18:17 [E780.E780_IF_FILE_ATTACHMENT (Part 3)] Migrated 1,598 rows.
2026-01-13 16:18:17 [E780.E780_IF_FILE_ATTACHMENT (Part 4)] Migrated 1,584 rows.
2026-01-13 16:18:17 [E780.E780_IF_FILE_ATTACHMENT (Part 4)] Migrated 1,585 rows.
2026-01-13 16:18:17 [E780.E780_IF_FILE_ATTACHMENT (Part 3)] Migrated 1,599 rows.
2026-01-13 16:18:17 [E780.E780_IF_FILE_ATTACHMENT (Part 3)] Migrated 1,600 rows.
2026-01-13 16:18:17 [E780.E780_IF_FILE_ATTACHMENT (Part 4)] Migrated 1,586 rows.
2026-01-13 16:18:17 [E780.E780_IF_FILE_ATTACHMENT (Part 4)] Migrated 1,587 rows.
2026-01-13 16:18:18 [E780.E780_IF_FILE_ATTACHMENT (Part 3)] Migrated 1,601 rows.
2026-01-13 16:18:18 [E780.E780_IF_FILE_ATTACHMENT (Part 4)] Migrated 1,588 rows.
2026-01-13 16:18:18 [E780.E780_IF_FILE_ATTACHMENT (Part 3)] Migrated 1,602 rows.
2026-01-13 16:18:18 [E780.E780_IF_FILE_ATTACHMENT (Part 4)] Migrated 1,589 rows.
2026-01-13 16:18:18 [E780.E780_IF_FILE_ATTACHMENT (Part 3)] Migrated 1,603 rows.
2026-01-13 16:18:18 [E780.E780_IF_FILE_ATTACHMENT (Part 4)] Migrated 1,590 rows.
2026-01-13 16:18:18 [E780.E780_IF_FILE_ATTACHMENT (Part 3)] Migrated 1,604 rows.
2026-01-13 16:18:18 [E780.E780_IF_FILE_ATTACHMENT (Part 3)] Migrated 1,605 rows.
2026-01-13 16:18:18 [E780.E780_IF_FILE_ATTACHMENT (Part 3)] Migrated 1,606 rows.
2026-01-13 16:18:18 [E780.E780_IF_FILE_ATTACHMENT (Part 3)] Migrated 1,607 rows.
2026-01-13 16:18:18 [E780.E780_IF_FILE_ATTACHMENT (Part 3)] Migrated 1,608 rows.
2026-01-13 16:18:18 [E780.E780_IF_FILE_ATTACHMENT (Part 1)] Migrated 3,162 rows.
2026-01-13 16:18:18 [E780.E780_IF_FILE_ATTACHMENT (Part 1)] Migrated 3,163 rows.
2026-01-13 16:18:18 [E780.E780_IF_FILE_ATTACHMENT (Part 3)] Migrated 1,609 rows.
2026-01-13 16:18:18 [E780.E780_IF_FILE_ATTACHMENT (Part 1)] Migrated 3,164 rows.
2026-01-13 16:18:18 [E780.E780_IF_FILE_ATTACHMENT (Part 3)] Migrated 1,610 rows.
2026-01-13 16:18:18 [E780.E780_IF_FILE_ATTACHMENT (Part 1)] Migrated 3,165 rows.
2026-01-13 16:18:18 [E780.E780_IF_FILE_ATTACHMENT (Part 3)] Migrated 1,611 rows.
2026-01-13 16:18:18 [E780.E780_IF_FILE_ATTACHMENT (Part 1)] Migrated 3,166 rows.
2026-01-13 16:18:18 [E780.E780_IF_FILE_ATTACHMENT (Part 1)] Migrated 3,167 rows.
2026-01-13 16:18:19 [E780.E780_IF_FILE_ATTACHMENT (Part 4)] Migrated 1,591 rows.
2026-01-13 16:18:19 [E780.E780_IF_FILE_ATTACHMENT (Part 3)] Migrated 1,612 rows.
2026-01-13 16:18:19 [E780.E780_IF_FILE_ATTACHMENT (Part 4)] Migrated 1,592 rows.
2026-01-13 16:18:19 [E780.E780_IF_FILE_ATTACHMENT (Part 1)] Migrated 3,168 rows.
2026-01-13 16:18:19 [E780.E780_IF_FILE_ATTACHMENT (Part 4)] Migrated 1,593 rows.
2026-01-13 16:18:19 [E780.E780_IF_FILE_ATTACHMENT (Part 3)] Migrated 1,613 rows.
2026-01-13 16:18:19 [E780.E780_IF_FILE_ATTACHMENT (Part 1)] Migrated 3,169 rows.
2026-01-13 16:18:19 [E780.E780_IF_FILE_ATTACHMENT (Part 1)] Migrated 3,170 rows.
2026-01-13 16:18:19 [E780.E780_IF_FILE_ATTACHMENT (Part 3)] Migrated 1,614 rows.
2026-01-13 16:18:20 [E780.E780_IF_FILE_ATTACHMENT (Part 1)] Migrated 3,171 rows.
2026-01-13 16:18:20 [E780.E780_IF_FILE_ATTACHMENT (Part 1)] Migrated 3,172 rows.
2026-01-13 16:18:20 [E780.E780_IF_FILE_ATTACHMENT (Part 1)] Migrated 3,173 rows.
2026-01-13 16:18:20 [E780.E780_IF_FILE_ATTACHMENT (Part 3)] Migrated 1,615 rows.
2026-01-13 16:18:20 [E780.E780_IF_FILE_ATTACHMENT (Part 2)] Migrated 1,656 rows.
2026-01-13 16:18:20 [E780.E780_IF_FILE_ATTACHMENT (Part 2)] Migrated 1,657 rows.
2026-01-13 16:18:20 [E780.E780_IF_FILE_ATTACHMENT (Part 3)] Migrated 1,616 rows.
2026-01-13 16:18:20 [E780.E780_IF_FILE_ATTACHMENT (Part 2)] Migrated 1,658 rows.
2026-01-13 16:18:21 [E780.E780_IF_FILE_ATTACHMENT (Part 3)] Migrated 1,617 rows.
2026-01-13 16:18:21 [E780.E780_IF_FILE_ATTACHMENT (Part 2)] Migrated 1,659 rows.
2026-01-13 16:18:21 [E780.E780_IF_FILE_ATTACHMENT (Part 3)] Migrated 1,618 rows.
2026-01-13 16:18:21 [E780.E780_IF_FILE_ATTACHMENT (Part 2)] Migrated 1,660 rows.
