2026-01-09 11:55:56 Running EnterpriseDB Migration Toolkit (Build 55.2.3) ...
2026-01-09 11:55:56 Reading properties from environment
2026-01-09 11:55:56 Source database connectivity info...
2026-01-09 11:55:56 conn =jdbc:oracle:thin:@test1.corp:1521:testoracle
2026-01-09 11:55:56 user =system
2026-01-09 11:55:56 password=******
2026-01-09 11:55:56 Target database connectivity info...
2026-01-09 11:55:56 conn =jdbc:edb://test2:7654/testpos
2026-01-09 11:55:56 user =test
2026-01-09 11:55:56 password=******
2026-01-09 11:55:56 Connecting with source Oracle database server...
2026-01-09 11:55:56 Connected to Oracle, version 'Oracle Database 12c Enterprise Edition Release 12.2.0.1.0 - 64bit Production'
2026-01-09 11:55:56 Connecting with target EDB Postgres database server...
2026-01-09 11:55:57 Connected to EnterpriseDB, version '15.14.0'
2026-01-09 11:55:57 Importing redwood schema E780...
2026-01-09 11:55:57 Table List: 'E780_IF_FILE_ATTACHMENT'
2026-01-09 11:55:57 Getting Table Definitions
2026-01-09 11:55:57 Initializing Data Loader 1...
2026-01-09 11:55:57 Loading Table Data in 8 MB batches...
2026-01-09 11:55:57 Loading Large Objects into table: e780.e780_if_file_attachment ...
2026-01-09 11:55:57 getSelectSQL: SELECT ID, CONTENT, FILE_NAME FROM E780.E780_IF_FILE_ATTACHMENT
2026-01-09 11:55:57 [E780.E780_IF_FILE_ATTACHMENT] Migrated 1 rows.
2026-01-09 11:55:57 [E780.E780_IF_FILE_ATTACHMENT] Migrated 2 rows.
2026-01-09 11:55:57 [E780.E780_IF_FILE_ATTACHMENT] Migrated 3 rows.
2026-01-09 11:55:57 [E780.E780_IF_FILE_ATTACHMENT] Migrated 4 rows.
2026-01-09 11:55:58 [E780.E780_IF_FILE_ATTACHMENT] Migrated 5 rows.
2026-01-09 11:55:58 [E780.E780_IF_FILE_ATTACHMENT] Migrated 6 rows.
2026-01-09 11:55:58 [E780.E780_IF_FILE_ATTACHMENT] Migrated 7 rows.
2026-01-09 11:55:58 [E780.E780_IF_FILE_ATTACHMENT] Migrated 8 rows.
2026-01-09 11:55:58 [E780.E780_IF_FILE_ATTACHMENT] Migrated 9 rows.
2026-01-09 11:55:58 [E780.E780_IF_FILE_ATTACHMENT] Migrated 10 rows.
2026-01-09 11:55:58 [E780.E780_IF_FILE_ATTACHMENT] Migrated 11 rows.
2026-01-09 11:55:58 [E780.E780_IF_FILE_ATTACHMENT] Migrated 12 rows.
2026-01-09 11:55:58 [E780.E780_IF_FILE_ATTACHMENT] Migrated 13 rows.
2026-01-09 11:55:58 [E780.E780_IF_FILE_ATTACHMENT] Migrated 14 rows.
2026-01-09 11:55:59 [E780.E780_IF_FILE_ATTACHMENT] Migrated 15 rows.
2026-01-09 11:55:59 [E780.E780_IF_FILE_ATTACHMENT] Migrated 16 rows.
2026-01-09 11:55:59 [E780.E780_IF_FILE_ATTACHMENT] Migrated 17 rows.
2026-01-09 11:55:59 [E780.E780_IF_FILE_ATTACHMENT] Migrated 18 rows.
2026-01-09 11:55:59 [E780.E780_IF_FILE_ATTACHMENT] Migrated 19 rows.
2026-01-09 11:55:59 [E780.E780_IF_FILE_ATTACHMENT] Migrated 20 rows.
2026-01-09 11:55:59 [E780.E780_IF_FILE_ATTACHMENT] Migrated 21 rows.
2026-01-09 11:55:59 [E780.E780_IF_FILE_ATTACHMENT] Migrated 22 rows.
2026-01-09 11:55:59 [E780.E780_IF_FILE_ATTACHMENT] Migrated 23 rows.
2026-01-09 11:55:59 [E780.E780_IF_FILE_ATTACHMENT] Migrated 24 rows.
2026-01-09 11:55:59 [E780.E780_IF_FILE_ATTACHMENT] Migrated 25 rows.
2026-01-09 11:55:59 [E780.E780_IF_FILE_ATTACHMENT] Migrated 26 rows.
2026-01-09 11:55:59 [E780.E780_IF_FILE_ATTACHMENT] Migrated 27 rows.
2026-01-09 11:55:59 [E780.E780_IF_FILE_ATTACHMENT] Migrated 28 rows.
2026-01-09 11:55:59 [E780.E780_IF_FILE_ATTACHMENT] Migrated 29 rows.
2026-01-09 11:55:59 [E780.E780_IF_FILE_ATTACHMENT] Migrated 30 rows.
2026-01-09 11:55:59 [E780.E780_IF_FILE_ATTACHMENT] Migrated 31 rows.
2026-01-09 11:55:59 [E780.E780_IF_FILE_ATTACHMENT] Migrated 32 rows.
2026-01-09 11:55:59 [E780.E780_IF_FILE_ATTACHMENT] Migrated 33 rows.
2026-01-09 11:55:59 [E780.E780_IF_FILE_ATTACHMENT] Migrated 34 rows.
2026-01-09 11:55:59 [E780.E780_IF_FILE_ATTACHMENT] Migrated 35 rows.
2026-01-09 11:56:00 [E780.E780_IF_FILE_ATTACHMENT] Migrated 36 rows.
2026-01-09 11:56:00 [E780.E780_IF_FILE_ATTACHMENT] Migrated 37 rows.
2026-01-09 11:56:00 [E780.E780_IF_FILE_ATTACHMENT] Migrated 38 rows.
2026-01-09 11:56:00 [E780.E780_IF_FILE_ATTACHMENT] Migrated 39 rows.
2026-01-09 11:56:00 [E780.E780_IF_FILE_ATTACHMENT] Migrated 40 rows.
2026-01-09 11:56:01 [E780.E780_IF_FILE_ATTACHMENT] Migrated 41 rows.
2026-01-09 11:56:01 [E780.E780_IF_FILE_ATTACHMENT] Migrated 42 rows.
2026-01-09 11:56:01 [E780.E780_IF_FILE_ATTACHMENT] Migrated 43 rows.
2026-01-09 11:56:01 [E780.E780_IF_FILE_ATTACHMENT] Migrated 44 rows.
2026-01-09 11:56:01 [E780.E780_IF_FILE_ATTACHMENT] Migrated 45 rows.
2026-01-09 11:56:01 [E780.E780_IF_FILE_ATTACHMENT] Migrated 46 rows.
2026-01-09 11:56:01 [E780.E780_IF_FILE_ATTACHMENT] Migrated 47 rows.
2026-01-09 11:56:01 [E780.E780_IF_FILE_ATTACHMENT] Migrated 48 rows.
2026-01-09 11:56:01 [E780.E780_IF_FILE_ATTACHMENT] Migrated 49 rows.
2026-01-09 11:56:01 [E780.E780_IF_FILE_ATTACHMENT] Migrated 50 rows.
2026-01-09 11:56:01 [E780.E780_IF_FILE_ATTACHMENT] Migrated 51 rows.
2026-01-09 11:56:01 [E780.E780_IF_FILE_ATTACHMENT] Migrated 52 rows.
2026-01-09 11:56:01 [E780.E780_IF_FILE_ATTACHMENT] Migrated 53 rows.
2026-01-09 11:56:01 [E780.E780_IF_FILE_ATTACHMENT] Migrated 54 rows.
2026-01-09 11:56:01 [E780.E780_IF_FILE_ATTACHMENT] Migrated 55 rows.
2026-01-09 11:56:01 [E780.E780_IF_FILE_ATTACHMENT] Migrated 56 rows.
2026-01-09 11:56:01 [E780.E780_IF_FILE_ATTACHMENT] Migrated 57 rows.
2026-01-09 11:56:01 [E780.E780_IF_FILE_ATTACHMENT] Migrated 58 rows.
2026-01-09 11:56:01 [E780.E780_IF_FILE_ATTACHMENT] Migrated 59 rows.
2026-01-09 11:56:01 [E780.E780_IF_FILE_ATTACHMENT] Migrated 60 rows.
2026-01-09 11:56:01 [E780.E780_IF_FILE_ATTACHMENT] Migrated 61 rows.
2026-01-09 11:56:01 [E780.E780_IF_FILE_ATTACHMENT] Migrated 62 rows.
2026-01-09 11:56:01 [E780.E780_IF_FILE_ATTACHMENT] Migrated 63 rows.
2026-01-09 11:56:01 [E780.E780_IF_FILE_ATTACHMENT] Migrated 64 rows.
2026-01-09 11:56:01 [E780.E780_IF_FILE_ATTACHMENT] Migrated 65 rows.
2026-01-09 11:56:02 [E780.E780_IF_FILE_ATTACHMENT] Migrated 66 rows.
2026-01-09 11:56:02 [E780.E780_IF_FILE_ATTACHMENT] Migrated 67 rows.
2026-01-09 11:56:02 [E780.E780_IF_FILE_ATTACHMENT] Migrated 68 rows.
2026-01-09 11:56:02 [E780.E780_IF_FILE_ATTACHMENT] Migrated 69 rows.
2026-01-09 11:56:02 [E780.E780_IF_FILE_ATTACHMENT] Migrated 70 rows.
2026-01-09 11:56:02 [E780.E780_IF_FILE_ATTACHMENT] Migrated 71 rows.
2026-01-09 11:56:02 [E780.E780_IF_FILE_ATTACHMENT] Migrated 72 rows.
2026-01-09 11:56:02 [E780.E780_IF_FILE_ATTACHMENT] Migrated 73 rows.
2026-01-09 11:56:02 [E780.E780_IF_FILE_ATTACHMENT] Migrated 74 rows.
2026-01-09 11:56:02 [E780.E780_IF_FILE_ATTACHMENT] Migrated 75 rows.
2026-01-09 11:56:02 [E780.E780_IF_FILE_ATTACHMENT] Migrated 76 rows.
2026-01-09 11:56:02 [E780.E780_IF_FILE_ATTACHMENT] Migrated 77 rows.
2026-01-09 11:56:02 [E780.E780_IF_FILE_ATTACHMENT] Migrated 78 rows.
2026-01-09 11:56:02 [E780.E780_IF_FILE_ATTACHMENT] Migrated 79 rows.
2026-01-09 11:56:02 [E780.E780_IF_FILE_ATTACHMENT] Migrated 80 rows.
2026-01-09 11:56:02 [E780.E780_IF_FILE_ATTACHMENT] Migrated 81 rows.
2026-01-09 11:56:02 [E780.E780_IF_FILE_ATTACHMENT] Migrated 82 rows.
2026-01-09 11:56:02 [E780.E780_IF_FILE_ATTACHMENT] Migrated 83 rows.
2026-01-09 11:56:02 [E780.E780_IF_FILE_ATTACHMENT] Migrated 84 rows.
2026-01-09 11:56:02 [E780.E780_IF_FILE_ATTACHMENT] Migrated 85 rows.
2026-01-09 11:56:03 [E780.E780_IF_FILE_ATTACHMENT] Migrated 86 rows.
2026-01-09 11:56:03 [E780.E780_IF_FILE_ATTACHMENT] Migrated 87 rows.
2026-01-09 11:56:03 [E780.E780_IF_FILE_ATTACHMENT] Migrated 88 rows.
2026-01-09 11:56:03 [E780.E780_IF_FILE_ATTACHMENT] Migrated 89 rows.
2026-01-09 11:56:03 [E780.E780_IF_FILE_ATTACHMENT] Migrated 90 rows.
2026-01-09 11:56:03 [E780.E780_IF_FILE_ATTACHMENT] Migrated 91 rows.
2026-01-09 11:56:03 [E780.E780_IF_FILE_ATTACHMENT] Migrated 92 rows.
2026-01-09 11:56:03 [E780.E780_IF_FILE_ATTACHMENT] Migrated 93 rows.
2026-01-09 11:56:03 [E780.E780_IF_FILE_ATTACHMENT] Migrated 94 rows.
2026-01-09 11:56:03 [E780.E780_IF_FILE_ATTACHMENT] Migrated 95 rows.
2026-01-09 11:56:03 [E780.E780_IF_FILE_ATTACHMENT] Migrated 96 rows.
2026-01-09 11:56:03 [E780.E780_IF_FILE_ATTACHMENT] Migrated 97 rows.
2026-01-09 11:56:03 [E780.E780_IF_FILE_ATTACHMENT] Migrated 98 rows.
2026-01-09 11:56:03 [E780.E780_IF_FILE_ATTACHMENT] Migrated 99 rows.
2026-01-09 11:56:03 [E780.E780_IF_FILE_ATTACHMENT] Migrated 100 rows.
2026-01-09 11:56:03 [E780.E780_IF_FILE_ATTACHMENT] Migrated 101 rows.
2026-01-09 11:56:03 [E780.E780_IF_FILE_ATTACHMENT] Migrated 102 rows.
2026-01-09 11:56:03 [E780.E780_IF_FILE_ATTACHMENT] Migrated 103 rows.
2026-01-09 11:56:03 [E780.E780_IF_FILE_ATTACHMENT] Migrated 104 rows.
2026-01-09 11:56:03 [E780.E780_IF_FILE_ATTACHMENT] Migrated 105 rows.
2026-01-09 11:56:03 [E780.E780_IF_FILE_ATTACHMENT] Migrated 106 rows.
2026-01-09 11:56:04 [E780.E780_IF_FILE_ATTACHMENT] Migrated 107 rows.
2026-01-09 11:56:04 [E780.E780_IF_FILE_ATTACHMENT] Migrated 108 rows.
2026-01-09 11:56:04 [E780.E780_IF_FILE_ATTACHMENT] Migrated 109 rows.
2026-01-09 11:56:04 [E780.E780_IF_FILE_ATTACHMENT] Migrated 110 rows.
2026-01-09 11:56:04 [E780.E780_IF_FILE_ATTACHMENT] Migrated 111 rows.
2026-01-09 11:56:04 [E780.E780_IF_FILE_ATTACHMENT] Migrated 112 rows.
2026-01-09 11:56:04 [E780.E780_IF_FILE_ATTACHMENT] Migrated 113 rows.
2026-01-09 11:56:04 [E780.E780_IF_FILE_ATTACHMENT] Migrated 114 rows.
2026-01-09 11:56:04 [E780.E780_IF_FILE_ATTACHMENT] Migrated 115 rows.
2026-01-09 11:56:05 [E780.E780_IF_FILE_ATTACHMENT] Migrated 116 rows.
2026-01-09 11:56:05 [E780.E780_IF_FILE_ATTACHMENT] Migrated 117 rows.
2026-01-09 11:56:05 [E780.E780_IF_FILE_ATTACHMENT] Migrated 118 rows.
2026-01-09 11:56:05 [E780.E780_IF_FILE_ATTACHMENT] Migrated 119 rows.
2026-01-09 11:56:05 [E780.E780_IF_FILE_ATTACHMENT] Migrated 120 rows.
2026-01-09 11:56:05 [E780.E780_IF_FILE_ATTACHMENT] Migrated 121 rows.
2026-01-09 11:56:05 [E780.E780_IF_FILE_ATTACHMENT] Migrated 122 rows.
2026-01-09 11:56:05 [E780.E780_IF_FILE_ATTACHMENT] Migrated 123 rows.
2026-01-09 11:56:05 [E780.E780_IF_FILE_ATTACHMENT] Migrated 124 rows.
2026-01-09 11:56:05 [E780.E780_IF_FILE_ATTACHMENT] Migrated 125 rows.
2026-01-09 11:56:05 [E780.E780_IF_FILE_ATTACHMENT] Migrated 126 rows.
2026-01-09 11:56:05 [E780.E780_IF_FILE_ATTACHMENT] Migrated 127 rows.
2026-01-09 11:56:05 [E780.E780_IF_FILE_ATTACHMENT] Migrated 128 rows.
2026-01-09 11:56:05 [E780.E780_IF_FILE_ATTACHMENT] Migrated 129 rows.
2026-01-09 11:56:05 [E780.E780_IF_FILE_ATTACHMENT] Migrated 130 rows.
2026-01-09 11:56:05 [E780.E780_IF_FILE_ATTACHMENT] Migrated 131 rows.
2026-01-09 11:56:06 [E780.E780_IF_FILE_ATTACHMENT] Migrated 132 rows.
2026-01-09 11:56:06 [E780.E780_IF_FILE_ATTACHMENT] Migrated 133 rows.
2026-01-09 11:56:06 [E780.E780_IF_FILE_ATTACHMENT] Migrated 134 rows.
2026-01-09 11:56:06 [E780.E780_IF_FILE_ATTACHMENT] Migrated 135 rows.
2026-01-09 11:56:06 [E780.E780_IF_FILE_ATTACHMENT] Migrated 136 rows.
2026-01-09 11:56:06 [E780.E780_IF_FILE_ATTACHMENT] Migrated 137 rows.
2026-01-09 11:56:06 [E780.E780_IF_FILE_ATTACHMENT] Migrated 138 rows.
2026-01-09 11:56:06 [E780.E780_IF_FILE_ATTACHMENT] Migrated 139 rows.
2026-01-09 11:56:07 [E780.E780_IF_FILE_ATTACHMENT] Migrated 140 rows.
2026-01-09 11:56:07 [E780.E780_IF_FILE_ATTACHMENT] Migrated 141 rows.
2026-01-09 11:56:07 [E780.E780_IF_FILE_ATTACHMENT] Migrated 142 rows.
2026-01-09 11:56:07 [E780.E780_IF_FILE_ATTACHMENT] Migrated 143 rows.
2026-01-09 11:56:07 [E780.E780_IF_FILE_ATTACHMENT] Migrated 144 rows.
2026-01-09 11:56:07 [E780.E780_IF_FILE_ATTACHMENT] Migrated 145 rows.
2026-01-09 11:56:07 [E780.E780_IF_FILE_ATTACHMENT] Migrated 146 rows.
2026-01-09 11:56:07 [E780.E780_IF_FILE_ATTACHMENT] Migrated 147 rows.
2026-01-09 11:56:07 [E780.E780_IF_FILE_ATTACHMENT] Migrated 148 rows.
2026-01-09 11:56:07 [E780.E780_IF_FILE_ATTACHMENT] Migrated 149 rows.
2026-01-09 11:56:07 [E780.E780_IF_FILE_ATTACHMENT] Migrated 150 rows.
2026-01-09 11:56:07 [E780.E780_IF_FILE_ATTACHMENT] Migrated 151 rows.
2026-01-09 11:56:07 [E780.E780_IF_FILE_ATTACHMENT] Migrated 152 rows.
2026-01-09 11:56:07 [E780.E780_IF_FILE_ATTACHMENT] Migrated 153 rows.
2026-01-09 11:56:08 [E780.E780_IF_FILE_ATTACHMENT] Migrated 154 rows.
2026-01-09 11:56:08 [E780.E780_IF_FILE_ATTACHMENT] Migrated 155 rows.
2026-01-09 11:56:08 [E780.E780_IF_FILE_ATTACHMENT] Migrated 156 rows.
2026-01-09 11:56:08 [E780.E780_IF_FILE_ATTACHMENT] Migrated 157 rows.
2026-01-09 11:56:08 [E780.E780_IF_FILE_ATTACHMENT] Migrated 158 rows.
2026-01-09 11:56:08 [E780.E780_IF_FILE_ATTACHMENT] Migrated 159 rows.
2026-01-09 11:56:08 [E780.E780_IF_FILE_ATTACHMENT] Migrated 160 rows.
2026-01-09 11:56:09 [E780.E780_IF_FILE_ATTACHMENT] Migrated 161 rows.
2026-01-09 11:56:09 [E780.E780_IF_FILE_ATTACHMENT] Migrated 162 rows.
2026-01-09 11:56:09 [E780.E780_IF_FILE_ATTACHMENT] Migrated 163 rows.
2026-01-09 11:56:09 [E780.E780_IF_FILE_ATTACHMENT] Migrated 164 rows.
2026-01-09 11:56:09 [E780.E780_IF_FILE_ATTACHMENT] Migrated 165 rows.
2026-01-09 11:56:09 [E780.E780_IF_FILE_ATTACHMENT] Migrated 166 rows.
2026-01-09 11:56:09 [E780.E780_IF_FILE_ATTACHMENT] Migrated 167 rows.
2026-01-09 11:56:09 [E780.E780_IF_FILE_ATTACHMENT] Migrated 168 rows.
2026-01-09 11:56:09 [E780.E780_IF_FILE_ATTACHMENT] Migrated 169 rows.
2026-01-09 11:56:09 [E780.E780_IF_FILE_ATTACHMENT] Migrated 170 rows.
2026-01-09 11:56:09 [E780.E780_IF_FILE_ATTACHMENT] Migrated 171 rows.
2026-01-09 11:56:09 [E780.E780_IF_FILE_ATTACHMENT] Migrated 172 rows.
2026-01-09 11:56:09 [E780.E780_IF_FILE_ATTACHMENT] Migrated 173 rows.
2026-01-09 11:56:10 [E780.E780_IF_FILE_ATTACHMENT] Migrated 174 rows.
2026-01-09 11:56:10 [E780.E780_IF_FILE_ATTACHMENT] Migrated 175 rows.
2026-01-09 11:56:10 [E780.E780_IF_FILE_ATTACHMENT] Migrated 176 rows.
2026-01-09 11:56:10 [E780.E780_IF_FILE_ATTACHMENT] Migrated 177 rows.
2026-01-09 11:56:10 [E780.E780_IF_FILE_ATTACHMENT] Migrated 178 rows.
2026-01-09 11:56:10 [E780.E780_IF_FILE_ATTACHMENT] Migrated 179 rows.
2026-01-09 11:56:10 [E780.E780_IF_FILE_ATTACHMENT] Migrated 180 rows.
2026-01-09 11:56:10 [E780.E780_IF_FILE_ATTACHMENT] Migrated 181 rows.
2026-01-09 11:56:10 [E780.E780_IF_FILE_ATTACHMENT] Migrated 182 rows.
2026-01-09 11:56:10 [E780.E780_IF_FILE_ATTACHMENT] Migrated 183 rows.
2026-01-09 11:56:10 [E780.E780_IF_FILE_ATTACHMENT] Migrated 184 rows.
2026-01-09 11:56:10 [E780.E780_IF_FILE_ATTACHMENT] Migrated 185 rows.
2026-01-09 11:56:10 [E780.E780_IF_FILE_ATTACHMENT] Migrated 186 rows.
2026-01-09 11:56:10 [E780.E780_IF_FILE_ATTACHMENT] Migrated 187 rows.
2026-01-09 11:56:10 [E780.E780_IF_FILE_ATTACHMENT] Migrated 188 rows.
2026-01-09 11:56:10 [E780.E780_IF_FILE_ATTACHMENT] Migrated 189 rows.
2026-01-09 11:56:10 [E780.E780_IF_FILE_ATTACHMENT] Migrated 190 rows.
2026-01-09 11:56:11 [E780.E780_IF_FILE_ATTACHMENT] Migrated 191 rows.
2026-01-09 11:56:11 [E780.E780_IF_FILE_ATTACHMENT] Migrated 192 rows.
2026-01-09 11:56:11 [E780.E780_IF_FILE_ATTACHMENT] Migrated 193 rows.
2026-01-09 11:56:11 [E780.E780_IF_FILE_ATTACHMENT] Migrated 194 rows.
2026-01-09 11:56:11 [E780.E780_IF_FILE_ATTACHMENT] Migrated 195 rows.
2026-01-09 11:56:11 [E780.E780_IF_FILE_ATTACHMENT] Migrated 196 rows.
2026-01-09 11:56:11 [E780.E780_IF_FILE_ATTACHMENT] Migrated 197 rows.
2026-01-09 11:56:11 [E780.E780_IF_FILE_ATTACHMENT] Migrated 198 rows.
2026-01-09 11:56:11 [E780.E780_IF_FILE_ATTACHMENT] Migrated 199 rows.
2026-01-09 11:56:11 [E780.E780_IF_FILE_ATTACHMENT] Migrated 200 rows.
2026-01-09 11:56:11 [E780.E780_IF_FILE_ATTACHMENT] Migrated 201 rows.
2026-01-09 11:56:11 [E780.E780_IF_FILE_ATTACHMENT] Migrated 202 rows.
2026-01-09 11:56:11 [E780.E780_IF_FILE_ATTACHMENT] Migrated 203 rows.
2026-01-09 11:56:11 [E780.E780_IF_FILE_ATTACHMENT] Migrated 204 rows.
2026-01-09 11:56:11 [E780.E780_IF_FILE_ATTACHMENT] Migrated 205 rows.
2026-01-09 11:56:11 [E780.E780_IF_FILE_ATTACHMENT] Migrated 206 rows.
2026-01-09 11:56:11 [E780.E780_IF_FILE_ATTACHMENT] Migrated 207 rows.
2026-01-09 11:56:12 [E780.E780_IF_FILE_ATTACHMENT] Migrated 208 rows.
2026-01-09 11:56:12 [E780.E780_IF_FILE_ATTACHMENT] Migrated 209 rows.
2026-01-09 11:56:12 [E780.E780_IF_FILE_ATTACHMENT] Migrated 210 rows.
2026-01-09 11:56:12 [E780.E780_IF_FILE_ATTACHMENT] Migrated 211 rows.
2026-01-09 11:56:12 [E780.E780_IF_FILE_ATTACHMENT] Migrated 212 rows.
2026-01-09 11:56:12 [E780.E780_IF_FILE_ATTACHMENT] Migrated 213 rows.
2026-01-09 11:56:12 [E780.E780_IF_FILE_ATTACHMENT] Migrated 214 rows.
2026-01-09 11:56:12 [E780.E780_IF_FILE_ATTACHMENT] Migrated 215 rows.
2026-01-09 11:56:12 [E780.E780_IF_FILE_ATTACHMENT] Migrated 216 rows.
2026-01-09 11:56:12 [E780.E780_IF_FILE_ATTACHMENT] Migrated 217 rows.
2026-01-09 11:56:12 [E780.E780_IF_FILE_ATTACHMENT] Migrated 218 rows.
2026-01-09 11:56:12 [E780.E780_IF_FILE_ATTACHMENT] Migrated 219 rows.
2026-01-09 11:56:12 [E780.E780_IF_FILE_ATTACHMENT] Migrated 220 rows.
2026-01-09 11:56:13 [E780.E780_IF_FILE_ATTACHMENT] Migrated 221 rows.
2026-01-09 11:56:13 [E780.E780_IF_FILE_ATTACHMENT] Migrated 222 rows.
2026-01-09 11:56:13 [E780.E780_IF_FILE_ATTACHMENT] Migrated 223 rows.
2026-01-09 11:56:13 [E780.E780_IF_FILE_ATTACHMENT] Migrated 224 rows.
2026-01-09 11:56:13 [E780.E780_IF_FILE_ATTACHMENT] Migrated 225 rows.
2026-01-09 11:56:13 [E780.E780_IF_FILE_ATTACHMENT] Migrated 226 rows.
2026-01-09 11:56:13 [E780.E780_IF_FILE_ATTACHMENT] Migrated 227 rows.
2026-01-09 11:56:13 [E780.E780_IF_FILE_ATTACHMENT] Migrated 228 rows.
2026-01-09 11:56:13 [E780.E780_IF_FILE_ATTACHMENT] Migrated 229 rows.
2026-01-09 11:56:13 [E780.E780_IF_FILE_ATTACHMENT] Migrated 230 rows.
2026-01-09 11:56:13 [E780.E780_IF_FILE_ATTACHMENT] Migrated 231 rows.
2026-01-09 11:56:13 [E780.E780_IF_FILE_ATTACHMENT] Migrated 232 rows.
2026-01-09 11:56:13 [E780.E780_IF_FILE_ATTACHMENT] Migrated 233 rows.
2026-01-09 11:56:14 [E780.E780_IF_FILE_ATTACHMENT] Migrated 234 rows.
2026-01-09 11:56:14 [E780.E780_IF_FILE_ATTACHMENT] Migrated 235 rows.
2026-01-09 11:56:14 [E780.E780_IF_FILE_ATTACHMENT] Migrated 236 rows.
2026-01-09 11:56:14 [E780.E780_IF_FILE_ATTACHMENT] Migrated 237 rows.
2026-01-09 11:56:14 [E780.E780_IF_FILE_ATTACHMENT] Migrated 238 rows.
2026-01-09 11:56:14 [E780.E780_IF_FILE_ATTACHMENT] Migrated 239 rows.
2026-01-09 11:56:14 [E780.E780_IF_FILE_ATTACHMENT] Migrated 240 rows.
2026-01-09 11:56:14 [E780.E780_IF_FILE_ATTACHMENT] Migrated 241 rows.
2026-01-09 11:56:14 [E780.E780_IF_FILE_ATTACHMENT] Migrated 242 rows.
2026-01-09 11:56:14 [E780.E780_IF_FILE_ATTACHMENT] Migrated 243 rows.
2026-01-09 11:56:14 [E780.E780_IF_FILE_ATTACHMENT] Migrated 244 rows.
2026-01-09 11:56:14 [E780.E780_IF_FILE_ATTACHMENT] Migrated 245 rows.
2026-01-09 11:56:15 [E780.E780_IF_FILE_ATTACHMENT] Migrated 246 rows.
2026-01-09 11:56:15 [E780.E780_IF_FILE_ATTACHMENT] Migrated 247 rows.
2026-01-09 11:56:15 [E780.E780_IF_FILE_ATTACHMENT] Migrated 248 rows.
2026-01-09 11:56:15 [E780.E780_IF_FILE_ATTACHMENT] Migrated 249 rows.
2026-01-09 11:56:15 [E780.E780_IF_FILE_ATTACHMENT] Migrated 250 rows.
2026-01-09 11:56:15 [E780.E780_IF_FILE_ATTACHMENT] Migrated 251 rows.
2026-01-09 11:56:16 [E780.E780_IF_FILE_ATTACHMENT] Migrated 252 rows.
2026-01-09 11:56:16 [E780.E780_IF_FILE_ATTACHMENT] Migrated 253 rows.
2026-01-09 11:56:16 [E780.E780_IF_FILE_ATTACHMENT] Migrated 254 rows.
2026-01-09 11:56:16 [E780.E780_IF_FILE_ATTACHMENT] Migrated 255 rows.
2026-01-09 11:56:16 [E780.E780_IF_FILE_ATTACHMENT] Migrated 256 rows.
2026-01-09 11:56:16 [E780.E780_IF_FILE_ATTACHMENT] Migrated 257 rows.
2026-01-09 11:56:16 [E780.E780_IF_FILE_ATTACHMENT] Migrated 258 rows.
2026-01-09 11:56:16 [E780.E780_IF_FILE_ATTACHMENT] Migrated 259 rows.
2026-01-09 11:56:16 [E780.E780_IF_FILE_ATTACHMENT] Migrated 260 rows.
2026-01-09 11:56:17 [E780.E780_IF_FILE_ATTACHMENT] Migrated 261 rows.
2026-01-09 11:56:17 [E780.E780_IF_FILE_ATTACHMENT] Migrated 262 rows.
2026-01-09 11:56:17 [E780.E780_IF_FILE_ATTACHMENT] Migrated 263 rows.
2026-01-09 11:56:17 [E780.E780_IF_FILE_ATTACHMENT] Migrated 264 rows.
2026-01-09 11:56:17 [E780.E780_IF_FILE_ATTACHMENT] Migrated 265 rows.
2026-01-09 11:56:17 [E780.E780_IF_FILE_ATTACHMENT] Migrated 266 rows.
2026-01-09 11:56:17 [E780.E780_IF_FILE_ATTACHMENT] Migrated 267 rows.
2026-01-09 11:56:17 [E780.E780_IF_FILE_ATTACHMENT] Migrated 268 rows.
2026-01-09 11:56:17 [E780.E780_IF_FILE_ATTACHMENT] Migrated 269 rows.
2026-01-09 11:56:17 [E780.E780_IF_FILE_ATTACHMENT] Migrated 270 rows.
2026-01-09 11:56:17 [E780.E780_IF_FILE_ATTACHMENT] Migrated 271 rows.
2026-01-09 11:56:17 [E780.E780_IF_FILE_ATTACHMENT] Migrated 272 rows.
2026-01-09 11:56:17 [E780.E780_IF_FILE_ATTACHMENT] Migrated 273 rows.
2026-01-09 11:56:17 [E780.E780_IF_FILE_ATTACHMENT] Migrated 274 rows.
2026-01-09 11:56:17 [E780.E780_IF_FILE_ATTACHMENT] Migrated 275 rows.
2026-01-09 11:56:17 [E780.E780_IF_FILE_ATTACHMENT] Migrated 276 rows.
2026-01-09 11:56:18 [E780.E780_IF_FILE_ATTACHMENT] Migrated 277 rows.
2026-01-09 11:56:18 [E780.E780_IF_FILE_ATTACHMENT] Migrated 278 rows.
2026-01-09 11:56:18 [E780.E780_IF_FILE_ATTACHMENT] Migrated 279 rows.
2026-01-09 11:56:18 [E780.E780_IF_FILE_ATTACHMENT] Migrated 280 rows.
2026-01-09 11:56:18 [E780.E780_IF_FILE_ATTACHMENT] Migrated 281 rows.
2026-01-09 11:56:18 [E780.E780_IF_FILE_ATTACHMENT] Migrated 282 rows.
2026-01-09 11:56:18 [E780.E780_IF_FILE_ATTACHMENT] Migrated 283 rows.
2026-01-09 11:56:18 [E780.E780_IF_FILE_ATTACHMENT] Migrated 284 rows.
2026-01-09 11:56:18 [E780.E780_IF_FILE_ATTACHMENT] Migrated 285 rows.
2026-01-09 11:56:18 [E780.E780_IF_FILE_ATTACHMENT] Migrated 286 rows.
2026-01-09 11:56:18 [E780.E780_IF_FILE_ATTACHMENT] Migrated 287 rows.
2026-01-09 11:56:18 [E780.E780_IF_FILE_ATTACHMENT] Migrated 288 rows.
2026-01-09 11:56:18 [E780.E780_IF_FILE_ATTACHMENT] Migrated 289 rows.
2026-01-09 11:56:18 [E780.E780_IF_FILE_ATTACHMENT] Migrated 290 rows.
2026-01-09 11:56:19 [E780.E780_IF_FILE_ATTACHMENT] Migrated 291 rows.
2026-01-09 11:56:19 [E780.E780_IF_FILE_ATTACHMENT] Migrated 292 rows.
2026-01-09 11:56:19 [E780.E780_IF_FILE_ATTACHMENT] Migrated 293 rows.
2026-01-09 11:56:19 [E780.E780_IF_FILE_ATTACHMENT] Migrated 294 rows.
2026-01-09 11:56:19 [E780.E780_IF_FILE_ATTACHMENT] Migrated 295 rows.
2026-01-09 11:56:19 [E780.E780_IF_FILE_ATTACHMENT] Migrated 296 rows.
2026-01-09 11:56:19 [E780.E780_IF_FILE_ATTACHMENT] Migrated 297 rows.
2026-01-09 11:56:19 [E780.E780_IF_FILE_ATTACHMENT] Migrated 298 rows.
2026-01-09 11:56:19 [E780.E780_IF_FILE_ATTACHMENT] Migrated 299 rows.
2026-01-09 11:56:19 [E780.E780_IF_FILE_ATTACHMENT] Migrated 300 rows.
2026-01-09 11:56:19 [E780.E780_IF_FILE_ATTACHMENT] Migrated 301 rows.
2026-01-09 11:56:19 [E780.E780_IF_FILE_ATTACHMENT] Migrated 302 rows.
2026-01-09 11:56:19 [E780.E780_IF_FILE_ATTACHMENT] Migrated 303 rows.
2026-01-09 11:56:19 [E780.E780_IF_FILE_ATTACHMENT] Migrated 304 rows.
2026-01-09 11:56:19 [E780.E780_IF_FILE_ATTACHMENT] Migrated 305 rows.
2026-01-09 11:56:19 [E780.E780_IF_FILE_ATTACHMENT] Migrated 306 rows.
2026-01-09 11:56:20 [E780.E780_IF_FILE_ATTACHMENT] Migrated 307 rows.
2026-01-09 11:56:20 [E780.E780_IF_FILE_ATTACHMENT] Migrated 308 rows.
2026-01-09 11:56:20 [E780.E780_IF_FILE_ATTACHMENT] Migrated 309 rows.
2026-01-09 11:56:20 [E780.E780_IF_FILE_ATTACHMENT] Migrated 310 rows.
2026-01-09 11:56:20 [E780.E780_IF_FILE_ATTACHMENT] Migrated 311 rows.
2026-01-09 11:56:20 [E780.E780_IF_FILE_ATTACHMENT] Migrated 312 rows.
2026-01-09 11:56:20 [E780.E780_IF_FILE_ATTACHMENT] Migrated 313 rows.
2026-01-09 11:56:20 [E780.E780_IF_FILE_ATTACHMENT] Migrated 314 rows.
2026-01-09 11:56:20 [E780.E780_IF_FILE_ATTACHMENT] Migrated 315 rows.
2026-01-09 11:56:20 [E780.E780_IF_FILE_ATTACHMENT] Migrated 316 rows.
2026-01-09 11:56:20 [E780.E780_IF_FILE_ATTACHMENT] Migrated 317 rows.
2026-01-09 11:56:20 [E780.E780_IF_FILE_ATTACHMENT] Migrated 318 rows.
2026-01-09 11:56:20 [E780.E780_IF_FILE_ATTACHMENT] Migrated 319 rows.
2026-01-09 11:56:20 [E780.E780_IF_FILE_ATTACHMENT] Migrated 320 rows.
2026-01-09 11:56:20 [E780.E780_IF_FILE_ATTACHMENT] Migrated 321 rows.
2026-01-09 11:56:20 [E780.E780_IF_FILE_ATTACHMENT] Migrated 322 rows.
2026-01-09 11:56:20 [E780.E780_IF_FILE_ATTACHMENT] Migrated 323 rows.
2026-01-09 11:56:20 [E780.E780_IF_FILE_ATTACHMENT] Migrated 324 rows.
2026-01-09 11:56:20 [E780.E780_IF_FILE_ATTACHMENT] Migrated 325 rows.
2026-01-09 11:56:20 [E780.E780_IF_FILE_ATTACHMENT] Migrated 326 rows.
2026-01-09 11:56:20 [E780.E780_IF_FILE_ATTACHMENT] Migrated 327 rows.
2026-01-09 11:56:20 [E780.E780_IF_FILE_ATTACHMENT] Migrated 328 rows.
2026-01-09 11:56:20 [E780.E780_IF_FILE_ATTACHMENT] Migrated 329 rows.
2026-01-09 11:56:20 [E780.E780_IF_FILE_ATTACHMENT] Migrated 330 rows.
2026-01-09 11:56:21 [E780.E780_IF_FILE_ATTACHMENT] Migrated 331 rows.
2026-01-09 11:56:21 [E780.E780_IF_FILE_ATTACHMENT] Migrated 332 rows.
2026-01-09 11:56:21 [E780.E780_IF_FILE_ATTACHMENT] Migrated 333 rows.
2026-01-09 11:56:21 [E780.E780_IF_FILE_ATTACHMENT] Migrated 334 rows.
2026-01-09 11:56:21 [E780.E780_IF_FILE_ATTACHMENT] Migrated 335 rows.
2026-01-09 11:56:21 [E780.E780_IF_FILE_ATTACHMENT] Migrated 336 rows.
2026-01-09 11:56:21 [E780.E780_IF_FILE_ATTACHMENT] Migrated 337 rows.
2026-01-09 11:56:21 [E780.E780_IF_FILE_ATTACHMENT] Migrated 338 rows.
2026-01-09 11:56:21 [E780.E780_IF_FILE_ATTACHMENT] Migrated 339 rows.
2026-01-09 11:56:21 [E780.E780_IF_FILE_ATTACHMENT] Migrated 340 rows.
2026-01-09 11:56:21 [E780.E780_IF_FILE_ATTACHMENT] Migrated 341 rows.
2026-01-09 11:56:21 [E780.E780_IF_FILE_ATTACHMENT] Migrated 342 rows.
2026-01-09 11:56:21 [E780.E780_IF_FILE_ATTACHMENT] Migrated 343 rows.
2026-01-09 11:56:21 [E780.E780_IF_FILE_ATTACHMENT] Migrated 344 rows.
2026-01-09 11:56:21 [E780.E780_IF_FILE_ATTACHMENT] Migrated 345 rows.
2026-01-09 11:56:21 [E780.E780_IF_FILE_ATTACHMENT] Migrated 346 rows.
2026-01-09 11:56:21 [E780.E780_IF_FILE_ATTACHMENT] Migrated 347 rows.
2026-01-09 11:56:21 [E780.E780_IF_FILE_ATTACHMENT] Migrated 348 rows.
2026-01-09 11:56:21 [E780.E780_IF_FILE_ATTACHMENT] Migrated 349 rows.
2026-01-09 11:56:21 [E780.E780_IF_FILE_ATTACHMENT] Migrated 350 rows.
2026-01-09 11:56:21 [E780.E780_IF_FILE_ATTACHMENT] Migrated 351 rows.
2026-01-09 11:56:21 [E780.E780_IF_FILE_ATTACHMENT] Migrated 352 rows.
2026-01-09 11:56:21 [E780.E780_IF_FILE_ATTACHMENT] Migrated 353 rows.
2026-01-09 11:56:21 [E780.E780_IF_FILE_ATTACHMENT] Migrated 354 rows.
2026-01-09 11:56:21 [E780.E780_IF_FILE_ATTACHMENT] Migrated 355 rows.
2026-01-09 11:56:21 [E780.E780_IF_FILE_ATTACHMENT] Migrated 356 rows.
2026-01-09 11:56:22 [E780.E780_IF_FILE_ATTACHMENT] Migrated 357 rows.
2026-01-09 11:56:22 [E780.E780_IF_FILE_ATTACHMENT] Migrated 358 rows.
2026-01-09 11:56:22 [E780.E780_IF_FILE_ATTACHMENT] Migrated 359 rows.
2026-01-09 11:56:22 [E780.E780_IF_FILE_ATTACHMENT] Migrated 360 rows.
2026-01-09 11:56:22 [E780.E780_IF_FILE_ATTACHMENT] Migrated 361 rows.
2026-01-09 11:56:22 [E780.E780_IF_FILE_ATTACHMENT] Migrated 362 rows.
2026-01-09 11:56:22 [E780.E780_IF_FILE_ATTACHMENT] Migrated 363 rows.
2026-01-09 11:56:22 [E780.E780_IF_FILE_ATTACHMENT] Migrated 364 rows.
2026-01-09 11:56:22 [E780.E780_IF_FILE_ATTACHMENT] Migrated 365 rows.
2026-01-09 11:56:22 [E780.E780_IF_FILE_ATTACHMENT] Migrated 366 rows.
2026-01-09 11:56:22 [E780.E780_IF_FILE_ATTACHMENT] Migrated 367 rows.
2026-01-09 11:56:22 [E780.E780_IF_FILE_ATTACHMENT] Migrated 368 rows.
2026-01-09 11:56:22 [E780.E780_IF_FILE_ATTACHMENT] Migrated 369 rows.
2026-01-09 11:56:22 [E780.E780_IF_FILE_ATTACHMENT] Migrated 370 rows.
2026-01-09 11:56:22 [E780.E780_IF_FILE_ATTACHMENT] Migrated 371 rows.
2026-01-09 11:56:22 [E780.E780_IF_FILE_ATTACHMENT] Migrated 372 rows.
2026-01-09 11:56:22 [E780.E780_IF_FILE_ATTACHMENT] Migrated 373 rows.
2026-01-09 11:56:22 [E780.E780_IF_FILE_ATTACHMENT] Migrated 374 rows.
2026-01-09 11:56:22 [E780.E780_IF_FILE_ATTACHMENT] Migrated 375 rows.
2026-01-09 11:56:22 [E780.E780_IF_FILE_ATTACHMENT] Migrated 376 rows.
2026-01-09 11:56:22 [E780.E780_IF_FILE_ATTACHMENT] Migrated 377 rows.
2026-01-09 11:56:22 [E780.E780_IF_FILE_ATTACHMENT] Migrated 378 rows.
2026-01-09 11:56:22 [E780.E780_IF_FILE_ATTACHMENT] Migrated 379 rows.
2026-01-09 11:56:22 [E780.E780_IF_FILE_ATTACHMENT] Migrated 380 rows.
2026-01-09 11:56:22 [E780.E780_IF_FILE_ATTACHMENT] Migrated 381 rows.
2026-01-09 11:56:22 [E780.E780_IF_FILE_ATTACHMENT] Migrated 382 rows.
2026-01-09 11:56:22 [E780.E780_IF_FILE_ATTACHMENT] Migrated 383 rows.
2026-01-09 11:56:23 [E780.E780_IF_FILE_ATTACHMENT] Migrated 384 rows.
2026-01-09 11:56:23 [E780.E780_IF_FILE_ATTACHMENT] Migrated 385 rows.
2026-01-09 11:56:23 [E780.E780_IF_FILE_ATTACHMENT] Migrated 386 rows.
2026-01-09 11:56:23 [E780.E780_IF_FILE_ATTACHMENT] Migrated 387 rows.
2026-01-09 11:56:23 [E780.E780_IF_FILE_ATTACHMENT] Migrated 388 rows.
2026-01-09 11:56:23 [E780.E780_IF_FILE_ATTACHMENT] Migrated 389 rows.
2026-01-09 11:56:23 [E780.E780_IF_FILE_ATTACHMENT] Migrated 390 rows.
2026-01-09 11:56:23 [E780.E780_IF_FILE_ATTACHMENT] Migrated 391 rows.
2026-01-09 11:56:23 [E780.E780_IF_FILE_ATTACHMENT] Migrated 392 rows.
2026-01-09 11:56:23 [E780.E780_IF_FILE_ATTACHMENT] Migrated 393 rows.
2026-01-09 11:56:23 [E780.E780_IF_FILE_ATTACHMENT] Migrated 394 rows.
2026-01-09 11:56:23 [E780.E780_IF_FILE_ATTACHMENT] Migrated 395 rows.
2026-01-09 11:56:23 [E780.E780_IF_FILE_ATTACHMENT] Migrated 396 rows.
2026-01-09 11:56:23 [E780.E780_IF_FILE_ATTACHMENT] Migrated 397 rows.
2026-01-09 11:56:23 [E780.E780_IF_FILE_ATTACHMENT] Migrated 398 rows.
2026-01-09 11:56:23 [E780.E780_IF_FILE_ATTACHMENT] Migrated 399 rows.
2026-01-09 11:56:23 [E780.E780_IF_FILE_ATTACHMENT] Migrated 400 rows.
2026-01-09 11:56:23 [E780.E780_IF_FILE_ATTACHMENT] Migrated 401 rows.
2026-01-09 11:56:23 [E780.E780_IF_FILE_ATTACHMENT] Migrated 402 rows.
2026-01-09 11:56:24 [E780.E780_IF_FILE_ATTACHMENT] Migrated 403 rows.
2026-01-09 11:56:24 [E780.E780_IF_FILE_ATTACHMENT] Migrated 404 rows.
2026-01-09 11:56:24 [E780.E780_IF_FILE_ATTACHMENT] Migrated 405 rows.
2026-01-09 11:56:24 [E780.E780_IF_FILE_ATTACHMENT] Migrated 406 rows.
2026-01-09 11:56:24 [E780.E780_IF_FILE_ATTACHMENT] Migrated 407 rows.
2026-01-09 11:56:24 [E780.E780_IF_FILE_ATTACHMENT] Migrated 408 rows.
2026-01-09 11:56:24 [E780.E780_IF_FILE_ATTACHMENT] Migrated 409 rows.
2026-01-09 11:56:24 [E780.E780_IF_FILE_ATTACHMENT] Migrated 410 rows.
2026-01-09 11:56:25 [E780.E780_IF_FILE_ATTACHMENT] Migrated 411 rows.
2026-01-09 11:56:25 [E780.E780_IF_FILE_ATTACHMENT] Migrated 412 rows.
2026-01-09 11:56:25 [E780.E780_IF_FILE_ATTACHMENT] Migrated 413 rows.
2026-01-09 11:56:25 [E780.E780_IF_FILE_ATTACHMENT] Migrated 414 rows.
2026-01-09 11:56:25 [E780.E780_IF_FILE_ATTACHMENT] Migrated 415 rows.
2026-01-09 11:56:25 [E780.E780_IF_FILE_ATTACHMENT] Migrated 416 rows.
2026-01-09 11:56:25 [E780.E780_IF_FILE_ATTACHMENT] Migrated 417 rows.
2026-01-09 11:56:25 [E780.E780_IF_FILE_ATTACHMENT] Migrated 418 rows.
2026-01-09 11:56:25 [E780.E780_IF_FILE_ATTACHMENT] Migrated 419 rows.
2026-01-09 11:56:25 [E780.E780_IF_FILE_ATTACHMENT] Migrated 420 rows.
2026-01-09 11:56:25 [E780.E780_IF_FILE_ATTACHMENT] Migrated 421 rows.
2026-01-09 11:56:25 [E780.E780_IF_FILE_ATTACHMENT] Migrated 422 rows.
2026-01-09 11:56:25 [E780.E780_IF_FILE_ATTACHMENT] Migrated 423 rows.
2026-01-09 11:56:25 [E780.E780_IF_FILE_ATTACHMENT] Migrated 424 rows.
2026-01-09 11:56:25 [E780.E780_IF_FILE_ATTACHMENT] Migrated 425 rows.
2026-01-09 11:56:25 [E780.E780_IF_FILE_ATTACHMENT] Migrated 426 rows.
2026-01-09 11:56:25 [E780.E780_IF_FILE_ATTACHMENT] Migrated 427 rows.
2026-01-09 11:56:25 [E780.E780_IF_FILE_ATTACHMENT] Migrated 428 rows.
2026-01-09 11:56:25 [E780.E780_IF_FILE_ATTACHMENT] Migrated 429 rows.
2026-01-09 11:56:25 [E780.E780_IF_FILE_ATTACHMENT] Migrated 430 rows.
2026-01-09 11:56:25 [E780.E780_IF_FILE_ATTACHMENT] Migrated 431 rows.
2026-01-09 11:56:25 [E780.E780_IF_FILE_ATTACHMENT] Migrated 432 rows.
2026-01-09 11:56:26 [E780.E780_IF_FILE_ATTACHMENT] Migrated 433 rows.
2026-01-09 11:56:26 [E780.E780_IF_FILE_ATTACHMENT] Migrated 434 rows.
2026-01-09 11:56:26 [E780.E780_IF_FILE_ATTACHMENT] Migrated 435 rows.
2026-01-09 11:56:26 [E780.E780_IF_FILE_ATTACHMENT] Migrated 436 rows.
2026-01-09 11:56:26 [E780.E780_IF_FILE_ATTACHMENT] Migrated 437 rows.
2026-01-09 11:56:26 [E780.E780_IF_FILE_ATTACHMENT] Migrated 438 rows.
2026-01-09 11:56:26 [E780.E780_IF_FILE_ATTACHMENT] Migrated 439 rows.
2026-01-09 11:56:26 [E780.E780_IF_FILE_ATTACHMENT] Migrated 440 rows.
2026-01-09 11:56:26 [E780.E780_IF_FILE_ATTACHMENT] Migrated 441 rows.
2026-01-09 11:56:26 [E780.E780_IF_FILE_ATTACHMENT] Migrated 442 rows.
2026-01-09 11:56:26 [E780.E780_IF_FILE_ATTACHMENT] Migrated 443 rows.
2026-01-09 11:56:26 [E780.E780_IF_FILE_ATTACHMENT] Migrated 444 rows.
2026-01-09 11:56:26 [E780.E780_IF_FILE_ATTACHMENT] Migrated 445 rows.
2026-01-09 11:56:26 [E780.E780_IF_FILE_ATTACHMENT] Migrated 446 rows.
2026-01-09 11:56:26 [E780.E780_IF_FILE_ATTACHMENT] Migrated 447 rows.
2026-01-09 11:56:26 [E780.E780_IF_FILE_ATTACHMENT] Migrated 448 rows.
2026-01-09 11:56:26 [E780.E780_IF_FILE_ATTACHMENT] Migrated 449 rows.
2026-01-09 11:56:26 [E780.E780_IF_FILE_ATTACHMENT] Migrated 450 rows.
2026-01-09 11:56:26 [E780.E780_IF_FILE_ATTACHMENT] Migrated 451 rows.
2026-01-09 11:56:26 [E780.E780_IF_FILE_ATTACHMENT] Migrated 452 rows.
2026-01-09 11:56:27 [E780.E780_IF_FILE_ATTACHMENT] Migrated 453 rows.
2026-01-09 11:56:27 [E780.E780_IF_FILE_ATTACHMENT] Migrated 454 rows.
2026-01-09 11:56:27 [E780.E780_IF_FILE_ATTACHMENT] Migrated 455 rows.
2026-01-09 11:56:27 [E780.E780_IF_FILE_ATTACHMENT] Migrated 456 rows.
2026-01-09 11:56:27 [E780.E780_IF_FILE_ATTACHMENT] Migrated 457 rows.
2026-01-09 11:56:27 [E780.E780_IF_FILE_ATTACHMENT] Migrated 458 rows.
2026-01-09 11:56:27 [E780.E780_IF_FILE_ATTACHMENT] Migrated 459 rows.
2026-01-09 11:56:27 [E780.E780_IF_FILE_ATTACHMENT] Migrated 460 rows.
2026-01-09 11:56:27 [E780.E780_IF_FILE_ATTACHMENT] Migrated 461 rows.
2026-01-09 11:56:28 [E780.E780_IF_FILE_ATTACHMENT] Migrated 462 rows.
2026-01-09 11:56:28 [E780.E780_IF_FILE_ATTACHMENT] Migrated 463 rows.
2026-01-09 11:56:28 [E780.E780_IF_FILE_ATTACHMENT] Migrated 464 rows.
2026-01-09 11:56:28 [E780.E780_IF_FILE_ATTACHMENT] Migrated 465 rows.
2026-01-09 11:56:28 [E780.E780_IF_FILE_ATTACHMENT] Migrated 466 rows.
2026-01-09 11:56:28 [E780.E780_IF_FILE_ATTACHMENT] Migrated 467 rows.
2026-01-09 11:56:28 [E780.E780_IF_FILE_ATTACHMENT] Migrated 468 rows.
2026-01-09 11:56:28 [E780.E780_IF_FILE_ATTACHMENT] Migrated 469 rows.
2026-01-09 11:56:29 [E780.E780_IF_FILE_ATTACHMENT] Migrated 470 rows.
2026-01-09 11:56:29 [E780.E780_IF_FILE_ATTACHMENT] Migrated 471 rows.
2026-01-09 11:56:29 [E780.E780_IF_FILE_ATTACHMENT] Migrated 472 rows.
2026-01-09 11:56:29 [E780.E780_IF_FILE_ATTACHMENT] Migrated 473 rows.
2026-01-09 11:56:29 [E780.E780_IF_FILE_ATTACHMENT] Migrated 474 rows.
2026-01-09 11:56:29 [E780.E780_IF_FILE_ATTACHMENT] Migrated 475 rows.
2026-01-09 11:56:29 [E780.E780_IF_FILE_ATTACHMENT] Migrated 476 rows.
2026-01-09 11:56:29 [E780.E780_IF_FILE_ATTACHMENT] Migrated 477 rows.
2026-01-09 11:56:29 [E780.E780_IF_FILE_ATTACHMENT] Migrated 478 rows.
2026-01-09 11:56:29 [E780.E780_IF_FILE_ATTACHMENT] Migrated 479 rows.
2026-01-09 11:56:29 [E780.E780_IF_FILE_ATTACHMENT] Migrated 480 rows.
2026-01-09 11:56:29 [E780.E780_IF_FILE_ATTACHMENT] Migrated 481 rows.
2026-01-09 11:56:29 [E780.E780_IF_FILE_ATTACHMENT] Migrated 482 rows.
2026-01-09 11:56:29 [E780.E780_IF_FILE_ATTACHMENT] Migrated 483 rows.
2026-01-09 11:56:29 [E780.E780_IF_FILE_ATTACHMENT] Migrated 484 rows.
2026-01-09 11:56:29 [E780.E780_IF_FILE_ATTACHMENT] Migrated 485 rows.
2026-01-09 11:56:30 [E780.E780_IF_FILE_ATTACHMENT] Migrated 486 rows.
2026-01-09 11:56:30 [E780.E780_IF_FILE_ATTACHMENT] Migrated 487 rows.
2026-01-09 11:56:30 [E780.E780_IF_FILE_ATTACHMENT] Migrated 488 rows.
2026-01-09 11:56:30 [E780.E780_IF_FILE_ATTACHMENT] Migrated 489 rows.
2026-01-09 11:56:30 [E780.E780_IF_FILE_ATTACHMENT] Migrated 490 rows.
2026-01-09 11:56:30 [E780.E780_IF_FILE_ATTACHMENT] Migrated 491 rows.
2026-01-09 11:56:30 [E780.E780_IF_FILE_ATTACHMENT] Migrated 492 rows.
2026-01-09 11:56:30 [E780.E780_IF_FILE_ATTACHMENT] Migrated 493 rows.
2026-01-09 11:56:30 [E780.E780_IF_FILE_ATTACHMENT] Migrated 494 rows.
2026-01-09 11:56:30 [E780.E780_IF_FILE_ATTACHMENT] Migrated 495 rows.
2026-01-09 11:56:30 [E780.E780_IF_FILE_ATTACHMENT] Migrated 496 rows.
2026-01-09 11:56:30 [E780.E780_IF_FILE_ATTACHMENT] Migrated 497 rows.
2026-01-09 11:56:30 [E780.E780_IF_FILE_ATTACHMENT] Migrated 498 rows.
2026-01-09 11:56:31 [E780.E780_IF_FILE_ATTACHMENT] Migrated 499 rows.
2026-01-09 11:56:31 [E780.E780_IF_FILE_ATTACHMENT] Migrated 500 rows.
2026-01-09 11:56:31 [E780.E780_IF_FILE_ATTACHMENT] Migrated 501 rows.
2026-01-09 11:56:31 [E780.E780_IF_FILE_ATTACHMENT] Migrated 502 rows.
2026-01-09 11:56:31 [E780.E780_IF_FILE_ATTACHMENT] Migrated 503 rows.
2026-01-09 11:56:31 [E780.E780_IF_FILE_ATTACHMENT] Migrated 504 rows.
2026-01-09 11:56:31 [E780.E780_IF_FILE_ATTACHMENT] Migrated 505 rows.
2026-01-09 11:56:31 [E780.E780_IF_FILE_ATTACHMENT] Migrated 506 rows.
2026-01-09 11:56:31 [E780.E780_IF_FILE_ATTACHMENT] Migrated 507 rows.
2026-01-09 11:56:31 [E780.E780_IF_FILE_ATTACHMENT] Migrated 508 rows.
2026-01-09 11:56:31 [E780.E780_IF_FILE_ATTACHMENT] Migrated 509 rows.
2026-01-09 11:56:31 [E780.E780_IF_FILE_ATTACHMENT] Migrated 510 rows.
2026-01-09 11:56:31 [E780.E780_IF_FILE_ATTACHMENT] Migrated 511 rows.
2026-01-09 11:56:31 [E780.E780_IF_FILE_ATTACHMENT] Migrated 512 rows.
2026-01-09 11:56:32 [E780.E780_IF_FILE_ATTACHMENT] Migrated 513 rows.
2026-01-09 11:56:32 [E780.E780_IF_FILE_ATTACHMENT] Migrated 514 rows.
2026-01-09 11:56:32 [E780.E780_IF_FILE_ATTACHMENT] Migrated 515 rows.
2026-01-09 11:56:32 [E780.E780_IF_FILE_ATTACHMENT] Migrated 516 rows.
2026-01-09 11:56:32 [E780.E780_IF_FILE_ATTACHMENT] Migrated 517 rows.
2026-01-09 11:56:32 [E780.E780_IF_FILE_ATTACHMENT] Migrated 518 rows.
2026-01-09 11:56:32 [E780.E780_IF_FILE_ATTACHMENT] Migrated 519 rows.
2026-01-09 11:56:32 [E780.E780_IF_FILE_ATTACHMENT] Migrated 520 rows.
2026-01-09 11:56:32 [E780.E780_IF_FILE_ATTACHMENT] Migrated 521 rows.
2026-01-09 11:56:32 [E780.E780_IF_FILE_ATTACHMENT] Migrated 522 rows.
2026-01-09 11:56:32 [E780.E780_IF_FILE_ATTACHMENT] Migrated 523 rows.
2026-01-09 11:56:32 [E780.E780_IF_FILE_ATTACHMENT] Migrated 524 rows.
2026-01-09 11:56:32 [E780.E780_IF_FILE_ATTACHMENT] Migrated 525 rows.
2026-01-09 11:56:32 [E780.E780_IF_FILE_ATTACHMENT] Migrated 526 rows.
2026-01-09 11:56:32 [E780.E780_IF_FILE_ATTACHMENT] Migrated 527 rows.
2026-01-09 11:56:33 [E780.E780_IF_FILE_ATTACHMENT] Migrated 528 rows.
2026-01-09 11:56:33 [E780.E780_IF_FILE_ATTACHMENT] Migrated 529 rows.
2026-01-09 11:56:33 [E780.E780_IF_FILE_ATTACHMENT] Migrated 530 rows.
2026-01-09 11:56:33 [E780.E780_IF_FILE_ATTACHMENT] Migrated 531 rows.
2026-01-09 11:56:33 [E780.E780_IF_FILE_ATTACHMENT] Migrated 532 rows.
2026-01-09 11:56:33 [E780.E780_IF_FILE_ATTACHMENT] Migrated 533 rows.
2026-01-09 11:56:33 [E780.E780_IF_FILE_ATTACHMENT] Migrated 534 rows.
2026-01-09 11:56:33 [E780.E780_IF_FILE_ATTACHMENT] Migrated 535 rows.
2026-01-09 11:56:33 [E780.E780_IF_FILE_ATTACHMENT] Migrated 536 rows.
2026-01-09 11:56:33 [E780.E780_IF_FILE_ATTACHMENT] Migrated 537 rows.
2026-01-09 11:56:33 [E780.E780_IF_FILE_ATTACHMENT] Migrated 538 rows.
2026-01-09 11:56:33 [E780.E780_IF_FILE_ATTACHMENT] Migrated 539 rows.
2026-01-09 11:56:33 [E780.E780_IF_FILE_ATTACHMENT] Migrated 540 rows.
2026-01-09 11:56:33 [E780.E780_IF_FILE_ATTACHMENT] Migrated 541 rows.
2026-01-09 11:56:33 [E780.E780_IF_FILE_ATTACHMENT] Migrated 542 rows.
2026-01-09 11:56:33 [E780.E780_IF_FILE_ATTACHMENT] Migrated 543 rows.
2026-01-09 11:56:33 [E780.E780_IF_FILE_ATTACHMENT] Migrated 544 rows.
2026-01-09 11:56:33 [E780.E780_IF_FILE_ATTACHMENT] Migrated 545 rows.
2026-01-09 11:56:33 [E780.E780_IF_FILE_ATTACHMENT] Migrated 546 rows.
2026-01-09 11:56:33 [E780.E780_IF_FILE_ATTACHMENT] Migrated 547 rows.
2026-01-09 11:56:33 [E780.E780_IF_FILE_ATTACHMENT] Migrated 548 rows.
2026-01-09 11:56:33 [E780.E780_IF_FILE_ATTACHMENT] Migrated 549 rows.
2026-01-09 11:56:33 [E780.E780_IF_FILE_ATTACHMENT] Migrated 550 rows.
2026-01-09 11:56:33 [E780.E780_IF_FILE_ATTACHMENT] Migrated 551 rows.
2026-01-09 11:56:33 [E780.E780_IF_FILE_ATTACHMENT] Migrated 552 rows.
2026-01-09 11:56:33 [E780.E780_IF_FILE_ATTACHMENT] Migrated 553 rows.
2026-01-09 11:56:33 [E780.E780_IF_FILE_ATTACHMENT] Migrated 554 rows.
2026-01-09 11:56:34 [E780.E780_IF_FILE_ATTACHMENT] Migrated 555 rows.
2026-01-09 11:56:34 [E780.E780_IF_FILE_ATTACHMENT] Migrated 556 rows.
2026-01-09 11:56:34 [E780.E780_IF_FILE_ATTACHMENT] Migrated 557 rows.
2026-01-09 11:56:34 [E780.E780_IF_FILE_ATTACHMENT] Migrated 558 rows.
2026-01-09 11:56:34 [E780.E780_IF_FILE_ATTACHMENT] Migrated 559 rows.
2026-01-09 11:56:34 [E780.E780_IF_FILE_ATTACHMENT] Migrated 560 rows.
2026-01-09 11:56:34 [E780.E780_IF_FILE_ATTACHMENT] Migrated 561 rows.
2026-01-09 11:56:34 [E780.E780_IF_FILE_ATTACHMENT] Migrated 562 rows.
2026-01-09 11:56:35 [E780.E780_IF_FILE_ATTACHMENT] Migrated 563 rows.
2026-01-09 11:56:35 [E780.E780_IF_FILE_ATTACHMENT] Migrated 564 rows.
2026-01-09 11:56:35 [E780.E780_IF_FILE_ATTACHMENT] Migrated 565 rows.
2026-01-09 11:56:35 [E780.E780_IF_FILE_ATTACHMENT] Migrated 566 rows.
2026-01-09 11:56:35 [E780.E780_IF_FILE_ATTACHMENT] Migrated 567 rows.
2026-01-09 11:56:35 [E780.E780_IF_FILE_ATTACHMENT] Migrated 568 rows.
2026-01-09 11:56:35 [E780.E780_IF_FILE_ATTACHMENT] Migrated 569 rows.
2026-01-09 11:56:35 [E780.E780_IF_FILE_ATTACHMENT] Migrated 570 rows.
2026-01-09 11:56:35 [E780.E780_IF_FILE_ATTACHMENT] Migrated 571 rows.
2026-01-09 11:56:35 [E780.E780_IF_FILE_ATTACHMENT] Migrated 572 rows.
2026-01-09 11:56:35 [E780.E780_IF_FILE_ATTACHMENT] Migrated 573 rows.
2026-01-09 11:56:35 [E780.E780_IF_FILE_ATTACHMENT] Migrated 574 rows.
2026-01-09 11:56:35 [E780.E780_IF_FILE_ATTACHMENT] Migrated 575 rows.
2026-01-09 11:56:35 [E780.E780_IF_FILE_ATTACHMENT] Migrated 576 rows.
2026-01-09 11:56:35 [E780.E780_IF_FILE_ATTACHMENT] Migrated 577 rows.
2026-01-09 11:56:36 [E780.E780_IF_FILE_ATTACHMENT] Migrated 578 rows.
2026-01-09 11:56:36 [E780.E780_IF_FILE_ATTACHMENT] Migrated 579 rows.
2026-01-09 11:56:36 [E780.E780_IF_FILE_ATTACHMENT] Migrated 580 rows.
2026-01-09 11:56:36 [E780.E780_IF_FILE_ATTACHMENT] Migrated 581 rows.
2026-01-09 11:56:36 [E780.E780_IF_FILE_ATTACHMENT] Migrated 582 rows.
2026-01-09 11:56:36 [E780.E780_IF_FILE_ATTACHMENT] Migrated 583 rows.
2026-01-09 11:56:36 [E780.E780_IF_FILE_ATTACHMENT] Migrated 584 rows.
2026-01-09 11:56:36 [E780.E780_IF_FILE_ATTACHMENT] Migrated 585 rows.
2026-01-09 11:56:36 [E780.E780_IF_FILE_ATTACHMENT] Migrated 586 rows.
2026-01-09 11:56:36 [E780.E780_IF_FILE_ATTACHMENT] Migrated 587 rows.
2026-01-09 11:56:36 [E780.E780_IF_FILE_ATTACHMENT] Migrated 588 rows.
2026-01-09 11:56:36 [E780.E780_IF_FILE_ATTACHMENT] Migrated 589 rows.
2026-01-09 11:56:36 [E780.E780_IF_FILE_ATTACHMENT] Migrated 590 rows.
2026-01-09 11:56:36 [E780.E780_IF_FILE_ATTACHMENT] Migrated 591 rows.
2026-01-09 11:56:36 [E780.E780_IF_FILE_ATTACHMENT] Migrated 592 rows.
2026-01-09 11:56:36 [E780.E780_IF_FILE_ATTACHMENT] Migrated 593 rows.
2026-01-09 11:56:36 [E780.E780_IF_FILE_ATTACHMENT] Migrated 594 rows.
2026-01-09 11:56:36 [E780.E780_IF_FILE_ATTACHMENT] Migrated 595 rows.
2026-01-09 11:56:36 [E780.E780_IF_FILE_ATTACHMENT] Migrated 596 rows.
2026-01-09 11:56:36 [E780.E780_IF_FILE_ATTACHMENT] Migrated 597 rows.
2026-01-09 11:56:36 [E780.E780_IF_FILE_ATTACHMENT] Migrated 598 rows.
2026-01-09 11:56:37 [E780.E780_IF_FILE_ATTACHMENT] Migrated 599 rows.
2026-01-09 11:56:37 [E780.E780_IF_FILE_ATTACHMENT] Migrated 600 rows.
2026-01-09 11:56:37 [E780.E780_IF_FILE_ATTACHMENT] Migrated 601 rows.
2026-01-09 11:56:37 [E780.E780_IF_FILE_ATTACHMENT] Migrated 602 rows.
2026-01-09 11:56:37 [E780.E780_IF_FILE_ATTACHMENT] Migrated 603 rows.
2026-01-09 11:56:37 [E780.E780_IF_FILE_ATTACHMENT] Migrated 604 rows.
2026-01-09 11:56:37 [E780.E780_IF_FILE_ATTACHMENT] Migrated 605 rows.
2026-01-09 11:56:37 [E780.E780_IF_FILE_ATTACHMENT] Migrated 606 rows.
2026-01-09 11:56:37 [E780.E780_IF_FILE_ATTACHMENT] Migrated 607 rows.
2026-01-09 11:56:37 [E780.E780_IF_FILE_ATTACHMENT] Migrated 608 rows.
2026-01-09 11:56:37 [E780.E780_IF_FILE_ATTACHMENT] Migrated 609 rows.
2026-01-09 11:56:37 [E780.E780_IF_FILE_ATTACHMENT] Migrated 610 rows.
2026-01-09 11:56:37 [E780.E780_IF_FILE_ATTACHMENT] Migrated 611 rows.
2026-01-09 11:56:38 [E780.E780_IF_FILE_ATTACHMENT] Migrated 612 rows.
2026-01-09 11:56:38 [E780.E780_IF_FILE_ATTACHMENT] Migrated 613 rows.
2026-01-09 11:56:38 [E780.E780_IF_FILE_ATTACHMENT] Migrated 614 rows.
2026-01-09 11:56:38 [E780.E780_IF_FILE_ATTACHMENT] Migrated 615 rows.
2026-01-09 11:56:38 [E780.E780_IF_FILE_ATTACHMENT] Migrated 616 rows.
2026-01-09 11:56:38 [E780.E780_IF_FILE_ATTACHMENT] Migrated 617 rows.
2026-01-09 11:56:38 [E780.E780_IF_FILE_ATTACHMENT] Migrated 618 rows.
2026-01-09 11:56:38 [E780.E780_IF_FILE_ATTACHMENT] Migrated 619 rows.
2026-01-09 11:56:38 [E780.E780_IF_FILE_ATTACHMENT] Migrated 620 rows.
2026-01-09 11:56:38 [E780.E780_IF_FILE_ATTACHMENT] Migrated 621 rows.
2026-01-09 11:56:39 [E780.E780_IF_FILE_ATTACHMENT] Migrated 622 rows.
2026-01-09 11:56:39 [E780.E780_IF_FILE_ATTACHMENT] Migrated 623 rows.
2026-01-09 11:56:39 [E780.E780_IF_FILE_ATTACHMENT] Migrated 624 rows.
2026-01-09 11:56:39 [E780.E780_IF_FILE_ATTACHMENT] Migrated 625 rows.
2026-01-09 11:56:39 [E780.E780_IF_FILE_ATTACHMENT] Migrated 626 rows.
2026-01-09 11:56:39 [E780.E780_IF_FILE_ATTACHMENT] Migrated 627 rows.
2026-01-09 11:56:39 [E780.E780_IF_FILE_ATTACHMENT] Migrated 628 rows.
2026-01-09 11:56:39 [E780.E780_IF_FILE_ATTACHMENT] Migrated 629 rows.
2026-01-09 11:56:39 [E780.E780_IF_FILE_ATTACHMENT] Migrated 630 rows.
2026-01-09 11:56:39 [E780.E780_IF_FILE_ATTACHMENT] Migrated 631 rows.
2026-01-09 11:56:39 [E780.E780_IF_FILE_ATTACHMENT] Migrated 632 rows.
2026-01-09 11:56:39 [E780.E780_IF_FILE_ATTACHMENT] Migrated 633 rows.
2026-01-09 11:56:40 [E780.E780_IF_FILE_ATTACHMENT] Migrated 634 rows.
2026-01-09 11:56:40 [E780.E780_IF_FILE_ATTACHMENT] Migrated 635 rows.
2026-01-09 11:56:40 [E780.E780_IF_FILE_ATTACHMENT] Migrated 636 rows.
2026-01-09 11:56:40 [E780.E780_IF_FILE_ATTACHMENT] Migrated 637 rows.
2026-01-09 11:56:40 [E780.E780_IF_FILE_ATTACHMENT] Migrated 638 rows.
2026-01-09 11:56:40 [E780.E780_IF_FILE_ATTACHMENT] Migrated 639 rows.
2026-01-09 11:56:40 [E780.E780_IF_FILE_ATTACHMENT] Migrated 640 rows.
2026-01-09 11:56:40 [E780.E780_IF_FILE_ATTACHMENT] Migrated 641 rows.
2026-01-09 11:56:40 [E780.E780_IF_FILE_ATTACHMENT] Migrated 642 rows.
2026-01-09 11:56:40 [E780.E780_IF_FILE_ATTACHMENT] Migrated 643 rows.
2026-01-09 11:56:40 [E780.E780_IF_FILE_ATTACHMENT] Migrated 644 rows.
2026-01-09 11:56:40 [E780.E780_IF_FILE_ATTACHMENT] Migrated 645 rows.
2026-01-09 11:56:40 [E780.E780_IF_FILE_ATTACHMENT] Migrated 646 rows.
2026-01-09 11:56:40 [E780.E780_IF_FILE_ATTACHMENT] Migrated 647 rows.
2026-01-09 11:56:40 [E780.E780_IF_FILE_ATTACHMENT] Migrated 648 rows.
2026-01-09 11:56:40 [E780.E780_IF_FILE_ATTACHMENT] Migrated 649 rows.
2026-01-09 11:56:40 [E780.E780_IF_FILE_ATTACHMENT] Migrated 650 rows.
2026-01-09 11:56:40 [E780.E780_IF_FILE_ATTACHMENT] Migrated 651 rows.
2026-01-09 11:56:40 [E780.E780_IF_FILE_ATTACHMENT] Migrated 652 rows.
2026-01-09 11:56:41 [E780.E780_IF_FILE_ATTACHMENT] Migrated 653 rows.
2026-01-09 11:56:41 [E780.E780_IF_FILE_ATTACHMENT] Migrated 654 rows.
2026-01-09 11:56:41 [E780.E780_IF_FILE_ATTACHMENT] Migrated 655 rows.
2026-01-09 11:56:41 [E780.E780_IF_FILE_ATTACHMENT] Migrated 656 rows.
2026-01-09 11:56:41 [E780.E780_IF_FILE_ATTACHMENT] Migrated 657 rows.
2026-01-09 11:56:41 [E780.E780_IF_FILE_ATTACHMENT] Migrated 658 rows.
2026-01-09 11:56:41 [E780.E780_IF_FILE_ATTACHMENT] Migrated 659 rows.
2026-01-09 11:56:41 [E780.E780_IF_FILE_ATTACHMENT] Migrated 660 rows.
2026-01-09 11:56:41 [E780.E780_IF_FILE_ATTACHMENT] Migrated 661 rows.
2026-01-09 11:56:41 [E780.E780_IF_FILE_ATTACHMENT] Migrated 662 rows.
2026-01-09 11:56:41 [E780.E780_IF_FILE_ATTACHMENT] Migrated 663 rows.
2026-01-09 11:56:41 [E780.E780_IF_FILE_ATTACHMENT] Migrated 664 rows.
2026-01-09 11:56:41 [E780.E780_IF_FILE_ATTACHMENT] Migrated 665 rows.
2026-01-09 11:56:41 [E780.E780_IF_FILE_ATTACHMENT] Migrated 666 rows.
2026-01-09 11:56:41 [E780.E780_IF_FILE_ATTACHMENT] Migrated 667 rows.
2026-01-09 11:56:41 [E780.E780_IF_FILE_ATTACHMENT] Migrated 668 rows.
2026-01-09 11:56:41 [E780.E780_IF_FILE_ATTACHMENT] Migrated 669 rows.
2026-01-09 11:56:41 [E780.E780_IF_FILE_ATTACHMENT] Migrated 670 rows.
2026-01-09 11:56:41 [E780.E780_IF_FILE_ATTACHMENT] Migrated 671 rows.
2026-01-09 11:56:41 [E780.E780_IF_FILE_ATTACHMENT] Migrated 672 rows.
2026-01-09 11:56:42 [E780.E780_IF_FILE_ATTACHMENT] Migrated 673 rows.
2026-01-09 11:56:42 [E780.E780_IF_FILE_ATTACHMENT] Migrated 674 rows.
2026-01-09 11:56:42 [E780.E780_IF_FILE_ATTACHMENT] Migrated 675 rows.
2026-01-09 11:56:42 [E780.E780_IF_FILE_ATTACHMENT] Migrated 676 rows.
2026-01-09 11:56:42 [E780.E780_IF_FILE_ATTACHMENT] Migrated 677 rows.
2026-01-09 11:56:42 [E780.E780_IF_FILE_ATTACHMENT] Migrated 678 rows.
2026-01-09 11:56:42 [E780.E780_IF_FILE_ATTACHMENT] Migrated 679 rows.
2026-01-09 11:56:42 [E780.E780_IF_FILE_ATTACHMENT] Migrated 680 rows.
2026-01-09 11:56:42 [E780.E780_IF_FILE_ATTACHMENT] Migrated 681 rows.
2026-01-09 11:56:42 [E780.E780_IF_FILE_ATTACHMENT] Migrated 682 rows.
2026-01-09 11:56:42 [E780.E780_IF_FILE_ATTACHMENT] Migrated 683 rows.
2026-01-09 11:56:42 [E780.E780_IF_FILE_ATTACHMENT] Migrated 684 rows.
2026-01-09 11:56:42 [E780.E780_IF_FILE_ATTACHMENT] Migrated 685 rows.
2026-01-09 11:56:42 [E780.E780_IF_FILE_ATTACHMENT] Migrated 686 rows.
2026-01-09 11:56:43 [E780.E780_IF_FILE_ATTACHMENT] Migrated 687 rows.
2026-01-09 11:56:43 [E780.E780_IF_FILE_ATTACHMENT] Migrated 688 rows.
2026-01-09 11:56:43 [E780.E780_IF_FILE_ATTACHMENT] Migrated 689 rows.
2026-01-09 11:56:43 [E780.E780_IF_FILE_ATTACHMENT] Migrated 690 rows.
2026-01-09 11:56:43 [E780.E780_IF_FILE_ATTACHMENT] Migrated 691 rows.
2026-01-09 11:56:43 [E780.E780_IF_FILE_ATTACHMENT] Migrated 692 rows.
2026-01-09 11:56:43 [E780.E780_IF_FILE_ATTACHMENT] Migrated 693 rows.
2026-01-09 11:56:43 [E780.E780_IF_FILE_ATTACHMENT] Migrated 694 rows.
2026-01-09 11:56:43 [E780.E780_IF_FILE_ATTACHMENT] Migrated 695 rows.
2026-01-09 11:56:43 [E780.E780_IF_FILE_ATTACHMENT] Migrated 696 rows.
2026-01-09 11:56:43 [E780.E780_IF_FILE_ATTACHMENT] Migrated 697 rows.
2026-01-09 11:56:43 [E780.E780_IF_FILE_ATTACHMENT] Migrated 698 rows.
2026-01-09 11:56:43 [E780.E780_IF_FILE_ATTACHMENT] Migrated 699 rows.
2026-01-09 11:56:44 [E780.E780_IF_FILE_ATTACHMENT] Migrated 700 rows.
2026-01-09 11:56:44 [E780.E780_IF_FILE_ATTACHMENT] Migrated 701 rows.
2026-01-09 11:56:44 [E780.E780_IF_FILE_ATTACHMENT] Migrated 702 rows.
2026-01-09 11:56:44 [E780.E780_IF_FILE_ATTACHMENT] Migrated 703 rows.
2026-01-09 11:56:44 [E780.E780_IF_FILE_ATTACHMENT] Migrated 704 rows.
2026-01-09 11:56:44 [E780.E780_IF_FILE_ATTACHMENT] Migrated 705 rows.
2026-01-09 11:56:44 [E780.E780_IF_FILE_ATTACHMENT] Migrated 706 rows.
2026-01-09 11:56:44 [E780.E780_IF_FILE_ATTACHMENT] Migrated 707 rows.
2026-01-09 11:56:44 [E780.E780_IF_FILE_ATTACHMENT] Migrated 708 rows.
2026-01-09 11:56:44 [E780.E780_IF_FILE_ATTACHMENT] Migrated 709 rows.
2026-01-09 11:56:44 [E780.E780_IF_FILE_ATTACHMENT] Migrated 710 rows.
2026-01-09 11:56:44 [E780.E780_IF_FILE_ATTACHMENT] Migrated 711 rows.
2026-01-09 11:56:44 [E780.E780_IF_FILE_ATTACHMENT] Migrated 712 rows.
2026-01-09 11:56:44 [E780.E780_IF_FILE_ATTACHMENT] Migrated 713 rows.
2026-01-09 11:56:44 [E780.E780_IF_FILE_ATTACHMENT] Migrated 714 rows.
2026-01-09 11:56:44 [E780.E780_IF_FILE_ATTACHMENT] Migrated 715 rows.
2026-01-09 11:56:44 [E780.E780_IF_FILE_ATTACHMENT] Migrated 716 rows.
2026-01-09 11:56:44 [E780.E780_IF_FILE_ATTACHMENT] Migrated 717 rows.
2026-01-09 11:56:44 [E780.E780_IF_FILE_ATTACHMENT] Migrated 718 rows.
2026-01-09 11:56:45 [E780.E780_IF_FILE_ATTACHMENT] Migrated 719 rows.
2026-01-09 11:56:45 [E780.E780_IF_FILE_ATTACHMENT] Migrated 720 rows.
2026-01-09 11:56:45 [E780.E780_IF_FILE_ATTACHMENT] Migrated 721 rows.
2026-01-09 11:56:45 [E780.E780_IF_FILE_ATTACHMENT] Migrated 722 rows.
2026-01-09 11:56:45 [E780.E780_IF_FILE_ATTACHMENT] Migrated 723 rows.
2026-01-09 11:56:45 [E780.E780_IF_FILE_ATTACHMENT] Migrated 724 rows.
2026-01-09 11:56:45 [E780.E780_IF_FILE_ATTACHMENT] Migrated 725 rows.
2026-01-09 11:56:45 [E780.E780_IF_FILE_ATTACHMENT] Migrated 726 rows.
2026-01-09 11:56:45 [E780.E780_IF_FILE_ATTACHMENT] Migrated 727 rows.
2026-01-09 11:56:45 [E780.E780_IF_FILE_ATTACHMENT] Migrated 728 rows.
2026-01-09 11:56:45 [E780.E780_IF_FILE_ATTACHMENT] Migrated 729 rows.
2026-01-09 11:56:45 [E780.E780_IF_FILE_ATTACHMENT] Migrated 730 rows.
2026-01-09 11:56:45 [E780.E780_IF_FILE_ATTACHMENT] Migrated 731 rows.
2026-01-09 11:56:45 [E780.E780_IF_FILE_ATTACHMENT] Migrated 732 rows.
2026-01-09 11:56:45 [E780.E780_IF_FILE_ATTACHMENT] Migrated 733 rows.
2026-01-09 11:56:45 [E780.E780_IF_FILE_ATTACHMENT] Migrated 734 rows.
2026-01-09 11:56:45 [E780.E780_IF_FILE_ATTACHMENT] Migrated 735 rows.
2026-01-09 11:56:45 [E780.E780_IF_FILE_ATTACHMENT] Migrated 736 rows.
2026-01-09 11:56:45 [E780.E780_IF_FILE_ATTACHMENT] Migrated 737 rows.
2026-01-09 11:56:45 [E780.E780_IF_FILE_ATTACHMENT] Migrated 738 rows.
2026-01-09 11:56:46 [E780.E780_IF_FILE_ATTACHMENT] Migrated 739 rows.
2026-01-09 11:56:46 [E780.E780_IF_FILE_ATTACHMENT] Migrated 740 rows.
2026-01-09 11:56:46 [E780.E780_IF_FILE_ATTACHMENT] Migrated 741 rows.
2026-01-09 11:56:46 [E780.E780_IF_FILE_ATTACHMENT] Migrated 742 rows.
2026-01-09 11:56:46 [E780.E780_IF_FILE_ATTACHMENT] Migrated 743 rows.
2026-01-09 11:56:46 [E780.E780_IF_FILE_ATTACHMENT] Migrated 744 rows.
2026-01-09 11:56:46 [E780.E780_IF_FILE_ATTACHMENT] Migrated 745 rows.
2026-01-09 11:56:46 [E780.E780_IF_FILE_ATTACHMENT] Migrated 746 rows.
2026-01-09 11:56:46 [E780.E780_IF_FILE_ATTACHMENT] Migrated 747 rows.
2026-01-09 11:56:46 [E780.E780_IF_FILE_ATTACHMENT] Migrated 748 rows.
2026-01-09 11:56:46 [E780.E780_IF_FILE_ATTACHMENT] Migrated 749 rows.
2026-01-09 11:56:46 [E780.E780_IF_FILE_ATTACHMENT] Migrated 750 rows.
2026-01-09 11:56:46 [E780.E780_IF_FILE_ATTACHMENT] Migrated 751 rows.
2026-01-09 11:56:46 [E780.E780_IF_FILE_ATTACHMENT] Migrated 752 rows.
2026-01-09 11:56:46 [E780.E780_IF_FILE_ATTACHMENT] Migrated 753 rows.
2026-01-09 11:56:46 [E780.E780_IF_FILE_ATTACHMENT] Migrated 754 rows.
2026-01-09 11:56:46 [E780.E780_IF_FILE_ATTACHMENT] Migrated 755 rows.
2026-01-09 11:56:47 [E780.E780_IF_FILE_ATTACHMENT] Migrated 756 rows.
2026-01-09 11:56:47 [E780.E780_IF_FILE_ATTACHMENT] Migrated 757 rows.
2026-01-09 11:56:47 [E780.E780_IF_FILE_ATTACHMENT] Migrated 758 rows.
2026-01-09 11:56:47 [E780.E780_IF_FILE_ATTACHMENT] Migrated 759 rows.
2026-01-09 11:56:47 [E780.E780_IF_FILE_ATTACHMENT] Migrated 760 rows.
2026-01-09 11:56:47 [E780.E780_IF_FILE_ATTACHMENT] Migrated 761 rows.
2026-01-09 11:56:47 [E780.E780_IF_FILE_ATTACHMENT] Migrated 762 rows.
2026-01-09 11:56:47 [E780.E780_IF_FILE_ATTACHMENT] Migrated 763 rows.
2026-01-09 11:56:47 [E780.E780_IF_FILE_ATTACHMENT] Migrated 764 rows.
2026-01-09 11:56:47 [E780.E780_IF_FILE_ATTACHMENT] Migrated 765 rows.
2026-01-09 11:56:47 [E780.E780_IF_FILE_ATTACHMENT] Migrated 766 rows.
2026-01-09 11:56:47 [E780.E780_IF_FILE_ATTACHMENT] Migrated 767 rows.
2026-01-09 11:56:47 [E780.E780_IF_FILE_ATTACHMENT] Migrated 768 rows.
2026-01-09 11:56:47 [E780.E780_IF_FILE_ATTACHMENT] Migrated 769 rows.
2026-01-09 11:56:47 [E780.E780_IF_FILE_ATTACHMENT] Migrated 770 rows.
2026-01-09 11:56:47 [E780.E780_IF_FILE_ATTACHMENT] Migrated 771 rows.
2026-01-09 11:56:47 [E780.E780_IF_FILE_ATTACHMENT] Migrated 772 rows.
2026-01-09 11:56:47 [E780.E780_IF_FILE_ATTACHMENT] Migrated 773 rows.
2026-01-09 11:56:48 [E780.E780_IF_FILE_ATTACHMENT] Migrated 774 rows.
2026-01-09 11:56:48 [E780.E780_IF_FILE_ATTACHMENT] Migrated 775 rows.
2026-01-09 11:56:48 [E780.E780_IF_FILE_ATTACHMENT] Migrated 776 rows.
2026-01-09 11:56:48 [E780.E780_IF_FILE_ATTACHMENT] Migrated 777 rows.
2026-01-09 11:56:48 [E780.E780_IF_FILE_ATTACHMENT] Migrated 778 rows.
2026-01-09 11:56:48 [E780.E780_IF_FILE_ATTACHMENT] Migrated 779 rows.
2026-01-09 11:56:48 [E780.E780_IF_FILE_ATTACHMENT] Migrated 780 rows.
2026-01-09 11:56:48 [E780.E780_IF_FILE_ATTACHMENT] Migrated 781 rows.
2026-01-09 11:56:48 [E780.E780_IF_FILE_ATTACHMENT] Migrated 782 rows.
2026-01-09 11:56:48 [E780.E780_IF_FILE_ATTACHMENT] Migrated 783 rows.
2026-01-09 11:56:48 [E780.E780_IF_FILE_ATTACHMENT] Migrated 784 rows.
2026-01-09 11:56:48 [E780.E780_IF_FILE_ATTACHMENT] Migrated 785 rows.
2026-01-09 11:56:48 [E780.E780_IF_FILE_ATTACHMENT] Migrated 786 rows.
2026-01-09 11:56:48 [E780.E780_IF_FILE_ATTACHMENT] Migrated 787 rows.
2026-01-09 11:56:48 [E780.E780_IF_FILE_ATTACHMENT] Migrated 788 rows.
2026-01-09 11:56:48 [E780.E780_IF_FILE_ATTACHMENT] Migrated 789 rows.
2026-01-09 11:56:48 [E780.E780_IF_FILE_ATTACHMENT] Migrated 790 rows.
2026-01-09 11:56:49 [E780.E780_IF_FILE_ATTACHMENT] Migrated 791 rows.
2026-01-09 11:56:49 [E780.E780_IF_FILE_ATTACHMENT] Migrated 792 rows.
2026-01-09 11:56:49 [E780.E780_IF_FILE_ATTACHMENT] Migrated 793 rows.
2026-01-09 11:56:49 [E780.E780_IF_FILE_ATTACHMENT] Migrated 794 rows.
2026-01-09 11:56:49 [E780.E780_IF_FILE_ATTACHMENT] Migrated 795 rows.
2026-01-09 11:56:49 [E780.E780_IF_FILE_ATTACHMENT] Migrated 796 rows.
2026-01-09 11:56:49 [E780.E780_IF_FILE_ATTACHMENT] Migrated 797 rows.
2026-01-09 11:56:50 [E780.E780_IF_FILE_ATTACHMENT] Migrated 798 rows.
2026-01-09 11:56:50 [E780.E780_IF_FILE_ATTACHMENT] Migrated 799 rows.
2026-01-09 11:56:50 [E780.E780_IF_FILE_ATTACHMENT] Migrated 800 rows.
2026-01-09 11:56:50 [E780.E780_IF_FILE_ATTACHMENT] Migrated 801 rows.
2026-01-09 11:56:50 [E780.E780_IF_FILE_ATTACHMENT] Migrated 802 rows.
2026-01-09 11:56:50 [E780.E780_IF_FILE_ATTACHMENT] Migrated 803 rows.
2026-01-09 11:56:50 [E780.E780_IF_FILE_ATTACHMENT] Migrated 804 rows.
2026-01-09 11:56:50 [E780.E780_IF_FILE_ATTACHMENT] Migrated 805 rows.
2026-01-09 11:56:50 [E780.E780_IF_FILE_ATTACHMENT] Migrated 806 rows.
2026-01-09 11:56:50 [E780.E780_IF_FILE_ATTACHMENT] Migrated 807 rows.
2026-01-09 11:56:50 [E780.E780_IF_FILE_ATTACHMENT] Migrated 808 rows.
2026-01-09 11:56:50 [E780.E780_IF_FILE_ATTACHMENT] Migrated 809 rows.
2026-01-09 11:56:50 [E780.E780_IF_FILE_ATTACHMENT] Migrated 810 rows.
2026-01-09 11:56:50 [E780.E780_IF_FILE_ATTACHMENT] Migrated 811 rows.
2026-01-09 11:56:50 [E780.E780_IF_FILE_ATTACHMENT] Migrated 812 rows.
2026-01-09 11:56:50 [E780.E780_IF_FILE_ATTACHMENT] Migrated 813 rows.
2026-01-09 11:56:51 [E780.E780_IF_FILE_ATTACHMENT] Migrated 814 rows.
2026-01-09 11:56:51 [E780.E780_IF_FILE_ATTACHMENT] Migrated 815 rows.
2026-01-09 11:56:51 [E780.E780_IF_FILE_ATTACHMENT] Migrated 816 rows.
2026-01-09 11:56:51 [E780.E780_IF_FILE_ATTACHMENT] Migrated 817 rows.
2026-01-09 11:56:51 [E780.E780_IF_FILE_ATTACHMENT] Migrated 818 rows.
2026-01-09 11:56:51 [E780.E780_IF_FILE_ATTACHMENT] Migrated 819 rows.
2026-01-09 11:56:51 [E780.E780_IF_FILE_ATTACHMENT] Migrated 820 rows.
2026-01-09 11:56:51 [E780.E780_IF_FILE_ATTACHMENT] Migrated 821 rows.
2026-01-09 11:56:51 [E780.E780_IF_FILE_ATTACHMENT] Migrated 822 rows.
2026-01-09 11:56:52 [E780.E780_IF_FILE_ATTACHMENT] Migrated 823 rows.
2026-01-09 11:56:52 [E780.E780_IF_FILE_ATTACHMENT] Migrated 824 rows.
2026-01-09 11:56:52 [E780.E780_IF_FILE_ATTACHMENT] Migrated 825 rows.
2026-01-09 11:56:52 [E780.E780_IF_FILE_ATTACHMENT] Migrated 826 rows.
2026-01-09 11:56:52 [E780.E780_IF_FILE_ATTACHMENT] Migrated 827 rows.
2026-01-09 11:56:52 [E780.E780_IF_FILE_ATTACHMENT] Migrated 828 rows.
2026-01-09 11:56:52 [E780.E780_IF_FILE_ATTACHMENT] Migrated 829 rows.
2026-01-09 11:56:52 [E780.E780_IF_FILE_ATTACHMENT] Migrated 830 rows.
2026-01-09 11:56:52 [E780.E780_IF_FILE_ATTACHMENT] Migrated 831 rows.
2026-01-09 11:56:52 [E780.E780_IF_FILE_ATTACHMENT] Migrated 832 rows.
2026-01-09 11:56:52 [E780.E780_IF_FILE_ATTACHMENT] Migrated 833 rows.
2026-01-09 11:56:52 [E780.E780_IF_FILE_ATTACHMENT] Migrated 834 rows.
2026-01-09 11:56:52 [E780.E780_IF_FILE_ATTACHMENT] Migrated 835 rows.
2026-01-09 11:56:53 [E780.E780_IF_FILE_ATTACHMENT] Migrated 836 rows.
2026-01-09 11:56:53 [E780.E780_IF_FILE_ATTACHMENT] Migrated 837 rows.
2026-01-09 11:56:53 [E780.E780_IF_FILE_ATTACHMENT] Migrated 838 rows.
2026-01-09 11:56:53 [E780.E780_IF_FILE_ATTACHMENT] Migrated 839 rows.
2026-01-09 11:56:53 [E780.E780_IF_FILE_ATTACHMENT] Migrated 840 rows.
2026-01-09 11:56:53 [E780.E780_IF_FILE_ATTACHMENT] Migrated 841 rows.
2026-01-09 11:56:53 [E780.E780_IF_FILE_ATTACHMENT] Migrated 842 rows.
2026-01-09 11:56:53 [E780.E780_IF_FILE_ATTACHMENT] Migrated 843 rows.
2026-01-09 11:56:53 [E780.E780_IF_FILE_ATTACHMENT] Migrated 844 rows.
2026-01-09 11:56:53 [E780.E780_IF_FILE_ATTACHMENT] Migrated 845 rows.
2026-01-09 11:56:53 [E780.E780_IF_FILE_ATTACHMENT] Migrated 846 rows.
2026-01-09 11:56:53 [E780.E780_IF_FILE_ATTACHMENT] Migrated 847 rows.
2026-01-09 11:56:53 [E780.E780_IF_FILE_ATTACHMENT] Migrated 848 rows.
2026-01-09 11:56:53 [E780.E780_IF_FILE_ATTACHMENT] Migrated 849 rows.
2026-01-09 11:56:53 [E780.E780_IF_FILE_ATTACHMENT] Migrated 850 rows.
2026-01-09 11:56:54 [E780.E780_IF_FILE_ATTACHMENT] Migrated 851 rows.
2026-01-09 11:56:54 [E780.E780_IF_FILE_ATTACHMENT] Migrated 852 rows.
2026-01-09 11:56:54 [E780.E780_IF_FILE_ATTACHMENT] Migrated 853 rows.
2026-01-09 11:56:54 [E780.E780_IF_FILE_ATTACHMENT] Migrated 854 rows.
2026-01-09 11:56:54 [E780.E780_IF_FILE_ATTACHMENT] Migrated 855 rows.
2026-01-09 11:56:54 [E780.E780_IF_FILE_ATTACHMENT] Migrated 856 rows.
2026-01-09 11:56:54 [E780.E780_IF_FILE_ATTACHMENT] Migrated 857 rows.
2026-01-09 11:56:54 [E780.E780_IF_FILE_ATTACHMENT] Migrated 858 rows.
2026-01-09 11:56:54 [E780.E780_IF_FILE_ATTACHMENT] Migrated 859 rows.
2026-01-09 11:56:54 [E780.E780_IF_FILE_ATTACHMENT] Migrated 860 rows.
2026-01-09 11:56:54 [E780.E780_IF_FILE_ATTACHMENT] Migrated 861 rows.
2026-01-09 11:56:54 [E780.E780_IF_FILE_ATTACHMENT] Migrated 862 rows.
2026-01-09 11:56:54 [E780.E780_IF_FILE_ATTACHMENT] Migrated 863 rows.
2026-01-09 11:56:54 [E780.E780_IF_FILE_ATTACHMENT] Migrated 864 rows.
2026-01-09 11:56:54 [E780.E780_IF_FILE_ATTACHMENT] Migrated 865 rows.
2026-01-09 11:56:55 [E780.E780_IF_FILE_ATTACHMENT] Migrated 866 rows.
2026-01-09 11:56:55 [E780.E780_IF_FILE_ATTACHMENT] Migrated 867 rows.
2026-01-09 11:56:55 [E780.E780_IF_FILE_ATTACHMENT] Migrated 868 rows.
2026-01-09 11:56:55 [E780.E780_IF_FILE_ATTACHMENT] Migrated 869 rows.
2026-01-09 11:56:55 [E780.E780_IF_FILE_ATTACHMENT] Migrated 870 rows.
2026-01-09 11:56:55 [E780.E780_IF_FILE_ATTACHMENT] Migrated 871 rows.
2026-01-09 11:56:55 [E780.E780_IF_FILE_ATTACHMENT] Migrated 872 rows.
2026-01-09 11:56:55 [E780.E780_IF_FILE_ATTACHMENT] Migrated 873 rows.
2026-01-09 11:56:55 [E780.E780_IF_FILE_ATTACHMENT] Migrated 874 rows.
2026-01-09 11:56:55 [E780.E780_IF_FILE_ATTACHMENT] Migrated 875 rows.
2026-01-09 11:56:55 [E780.E780_IF_FILE_ATTACHMENT] Migrated 876 rows.
2026-01-09 11:56:56 [E780.E780_IF_FILE_ATTACHMENT] Migrated 877 rows.
2026-01-09 11:56:56 [E780.E780_IF_FILE_ATTACHMENT] Migrated 878 rows.
2026-01-09 11:56:56 [E780.E780_IF_FILE_ATTACHMENT] Migrated 879 rows.
2026-01-09 11:56:56 [E780.E780_IF_FILE_ATTACHMENT] Migrated 880 rows.
2026-01-09 11:56:56 [E780.E780_IF_FILE_ATTACHMENT] Migrated 881 rows.
2026-01-09 11:56:56 [E780.E780_IF_FILE_ATTACHMENT] Migrated 882 rows.
2026-01-09 11:56:56 [E780.E780_IF_FILE_ATTACHMENT] Migrated 883 rows.
2026-01-09 11:56:56 [E780.E780_IF_FILE_ATTACHMENT] Migrated 884 rows.
2026-01-09 11:56:56 [E780.E780_IF_FILE_ATTACHMENT] Migrated 885 rows.
2026-01-09 11:56:56 [E780.E780_IF_FILE_ATTACHMENT] Migrated 886 rows.
2026-01-09 11:56:56 [E780.E780_IF_FILE_ATTACHMENT] Migrated 887 rows.
2026-01-09 11:56:56 [E780.E780_IF_FILE_ATTACHMENT] Migrated 888 rows.
2026-01-09 11:56:56 [E780.E780_IF_FILE_ATTACHMENT] Migrated 889 rows.
2026-01-09 11:56:57 [E780.E780_IF_FILE_ATTACHMENT] Migrated 890 rows.
2026-01-09 11:56:57 [E780.E780_IF_FILE_ATTACHMENT] Migrated 891 rows.
2026-01-09 11:56:57 [E780.E780_IF_FILE_ATTACHMENT] Migrated 892 rows.
2026-01-09 11:56:57 [E780.E780_IF_FILE_ATTACHMENT] Migrated 893 rows.
2026-01-09 11:56:57 [E780.E780_IF_FILE_ATTACHMENT] Migrated 894 rows.
2026-01-09 11:56:57 [E780.E780_IF_FILE_ATTACHMENT] Migrated 895 rows.
2026-01-09 11:56:57 [E780.E780_IF_FILE_ATTACHMENT] Migrated 896 rows.
2026-01-09 11:56:57 [E780.E780_IF_FILE_ATTACHMENT] Migrated 897 rows.
2026-01-09 11:56:57 [E780.E780_IF_FILE_ATTACHMENT] Migrated 898 rows.
2026-01-09 11:56:57 [E780.E780_IF_FILE_ATTACHMENT] Migrated 899 rows.
2026-01-09 11:56:57 [E780.E780_IF_FILE_ATTACHMENT] Migrated 900 rows.
2026-01-09 11:56:57 [E780.E780_IF_FILE_ATTACHMENT] Migrated 901 rows.
2026-01-09 11:56:57 [E780.E780_IF_FILE_ATTACHMENT] Migrated 902 rows.
2026-01-09 11:56:57 [E780.E780_IF_FILE_ATTACHMENT] Migrated 903 rows.
2026-01-09 11:56:57 [E780.E780_IF_FILE_ATTACHMENT] Migrated 904 rows.
2026-01-09 11:56:57 [E780.E780_IF_FILE_ATTACHMENT] Migrated 905 rows.
2026-01-09 11:56:57 [E780.E780_IF_FILE_ATTACHMENT] Migrated 906 rows.
2026-01-09 11:56:57 [E780.E780_IF_FILE_ATTACHMENT] Migrated 907 rows.
2026-01-09 11:56:57 [E780.E780_IF_FILE_ATTACHMENT] Migrated 908 rows.
2026-01-09 11:56:58 [E780.E780_IF_FILE_ATTACHMENT] Migrated 909 rows.
2026-01-09 11:56:58 [E780.E780_IF_FILE_ATTACHMENT] Migrated 910 rows.
2026-01-09 11:56:58 [E780.E780_IF_FILE_ATTACHMENT] Migrated 911 rows.
2026-01-09 11:56:58 [E780.E780_IF_FILE_ATTACHMENT] Migrated 912 rows.
2026-01-09 11:56:58 [E780.E780_IF_FILE_ATTACHMENT] Migrated 913 rows.
2026-01-09 11:56:58 [E780.E780_IF_FILE_ATTACHMENT] Migrated 914 rows.
2026-01-09 11:56:58 [E780.E780_IF_FILE_ATTACHMENT] Migrated 915 rows.
2026-01-09 11:56:58 [E780.E780_IF_FILE_ATTACHMENT] Migrated 916 rows.
2026-01-09 11:56:58 [E780.E780_IF_FILE_ATTACHMENT] Migrated 917 rows.
2026-01-09 11:56:58 [E780.E780_IF_FILE_ATTACHMENT] Migrated 918 rows.
2026-01-09 11:56:58 [E780.E780_IF_FILE_ATTACHMENT] Migrated 919 rows.
2026-01-09 11:56:59 [E780.E780_IF_FILE_ATTACHMENT] Migrated 920 rows.
2026-01-09 11:56:59 [E780.E780_IF_FILE_ATTACHMENT] Migrated 921 rows.
2026-01-09 11:56:59 [E780.E780_IF_FILE_ATTACHMENT] Migrated 922 rows.
2026-01-09 11:56:59 [E780.E780_IF_FILE_ATTACHMENT] Migrated 923 rows.
2026-01-09 11:56:59 [E780.E780_IF_FILE_ATTACHMENT] Migrated 924 rows.
2026-01-09 11:56:59 [E780.E780_IF_FILE_ATTACHMENT] Migrated 925 rows.
2026-01-09 11:56:59 [E780.E780_IF_FILE_ATTACHMENT] Migrated 926 rows.
2026-01-09 11:56:59 [E780.E780_IF_FILE_ATTACHMENT] Migrated 927 rows.
2026-01-09 11:56:59 [E780.E780_IF_FILE_ATTACHMENT] Migrated 928 rows.
2026-01-09 11:56:59 [E780.E780_IF_FILE_ATTACHMENT] Migrated 929 rows.
2026-01-09 11:56:59 [E780.E780_IF_FILE_ATTACHMENT] Migrated 930 rows.
2026-01-09 11:56:59 [E780.E780_IF_FILE_ATTACHMENT] Migrated 931 rows.
2026-01-09 11:56:59 [E780.E780_IF_FILE_ATTACHMENT] Migrated 932 rows.
2026-01-09 11:56:59 [E780.E780_IF_FILE_ATTACHMENT] Migrated 933 rows.
2026-01-09 11:56:59 [E780.E780_IF_FILE_ATTACHMENT] Migrated 934 rows.
2026-01-09 11:56:59 [E780.E780_IF_FILE_ATTACHMENT] Migrated 935 rows.
2026-01-09 11:56:59 [E780.E780_IF_FILE_ATTACHMENT] Migrated 936 rows.
2026-01-09 11:57:00 [E780.E780_IF_FILE_ATTACHMENT] Migrated 937 rows.
2026-01-09 11:57:00 [E780.E780_IF_FILE_ATTACHMENT] Migrated 938 rows.
2026-01-09 11:57:00 [E780.E780_IF_FILE_ATTACHMENT] Migrated 939 rows.
2026-01-09 11:57:00 [E780.E780_IF_FILE_ATTACHMENT] Migrated 940 rows.
2026-01-09 11:57:00 [E780.E780_IF_FILE_ATTACHMENT] Migrated 941 rows.
2026-01-09 11:57:00 [E780.E780_IF_FILE_ATTACHMENT] Migrated 942 rows.
2026-01-09 11:57:00 [E780.E780_IF_FILE_ATTACHMENT] Migrated 943 rows.
2026-01-09 11:57:00 [E780.E780_IF_FILE_ATTACHMENT] Migrated 944 rows.
2026-01-09 11:57:00 [E780.E780_IF_FILE_ATTACHMENT] Migrated 945 rows.
2026-01-09 11:57:01 [E780.E780_IF_FILE_ATTACHMENT] Migrated 946 rows.
2026-01-09 11:57:01 [E780.E780_IF_FILE_ATTACHMENT] Migrated 947 rows.
2026-01-09 11:57:01 [E780.E780_IF_FILE_ATTACHMENT] Migrated 948 rows.
2026-01-09 11:57:01 [E780.E780_IF_FILE_ATTACHMENT] Migrated 949 rows.
2026-01-09 11:57:01 [E780.E780_IF_FILE_ATTACHMENT] Migrated 950 rows.
2026-01-09 11:57:01 [E780.E780_IF_FILE_ATTACHMENT] Migrated 951 rows.
2026-01-09 11:57:01 [E780.E780_IF_FILE_ATTACHMENT] Migrated 952 rows.
2026-01-09 11:57:01 [E780.E780_IF_FILE_ATTACHMENT] Migrated 953 rows.
2026-01-09 11:57:01 [E780.E780_IF_FILE_ATTACHMENT] Migrated 954 rows.
2026-01-09 11:57:01 [E780.E780_IF_FILE_ATTACHMENT] Migrated 955 rows.
2026-01-09 11:57:01 [E780.E780_IF_FILE_ATTACHMENT] Migrated 956 rows.
2026-01-09 11:57:01 [E780.E780_IF_FILE_ATTACHMENT] Migrated 957 rows.
2026-01-09 11:57:01 [E780.E780_IF_FILE_ATTACHMENT] Migrated 958 rows.
2026-01-09 11:57:01 [E780.E780_IF_FILE_ATTACHMENT] Migrated 959 rows.
2026-01-09 11:57:01 [E780.E780_IF_FILE_ATTACHMENT] Migrated 960 rows.
2026-01-09 11:57:01 [E780.E780_IF_FILE_ATTACHMENT] Migrated 961 rows.
2026-01-09 11:57:01 [E780.E780_IF_FILE_ATTACHMENT] Migrated 962 rows.
2026-01-09 11:57:01 [E780.E780_IF_FILE_ATTACHMENT] Migrated 963 rows.
2026-01-09 11:57:01 [E780.E780_IF_FILE_ATTACHMENT] Migrated 964 rows.
2026-01-09 11:57:01 [E780.E780_IF_FILE_ATTACHMENT] Migrated 965 rows.
2026-01-09 11:57:01 [E780.E780_IF_FILE_ATTACHMENT] Migrated 966 rows.
2026-01-09 11:57:01 [E780.E780_IF_FILE_ATTACHMENT] Migrated 967 rows.
2026-01-09 11:57:01 [E780.E780_IF_FILE_ATTACHMENT] Migrated 968 rows.
2026-01-09 11:57:02 [E780.E780_IF_FILE_ATTACHMENT] Migrated 969 rows.
2026-01-09 11:57:02 [E780.E780_IF_FILE_ATTACHMENT] Migrated 970 rows.
2026-01-09 11:57:02 [E780.E780_IF_FILE_ATTACHMENT] Migrated 971 rows.
2026-01-09 11:57:02 [E780.E780_IF_FILE_ATTACHMENT] Migrated 972 rows.
2026-01-09 11:57:02 [E780.E780_IF_FILE_ATTACHMENT] Migrated 973 rows.
2026-01-09 11:57:02 [E780.E780_IF_FILE_ATTACHMENT] Migrated 974 rows.
2026-01-09 11:57:02 [E780.E780_IF_FILE_ATTACHMENT] Migrated 975 rows.
2026-01-09 11:57:02 [E780.E780_IF_FILE_ATTACHMENT] Migrated 976 rows.
2026-01-09 11:57:02 [E780.E780_IF_FILE_ATTACHMENT] Migrated 977 rows.
2026-01-09 11:57:02 [E780.E780_IF_FILE_ATTACHMENT] Migrated 978 rows.
2026-01-09 11:57:02 [E780.E780_IF_FILE_ATTACHMENT] Migrated 979 rows.
2026-01-09 11:57:02 [E780.E780_IF_FILE_ATTACHMENT] Migrated 980 rows.
2026-01-09 11:57:02 [E780.E780_IF_FILE_ATTACHMENT] Migrated 981 rows.
2026-01-09 11:57:02 [E780.E780_IF_FILE_ATTACHMENT] Migrated 982 rows.
2026-01-09 11:57:02 [E780.E780_IF_FILE_ATTACHMENT] Migrated 983 rows.
2026-01-09 11:57:02 [E780.E780_IF_FILE_ATTACHMENT] Migrated 984 rows.
2026-01-09 11:57:02 [E780.E780_IF_FILE_ATTACHMENT] Migrated 985 rows.
2026-01-09 11:57:02 [E780.E780_IF_FILE_ATTACHMENT] Migrated 986 rows.
2026-01-09 11:57:02 [E780.E780_IF_FILE_ATTACHMENT] Migrated 987 rows.
2026-01-09 11:57:02 [E780.E780_IF_FILE_ATTACHMENT] Migrated 988 rows.
2026-01-09 11:57:02 [E780.E780_IF_FILE_ATTACHMENT] Migrated 989 rows.
2026-01-09 11:57:03 [E780.E780_IF_FILE_ATTACHMENT] Migrated 990 rows.
2026-01-09 11:57:03 [E780.E780_IF_FILE_ATTACHMENT] Migrated 991 rows.
2026-01-09 11:57:03 [E780.E780_IF_FILE_ATTACHMENT] Migrated 992 rows.
2026-01-09 11:57:03 [E780.E780_IF_FILE_ATTACHMENT] Migrated 993 rows.
2026-01-09 11:57:03 [E780.E780_IF_FILE_ATTACHMENT] Migrated 994 rows.
2026-01-09 11:57:03 [E780.E780_IF_FILE_ATTACHMENT] Migrated 995 rows.
2026-01-09 11:57:03 [E780.E780_IF_FILE_ATTACHMENT] Migrated 996 rows.
2026-01-09 11:57:03 [E780.E780_IF_FILE_ATTACHMENT] Migrated 997 rows.
2026-01-09 11:57:03 [E780.E780_IF_FILE_ATTACHMENT] Migrated 998 rows.
2026-01-09 11:57:03 [E780.E780_IF_FILE_ATTACHMENT] Migrated 999 rows.
2026-01-09 11:57:03 [E780.E780_IF_FILE_ATTACHMENT] Migrated 1,000 rows.
2026-01-09 11:57:03 [E780.E780_IF_FILE_ATTACHMENT] Migrated 1,001 rows.
2026-01-09 11:57:03 [E780.E780_IF_FILE_ATTACHMENT] Migrated 1,002 rows.
2026-01-09 11:57:03 [E780.E780_IF_FILE_ATTACHMENT] Migrated 1,003 rows.
2026-01-09 11:57:04 [E780.E780_IF_FILE_ATTACHMENT] Migrated 1,004 rows.
2026-01-09 11:57:04 [E780.E780_IF_FILE_ATTACHMENT] Migrated 1,005 rows.
2026-01-09 11:57:04 [E780.E780_IF_FILE_ATTACHMENT] Migrated 1,006 rows.
2026-01-09 11:57:04 [E780.E780_IF_FILE_ATTACHMENT] Migrated 1,007 rows.
2026-01-09 11:57:04 [E780.E780_IF_FILE_ATTACHMENT] Migrated 1,008 rows.
2026-01-09 11:57:04 [E780.E780_IF_FILE_ATTACHMENT] Migrated 1,009 rows.
2026-01-09 11:57:04 [E780.E780_IF_FILE_ATTACHMENT] Migrated 1,010 rows.
2026-01-09 11:57:04 [E780.E780_IF_FILE_ATTACHMENT] Migrated 1,011 rows.
2026-01-09 11:57:04 [E780.E780_IF_FILE_ATTACHMENT] Migrated 1,012 rows.
2026-01-09 11:57:04 [E780.E780_IF_FILE_ATTACHMENT] Migrated 1,013 rows.
2026-01-09 11:57:04 [E780.E780_IF_FILE_ATTACHMENT] Migrated 1,014 rows.
2026-01-09 11:57:04 [E780.E780_IF_FILE_ATTACHMENT] Migrated 1,015 rows.
2026-01-09 11:57:04 [E780.E780_IF_FILE_ATTACHMENT] Migrated 1,016 rows.
2026-01-09 11:57:04 [E780.E780_IF_FILE_ATTACHMENT] Migrated 1,017 rows.
2026-01-09 11:57:04 [E780.E780_IF_FILE_ATTACHMENT] Migrated 1,018 rows.
2026-01-09 11:57:04 [E780.E780_IF_FILE_ATTACHMENT] Migrated 1,019 rows.
2026-01-09 11:57:04 [E780.E780_IF_FILE_ATTACHMENT] Migrated 1,020 rows.
2026-01-09 11:57:04 [E780.E780_IF_FILE_ATTACHMENT] Migrated 1,021 rows.
2026-01-09 11:57:04 [E780.E780_IF_FILE_ATTACHMENT] Migrated 1,022 rows.
2026-01-09 11:57:04 [E780.E780_IF_FILE_ATTACHMENT] Migrated 1,023 rows.
2026-01-09 11:57:04 [E780.E780_IF_FILE_ATTACHMENT] Migrated 1,024 rows.
2026-01-09 11:57:04 [E780.E780_IF_FILE_ATTACHMENT] Migrated 1,025 rows.
2026-01-09 11:57:05 [E780.E780_IF_FILE_ATTACHMENT] Migrated 1,026 rows.
2026-01-09 11:57:05 [E780.E780_IF_FILE_ATTACHMENT] Migrated 1,027 rows.
2026-01-09 11:57:05 [E780.E780_IF_FILE_ATTACHMENT] Migrated 1,028 rows.
2026-01-09 11:57:05 [E780.E780_IF_FILE_ATTACHMENT] Migrated 1,029 rows.
2026-01-09 11:57:05 [E780.E780_IF_FILE_ATTACHMENT] Migrated 1,030 rows.
2026-01-09 11:57:05 [E780.E780_IF_FILE_ATTACHMENT] Migrated 1,031 rows.
2026-01-09 11:57:05 [E780.E780_IF_FILE_ATTACHMENT] Migrated 1,032 rows.
2026-01-09 11:57:06 [E780.E780_IF_FILE_ATTACHMENT] Migrated 1,033 rows.
2026-01-09 11:57:06 [E780.E780_IF_FILE_ATTACHMENT] Migrated 1,034 rows.
2026-01-09 11:57:06 [E780.E780_IF_FILE_ATTACHMENT] Migrated 1,035 rows.
2026-01-09 11:57:06 [E780.E780_IF_FILE_ATTACHMENT] Migrated 1,036 rows.
2026-01-09 11:57:06 [E780.E780_IF_FILE_ATTACHMENT] Migrated 1,037 rows.
2026-01-09 11:57:07 [E780.E780_IF_FILE_ATTACHMENT] Migrated 1,038 rows.
2026-01-09 11:57:07 [E780.E780_IF_FILE_ATTACHMENT] Migrated 1,039 rows.
2026-01-09 11:57:07 [E780.E780_IF_FILE_ATTACHMENT] Migrated 1,040 rows.
2026-01-09 11:57:07 [E780.E780_IF_FILE_ATTACHMENT] Migrated 1,041 rows.
2026-01-09 11:57:08 [E780.E780_IF_FILE_ATTACHMENT] Migrated 1,042 rows.
2026-01-09 11:57:08 [E780.E780_IF_FILE_ATTACHMENT] Migrated 1,043 rows.
2026-01-09 11:57:08 [E780.E780_IF_FILE_ATTACHMENT] Migrated 1,044 rows.
2026-01-09 11:57:08 [E780.E780_IF_FILE_ATTACHMENT] Migrated 1,045 rows.
2026-01-09 11:57:08 [E780.E780_IF_FILE_ATTACHMENT] Migrated 1,046 rows.
2026-01-09 11:57:08 [E780.E780_IF_FILE_ATTACHMENT] Migrated 1,047 rows.
2026-01-09 11:57:09 [E780.E780_IF_FILE_ATTACHMENT] Migrated 1,048 rows.
2026-01-09 11:57:09 [E780.E780_IF_FILE_ATTACHMENT] Migrated 1,049 rows.
2026-01-09 11:57:09 [E780.E780_IF_FILE_ATTACHMENT] Migrated 1,050 rows.
2026-01-09 11:57:09 [E780.E780_IF_FILE_ATTACHMENT] Migrated 1,051 rows.
2026-01-09 11:57:10 [E780.E780_IF_FILE_ATTACHMENT] Migrated 1,052 rows.
2026-01-09 11:57:10 [E780.E780_IF_FILE_ATTACHMENT] Migrated 1,053 rows.
2026-01-09 11:57:10 [E780.E780_IF_FILE_ATTACHMENT] Migrated 1,054 rows.
2026-01-09 11:57:10 [E780.E780_IF_FILE_ATTACHMENT] Migrated 1,055 rows.
2026-01-09 11:57:10 [E780.E780_IF_FILE_ATTACHMENT] Migrated 1,056 rows.
2026-01-09 11:57:10 [E780.E780_IF_FILE_ATTACHMENT] Migrated 1,057 rows.
2026-01-09 11:57:10 [E780.E780_IF_FILE_ATTACHMENT] Migrated 1,058 rows.
2026-01-09 11:57:10 [E780.E780_IF_FILE_ATTACHMENT] Migrated 1,059 rows.
2026-01-09 11:57:10 [E780.E780_IF_FILE_ATTACHMENT] Migrated 1,060 rows.
2026-01-09 11:57:10 [E780.E780_IF_FILE_ATTACHMENT] Migrated 1,061 rows.
2026-01-09 11:57:10 [E780.E780_IF_FILE_ATTACHMENT] Migrated 1,062 rows.
2026-01-09 11:57:10 [E780.E780_IF_FILE_ATTACHMENT] Migrated 1,063 rows.
2026-01-09 11:57:10 [E780.E780_IF_FILE_ATTACHMENT] Migrated 1,064 rows.
2026-01-09 11:57:10 [E780.E780_IF_FILE_ATTACHMENT] Migrated 1,065 rows.
2026-01-09 11:57:11 [E780.E780_IF_FILE_ATTACHMENT] Migrated 1,066 rows.
2026-01-09 11:57:11 [E780.E780_IF_FILE_ATTACHMENT] Migrated 1,067 rows.
2026-01-09 11:57:11 [E780.E780_IF_FILE_ATTACHMENT] Migrated 1,068 rows.
2026-01-09 11:57:11 [E780.E780_IF_FILE_ATTACHMENT] Migrated 1,069 rows.
2026-01-09 11:57:11 [E780.E780_IF_FILE_ATTACHMENT] Migrated 1,070 rows.
2026-01-09 11:57:11 [E780.E780_IF_FILE_ATTACHMENT] Migrated 1,071 rows.
2026-01-09 11:57:11 [E780.E780_IF_FILE_ATTACHMENT] Migrated 1,072 rows.
2026-01-09 11:57:11 [E780.E780_IF_FILE_ATTACHMENT] Migrated 1,073 rows.
2026-01-09 11:57:11 [E780.E780_IF_FILE_ATTACHMENT] Migrated 1,074 rows.
2026-01-09 11:57:11 [E780.E780_IF_FILE_ATTACHMENT] Migrated 1,075 rows.
2026-01-09 11:57:12 [E780.E780_IF_FILE_ATTACHMENT] Migrated 1,076 rows.
2026-01-09 11:57:12 [E780.E780_IF_FILE_ATTACHMENT] Migrated 1,077 rows.
2026-01-09 11:57:12 [E780.E780_IF_FILE_ATTACHMENT] Migrated 1,078 rows.
2026-01-09 11:57:12 [E780.E780_IF_FILE_ATTACHMENT] Migrated 1,079 rows.
2026-01-09 11:57:12 [E780.E780_IF_FILE_ATTACHMENT] Migrated 1,080 rows.
2026-01-09 11:57:12 [E780.E780_IF_FILE_ATTACHMENT] Migrated 1,081 rows.
2026-01-09 11:57:12 [E780.E780_IF_FILE_ATTACHMENT] Migrated 1,082 rows.
2026-01-09 11:57:12 [E780.E780_IF_FILE_ATTACHMENT] Migrated 1,083 rows.
2026-01-09 11:57:12 [E780.E780_IF_FILE_ATTACHMENT] Migrated 1,084 rows.
2026-01-09 11:57:12 [E780.E780_IF_FILE_ATTACHMENT] Migrated 1,085 rows.
2026-01-09 11:57:12 [E780.E780_IF_FILE_ATTACHMENT] Migrated 1,086 rows.
2026-01-09 11:57:12 [E780.E780_IF_FILE_ATTACHMENT] Migrated 1,087 rows.
2026-01-09 11:57:12 [E780.E780_IF_FILE_ATTACHMENT] Migrated 1,088 rows.
2026-01-09 11:57:12 [E780.E780_IF_FILE_ATTACHMENT] Migrated 1,089 rows.
2026-01-09 11:57:12 [E780.E780_IF_FILE_ATTACHMENT] Migrated 1,090 rows.
2026-01-09 11:57:12 [E780.E780_IF_FILE_ATTACHMENT] Migrated 1,091 rows.
2026-01-09 11:57:12 [E780.E780_IF_FILE_ATTACHMENT] Migrated 1,092 rows.
2026-01-09 11:57:12 [E780.E780_IF_FILE_ATTACHMENT] Migrated 1,093 rows.
2026-01-09 11:57:12 [E780.E780_IF_FILE_ATTACHMENT] Migrated 1,094 rows.
2026-01-09 11:57:12 [E780.E780_IF_FILE_ATTACHMENT] Migrated 1,095 rows.
2026-01-09 11:57:12 [E780.E780_IF_FILE_ATTACHMENT] Migrated 1,096 rows.
2026-01-09 11:57:13 [E780.E780_IF_FILE_ATTACHMENT] Migrated 1,097 rows.
2026-01-09 11:57:13 [E780.E780_IF_FILE_ATTACHMENT] Migrated 1,098 rows.
2026-01-09 11:57:13 [E780.E780_IF_FILE_ATTACHMENT] Migrated 1,099 rows.
2026-01-09 11:57:13 [E780.E780_IF_FILE_ATTACHMENT] Migrated 1,100 rows.
2026-01-09 11:57:13 [E780.E780_IF_FILE_ATTACHMENT] Migrated 1,101 rows.
2026-01-09 11:57:13 [E780.E780_IF_FILE_ATTACHMENT] Migrated 1,102 rows.
2026-01-09 11:57:13 [E780.E780_IF_FILE_ATTACHMENT] Migrated 1,103 rows.
2026-01-09 11:57:13 [E780.E780_IF_FILE_ATTACHMENT] Migrated 1,104 rows.
2026-01-09 11:57:14 [E780.E780_IF_FILE_ATTACHMENT] Migrated 1,105 rows.
2026-01-09 11:57:14 [E780.E780_IF_FILE_ATTACHMENT] Migrated 1,106 rows.
2026-01-09 11:57:14 [E780.E780_IF_FILE_ATTACHMENT] Migrated 1,107 rows.
2026-01-09 11:57:14 [E780.E780_IF_FILE_ATTACHMENT] Migrated 1,108 rows.
2026-01-09 11:57:14 [E780.E780_IF_FILE_ATTACHMENT] Migrated 1,109 rows.
2026-01-09 11:57:14 [E780.E780_IF_FILE_ATTACHMENT] Migrated 1,110 rows.
2026-01-09 11:57:14 [E780.E780_IF_FILE_ATTACHMENT] Migrated 1,111 rows.
2026-01-09 11:57:14 [E780.E780_IF_FILE_ATTACHMENT] Migrated 1,112 rows.
2026-01-09 11:57:14 [E780.E780_IF_FILE_ATTACHMENT] Migrated 1,113 rows.
2026-01-09 11:57:14 [E780.E780_IF_FILE_ATTACHMENT] Migrated 1,114 rows.
2026-01-09 11:57:14 [E780.E780_IF_FILE_ATTACHMENT] Migrated 1,115 rows.
2026-01-09 11:57:15 [E780.E780_IF_FILE_ATTACHMENT] Migrated 1,116 rows.
2026-01-09 11:57:15 [E780.E780_IF_FILE_ATTACHMENT] Migrated 1,117 rows.
2026-01-09 11:57:15 [E780.E780_IF_FILE_ATTACHMENT] Migrated 1,118 rows.
2026-01-09 11:57:15 [E780.E780_IF_FILE_ATTACHMENT] Migrated 1,119 rows.
2026-01-09 11:57:15 [E780.E780_IF_FILE_ATTACHMENT] Migrated 1,120 rows.
2026-01-09 11:57:15 [E780.E780_IF_FILE_ATTACHMENT] Migrated 1,121 rows.
2026-01-09 11:57:15 [E780.E780_IF_FILE_ATTACHMENT] Migrated 1,122 rows.
2026-01-09 11:57:15 [E780.E780_IF_FILE_ATTACHMENT] Migrated 1,123 rows.
2026-01-09 11:57:15 [E780.E780_IF_FILE_ATTACHMENT] Migrated 1,124 rows.
2026-01-09 11:57:15 [E780.E780_IF_FILE_ATTACHMENT] Migrated 1,125 rows.
2026-01-09 11:57:15 [E780.E780_IF_FILE_ATTACHMENT] Migrated 1,126 rows.
2026-01-09 11:57:15 [E780.E780_IF_FILE_ATTACHMENT] Migrated 1,127 rows.
2026-01-09 11:57:15 [E780.E780_IF_FILE_ATTACHMENT] Migrated 1,128 rows.
2026-01-09 11:57:15 [E780.E780_IF_FILE_ATTACHMENT] Migrated 1,129 rows.
2026-01-09 11:57:15 [E780.E780_IF_FILE_ATTACHMENT] Migrated 1,130 rows.
2026-01-09 11:57:16 [E780.E780_IF_FILE_ATTACHMENT] Migrated 1,131 rows.
2026-01-09 11:57:16 [E780.E780_IF_FILE_ATTACHMENT] Migrated 1,132 rows.
2026-01-09 11:57:16 [E780.E780_IF_FILE_ATTACHMENT] Migrated 1,133 rows.
2026-01-09 11:57:16 [E780.E780_IF_FILE_ATTACHMENT] Migrated 1,134 rows.
2026-01-09 11:57:16 [E780.E780_IF_FILE_ATTACHMENT] Migrated 1,135 rows.
2026-01-09 11:57:16 [E780.E780_IF_FILE_ATTACHMENT] Migrated 1,136 rows.
2026-01-09 11:57:16 [E780.E780_IF_FILE_ATTACHMENT] Migrated 1,137 rows.
2026-01-09 11:57:16 [E780.E780_IF_FILE_ATTACHMENT] Migrated 1,138 rows.
2026-01-09 11:57:16 [E780.E780_IF_FILE_ATTACHMENT] Migrated 1,139 rows.
2026-01-09 11:57:16 [E780.E780_IF_FILE_ATTACHMENT] Migrated 1,140 rows.
2026-01-09 11:57:16 [E780.E780_IF_FILE_ATTACHMENT] Migrated 1,141 rows.
2026-01-09 11:57:16 [E780.E780_IF_FILE_ATTACHMENT] Migrated 1,142 rows.
2026-01-09 11:57:16 [E780.E780_IF_FILE_ATTACHMENT] Migrated 1,143 rows.
2026-01-09 11:57:16 [E780.E780_IF_FILE_ATTACHMENT] Migrated 1,144 rows.
2026-01-09 11:57:16 [E780.E780_IF_FILE_ATTACHMENT] Migrated 1,145 rows.
2026-01-09 11:57:16 [E780.E780_IF_FILE_ATTACHMENT] Migrated 1,146 rows.
2026-01-09 11:57:16 [E780.E780_IF_FILE_ATTACHMENT] Migrated 1,147 rows.
2026-01-09 11:57:16 [E780.E780_IF_FILE_ATTACHMENT] Migrated 1,148 rows.
2026-01-09 11:57:16 [E780.E780_IF_FILE_ATTACHMENT] Migrated 1,149 rows.
2026-01-09 11:57:16 [E780.E780_IF_FILE_ATTACHMENT] Migrated 1,150 rows.
2026-01-09 11:57:16 [E780.E780_IF_FILE_ATTACHMENT] Migrated 1,151 rows.
2026-01-09 11:57:17 [E780.E780_IF_FILE_ATTACHMENT] Migrated 1,152 rows.
2026-01-09 11:57:17 [E780.E780_IF_FILE_ATTACHMENT] Migrated 1,153 rows.
2026-01-09 11:57:17 [E780.E780_IF_FILE_ATTACHMENT] Migrated 1,154 rows.
2026-01-09 11:57:17 [E780.E780_IF_FILE_ATTACHMENT] Migrated 1,155 rows.
2026-01-09 11:57:17 [E780.E780_IF_FILE_ATTACHMENT] Migrated 1,156 rows.
2026-01-09 11:57:17 [E780.E780_IF_FILE_ATTACHMENT] Migrated 1,157 rows.
2026-01-09 11:57:17 [E780.E780_IF_FILE_ATTACHMENT] Migrated 1,158 rows.
2026-01-09 11:57:17 [E780.E780_IF_FILE_ATTACHMENT] Migrated 1,159 rows.
2026-01-09 11:57:17 [E780.E780_IF_FILE_ATTACHMENT] Migrated 1,160 rows.
2026-01-09 11:57:18 [E780.E780_IF_FILE_ATTACHMENT] Migrated 1,161 rows.
2026-01-09 11:57:18 [E780.E780_IF_FILE_ATTACHMENT] Migrated 1,162 rows.
2026-01-09 11:57:18 [E780.E780_IF_FILE_ATTACHMENT] Migrated 1,163 rows.
2026-01-09 11:57:18 [E780.E780_IF_FILE_ATTACHMENT] Migrated 1,164 rows.
2026-01-09 11:57:18 [E780.E780_IF_FILE_ATTACHMENT] Migrated 1,165 rows.
2026-01-09 11:57:18 [E780.E780_IF_FILE_ATTACHMENT] Migrated 1,166 rows.
2026-01-09 11:57:18 [E780.E780_IF_FILE_ATTACHMENT] Migrated 1,167 rows.
2026-01-09 11:57:18 [E780.E780_IF_FILE_ATTACHMENT] Migrated 1,168 rows.
2026-01-09 11:57:18 [E780.E780_IF_FILE_ATTACHMENT] Migrated 1,169 rows.
2026-01-09 11:57:18 [E780.E780_IF_FILE_ATTACHMENT] Migrated 1,170 rows.
2026-01-09 11:57:18 [E780.E780_IF_FILE_ATTACHMENT] Migrated 1,171 rows.
2026-01-09 11:57:18 [E780.E780_IF_FILE_ATTACHMENT] Migrated 1,172 rows.
2026-01-09 11:57:18 [E780.E780_IF_FILE_ATTACHMENT] Migrated 1,173 rows.
2026-01-09 11:57:18 [E780.E780_IF_FILE_ATTACHMENT] Migrated 1,174 rows.
2026-01-09 11:57:18 [E780.E780_IF_FILE_ATTACHMENT] Migrated 1,175 rows.
2026-01-09 11:57:18 [E780.E780_IF_FILE_ATTACHMENT] Migrated 1,176 rows.
2026-01-09 11:57:18 [E780.E780_IF_FILE_ATTACHMENT] Migrated 1,177 rows.
2026-01-09 11:57:18 [E780.E780_IF_FILE_ATTACHMENT] Migrated 1,178 rows.
2026-01-09 11:57:18 [E780.E780_IF_FILE_ATTACHMENT] Migrated 1,179 rows.
2026-01-09 11:57:18 [E780.E780_IF_FILE_ATTACHMENT] Migrated 1,180 rows.
2026-01-09 11:57:19 [E780.E780_IF_FILE_ATTACHMENT] Migrated 1,181 rows.
2026-01-09 11:57:19 [E780.E780_IF_FILE_ATTACHMENT] Migrated 1,182 rows.
2026-01-09 11:57:19 [E780.E780_IF_FILE_ATTACHMENT] Migrated 1,183 rows.
2026-01-09 11:57:19 [E780.E780_IF_FILE_ATTACHMENT] Migrated 1,184 rows.
2026-01-09 11:57:19 [E780.E780_IF_FILE_ATTACHMENT] Migrated 1,185 rows.
2026-01-09 11:57:19 [E780.E780_IF_FILE_ATTACHMENT] Migrated 1,186 rows.
2026-01-09 11:57:19 [E780.E780_IF_FILE_ATTACHMENT] Migrated 1,187 rows.
2026-01-09 11:57:19 [E780.E780_IF_FILE_ATTACHMENT] Migrated 1,188 rows.
2026-01-09 11:57:19 [E780.E780_IF_FILE_ATTACHMENT] Migrated 1,189 rows.
2026-01-09 11:57:19 [E780.E780_IF_FILE_ATTACHMENT] Migrated 1,190 rows.
2026-01-09 11:57:19 [E780.E780_IF_FILE_ATTACHMENT] Migrated 1,191 rows.
2026-01-09 11:57:19 [E780.E780_IF_FILE_ATTACHMENT] Migrated 1,192 rows.
2026-01-09 11:57:19 [E780.E780_IF_FILE_ATTACHMENT] Migrated 1,193 rows.
2026-01-09 11:57:19 [E780.E780_IF_FILE_ATTACHMENT] Migrated 1,194 rows.
2026-01-09 11:57:19 [E780.E780_IF_FILE_ATTACHMENT] Migrated 1,195 rows.
2026-01-09 11:57:19 [E780.E780_IF_FILE_ATTACHMENT] Migrated 1,196 rows.
2026-01-09 11:57:19 [E780.E780_IF_FILE_ATTACHMENT] Migrated 1,197 rows.
2026-01-09 11:57:19 [E780.E780_IF_FILE_ATTACHMENT] Migrated 1,198 rows.
2026-01-09 11:57:19 [E780.E780_IF_FILE_ATTACHMENT] Migrated 1,199 rows.
2026-01-09 11:57:19 [E780.E780_IF_FILE_ATTACHMENT] Migrated 1,200 rows.
2026-01-09 11:57:20 [E780.E780_IF_FILE_ATTACHMENT] Migrated 1,201 rows.
2026-01-09 11:57:20 [E780.E780_IF_FILE_ATTACHMENT] Migrated 1,202 rows.
2026-01-09 11:57:20 [E780.E780_IF_FILE_ATTACHMENT] Migrated 1,203 rows.
2026-01-09 11:57:20 [E780.E780_IF_FILE_ATTACHMENT] Migrated 1,204 rows.
2026-01-09 11:57:20 [E780.E780_IF_FILE_ATTACHMENT] Migrated 1,205 rows.
2026-01-09 11:57:20 [E780.E780_IF_FILE_ATTACHMENT] Migrated 1,206 rows.
2026-01-09 11:57:20 [E780.E780_IF_FILE_ATTACHMENT] Migrated 1,207 rows.
2026-01-09 11:57:20 [E780.E780_IF_FILE_ATTACHMENT] Migrated 1,208 rows.
2026-01-09 11:57:20 [E780.E780_IF_FILE_ATTACHMENT] Migrated 1,209 rows.
2026-01-09 11:57:20 [E780.E780_IF_FILE_ATTACHMENT] Migrated 1,210 rows.
2026-01-09 11:57:20 [E780.E780_IF_FILE_ATTACHMENT] Migrated 1,211 rows.
2026-01-09 11:57:20 [E780.E780_IF_FILE_ATTACHMENT] Migrated 1,212 rows.
2026-01-09 11:57:20 [E780.E780_IF_FILE_ATTACHMENT] Migrated 1,213 rows.
2026-01-09 11:57:20 [E780.E780_IF_FILE_ATTACHMENT] Migrated 1,214 rows.
2026-01-09 11:57:20 [E780.E780_IF_FILE_ATTACHMENT] Migrated 1,215 rows.
2026-01-09 11:57:21 [E780.E780_IF_FILE_ATTACHMENT] Migrated 1,216 rows.
2026-01-09 11:57:21 [E780.E780_IF_FILE_ATTACHMENT] Migrated 1,217 rows.
2026-01-09 11:57:21 [E780.E780_IF_FILE_ATTACHMENT] Migrated 1,218 rows.
2026-01-09 11:57:21 [E780.E780_IF_FILE_ATTACHMENT] Migrated 1,219 rows.
2026-01-09 11:57:21 [E780.E780_IF_FILE_ATTACHMENT] Migrated 1,220 rows.
2026-01-09 11:57:21 [E780.E780_IF_FILE_ATTACHMENT] Migrated 1,221 rows.
2026-01-09 11:57:21 [E780.E780_IF_FILE_ATTACHMENT] Migrated 1,222 rows.
2026-01-09 11:57:21 [E780.E780_IF_FILE_ATTACHMENT] Migrated 1,223 rows.
2026-01-09 11:57:21 [E780.E780_IF_FILE_ATTACHMENT] Migrated 1,224 rows.
2026-01-09 11:57:21 [E780.E780_IF_FILE_ATTACHMENT] Migrated 1,225 rows.
2026-01-09 11:57:21 [E780.E780_IF_FILE_ATTACHMENT] Migrated 1,226 rows.
2026-01-09 11:57:22 [E780.E780_IF_FILE_ATTACHMENT] Migrated 1,227 rows.
2026-01-09 11:57:22 [E780.E780_IF_FILE_ATTACHMENT] Migrated 1,228 rows.
2026-01-09 11:57:22 [E780.E780_IF_FILE_ATTACHMENT] Migrated 1,229 rows.
2026-01-09 11:57:22 [E780.E780_IF_FILE_ATTACHMENT] Migrated 1,230 rows.
2026-01-09 11:57:22 [E780.E780_IF_FILE_ATTACHMENT] Migrated 1,231 rows.
2026-01-09 11:57:22 [E780.E780_IF_FILE_ATTACHMENT] Migrated 1,232 rows.
2026-01-09 11:57:22 [E780.E780_IF_FILE_ATTACHMENT] Migrated 1,233 rows.
2026-01-09 11:57:22 [E780.E780_IF_FILE_ATTACHMENT] Migrated 1,234 rows.
2026-01-09 11:57:22 [E780.E780_IF_FILE_ATTACHMENT] Migrated 1,235 rows.
2026-01-09 11:57:22 [E780.E780_IF_FILE_ATTACHMENT] Migrated 1,236 rows.
2026-01-09 11:57:22 [E780.E780_IF_FILE_ATTACHMENT] Migrated 1,237 rows.
2026-01-09 11:57:22 [E780.E780_IF_FILE_ATTACHMENT] Migrated 1,238 rows.
2026-01-09 11:57:22 [E780.E780_IF_FILE_ATTACHMENT] Migrated 1,239 rows.
2026-01-09 11:57:22 [E780.E780_IF_FILE_ATTACHMENT] Migrated 1,240 rows.
2026-01-09 11:57:22 [E780.E780_IF_FILE_ATTACHMENT] Migrated 1,241 rows.
2026-01-09 11:57:22 [E780.E780_IF_FILE_ATTACHMENT] Migrated 1,242 rows.
2026-01-09 11:57:22 [E780.E780_IF_FILE_ATTACHMENT] Migrated 1,243 rows.
2026-01-09 11:57:22 [E780.E780_IF_FILE_ATTACHMENT] Migrated 1,244 rows.
2026-01-09 11:57:22 [E780.E780_IF_FILE_ATTACHMENT] Migrated 1,245 rows.
2026-01-09 11:57:22 [E780.E780_IF_FILE_ATTACHMENT] Migrated 1,246 rows.
2026-01-09 11:57:22 [E780.E780_IF_FILE_ATTACHMENT] Migrated 1,247 rows.
2026-01-09 11:57:22 [E780.E780_IF_FILE_ATTACHMENT] Migrated 1,248 rows.
2026-01-09 11:57:22 [E780.E780_IF_FILE_ATTACHMENT] Migrated 1,249 rows.
2026-01-09 11:57:22 [E780.E780_IF_FILE_ATTACHMENT] Migrated 1,250 rows.
2026-01-09 11:57:22 [E780.E780_IF_FILE_ATTACHMENT] Migrated 1,251 rows.
2026-01-09 11:57:22 [E780.E780_IF_FILE_ATTACHMENT] Migrated 1,252 rows.
2026-01-09 11:57:23 [E780.E780_IF_FILE_ATTACHMENT] Migrated 1,253 rows.
2026-01-09 11:57:23 [E780.E780_IF_FILE_ATTACHMENT] Migrated 1,254 rows.
2026-01-09 11:57:23 [E780.E780_IF_FILE_ATTACHMENT] Migrated 1,255 rows.
2026-01-09 11:57:23 [E780.E780_IF_FILE_ATTACHMENT] Migrated 1,256 rows.
2026-01-09 11:57:23 [E780.E780_IF_FILE_ATTACHMENT] Migrated 1,257 rows.
2026-01-09 11:57:23 [E780.E780_IF_FILE_ATTACHMENT] Migrated 1,258 rows.
2026-01-09 11:57:23 [E780.E780_IF_FILE_ATTACHMENT] Migrated 1,259 rows.
2026-01-09 11:57:23 [E780.E780_IF_FILE_ATTACHMENT] Migrated 1,260 rows.
2026-01-09 11:57:23 [E780.E780_IF_FILE_ATTACHMENT] Migrated 1,261 rows.
2026-01-09 11:57:23 [E780.E780_IF_FILE_ATTACHMENT] Migrated 1,262 rows.
2026-01-09 11:57:23 [E780.E780_IF_FILE_ATTACHMENT] Migrated 1,263 rows.
2026-01-09 11:57:23 [E780.E780_IF_FILE_ATTACHMENT] Migrated 1,264 rows.
2026-01-09 11:57:23 [E780.E780_IF_FILE_ATTACHMENT] Migrated 1,265 rows.
2026-01-09 11:57:23 [E780.E780_IF_FILE_ATTACHMENT] Migrated 1,266 rows.
2026-01-09 11:57:23 [E780.E780_IF_FILE_ATTACHMENT] Migrated 1,267 rows.
2026-01-09 11:57:23 [E780.E780_IF_FILE_ATTACHMENT] Migrated 1,268 rows.
2026-01-09 11:57:23 [E780.E780_IF_FILE_ATTACHMENT] Migrated 1,269 rows.
2026-01-09 11:57:23 [E780.E780_IF_FILE_ATTACHMENT] Migrated 1,270 rows.
2026-01-09 11:57:23 [E780.E780_IF_FILE_ATTACHMENT] Migrated 1,271 rows.
2026-01-09 11:57:23 [E780.E780_IF_FILE_ATTACHMENT] Migrated 1,272 rows.
2026-01-09 11:57:23 [E780.E780_IF_FILE_ATTACHMENT] Migrated 1,273 rows.
2026-01-09 11:57:23 [E780.E780_IF_FILE_ATTACHMENT] Migrated 1,274 rows.
2026-01-09 11:57:23 [E780.E780_IF_FILE_ATTACHMENT] Migrated 1,275 rows.
2026-01-09 11:57:23 [E780.E780_IF_FILE_ATTACHMENT] Migrated 1,276 rows.
2026-01-09 11:57:23 [E780.E780_IF_FILE_ATTACHMENT] Migrated 1,277 rows.
2026-01-09 11:57:23 [E780.E780_IF_FILE_ATTACHMENT] Migrated 1,278 rows.
2026-01-09 11:57:23 [E780.E780_IF_FILE_ATTACHMENT] Migrated 1,279 rows.
2026-01-09 11:57:23 [E780.E780_IF_FILE_ATTACHMENT] Migrated 1,280 rows.
2026-01-09 11:57:23 [E780.E780_IF_FILE_ATTACHMENT] Migrated 1,281 rows.
2026-01-09 11:57:23 [E780.E780_IF_FILE_ATTACHMENT] Migrated 1,282 rows.
2026-01-09 11:57:23 [E780.E780_IF_FILE_ATTACHMENT] Migrated 1,283 rows.
2026-01-09 11:57:24 [E780.E780_IF_FILE_ATTACHMENT] Migrated 1,284 rows.
2026-01-09 11:57:24 [E780.E780_IF_FILE_ATTACHMENT] Migrated 1,285 rows.
2026-01-09 11:57:24 [E780.E780_IF_FILE_ATTACHMENT] Migrated 1,286 rows.
2026-01-09 11:57:24 [E780.E780_IF_FILE_ATTACHMENT] Migrated 1,287 rows.
2026-01-09 11:57:24 [E780.E780_IF_FILE_ATTACHMENT] Migrated 1,288 rows.
2026-01-09 11:57:24 [E780.E780_IF_FILE_ATTACHMENT] Migrated 1,289 rows.
2026-01-09 11:57:24 [E780.E780_IF_FILE_ATTACHMENT] Migrated 1,290 rows.
2026-01-09 11:57:24 [E780.E780_IF_FILE_ATTACHMENT] Migrated 1,291 rows.
2026-01-09 11:57:24 [E780.E780_IF_FILE_ATTACHMENT] Migrated 1,292 rows.
2026-01-09 11:57:24 [E780.E780_IF_FILE_ATTACHMENT] Migrated 1,293 rows.
2026-01-09 11:57:24 [E780.E780_IF_FILE_ATTACHMENT] Migrated 1,294 rows.
2026-01-09 11:57:24 [E780.E780_IF_FILE_ATTACHMENT] Migrated 1,295 rows.
2026-01-09 11:57:25 [E780.E780_IF_FILE_ATTACHMENT] Migrated 1,296 rows.
2026-01-09 11:57:25 [E780.E780_IF_FILE_ATTACHMENT] Migrated 1,297 rows.
2026-01-09 11:57:25 [E780.E780_IF_FILE_ATTACHMENT] Migrated 1,298 rows.
2026-01-09 11:57:25 [E780.E780_IF_FILE_ATTACHMENT] Migrated 1,299 rows.
2026-01-09 11:57:25 [E780.E780_IF_FILE_ATTACHMENT] Migrated 1,300 rows.
2026-01-09 11:57:25 [E780.E780_IF_FILE_ATTACHMENT] Migrated 1,301 rows.
2026-01-09 11:57:25 [E780.E780_IF_FILE_ATTACHMENT] Migrated 1,302 rows.
2026-01-09 11:57:25 [E780.E780_IF_FILE_ATTACHMENT] Migrated 1,303 rows.
2026-01-09 11:57:25 [E780.E780_IF_FILE_ATTACHMENT] Migrated 1,304 rows.
2026-01-09 11:57:26 [E780.E780_IF_FILE_ATTACHMENT] Migrated 1,305 rows.
2026-01-09 11:57:26 [E780.E780_IF_FILE_ATTACHMENT] Migrated 1,306 rows.
2026-01-09 11:57:26 [E780.E780_IF_FILE_ATTACHMENT] Migrated 1,307 rows.
2026-01-09 11:57:26 [E780.E780_IF_FILE_ATTACHMENT] Migrated 1,308 rows.
2026-01-09 11:57:26 [E780.E780_IF_FILE_ATTACHMENT] Migrated 1,309 rows.
2026-01-09 11:57:26 [E780.E780_IF_FILE_ATTACHMENT] Migrated 1,310 rows.
2026-01-09 11:57:26 [E780.E780_IF_FILE_ATTACHMENT] Migrated 1,311 rows.
2026-01-09 11:57:26 [E780.E780_IF_FILE_ATTACHMENT] Migrated 1,312 rows.
2026-01-09 11:57:26 [E780.E780_IF_FILE_ATTACHMENT] Migrated 1,313 rows.
2026-01-09 11:57:26 [E780.E780_IF_FILE_ATTACHMENT] Migrated 1,314 rows.
2026-01-09 11:57:26 [E780.E780_IF_FILE_ATTACHMENT] Migrated 1,315 rows.
2026-01-09 11:57:26 [E780.E780_IF_FILE_ATTACHMENT] Migrated 1,316 rows.
2026-01-09 11:57:26 [E780.E780_IF_FILE_ATTACHMENT] Migrated 1,317 rows.
2026-01-09 11:57:26 [E780.E780_IF_FILE_ATTACHMENT] Migrated 1,318 rows.
2026-01-09 11:57:27 [E780.E780_IF_FILE_ATTACHMENT] Migrated 1,319 rows.
2026-01-09 11:57:27 [E780.E780_IF_FILE_ATTACHMENT] Migrated 1,320 rows.
2026-01-09 11:57:27 [E780.E780_IF_FILE_ATTACHMENT] Migrated 1,321 rows.
2026-01-09 11:57:27 [E780.E780_IF_FILE_ATTACHMENT] Migrated 1,322 rows.
2026-01-09 11:57:27 [E780.E780_IF_FILE_ATTACHMENT] Migrated 1,323 rows.
2026-01-09 11:57:27 [E780.E780_IF_FILE_ATTACHMENT] Migrated 1,324 rows.
2026-01-09 11:57:27 [E780.E780_IF_FILE_ATTACHMENT] Migrated 1,325 rows.
2026-01-09 11:57:27 [E780.E780_IF_FILE_ATTACHMENT] Migrated 1,326 rows.
2026-01-09 11:57:27 [E780.E780_IF_FILE_ATTACHMENT] Migrated 1,327 rows.
2026-01-09 11:57:27 [E780.E780_IF_FILE_ATTACHMENT] Migrated 1,328 rows.
2026-01-09 11:57:27 [E780.E780_IF_FILE_ATTACHMENT] Migrated 1,329 rows.
2026-01-09 11:57:27 [E780.E780_IF_FILE_ATTACHMENT] Migrated 1,330 rows.
2026-01-09 11:57:27 [E780.E780_IF_FILE_ATTACHMENT] Migrated 1,331 rows.
2026-01-09 11:57:27 [E780.E780_IF_FILE_ATTACHMENT] Migrated 1,332 rows.
2026-01-09 11:57:27 [E780.E780_IF_FILE_ATTACHMENT] Migrated 1,333 rows.
2026-01-09 11:57:27 [E780.E780_IF_FILE_ATTACHMENT] Migrated 1,334 rows.
2026-01-09 11:57:27 [E780.E780_IF_FILE_ATTACHMENT] Migrated 1,335 rows.
2026-01-09 11:57:28 [E780.E780_IF_FILE_ATTACHMENT] Migrated 1,336 rows.
2026-01-09 11:57:28 [E780.E780_IF_FILE_ATTACHMENT] Migrated 1,337 rows.
2026-01-09 11:57:28 [E780.E780_IF_FILE_ATTACHMENT] Migrated 1,338 rows.
2026-01-09 11:57:28 [E780.E780_IF_FILE_ATTACHMENT] Migrated 1,339 rows.
2026-01-09 11:57:28 [E780.E780_IF_FILE_ATTACHMENT] Migrated 1,340 rows.
2026-01-09 11:57:28 [E780.E780_IF_FILE_ATTACHMENT] Migrated 1,341 rows.
2026-01-09 11:57:28 [E780.E780_IF_FILE_ATTACHMENT] Migrated 1,342 rows.
2026-01-09 11:57:28 [E780.E780_IF_FILE_ATTACHMENT] Migrated 1,343 rows.
2026-01-09 11:57:28 [E780.E780_IF_FILE_ATTACHMENT] Migrated 1,344 rows.
2026-01-09 11:57:28 [E780.E780_IF_FILE_ATTACHMENT] Migrated 1,345 rows.
2026-01-09 11:57:28 [E780.E780_IF_FILE_ATTACHMENT] Migrated 1,346 rows.
2026-01-09 11:57:28 [E780.E780_IF_FILE_ATTACHMENT] Migrated 1,347 rows.
2026-01-09 11:57:28 [E780.E780_IF_FILE_ATTACHMENT] Migrated 1,348 rows.
2026-01-09 11:57:28 [E780.E780_IF_FILE_ATTACHMENT] Migrated 1,349 rows.
2026-01-09 11:57:28 [E780.E780_IF_FILE_ATTACHMENT] Migrated 1,350 rows.
2026-01-09 11:57:28 [E780.E780_IF_FILE_ATTACHMENT] Migrated 1,351 rows.
2026-01-09 11:57:28 [E780.E780_IF_FILE_ATTACHMENT] Migrated 1,352 rows.
2026-01-09 11:57:28 [E780.E780_IF_FILE_ATTACHMENT] Migrated 1,353 rows.
2026-01-09 11:57:28 [E780.E780_IF_FILE_ATTACHMENT] Migrated 1,354 rows.
2026-01-09 11:57:29 [E780.E780_IF_FILE_ATTACHMENT] Migrated 1,355 rows.
2026-01-09 11:57:29 [E780.E780_IF_FILE_ATTACHMENT] Migrated 1,356 rows.
2026-01-09 11:57:29 [E780.E780_IF_FILE_ATTACHMENT] Migrated 1,357 rows.
2026-01-09 11:57:29 [E780.E780_IF_FILE_ATTACHMENT] Migrated 1,358 rows.
2026-01-09 11:57:29 [E780.E780_IF_FILE_ATTACHMENT] Migrated 1,359 rows.
2026-01-09 11:57:29 [E780.E780_IF_FILE_ATTACHMENT] Migrated 1,360 rows.
2026-01-09 11:57:29 [E780.E780_IF_FILE_ATTACHMENT] Migrated 1,361 rows.
2026-01-09 11:57:29 [E780.E780_IF_FILE_ATTACHMENT] Migrated 1,362 rows.
2026-01-09 11:57:29 [E780.E780_IF_FILE_ATTACHMENT] Migrated 1,363 rows.
2026-01-09 11:57:29 [E780.E780_IF_FILE_ATTACHMENT] Migrated 1,364 rows.
2026-01-09 11:57:29 [E780.E780_IF_FILE_ATTACHMENT] Migrated 1,365 rows.
2026-01-09 11:57:30 [E780.E780_IF_FILE_ATTACHMENT] Migrated 1,366 rows.
2026-01-09 11:57:30 [E780.E780_IF_FILE_ATTACHMENT] Migrated 1,367 rows.
2026-01-09 11:57:30 [E780.E780_IF_FILE_ATTACHMENT] Migrated 1,368 rows.
2026-01-09 11:57:30 [E780.E780_IF_FILE_ATTACHMENT] Migrated 1,369 rows.
2026-01-09 11:57:30 [E780.E780_IF_FILE_ATTACHMENT] Migrated 1,370 rows.
2026-01-09 11:57:30 [E780.E780_IF_FILE_ATTACHMENT] Migrated 1,371 rows.
2026-01-09 11:57:30 [E780.E780_IF_FILE_ATTACHMENT] Migrated 1,372 rows.
2026-01-09 11:57:30 [E780.E780_IF_FILE_ATTACHMENT] Migrated 1,373 rows.
2026-01-09 11:57:30 [E780.E780_IF_FILE_ATTACHMENT] Migrated 1,374 rows.
2026-01-09 11:57:30 [E780.E780_IF_FILE_ATTACHMENT] Migrated 1,375 rows.
2026-01-09 11:57:30 [E780.E780_IF_FILE_ATTACHMENT] Migrated 1,376 rows.
2026-01-09 11:57:31 [E780.E780_IF_FILE_ATTACHMENT] Migrated 1,377 rows.
2026-01-09 11:57:31 [E780.E780_IF_FILE_ATTACHMENT] Migrated 1,378 rows.
2026-01-09 11:57:31 [E780.E780_IF_FILE_ATTACHMENT] Migrated 1,379 rows.
2026-01-09 11:57:31 [E780.E780_IF_FILE_ATTACHMENT] Migrated 1,380 rows.
2026-01-09 11:57:31 [E780.E780_IF_FILE_ATTACHMENT] Migrated 1,381 rows.
2026-01-09 11:57:32 [E780.E780_IF_FILE_ATTACHMENT] Migrated 1,382 rows.
2026-01-09 11:57:32 [E780.E780_IF_FILE_ATTACHMENT] Migrated 1,383 rows.
2026-01-09 11:57:32 [E780.E780_IF_FILE_ATTACHMENT] Migrated 1,384 rows.
2026-01-09 11:57:32 [E780.E780_IF_FILE_ATTACHMENT] Migrated 1,385 rows.
2026-01-09 11:57:32 [E780.E780_IF_FILE_ATTACHMENT] Migrated 1,386 rows.
2026-01-09 11:57:32 [E780.E780_IF_FILE_ATTACHMENT] Migrated 1,387 rows.
2026-01-09 11:57:32 [E780.E780_IF_FILE_ATTACHMENT] Migrated 1,388 rows.
2026-01-09 11:57:32 [E780.E780_IF_FILE_ATTACHMENT] Migrated 1,389 rows.
2026-01-09 11:57:32 [E780.E780_IF_FILE_ATTACHMENT] Migrated 1,390 rows.
2026-01-09 11:57:33 [E780.E780_IF_FILE_ATTACHMENT] Migrated 1,391 rows.
2026-01-09 11:57:33 [E780.E780_IF_FILE_ATTACHMENT] Migrated 1,392 rows.
2026-01-09 11:57:33 [E780.E780_IF_FILE_ATTACHMENT] Migrated 1,393 rows.
2026-01-09 11:57:33 [E780.E780_IF_FILE_ATTACHMENT] Migrated 1,394 rows.
2026-01-09 11:57:33 [E780.E780_IF_FILE_ATTACHMENT] Migrated 1,395 rows.
2026-01-09 11:57:33 [E780.E780_IF_FILE_ATTACHMENT] Migrated 1,396 rows.
2026-01-09 11:57:33 [E780.E780_IF_FILE_ATTACHMENT] Migrated 1,397 rows.
2026-01-09 11:57:33 [E780.E780_IF_FILE_ATTACHMENT] Migrated 1,398 rows.
2026-01-09 11:57:33 [E780.E780_IF_FILE_ATTACHMENT] Migrated 1,399 rows.
2026-01-09 11:57:33 [E780.E780_IF_FILE_ATTACHMENT] Migrated 1,400 rows.
2026-01-09 11:57:33 [E780.E780_IF_FILE_ATTACHMENT] Migrated 1,401 rows.
2026-01-09 11:57:33 [E780.E780_IF_FILE_ATTACHMENT] Migrated 1,402 rows.
2026-01-09 11:57:33 [E780.E780_IF_FILE_ATTACHMENT] Migrated 1,403 rows.
2026-01-09 11:57:33 [E780.E780_IF_FILE_ATTACHMENT] Migrated 1,404 rows.
2026-01-09 11:57:34 [E780.E780_IF_FILE_ATTACHMENT] Migrated 1,405 rows.
2026-01-09 11:57:34 [E780.E780_IF_FILE_ATTACHMENT] Migrated 1,406 rows.
2026-01-09 11:57:34 [E780.E780_IF_FILE_ATTACHMENT] Migrated 1,407 rows.
2026-01-09 11:57:34 [E780.E780_IF_FILE_ATTACHMENT] Migrated 1,408 rows.
2026-01-09 11:57:34 [E780.E780_IF_FILE_ATTACHMENT] Migrated 1,409 rows.
2026-01-09 11:57:34 [E780.E780_IF_FILE_ATTACHMENT] Migrated 1,410 rows.
2026-01-09 11:57:34 [E780.E780_IF_FILE_ATTACHMENT] Migrated 1,411 rows.
2026-01-09 11:57:34 [E780.E780_IF_FILE_ATTACHMENT] Migrated 1,412 rows.
2026-01-09 11:57:34 [E780.E780_IF_FILE_ATTACHMENT] Migrated 1,413 rows.
2026-01-09 11:57:34 [E780.E780_IF_FILE_ATTACHMENT] Migrated 1,414 rows.
2026-01-09 11:57:34 [E780.E780_IF_FILE_ATTACHMENT] Migrated 1,415 rows.
2026-01-09 11:57:34 [E780.E780_IF_FILE_ATTACHMENT] Migrated 1,416 rows.
2026-01-09 11:57:34 [E780.E780_IF_FILE_ATTACHMENT] Migrated 1,417 rows.
2026-01-09 11:57:34 [E780.E780_IF_FILE_ATTACHMENT] Migrated 1,418 rows.
2026-01-09 11:57:34 [E780.E780_IF_FILE_ATTACHMENT] Migrated 1,419 rows.
2026-01-09 11:57:34 [E780.E780_IF_FILE_ATTACHMENT] Migrated 1,420 rows.
2026-01-09 11:57:34 [E780.E780_IF_FILE_ATTACHMENT] Migrated 1,421 rows.
2026-01-09 11:57:34 [E780.E780_IF_FILE_ATTACHMENT] Migrated 1,422 rows.
2026-01-09 11:57:34 [E780.E780_IF_FILE_ATTACHMENT] Migrated 1,423 rows.
2026-01-09 11:57:34 [E780.E780_IF_FILE_ATTACHMENT] Migrated 1,424 rows.
2026-01-09 11:57:34 [E780.E780_IF_FILE_ATTACHMENT] Migrated 1,425 rows.
2026-01-09 11:57:34 [E780.E780_IF_FILE_ATTACHMENT] Migrated 1,426 rows.
2026-01-09 11:57:34 [E780.E780_IF_FILE_ATTACHMENT] Migrated 1,427 rows.
2026-01-09 11:57:35 [E780.E780_IF_FILE_ATTACHMENT] Migrated 1,428 rows.
2026-01-09 11:57:35 [E780.E780_IF_FILE_ATTACHMENT] Migrated 1,429 rows.
2026-01-09 11:57:35 [E780.E780_IF_FILE_ATTACHMENT] Migrated 1,430 rows.
2026-01-09 11:57:35 [E780.E780_IF_FILE_ATTACHMENT] Migrated 1,431 rows.
2026-01-09 11:57:35 [E780.E780_IF_FILE_ATTACHMENT] Migrated 1,432 rows.
2026-01-09 11:57:35 [E780.E780_IF_FILE_ATTACHMENT] Migrated 1,433 rows.
2026-01-09 11:57:35 [E780.E780_IF_FILE_ATTACHMENT] Migrated 1,434 rows.
2026-01-09 11:57:35 [E780.E780_IF_FILE_ATTACHMENT] Migrated 1,435 rows.
2026-01-09 11:57:35 [E780.E780_IF_FILE_ATTACHMENT] Migrated 1,436 rows.
2026-01-09 11:57:35 [E780.E780_IF_FILE_ATTACHMENT] Migrated 1,437 rows.
2026-01-09 11:57:35 [E780.E780_IF_FILE_ATTACHMENT] Migrated 1,438 rows.
2026-01-09 11:57:35 [E780.E780_IF_FILE_ATTACHMENT] Migrated 1,439 rows.
2026-01-09 11:57:35 [E780.E780_IF_FILE_ATTACHMENT] Migrated 1,440 rows.
2026-01-09 11:57:35 [E780.E780_IF_FILE_ATTACHMENT] Migrated 1,441 rows.
2026-01-09 11:57:35 [E780.E780_IF_FILE_ATTACHMENT] Migrated 1,442 rows.
2026-01-09 11:57:36 [E780.E780_IF_FILE_ATTACHMENT] Migrated 1,443 rows.
2026-01-09 11:57:36 [E780.E780_IF_FILE_ATTACHMENT] Migrated 1,444 rows.
2026-01-09 11:57:36 [E780.E780_IF_FILE_ATTACHMENT] Migrated 1,445 rows.
2026-01-09 11:57:36 [E780.E780_IF_FILE_ATTACHMENT] Migrated 1,446 rows.
2026-01-09 11:57:36 [E780.E780_IF_FILE_ATTACHMENT] Migrated 1,447 rows.
2026-01-09 11:57:36 [E780.E780_IF_FILE_ATTACHMENT] Migrated 1,448 rows.
2026-01-09 11:57:36 [E780.E780_IF_FILE_ATTACHMENT] Migrated 1,449 rows.
2026-01-09 11:57:36 [E780.E780_IF_FILE_ATTACHMENT] Migrated 1,450 rows.
2026-01-09 11:57:36 [E780.E780_IF_FILE_ATTACHMENT] Migrated 1,451 rows.
2026-01-09 11:57:36 [E780.E780_IF_FILE_ATTACHMENT] Migrated 1,452 rows.
2026-01-09 11:57:36 [E780.E780_IF_FILE_ATTACHMENT] Migrated 1,453 rows.
2026-01-09 11:57:36 [E780.E780_IF_FILE_ATTACHMENT] Migrated 1,454 rows.
2026-01-09 11:57:36 [E780.E780_IF_FILE_ATTACHMENT] Migrated 1,455 rows.
2026-01-09 11:57:36 [E780.E780_IF_FILE_ATTACHMENT] Migrated 1,456 rows.
2026-01-09 11:57:36 [E780.E780_IF_FILE_ATTACHMENT] Migrated 1,457 rows.
2026-01-09 11:57:37 [E780.E780_IF_FILE_ATTACHMENT] Migrated 1,458 rows.
2026-01-09 11:57:37 [E780.E780_IF_FILE_ATTACHMENT] Migrated 1,459 rows.
2026-01-09 11:57:37 [E780.E780_IF_FILE_ATTACHMENT] Migrated 1,460 rows.
2026-01-09 11:57:37 [E780.E780_IF_FILE_ATTACHMENT] Migrated 1,461 rows.
2026-01-09 11:57:37 [E780.E780_IF_FILE_ATTACHMENT] Migrated 1,462 rows.
2026-01-09 11:57:37 [E780.E780_IF_FILE_ATTACHMENT] Migrated 1,463 rows.
2026-01-09 11:57:37 [E780.E780_IF_FILE_ATTACHMENT] Migrated 1,464 rows.
2026-01-09 11:57:37 [E780.E780_IF_FILE_ATTACHMENT] Migrated 1,465 rows.
2026-01-09 11:57:37 [E780.E780_IF_FILE_ATTACHMENT] Migrated 1,466 rows.
2026-01-09 11:57:37 [E780.E780_IF_FILE_ATTACHMENT] Migrated 1,467 rows.
2026-01-09 11:57:37 [E780.E780_IF_FILE_ATTACHMENT] Migrated 1,468 rows.
2026-01-09 11:57:38 [E780.E780_IF_FILE_ATTACHMENT] Migrated 1,469 rows.
2026-01-09 11:57:38 [E780.E780_IF_FILE_ATTACHMENT] Migrated 1,470 rows.
2026-01-09 11:57:38 [E780.E780_IF_FILE_ATTACHMENT] Migrated 1,471 rows.
2026-01-09 11:57:38 [E780.E780_IF_FILE_ATTACHMENT] Migrated 1,472 rows.
2026-01-09 11:57:38 [E780.E780_IF_FILE_ATTACHMENT] Migrated 1,473 rows.
2026-01-09 11:57:38 [E780.E780_IF_FILE_ATTACHMENT] Migrated 1,474 rows.
2026-01-09 11:57:38 [E780.E780_IF_FILE_ATTACHMENT] Migrated 1,475 rows.
2026-01-09 11:57:38 [E780.E780_IF_FILE_ATTACHMENT] Migrated 1,476 rows.
2026-01-09 11:57:38 [E780.E780_IF_FILE_ATTACHMENT] Migrated 1,477 rows.
2026-01-09 11:57:38 [E780.E780_IF_FILE_ATTACHMENT] Migrated 1,478 rows.
2026-01-09 11:57:38 [E780.E780_IF_FILE_ATTACHMENT] Migrated 1,479 rows.
2026-01-09 11:57:38 [E780.E780_IF_FILE_ATTACHMENT] Migrated 1,480 rows.
2026-01-09 11:57:38 [E780.E780_IF_FILE_ATTACHMENT] Migrated 1,481 rows.
2026-01-09 11:57:38 [E780.E780_IF_FILE_ATTACHMENT] Migrated 1,482 rows.
2026-01-09 11:57:39 [E780.E780_IF_FILE_ATTACHMENT] Migrated 1,483 rows.
2026-01-09 11:57:39 [E780.E780_IF_FILE_ATTACHMENT] Migrated 1,484 rows.
2026-01-09 11:57:39 [E780.E780_IF_FILE_ATTACHMENT] Migrated 1,485 rows.
2026-01-09 11:57:39 [E780.E780_IF_FILE_ATTACHMENT] Migrated 1,486 rows.
2026-01-09 11:57:39 [E780.E780_IF_FILE_ATTACHMENT] Migrated 1,487 rows.
2026-01-09 11:57:39 [E780.E780_IF_FILE_ATTACHMENT] Migrated 1,488 rows.
2026-01-09 11:57:39 [E780.E780_IF_FILE_ATTACHMENT] Migrated 1,489 rows.
2026-01-09 11:57:39 [E780.E780_IF_FILE_ATTACHMENT] Migrated 1,490 rows.
2026-01-09 11:57:39 [E780.E780_IF_FILE_ATTACHMENT] Migrated 1,491 rows.
2026-01-09 11:57:39 [E780.E780_IF_FILE_ATTACHMENT] Migrated 1,492 rows.
2026-01-09 11:57:39 [E780.E780_IF_FILE_ATTACHMENT] Migrated 1,493 rows.
2026-01-09 11:57:39 [E780.E780_IF_FILE_ATTACHMENT] Migrated 1,494 rows.
2026-01-09 11:57:39 [E780.E780_IF_FILE_ATTACHMENT] Migrated 1,495 rows.
2026-01-09 11:57:39 [E780.E780_IF_FILE_ATTACHMENT] Migrated 1,496 rows.
2026-01-09 11:57:39 [E780.E780_IF_FILE_ATTACHMENT] Migrated 1,497 rows.
2026-01-09 11:57:39 [E780.E780_IF_FILE_ATTACHMENT] Migrated 1,498 rows.
2026-01-09 11:57:39 [E780.E780_IF_FILE_ATTACHMENT] Migrated 1,499 rows.
2026-01-09 11:57:39 [E780.E780_IF_FILE_ATTACHMENT] Migrated 1,500 rows.
2026-01-09 11:57:40 [E780.E780_IF_FILE_ATTACHMENT] Migrated 1,501 rows.
2026-01-09 11:57:40 [E780.E780_IF_FILE_ATTACHMENT] Migrated 1,502 rows.
2026-01-09 11:57:40 [E780.E780_IF_FILE_ATTACHMENT] Migrated 1,503 rows.
2026-01-09 11:57:40 [E780.E780_IF_FILE_ATTACHMENT] Migrated 1,504 rows.
2026-01-09 11:57:40 [E780.E780_IF_FILE_ATTACHMENT] Migrated 1,505 rows.
2026-01-09 11:57:40 [E780.E780_IF_FILE_ATTACHMENT] Migrated 1,506 rows.
2026-01-09 11:57:40 [E780.E780_IF_FILE_ATTACHMENT] Migrated 1,507 rows.
2026-01-09 11:57:40 [E780.E780_IF_FILE_ATTACHMENT] Migrated 1,508 rows.
2026-01-09 11:57:40 [E780.E780_IF_FILE_ATTACHMENT] Migrated 1,509 rows.
2026-01-09 11:57:40 [E780.E780_IF_FILE_ATTACHMENT] Migrated 1,510 rows.
2026-01-09 11:57:40 [E780.E780_IF_FILE_ATTACHMENT] Migrated 1,511 rows.
2026-01-09 11:57:40 [E780.E780_IF_FILE_ATTACHMENT] Migrated 1,512 rows.
2026-01-09 11:57:40 [E780.E780_IF_FILE_ATTACHMENT] Migrated 1,513 rows.
2026-01-09 11:57:40 [E780.E780_IF_FILE_ATTACHMENT] Migrated 1,514 rows.
2026-01-09 11:57:40 [E780.E780_IF_FILE_ATTACHMENT] Migrated 1,515 rows.
2026-01-09 11:57:40 [E780.E780_IF_FILE_ATTACHMENT] Migrated 1,516 rows.
2026-01-09 11:57:40 [E780.E780_IF_FILE_ATTACHMENT] Migrated 1,517 rows.
2026-01-09 11:57:40 [E780.E780_IF_FILE_ATTACHMENT] Migrated 1,518 rows.
2026-01-09 11:57:40 [E780.E780_IF_FILE_ATTACHMENT] Migrated 1,519 rows.
2026-01-09 11:57:40 [E780.E780_IF_FILE_ATTACHMENT] Migrated 1,520 rows.
2026-01-09 11:57:40 [E780.E780_IF_FILE_ATTACHMENT] Migrated 1,521 rows.
2026-01-09 11:57:40 [E780.E780_IF_FILE_ATTACHMENT] Migrated 1,522 rows.
2026-01-09 11:57:40 [E780.E780_IF_FILE_ATTACHMENT] Migrated 1,523 rows.
2026-01-09 11:57:40 [E780.E780_IF_FILE_ATTACHMENT] Migrated 1,524 rows.
2026-01-09 11:57:40 [E780.E780_IF_FILE_ATTACHMENT] Migrated 1,525 rows.
2026-01-09 11:57:40 [E780.E780_IF_FILE_ATTACHMENT] Migrated 1,526 rows.
2026-01-09 11:57:40 [E780.E780_IF_FILE_ATTACHMENT] Migrated 1,527 rows.
2026-01-09 11:57:40 [E780.E780_IF_FILE_ATTACHMENT] Migrated 1,528 rows.
2026-01-09 11:57:40 [E780.E780_IF_FILE_ATTACHMENT] Migrated 1,529 rows.
2026-01-09 11:57:40 [E780.E780_IF_FILE_ATTACHMENT] Migrated 1,530 rows.
2026-01-09 11:57:40 [E780.E780_IF_FILE_ATTACHMENT] Migrated 1,531 rows.
2026-01-09 11:57:40 [E780.E780_IF_FILE_ATTACHMENT] Migrated 1,532 rows.
2026-01-09 11:57:41 [E780.E780_IF_FILE_ATTACHMENT] Migrated 1,533 rows.
2026-01-09 11:57:41 [E780.E780_IF_FILE_ATTACHMENT] Migrated 1,534 rows.
2026-01-09 11:57:41 [E780.E780_IF_FILE_ATTACHMENT] Migrated 1,535 rows.
2026-01-09 11:57:41 [E780.E780_IF_FILE_ATTACHMENT] Migrated 1,536 rows.
2026-01-09 11:57:41 [E780.E780_IF_FILE_ATTACHMENT] Migrated 1,537 rows.
2026-01-09 11:57:41 [E780.E780_IF_FILE_ATTACHMENT] Migrated 1,538 rows.
2026-01-09 11:57:42 [E780.E780_IF_FILE_ATTACHMENT] Migrated 1,539 rows.
2026-01-09 11:57:42 [E780.E780_IF_FILE_ATTACHMENT] Migrated 1,540 rows.
2026-01-09 11:57:42 [E780.E780_IF_FILE_ATTACHMENT] Migrated 1,541 rows.
2026-01-09 11:57:42 [E780.E780_IF_FILE_ATTACHMENT] Migrated 1,542 rows.
2026-01-09 11:57:43 [E780.E780_IF_FILE_ATTACHMENT] Migrated 1,543 rows.
2026-01-09 11:57:43 [E780.E780_IF_FILE_ATTACHMENT] Migrated 1,544 rows.
2026-01-09 11:57:43 [E780.E780_IF_FILE_ATTACHMENT] Migrated 1,545 rows.
2026-01-09 11:57:44 [E780.E780_IF_FILE_ATTACHMENT] Migrated 1,546 rows.
2026-01-09 11:57:44 [E780.E780_IF_FILE_ATTACHMENT] Migrated 1,547 rows.
2026-01-09 11:57:44 [E780.E780_IF_FILE_ATTACHMENT] Migrated 1,548 rows.
2026-01-09 11:57:45 [E780.E780_IF_FILE_ATTACHMENT] Migrated 1,549 rows.
2026-01-09 11:57:46 [E780.E780_IF_FILE_ATTACHMENT] Migrated 1,550 rows.
2026-01-09 11:57:46 [E780.E780_IF_FILE_ATTACHMENT] Migrated 1,551 rows.
2026-01-09 11:57:46 [E780.E780_IF_FILE_ATTACHMENT] Migrated 1,552 rows.
2026-01-09 11:57:46 [E780.E780_IF_FILE_ATTACHMENT] Migrated 1,553 rows.
2026-01-09 11:57:47 [E780.E780_IF_FILE_ATTACHMENT] Migrated 1,554 rows.
2026-01-09 11:57:47 [E780.E780_IF_FILE_ATTACHMENT] Migrated 1,555 rows.
2026-01-09 11:57:47 [E780.E780_IF_FILE_ATTACHMENT] Migrated 1,556 rows.
2026-01-09 11:57:47 [E780.E780_IF_FILE_ATTACHMENT] Migrated 1,557 rows.
2026-01-09 11:57:47 [E780.E780_IF_FILE_ATTACHMENT] Migrated 1,558 rows.
2026-01-09 11:57:47 [E780.E780_IF_FILE_ATTACHMENT] Migrated 1,559 rows.
2026-01-09 11:57:48 [E780.E780_IF_FILE_ATTACHMENT] Migrated 1,560 rows.
2026-01-09 11:57:48 [E780.E780_IF_FILE_ATTACHMENT] Migrated 1,561 rows.
2026-01-09 11:57:48 [E780.E780_IF_FILE_ATTACHMENT] Migrated 1,562 rows.
2026-01-09 11:57:48 [E780.E780_IF_FILE_ATTACHMENT] Migrated 1,563 rows.
2026-01-09 11:57:48 [E780.E780_IF_FILE_ATTACHMENT] Migrated 1,564 rows.
2026-01-09 11:57:48 [E780.E780_IF_FILE_ATTACHMENT] Migrated 1,565 rows.
2026-01-09 11:57:48 [E780.E780_IF_FILE_ATTACHMENT] Migrated 1,566 rows.
2026-01-09 11:57:48 [E780.E780_IF_FILE_ATTACHMENT] Migrated 1,567 rows.
2026-01-09 11:57:48 [E780.E780_IF_FILE_ATTACHMENT] Migrated 1,568 rows.
2026-01-09 11:57:48 [E780.E780_IF_FILE_ATTACHMENT] Migrated 1,569 rows.
2026-01-09 11:57:48 [E780.E780_IF_FILE_ATTACHMENT] Migrated 1,570 rows.
2026-01-09 11:57:48 [E780.E780_IF_FILE_ATTACHMENT] Migrated 1,571 rows.
2026-01-09 11:57:48 [E780.E780_IF_FILE_ATTACHMENT] Migrated 1,572 rows.
2026-01-09 11:57:48 [E780.E780_IF_FILE_ATTACHMENT] Migrated 1,573 rows.
2026-01-09 11:57:48 [E780.E780_IF_FILE_ATTACHMENT] Migrated 1,574 rows.
2026-01-09 11:57:48 [E780.E780_IF_FILE_ATTACHMENT] Migrated 1,575 rows.
2026-01-09 11:57:49 [E780.E780_IF_FILE_ATTACHMENT] Migrated 1,576 rows.
2026-01-09 11:57:49 [E780.E780_IF_FILE_ATTACHMENT] Migrated 1,577 rows.
2026-01-09 11:57:49 [E780.E780_IF_FILE_ATTACHMENT] Migrated 1,578 rows.
2026-01-09 11:57:49 [E780.E780_IF_FILE_ATTACHMENT] Migrated 1,579 rows.
2026-01-09 11:57:49 [E780.E780_IF_FILE_ATTACHMENT] Migrated 1,580 rows.
2026-01-09 11:57:49 [E780.E780_IF_FILE_ATTACHMENT] Migrated 1,581 rows.
2026-01-09 11:57:49 [E780.E780_IF_FILE_ATTACHMENT] Migrated 1,582 rows.
2026-01-09 11:57:50 [E780.E780_IF_FILE_ATTACHMENT] Migrated 1,583 rows.
2026-01-09 11:57:50 [E780.E780_IF_FILE_ATTACHMENT] Migrated 1,584 rows.
2026-01-09 11:57:50 [E780.E780_IF_FILE_ATTACHMENT] Migrated 1,585 rows.
2026-01-09 11:57:50 [E780.E780_IF_FILE_ATTACHMENT] Migrated 1,586 rows.
2026-01-09 11:57:50 [E780.E780_IF_FILE_ATTACHMENT] Migrated 1,587 rows.
2026-01-09 11:57:50 [E780.E780_IF_FILE_ATTACHMENT] Migrated 1,588 rows.
2026-01-09 11:57:50 [E780.E780_IF_FILE_ATTACHMENT] Migrated 1,589 rows.
2026-01-09 11:57:50 [E780.E780_IF_FILE_ATTACHMENT] Migrated 1,590 rows.
2026-01-09 11:57:51 [E780.E780_IF_FILE_ATTACHMENT] Migrated 1,591 rows.
2026-01-09 11:57:51 [E780.E780_IF_FILE_ATTACHMENT] Migrated 1,592 rows.
2026-01-09 11:57:51 [E780.E780_IF_FILE_ATTACHMENT] Migrated 1,593 rows.
2026-01-09 11:57:51 [E780.E780_IF_FILE_ATTACHMENT] Migrated 1,594 rows.
2026-01-09 11:57:51 [E780.E780_IF_FILE_ATTACHMENT] Migrated 1,595 rows.
2026-01-09 11:57:51 [E780.E780_IF_FILE_ATTACHMENT] Migrated 1,596 rows.
2026-01-09 11:57:51 [E780.E780_IF_FILE_ATTACHMENT] Migrated 1,597 rows.
2026-01-09 11:57:51 [E780.E780_IF_FILE_ATTACHMENT] Migrated 1,598 rows.
2026-01-09 11:57:51 [E780.E780_IF_FILE_ATTACHMENT] Migrated 1,599 rows.
2026-01-09 11:57:51 [E780.E780_IF_FILE_ATTACHMENT] Migrated 1,600 rows.
2026-01-09 11:57:51 [E780.E780_IF_FILE_ATTACHMENT] Migrated 1,601 rows.
2026-01-09 11:57:51 [E780.E780_IF_FILE_ATTACHMENT] Migrated 1,602 rows.
2026-01-09 11:57:51 [E780.E780_IF_FILE_ATTACHMENT] Migrated 1,603 rows.
2026-01-09 11:57:51 [E780.E780_IF_FILE_ATTACHMENT] Migrated 1,604 rows.
2026-01-09 11:57:51 [E780.E780_IF_FILE_ATTACHMENT] Migrated 1,605 rows.
2026-01-09 11:57:52 [E780.E780_IF_FILE_ATTACHMENT] Migrated 1,606 rows.
2026-01-09 11:57:52 [E780.E780_IF_FILE_ATTACHMENT] Migrated 1,607 rows.
2026-01-09 11:57:52 [E780.E780_IF_FILE_ATTACHMENT] Migrated 1,608 rows.
2026-01-09 11:57:52 [E780.E780_IF_FILE_ATTACHMENT] Migrated 1,609 rows.
2026-01-09 11:57:52 [E780.E780_IF_FILE_ATTACHMENT] Migrated 1,610 rows.
2026-01-09 11:57:52 [E780.E780_IF_FILE_ATTACHMENT] Migrated 1,611 rows.
2026-01-09 11:57:52 [E780.E780_IF_FILE_ATTACHMENT] Migrated 1,612 rows.
2026-01-09 11:57:52 [E780.E780_IF_FILE_ATTACHMENT] Migrated 1,613 rows.
2026-01-09 11:57:52 [E780.E780_IF_FILE_ATTACHMENT] Migrated 1,614 rows.
2026-01-09 11:57:52 [E780.E780_IF_FILE_ATTACHMENT] Migrated 1,615 rows.
2026-01-09 11:57:52 [E780.E780_IF_FILE_ATTACHMENT] Migrated 1,616 rows.
2026-01-09 11:57:52 [E780.E780_IF_FILE_ATTACHMENT] Migrated 1,617 rows.
2026-01-09 11:57:52 [E780.E780_IF_FILE_ATTACHMENT] Migrated 1,618 rows.
2026-01-09 11:57:52 [E780.E780_IF_FILE_ATTACHMENT] Migrated 1,619 rows.
2026-01-09 11:57:53 [E780.E780_IF_FILE_ATTACHMENT] Migrated 1,620 rows.
2026-01-09 11:57:53 [E780.E780_IF_FILE_ATTACHMENT] Migrated 1,621 rows.
2026-01-09 11:57:53 [E780.E780_IF_FILE_ATTACHMENT] Migrated 1,622 rows.
2026-01-09 11:57:53 [E780.E780_IF_FILE_ATTACHMENT] Migrated 1,623 rows.
2026-01-09 11:57:53 [E780.E780_IF_FILE_ATTACHMENT] Migrated 1,624 rows.
2026-01-09 11:57:53 [E780.E780_IF_FILE_ATTACHMENT] Migrated 1,625 rows.
2026-01-09 11:57:53 [E780.E780_IF_FILE_ATTACHMENT] Migrated 1,626 rows.
2026-01-09 11:57:53 [E780.E780_IF_FILE_ATTACHMENT] Migrated 1,627 rows.
2026-01-09 11:57:53 [E780.E780_IF_FILE_ATTACHMENT] Migrated 1,628 rows.
2026-01-09 11:57:53 [E780.E780_IF_FILE_ATTACHMENT] Migrated 1,629 rows.
2026-01-09 11:57:53 [E780.E780_IF_FILE_ATTACHMENT] Migrated 1,630 rows.
2026-01-09 11:57:53 [E780.E780_IF_FILE_ATTACHMENT] Migrated 1,631 rows.
2026-01-09 11:57:53 [E780.E780_IF_FILE_ATTACHMENT] Migrated 1,632 rows.
2026-01-09 11:57:53 [E780.E780_IF_FILE_ATTACHMENT] Migrated 1,633 rows.
2026-01-09 11:57:53 [E780.E780_IF_FILE_ATTACHMENT] Migrated 1,634 rows.
2026-01-09 11:57:53 [E780.E780_IF_FILE_ATTACHMENT] Migrated 1,635 rows.
2026-01-09 11:57:53 [E780.E780_IF_FILE_ATTACHMENT] Migrated 1,636 rows.
2026-01-09 11:57:54 [E780.E780_IF_FILE_ATTACHMENT] Migrated 1,637 rows.
2026-01-09 11:57:54 [E780.E780_IF_FILE_ATTACHMENT] Migrated 1,638 rows.
2026-01-09 11:57:54 [E780.E780_IF_FILE_ATTACHMENT] Migrated 1,639 rows.
2026-01-09 11:57:54 [E780.E780_IF_FILE_ATTACHMENT] Migrated 1,640 rows.
2026-01-09 11:57:54 [E780.E780_IF_FILE_ATTACHMENT] Migrated 1,641 rows.
2026-01-09 11:57:54 [E780.E780_IF_FILE_ATTACHMENT] Migrated 1,642 rows.
2026-01-09 11:57:54 [E780.E780_IF_FILE_ATTACHMENT] Migrated 1,643 rows.
2026-01-09 11:57:54 [E780.E780_IF_FILE_ATTACHMENT] Migrated 1,644 rows.
2026-01-09 11:57:54 [E780.E780_IF_FILE_ATTACHMENT] Migrated 1,645 rows.
2026-01-09 11:57:54 [E780.E780_IF_FILE_ATTACHMENT] Migrated 1,646 rows.
2026-01-09 11:57:54 [E780.E780_IF_FILE_ATTACHMENT] Migrated 1,647 rows.
2026-01-09 11:57:54 [E780.E780_IF_FILE_ATTACHMENT] Migrated 1,648 rows.
2026-01-09 11:57:54 [E780.E780_IF_FILE_ATTACHMENT] Migrated 1,649 rows.
2026-01-09 11:57:54 [E780.E780_IF_FILE_ATTACHMENT] Migrated 1,650 rows.
2026-01-09 11:57:54 [E780.E780_IF_FILE_ATTACHMENT] Migrated 1,651 rows.
2026-01-09 11:57:55 [E780.E780_IF_FILE_ATTACHMENT] Migrated 1,652 rows.
2026-01-09 11:57:55 [E780.E780_IF_FILE_ATTACHMENT] Migrated 1,653 rows.
2026-01-09 11:57:55 [E780.E780_IF_FILE_ATTACHMENT] Migrated 1,654 rows.
2026-01-09 11:57:55 [E780.E780_IF_FILE_ATTACHMENT] Migrated 1,655 rows.
2026-01-09 11:57:55 [E780.E780_IF_FILE_ATTACHMENT] Migrated 1,656 rows.
2026-01-09 11:57:55 [E780.E780_IF_FILE_ATTACHMENT] Migrated 1,657 rows.
2026-01-09 11:57:55 [E780.E780_IF_FILE_ATTACHMENT] Migrated 1,658 rows.
2026-01-09 11:57:55 [E780.E780_IF_FILE_ATTACHMENT] Migrated 1,659 rows.
2026-01-09 11:57:55 [E780.E780_IF_FILE_ATTACHMENT] Migrated 1,660 rows.
2026-01-09 11:57:55 [E780.E780_IF_FILE_ATTACHMENT] Migrated 1,661 rows.
2026-01-09 11:57:55 [E780.E780_IF_FILE_ATTACHMENT] Migrated 1,662 rows.
2026-01-09 11:57:55 [E780.E780_IF_FILE_ATTACHMENT] Migrated 1,663 rows.
2026-01-09 11:57:55 [E780.E780_IF_FILE_ATTACHMENT] Migrated 1,664 rows.
2026-01-09 11:57:55 [E780.E780_IF_FILE_ATTACHMENT] Migrated 1,665 rows.
2026-01-09 11:57:55 [E780.E780_IF_FILE_ATTACHMENT] Migrated 1,666 rows.
2026-01-09 11:57:55 [E780.E780_IF_FILE_ATTACHMENT] Migrated 1,667 rows.
2026-01-09 11:57:55 [E780.E780_IF_FILE_ATTACHMENT] Migrated 1,668 rows.
2026-01-09 11:57:56 [E780.E780_IF_FILE_ATTACHMENT] Migrated 1,669 rows.
2026-01-09 11:57:56 [E780.E780_IF_FILE_ATTACHMENT] Migrated 1,670 rows.
2026-01-09 11:57:56 [E780.E780_IF_FILE_ATTACHMENT] Migrated 1,671 rows.
2026-01-09 11:57:56 [E780.E780_IF_FILE_ATTACHMENT] Migrated 1,672 rows.
2026-01-09 11:57:56 [E780.E780_IF_FILE_ATTACHMENT] Migrated 1,673 rows.
2026-01-09 11:57:56 [E780.E780_IF_FILE_ATTACHMENT] Migrated 1,674 rows.
2026-01-09 11:57:56 [E780.E780_IF_FILE_ATTACHMENT] Migrated 1,675 rows.
2026-01-09 11:57:56 [E780.E780_IF_FILE_ATTACHMENT] Migrated 1,676 rows.
2026-01-09 11:57:56 [E780.E780_IF_FILE_ATTACHMENT] Migrated 1,677 rows.
2026-01-09 11:57:56 [E780.E780_IF_FILE_ATTACHMENT] Migrated 1,678 rows.
2026-01-09 11:57:57 [E780.E780_IF_FILE_ATTACHMENT] Migrated 1,679 rows.
2026-01-09 11:57:57 [E780.E780_IF_FILE_ATTACHMENT] Migrated 1,680 rows.
2026-01-09 11:57:57 [E780.E780_IF_FILE_ATTACHMENT] Migrated 1,681 rows.
2026-01-09 11:57:57 [E780.E780_IF_FILE_ATTACHMENT] Migrated 1,682 rows.
2026-01-09 11:57:57 [E780.E780_IF_FILE_ATTACHMENT] Migrated 1,683 rows.
2026-01-09 11:57:57 [E780.E780_IF_FILE_ATTACHMENT] Migrated 1,684 rows.
2026-01-09 11:57:57 [E780.E780_IF_FILE_ATTACHMENT] Migrated 1,685 rows.
2026-01-09 11:57:57 [E780.E780_IF_FILE_ATTACHMENT] Migrated 1,686 rows.
2026-01-09 11:57:57 [E780.E780_IF_FILE_ATTACHMENT] Migrated 1,687 rows.
2026-01-09 11:57:57 [E780.E780_IF_FILE_ATTACHMENT] Migrated 1,688 rows.
2026-01-09 11:57:57 [E780.E780_IF_FILE_ATTACHMENT] Migrated 1,689 rows.
2026-01-09 11:57:57 [E780.E780_IF_FILE_ATTACHMENT] Migrated 1,690 rows.
2026-01-09 11:57:57 [E780.E780_IF_FILE_ATTACHMENT] Migrated 1,691 rows.
2026-01-09 11:57:57 [E780.E780_IF_FILE_ATTACHMENT] Migrated 1,692 rows.
2026-01-09 11:57:58 [E780.E780_IF_FILE_ATTACHMENT] Migrated 1,693 rows.
2026-01-09 11:57:58 [E780.E780_IF_FILE_ATTACHMENT] Migrated 1,694 rows.
2026-01-09 11:57:58 [E780.E780_IF_FILE_ATTACHMENT] Migrated 1,695 rows.
2026-01-09 11:57:58 [E780.E780_IF_FILE_ATTACHMENT] Migrated 1,696 rows.
2026-01-09 11:57:58 [E780.E780_IF_FILE_ATTACHMENT] Migrated 1,697 rows.
2026-01-09 11:57:58 [E780.E780_IF_FILE_ATTACHMENT] Migrated 1,698 rows.
2026-01-09 11:57:58 [E780.E780_IF_FILE_ATTACHMENT] Migrated 1,699 rows.
2026-01-09 11:57:58 [E780.E780_IF_FILE_ATTACHMENT] Migrated 1,700 rows.
2026-01-09 11:57:58 [E780.E780_IF_FILE_ATTACHMENT] Migrated 1,701 rows.
2026-01-09 11:57:58 [E780.E780_IF_FILE_ATTACHMENT] Migrated 1,702 rows.
2026-01-09 11:57:58 [E780.E780_IF_FILE_ATTACHMENT] Migrated 1,703 rows.
2026-01-09 11:57:59 [E780.E780_IF_FILE_ATTACHMENT] Migrated 1,704 rows.
2026-01-09 11:57:59 [E780.E780_IF_FILE_ATTACHMENT] Migrated 1,705 rows.
2026-01-09 11:57:59 [E780.E780_IF_FILE_ATTACHMENT] Migrated 1,706 rows.
2026-01-09 11:58:00 [E780.E780_IF_FILE_ATTACHMENT] Migrated 1,707 rows.
2026-01-09 11:58:00 [E780.E780_IF_FILE_ATTACHMENT] Migrated 1,708 rows.
2026-01-09 11:58:00 [E780.E780_IF_FILE_ATTACHMENT] Migrated 1,709 rows.
2026-01-09 11:58:00 [E780.E780_IF_FILE_ATTACHMENT] Migrated 1,710 rows.
2026-01-09 11:58:00 [E780.E780_IF_FILE_ATTACHMENT] Migrated 1,711 rows.
2026-01-09 11:58:00 [E780.E780_IF_FILE_ATTACHMENT] Migrated 1,712 rows.
2026-01-09 11:58:01 [E780.E780_IF_FILE_ATTACHMENT] Migrated 1,713 rows.
2026-01-09 11:58:01 [E780.E780_IF_FILE_ATTACHMENT] Migrated 1,714 rows.
2026-01-09 11:58:01 [E780.E780_IF_FILE_ATTACHMENT] Migrated 1,715 rows.
2026-01-09 11:58:01 [E780.E780_IF_FILE_ATTACHMENT] Migrated 1,716 rows.
2026-01-09 11:58:01 [E780.E780_IF_FILE_ATTACHMENT] Migrated 1,717 rows.
2026-01-09 11:58:01 [E780.E780_IF_FILE_ATTACHMENT] Migrated 1,718 rows.
2026-01-09 11:58:01 [E780.E780_IF_FILE_ATTACHMENT] Migrated 1,719 rows.
2026-01-09 11:58:01 [E780.E780_IF_FILE_ATTACHMENT] Migrated 1,720 rows.
2026-01-09 11:58:01 [E780.E780_IF_FILE_ATTACHMENT] Migrated 1,721 rows.
2026-01-09 11:58:01 [E780.E780_IF_FILE_ATTACHMENT] Migrated 1,722 rows.
2026-01-09 11:58:02 [E780.E780_IF_FILE_ATTACHMENT] Migrated 1,723 rows.
2026-01-09 11:58:02 [E780.E780_IF_FILE_ATTACHMENT] Migrated 1,724 rows.
2026-01-09 11:58:02 [E780.E780_IF_FILE_ATTACHMENT] Migrated 1,725 rows.
2026-01-09 11:58:02 [E780.E780_IF_FILE_ATTACHMENT] Migrated 1,726 rows.
2026-01-09 11:58:02 [E780.E780_IF_FILE_ATTACHMENT] Migrated 1,727 rows.
2026-01-09 11:58:02 [E780.E780_IF_FILE_ATTACHMENT] Migrated 1,728 rows.
2026-01-09 11:58:02 [E780.E780_IF_FILE_ATTACHMENT] Migrated 1,729 rows.
2026-01-09 11:58:02 [E780.E780_IF_FILE_ATTACHMENT] Migrated 1,730 rows.
2026-01-09 11:58:03 [E780.E780_IF_FILE_ATTACHMENT] Migrated 1,731 rows.
2026-01-09 11:58:03 [E780.E780_IF_FILE_ATTACHMENT] Migrated 1,732 rows.
2026-01-09 11:58:03 [E780.E780_IF_FILE_ATTACHMENT] Migrated 1,733 rows.
2026-01-09 11:58:03 [E780.E780_IF_FILE_ATTACHMENT] Migrated 1,734 rows.
2026-01-09 11:58:03 [E780.E780_IF_FILE_ATTACHMENT] Migrated 1,735 rows.
2026-01-09 11:58:03 [E780.E780_IF_FILE_ATTACHMENT] Migrated 1,736 rows.
2026-01-09 11:58:03 [E780.E780_IF_FILE_ATTACHMENT] Migrated 1,737 rows.
2026-01-09 11:58:03 [E780.E780_IF_FILE_ATTACHMENT] Migrated 1,738 rows.
2026-01-09 11:58:03 [E780.E780_IF_FILE_ATTACHMENT] Migrated 1,739 rows.
2026-01-09 11:58:03 [E780.E780_IF_FILE_ATTACHMENT] Migrated 1,740 rows.
2026-01-09 11:58:03 [E780.E780_IF_FILE_ATTACHMENT] Migrated 1,741 rows.
2026-01-09 11:58:03 [E780.E780_IF_FILE_ATTACHMENT] Migrated 1,742 rows.
2026-01-09 11:58:04 [E780.E780_IF_FILE_ATTACHMENT] Migrated 1,743 rows.
2026-01-09 11:58:04 [E780.E780_IF_FILE_ATTACHMENT] Migrated 1,744 rows.
2026-01-09 11:58:04 [E780.E780_IF_FILE_ATTACHMENT] Migrated 1,745 rows.
2026-01-09 11:58:04 [E780.E780_IF_FILE_ATTACHMENT] Migrated 1,746 rows.
2026-01-09 11:58:05 [E780.E780_IF_FILE_ATTACHMENT] Migrated 1,747 rows.
2026-01-09 11:58:05 [E780.E780_IF_FILE_ATTACHMENT] Migrated 1,748 rows.
2026-01-09 11:58:05 [E780.E780_IF_FILE_ATTACHMENT] Migrated 1,749 rows.
2026-01-09 11:58:05 [E780.E780_IF_FILE_ATTACHMENT] Migrated 1,750 rows.
2026-01-09 11:58:06 [E780.E780_IF_FILE_ATTACHMENT] Migrated 1,751 rows.
2026-01-09 11:58:06 [E780.E780_IF_FILE_ATTACHMENT] Migrated 1,752 rows.
2026-01-09 11:58:06 [E780.E780_IF_FILE_ATTACHMENT] Migrated 1,753 rows.
2026-01-09 11:58:06 [E780.E780_IF_FILE_ATTACHMENT] Migrated 1,754 rows.
2026-01-09 11:58:07 [E780.E780_IF_FILE_ATTACHMENT] Migrated 1,755 rows.
2026-01-09 11:58:07 [E780.E780_IF_FILE_ATTACHMENT] Migrated 1,756 rows.
2026-01-09 11:58:07 [E780.E780_IF_FILE_ATTACHMENT] Migrated 1,757 rows.
2026-01-09 11:58:08 [E780.E780_IF_FILE_ATTACHMENT] Migrated 1,758 rows.
2026-01-09 11:58:08 [E780.E780_IF_FILE_ATTACHMENT] Migrated 1,759 rows.
2026-01-09 11:58:08 [E780.E780_IF_FILE_ATTACHMENT] Migrated 1,760 rows.
2026-01-09 11:58:08 [E780.E780_IF_FILE_ATTACHMENT] Migrated 1,761 rows.
2026-01-09 11:58:08 [E780.E780_IF_FILE_ATTACHMENT] Migrated 1,762 rows.
2026-01-09 11:58:08 [E780.E780_IF_FILE_ATTACHMENT] Migrated 1,763 rows.
2026-01-09 11:58:08 [E780.E780_IF_FILE_ATTACHMENT] Migrated 1,764 rows.
2026-01-09 11:58:08 [E780.E780_IF_FILE_ATTACHMENT] Migrated 1,765 rows.
2026-01-09 11:58:08 [E780.E780_IF_FILE_ATTACHMENT] Migrated 1,766 rows.
2026-01-09 11:58:08 [E780.E780_IF_FILE_ATTACHMENT] Migrated 1,767 rows.
2026-01-09 11:58:08 [E780.E780_IF_FILE_ATTACHMENT] Migrated 1,768 rows.
2026-01-09 11:58:08 [E780.E780_IF_FILE_ATTACHMENT] Migrated 1,769 rows.
2026-01-09 11:58:09 [E780.E780_IF_FILE_ATTACHMENT] Migrated 1,770 rows.
2026-01-09 11:58:09 [E780.E780_IF_FILE_ATTACHMENT] Migrated 1,771 rows.
2026-01-09 11:58:09 [E780.E780_IF_FILE_ATTACHMENT] Migrated 1,772 rows.
2026-01-09 11:58:09 [E780.E780_IF_FILE_ATTACHMENT] Migrated 1,773 rows.
2026-01-09 11:58:09 [E780.E780_IF_FILE_ATTACHMENT] Migrated 1,774 rows.
2026-01-09 11:58:09 [E780.E780_IF_FILE_ATTACHMENT] Migrated 1,775 rows.
2026-01-09 11:58:09 [E780.E780_IF_FILE_ATTACHMENT] Migrated 1,776 rows.
2026-01-09 11:58:09 [E780.E780_IF_FILE_ATTACHMENT] Migrated 1,777 rows.
2026-01-09 11:58:09 [E780.E780_IF_FILE_ATTACHMENT] Migrated 1,778 rows.
2026-01-09 11:58:09 [E780.E780_IF_FILE_ATTACHMENT] Migrated 1,779 rows.
2026-01-09 11:58:09 [E780.E780_IF_FILE_ATTACHMENT] Migrated 1,780 rows.
2026-01-09 11:58:09 [E780.E780_IF_FILE_ATTACHMENT] Migrated 1,781 rows.
2026-01-09 11:58:09 [E780.E780_IF_FILE_ATTACHMENT] Migrated 1,782 rows.
2026-01-09 11:58:09 [E780.E780_IF_FILE_ATTACHMENT] Migrated 1,783 rows.
2026-01-09 11:58:09 [E780.E780_IF_FILE_ATTACHMENT] Migrated 1,784 rows.
2026-01-09 11:58:09 [E780.E780_IF_FILE_ATTACHMENT] Migrated 1,785 rows.
2026-01-09 11:58:09 [E780.E780_IF_FILE_ATTACHMENT] Migrated 1,786 rows.
2026-01-09 11:58:09 [E780.E780_IF_FILE_ATTACHMENT] Migrated 1,787 rows.
2026-01-09 11:58:09 [E780.E780_IF_FILE_ATTACHMENT] Migrated 1,788 rows.
2026-01-09 11:58:09 [E780.E780_IF_FILE_ATTACHMENT] Migrated 1,789 rows.
2026-01-09 11:58:09 [E780.E780_IF_FILE_ATTACHMENT] Migrated 1,790 rows.
2026-01-09 11:58:09 [E780.E780_IF_FILE_ATTACHMENT] Migrated 1,791 rows.
2026-01-09 11:58:09 [E780.E780_IF_FILE_ATTACHMENT] Migrated 1,792 rows.
2026-01-09 11:58:09 [E780.E780_IF_FILE_ATTACHMENT] Migrated 1,793 rows.
2026-01-09 11:58:09 [E780.E780_IF_FILE_ATTACHMENT] Migrated 1,794 rows.
2026-01-09 11:58:09 [E780.E780_IF_FILE_ATTACHMENT] Migrated 1,795 rows.
2026-01-09 11:58:10 [E780.E780_IF_FILE_ATTACHMENT] Migrated 1,796 rows.
2026-01-09 11:58:10 [E780.E780_IF_FILE_ATTACHMENT] Migrated 1,797 rows.
2026-01-09 11:58:10 [E780.E780_IF_FILE_ATTACHMENT] Migrated 1,798 rows.
2026-01-09 11:58:10 [E780.E780_IF_FILE_ATTACHMENT] Migrated 1,799 rows.
2026-01-09 11:58:10 [E780.E780_IF_FILE_ATTACHMENT] Migrated 1,800 rows.
2026-01-09 11:58:10 [E780.E780_IF_FILE_ATTACHMENT] Migrated 1,801 rows.
2026-01-09 11:58:10 [E780.E780_IF_FILE_ATTACHMENT] Migrated 1,802 rows.
2026-01-09 11:58:10 [E780.E780_IF_FILE_ATTACHMENT] Migrated 1,803 rows.
2026-01-09 11:58:10 [E780.E780_IF_FILE_ATTACHMENT] Migrated 1,804 rows.
2026-01-09 11:58:10 [E780.E780_IF_FILE_ATTACHMENT] Migrated 1,805 rows.
2026-01-09 11:58:10 [E780.E780_IF_FILE_ATTACHMENT] Migrated 1,806 rows.
2026-01-09 11:58:10 [E780.E780_IF_FILE_ATTACHMENT] Migrated 1,807 rows.
2026-01-09 11:58:10 [E780.E780_IF_FILE_ATTACHMENT] Migrated 1,808 rows.
2026-01-09 11:58:10 [E780.E780_IF_FILE_ATTACHMENT] Migrated 1,809 rows.
2026-01-09 11:58:10 [E780.E780_IF_FILE_ATTACHMENT] Migrated 1,810 rows.
2026-01-09 11:58:10 [E780.E780_IF_FILE_ATTACHMENT] Migrated 1,811 rows.
2026-01-09 11:58:10 [E780.E780_IF_FILE_ATTACHMENT] Migrated 1,812 rows.
2026-01-09 11:58:10 [E780.E780_IF_FILE_ATTACHMENT] Migrated 1,813 rows.
2026-01-09 11:58:10 [E780.E780_IF_FILE_ATTACHMENT] Migrated 1,814 rows.
2026-01-09 11:58:10 [E780.E780_IF_FILE_ATTACHMENT] Migrated 1,815 rows.
2026-01-09 11:58:10 [E780.E780_IF_FILE_ATTACHMENT] Migrated 1,816 rows.
2026-01-09 11:58:10 [E780.E780_IF_FILE_ATTACHMENT] Migrated 1,817 rows.
2026-01-09 11:58:10 [E780.E780_IF_FILE_ATTACHMENT] Migrated 1,818 rows.
2026-01-09 11:58:10 [E780.E780_IF_FILE_ATTACHMENT] Migrated 1,819 rows.
2026-01-09 11:58:10 [E780.E780_IF_FILE_ATTACHMENT] Migrated 1,820 rows.
2026-01-09 11:58:11 [E780.E780_IF_FILE_ATTACHMENT] Migrated 1,821 rows.
2026-01-09 11:58:11 [E780.E780_IF_FILE_ATTACHMENT] Migrated 1,822 rows.
2026-01-09 11:58:11 [E780.E780_IF_FILE_ATTACHMENT] Migrated 1,823 rows.
2026-01-09 11:58:11 [E780.E780_IF_FILE_ATTACHMENT] Migrated 1,824 rows.
2026-01-09 11:58:11 [E780.E780_IF_FILE_ATTACHMENT] Migrated 1,825 rows.
2026-01-09 11:58:11 [E780.E780_IF_FILE_ATTACHMENT] Migrated 1,826 rows.
2026-01-09 11:58:11 [E780.E780_IF_FILE_ATTACHMENT] Migrated 1,827 rows.
2026-01-09 11:58:11 [E780.E780_IF_FILE_ATTACHMENT] Migrated 1,828 rows.
2026-01-09 11:58:11 [E780.E780_IF_FILE_ATTACHMENT] Migrated 1,829 rows.
2026-01-09 11:58:11 [E780.E780_IF_FILE_ATTACHMENT] Migrated 1,830 rows.
2026-01-09 11:58:11 [E780.E780_IF_FILE_ATTACHMENT] Migrated 1,831 rows.
2026-01-09 11:58:11 [E780.E780_IF_FILE_ATTACHMENT] Migrated 1,832 rows.
2026-01-09 11:58:11 [E780.E780_IF_FILE_ATTACHMENT] Migrated 1,833 rows.
2026-01-09 11:58:11 [E780.E780_IF_FILE_ATTACHMENT] Migrated 1,834 rows.
2026-01-09 11:58:11 [E780.E780_IF_FILE_ATTACHMENT] Migrated 1,835 rows.
2026-01-09 11:58:11 [E780.E780_IF_FILE_ATTACHMENT] Migrated 1,836 rows.
2026-01-09 11:58:11 [E780.E780_IF_FILE_ATTACHMENT] Migrated 1,837 rows.
2026-01-09 11:58:11 [E780.E780_IF_FILE_ATTACHMENT] Migrated 1,838 rows.
2026-01-09 11:58:11 [E780.E780_IF_FILE_ATTACHMENT] Migrated 1,839 rows.
2026-01-09 11:58:12 [E780.E780_IF_FILE_ATTACHMENT] Migrated 1,840 rows.
2026-01-09 11:58:12 [E780.E780_IF_FILE_ATTACHMENT] Migrated 1,841 rows.
2026-01-09 11:58:12 [E780.E780_IF_FILE_ATTACHMENT] Migrated 1,842 rows.
2026-01-09 11:58:12 [E780.E780_IF_FILE_ATTACHMENT] Migrated 1,843 rows.
2026-01-09 11:58:12 [E780.E780_IF_FILE_ATTACHMENT] Migrated 1,844 rows.
2026-01-09 11:58:12 [E780.E780_IF_FILE_ATTACHMENT] Migrated 1,845 rows.
2026-01-09 11:58:12 [E780.E780_IF_FILE_ATTACHMENT] Migrated 1,846 rows.
2026-01-09 11:58:12 [E780.E780_IF_FILE_ATTACHMENT] Migrated 1,847 rows.
2026-01-09 11:58:12 [E780.E780_IF_FILE_ATTACHMENT] Migrated 1,848 rows.
2026-01-09 11:58:12 [E780.E780_IF_FILE_ATTACHMENT] Migrated 1,849 rows.
2026-01-09 11:58:12 [E780.E780_IF_FILE_ATTACHMENT] Migrated 1,850 rows.
2026-01-09 11:58:12 [E780.E780_IF_FILE_ATTACHMENT] Migrated 1,851 rows.
2026-01-09 11:58:12 [E780.E780_IF_FILE_ATTACHMENT] Migrated 1,852 rows.
2026-01-09 11:58:12 [E780.E780_IF_FILE_ATTACHMENT] Migrated 1,853 rows.
2026-01-09 11:58:12 [E780.E780_IF_FILE_ATTACHMENT] Migrated 1,854 rows.
2026-01-09 11:58:12 [E780.E780_IF_FILE_ATTACHMENT] Migrated 1,855 rows.
2026-01-09 11:58:12 [E780.E780_IF_FILE_ATTACHMENT] Migrated 1,856 rows.
2026-01-09 11:58:12 [E780.E780_IF_FILE_ATTACHMENT] Migrated 1,857 rows.
2026-01-09 11:58:12 [E780.E780_IF_FILE_ATTACHMENT] Migrated 1,858 rows.
2026-01-09 11:58:13 [E780.E780_IF_FILE_ATTACHMENT] Migrated 1,859 rows.
2026-01-09 11:58:13 [E780.E780_IF_FILE_ATTACHMENT] Migrated 1,860 rows.
2026-01-09 11:58:13 [E780.E780_IF_FILE_ATTACHMENT] Migrated 1,861 rows.
2026-01-09 11:58:13 [E780.E780_IF_FILE_ATTACHMENT] Migrated 1,862 rows.
2026-01-09 11:58:13 [E780.E780_IF_FILE_ATTACHMENT] Migrated 1,863 rows.
2026-01-09 11:58:13 [E780.E780_IF_FILE_ATTACHMENT] Migrated 1,864 rows.
2026-01-09 11:58:13 [E780.E780_IF_FILE_ATTACHMENT] Migrated 1,865 rows.
2026-01-09 11:58:13 [E780.E780_IF_FILE_ATTACHMENT] Migrated 1,866 rows.
2026-01-09 11:58:14 [E780.E780_IF_FILE_ATTACHMENT] Migrated 1,867 rows.
2026-01-09 11:58:14 [E780.E780_IF_FILE_ATTACHMENT] Migrated 1,868 rows.
2026-01-09 11:58:14 [E780.E780_IF_FILE_ATTACHMENT] Migrated 1,869 rows.
2026-01-09 11:58:14 [E780.E780_IF_FILE_ATTACHMENT] Migrated 1,870 rows.
2026-01-09 11:58:14 [E780.E780_IF_FILE_ATTACHMENT] Migrated 1,871 rows.
2026-01-09 11:58:14 [E780.E780_IF_FILE_ATTACHMENT] Migrated 1,872 rows.
2026-01-09 11:58:15 [E780.E780_IF_FILE_ATTACHMENT] Migrated 1,873 rows.
2026-01-09 11:58:15 [E780.E780_IF_FILE_ATTACHMENT] Migrated 1,874 rows.
2026-01-09 11:58:15 [E780.E780_IF_FILE_ATTACHMENT] Migrated 1,875 rows.
2026-01-09 11:58:15 [E780.E780_IF_FILE_ATTACHMENT] Migrated 1,876 rows.
2026-01-09 11:58:15 [E780.E780_IF_FILE_ATTACHMENT] Migrated 1,877 rows.
2026-01-09 11:58:15 [E780.E780_IF_FILE_ATTACHMENT] Migrated 1,878 rows.
2026-01-09 11:58:15 [E780.E780_IF_FILE_ATTACHMENT] Migrated 1,879 rows.
2026-01-09 11:58:15 [E780.E780_IF_FILE_ATTACHMENT] Migrated 1,880 rows.
2026-01-09 11:58:15 [E780.E780_IF_FILE_ATTACHMENT] Migrated 1,881 rows.
2026-01-09 11:58:15 [E780.E780_IF_FILE_ATTACHMENT] Migrated 1,882 rows.
2026-01-09 11:58:15 [E780.E780_IF_FILE_ATTACHMENT] Migrated 1,883 rows.
2026-01-09 11:58:15 [E780.E780_IF_FILE_ATTACHMENT] Migrated 1,884 rows.
2026-01-09 11:58:15 [E780.E780_IF_FILE_ATTACHMENT] Migrated 1,885 rows.
2026-01-09 11:58:15 [E780.E780_IF_FILE_ATTACHMENT] Migrated 1,886 rows.
2026-01-09 11:58:15 [E780.E780_IF_FILE_ATTACHMENT] Migrated 1,887 rows.
2026-01-09 11:58:15 [E780.E780_IF_FILE_ATTACHMENT] Migrated 1,888 rows.
2026-01-09 11:58:15 [E780.E780_IF_FILE_ATTACHMENT] Migrated 1,889 rows.
2026-01-09 11:58:16 [E780.E780_IF_FILE_ATTACHMENT] Migrated 1,890 rows.
2026-01-09 11:58:16 [E780.E780_IF_FILE_ATTACHMENT] Migrated 1,891 rows.
2026-01-09 11:58:16 [E780.E780_IF_FILE_ATTACHMENT] Migrated 1,892 rows.
2026-01-09 11:58:16 [E780.E780_IF_FILE_ATTACHMENT] Migrated 1,893 rows.
2026-01-09 11:58:16 [E780.E780_IF_FILE_ATTACHMENT] Migrated 1,894 rows.
2026-01-09 11:58:16 [E780.E780_IF_FILE_ATTACHMENT] Migrated 1,895 rows.
2026-01-09 11:58:16 [E780.E780_IF_FILE_ATTACHMENT] Migrated 1,896 rows.
2026-01-09 11:58:16 [E780.E780_IF_FILE_ATTACHMENT] Migrated 1,897 rows.
2026-01-09 11:58:16 [E780.E780_IF_FILE_ATTACHMENT] Migrated 1,898 rows.
2026-01-09 11:58:16 [E780.E780_IF_FILE_ATTACHMENT] Migrated 1,899 rows.
2026-01-09 11:58:16 [E780.E780_IF_FILE_ATTACHMENT] Migrated 1,900 rows.
2026-01-09 11:58:16 [E780.E780_IF_FILE_ATTACHMENT] Migrated 1,901 rows.
2026-01-09 11:58:16 [E780.E780_IF_FILE_ATTACHMENT] Migrated 1,902 rows.
2026-01-09 11:58:16 [E780.E780_IF_FILE_ATTACHMENT] Migrated 1,903 rows.
2026-01-09 11:58:17 [E780.E780_IF_FILE_ATTACHMENT] Migrated 1,904 rows.
2026-01-09 11:58:17 [E780.E780_IF_FILE_ATTACHMENT] Migrated 1,905 rows.
2026-01-09 11:58:17 [E780.E780_IF_FILE_ATTACHMENT] Migrated 1,906 rows.
2026-01-09 11:58:17 [E780.E780_IF_FILE_ATTACHMENT] Migrated 1,907 rows.
2026-01-09 11:58:17 [E780.E780_IF_FILE_ATTACHMENT] Migrated 1,908 rows.
2026-01-09 11:58:17 [E780.E780_IF_FILE_ATTACHMENT] Migrated 1,909 rows.
2026-01-09 11:58:17 [E780.E780_IF_FILE_ATTACHMENT] Migrated 1,910 rows.
2026-01-09 11:58:17 [E780.E780_IF_FILE_ATTACHMENT] Migrated 1,911 rows.
2026-01-09 11:58:17 [E780.E780_IF_FILE_ATTACHMENT] Migrated 1,912 rows.
2026-01-09 11:58:17 [E780.E780_IF_FILE_ATTACHMENT] Migrated 1,913 rows.
2026-01-09 11:58:17 [E780.E780_IF_FILE_ATTACHMENT] Migrated 1,914 rows.
2026-01-09 11:58:17 [E780.E780_IF_FILE_ATTACHMENT] Migrated 1,915 rows.
2026-01-09 11:58:17 [E780.E780_IF_FILE_ATTACHMENT] Migrated 1,916 rows.
2026-01-09 11:58:17 [E780.E780_IF_FILE_ATTACHMENT] Migrated 1,917 rows.
2026-01-09 11:58:18 [E780.E780_IF_FILE_ATTACHMENT] Migrated 1,918 rows.
2026-01-09 11:58:18 [E780.E780_IF_FILE_ATTACHMENT] Migrated 1,919 rows.
2026-01-09 11:58:18 [E780.E780_IF_FILE_ATTACHMENT] Migrated 1,920 rows.
2026-01-09 11:58:18 [E780.E780_IF_FILE_ATTACHMENT] Migrated 1,921 rows.
2026-01-09 11:58:18 [E780.E780_IF_FILE_ATTACHMENT] Migrated 1,922 rows.
2026-01-09 11:58:18 [E780.E780_IF_FILE_ATTACHMENT] Migrated 1,923 rows.
2026-01-09 11:58:18 [E780.E780_IF_FILE_ATTACHMENT] Migrated 1,924 rows.
2026-01-09 11:58:18 [E780.E780_IF_FILE_ATTACHMENT] Migrated 1,925 rows.
2026-01-09 11:58:19 [E780.E780_IF_FILE_ATTACHMENT] Migrated 1,926 rows.
2026-01-09 11:58:19 [E780.E780_IF_FILE_ATTACHMENT] Migrated 1,927 rows.
2026-01-09 11:58:19 [E780.E780_IF_FILE_ATTACHMENT] Migrated 1,928 rows.
2026-01-09 11:58:19 [E780.E780_IF_FILE_ATTACHMENT] Migrated 1,929 rows.
2026-01-09 11:58:19 [E780.E780_IF_FILE_ATTACHMENT] Migrated 1,930 rows.
2026-01-09 11:58:19 [E780.E780_IF_FILE_ATTACHMENT] Migrated 1,931 rows.
2026-01-09 11:58:19 [E780.E780_IF_FILE_ATTACHMENT] Migrated 1,932 rows.
2026-01-09 11:58:20 [E780.E780_IF_FILE_ATTACHMENT] Migrated 1,933 rows.
2026-01-09 11:58:20 [E780.E780_IF_FILE_ATTACHMENT] Migrated 1,934 rows.
2026-01-09 11:58:20 [E780.E780_IF_FILE_ATTACHMENT] Migrated 1,935 rows.
2026-01-09 11:58:20 [E780.E780_IF_FILE_ATTACHMENT] Migrated 1,936 rows.
2026-01-09 11:58:20 [E780.E780_IF_FILE_ATTACHMENT] Migrated 1,937 rows.
2026-01-09 11:58:20 [E780.E780_IF_FILE_ATTACHMENT] Migrated 1,938 rows.
2026-01-09 11:58:20 [E780.E780_IF_FILE_ATTACHMENT] Migrated 1,939 rows.
2026-01-09 11:58:20 [E780.E780_IF_FILE_ATTACHMENT] Migrated 1,940 rows.
2026-01-09 11:58:20 [E780.E780_IF_FILE_ATTACHMENT] Migrated 1,941 rows.
2026-01-09 11:58:20 [E780.E780_IF_FILE_ATTACHMENT] Migrated 1,942 rows.
2026-01-09 11:58:20 [E780.E780_IF_FILE_ATTACHMENT] Migrated 1,943 rows.
2026-01-09 11:58:20 [E780.E780_IF_FILE_ATTACHMENT] Migrated 1,944 rows.
2026-01-09 11:58:20 [E780.E780_IF_FILE_ATTACHMENT] Migrated 1,945 rows.
2026-01-09 11:58:20 [E780.E780_IF_FILE_ATTACHMENT] Migrated 1,946 rows.
2026-01-09 11:58:21 [E780.E780_IF_FILE_ATTACHMENT] Migrated 1,947 rows.
2026-01-09 11:58:21 [E780.E780_IF_FILE_ATTACHMENT] Migrated 1,948 rows.
2026-01-09 11:58:21 [E780.E780_IF_FILE_ATTACHMENT] Migrated 1,949 rows.
2026-01-09 11:58:21 [E780.E780_IF_FILE_ATTACHMENT] Migrated 1,950 rows.
2026-01-09 11:58:21 [E780.E780_IF_FILE_ATTACHMENT] Migrated 1,951 rows.
2026-01-09 11:58:21 [E780.E780_IF_FILE_ATTACHMENT] Migrated 1,952 rows.
2026-01-09 11:58:21 [E780.E780_IF_FILE_ATTACHMENT] Migrated 1,953 rows.
2026-01-09 11:58:22 [E780.E780_IF_FILE_ATTACHMENT] Migrated 1,954 rows.
2026-01-09 11:58:22 [E780.E780_IF_FILE_ATTACHMENT] Migrated 1,955 rows.
2026-01-09 11:58:22 [E780.E780_IF_FILE_ATTACHMENT] Migrated 1,956 rows.
2026-01-09 11:58:22 [E780.E780_IF_FILE_ATTACHMENT] Migrated 1,957 rows.
2026-01-09 11:58:22 [E780.E780_IF_FILE_ATTACHMENT] Migrated 1,958 rows.
2026-01-09 11:58:22 [E780.E780_IF_FILE_ATTACHMENT] Migrated 1,959 rows.
2026-01-09 11:58:22 [E780.E780_IF_FILE_ATTACHMENT] Migrated 1,960 rows.
2026-01-09 11:58:22 [E780.E780_IF_FILE_ATTACHMENT] Migrated 1,961 rows.
2026-01-09 11:58:23 [E780.E780_IF_FILE_ATTACHMENT] Migrated 1,962 rows.
2026-01-09 11:58:23 [E780.E780_IF_FILE_ATTACHMENT] Migrated 1,963 rows.
2026-01-09 11:58:23 [E780.E780_IF_FILE_ATTACHMENT] Migrated 1,964 rows.
2026-01-09 11:58:23 [E780.E780_IF_FILE_ATTACHMENT] Migrated 1,965 rows.
2026-01-09 11:58:23 [E780.E780_IF_FILE_ATTACHMENT] Migrated 1,966 rows.
2026-01-09 11:58:23 [E780.E780_IF_FILE_ATTACHMENT] Migrated 1,967 rows.
2026-01-09 11:58:23 [E780.E780_IF_FILE_ATTACHMENT] Migrated 1,968 rows.
2026-01-09 11:58:23 [E780.E780_IF_FILE_ATTACHMENT] Migrated 1,969 rows.
2026-01-09 11:58:23 [E780.E780_IF_FILE_ATTACHMENT] Migrated 1,970 rows.
2026-01-09 11:58:23 [E780.E780_IF_FILE_ATTACHMENT] Migrated 1,971 rows.
2026-01-09 11:58:23 [E780.E780_IF_FILE_ATTACHMENT] Migrated 1,972 rows.
2026-01-09 11:58:23 [E780.E780_IF_FILE_ATTACHMENT] Migrated 1,973 rows.
2026-01-09 11:58:24 [E780.E780_IF_FILE_ATTACHMENT] Migrated 1,974 rows.
2026-01-09 11:58:24 [E780.E780_IF_FILE_ATTACHMENT] Migrated 1,975 rows.
2026-01-09 11:58:24 [E780.E780_IF_FILE_ATTACHMENT] Migrated 1,976 rows.
2026-01-09 11:58:24 [E780.E780_IF_FILE_ATTACHMENT] Migrated 1,977 rows.
2026-01-09 11:58:24 [E780.E780_IF_FILE_ATTACHMENT] Migrated 1,978 rows.
2026-01-09 11:58:24 [E780.E780_IF_FILE_ATTACHMENT] Migrated 1,979 rows.
2026-01-09 11:58:24 [E780.E780_IF_FILE_ATTACHMENT] Migrated 1,980 rows.
2026-01-09 11:58:24 [E780.E780_IF_FILE_ATTACHMENT] Migrated 1,981 rows.
2026-01-09 11:58:24 [E780.E780_IF_FILE_ATTACHMENT] Migrated 1,982 rows.
2026-01-09 11:58:25 [E780.E780_IF_FILE_ATTACHMENT] Migrated 1,983 rows.
2026-01-09 11:58:25 [E780.E780_IF_FILE_ATTACHMENT] Migrated 1,984 rows.
2026-01-09 11:58:25 [E780.E780_IF_FILE_ATTACHMENT] Migrated 1,985 rows.
2026-01-09 11:58:25 [E780.E780_IF_FILE_ATTACHMENT] Migrated 1,986 rows.
2026-01-09 11:58:25 [E780.E780_IF_FILE_ATTACHMENT] Migrated 1,987 rows.
2026-01-09 11:58:25 [E780.E780_IF_FILE_ATTACHMENT] Migrated 1,988 rows.
2026-01-09 11:58:25 [E780.E780_IF_FILE_ATTACHMENT] Migrated 1,989 rows.
2026-01-09 11:58:25 [E780.E780_IF_FILE_ATTACHMENT] Migrated 1,990 rows.
2026-01-09 11:58:25 [E780.E780_IF_FILE_ATTACHMENT] Migrated 1,991 rows.
2026-01-09 11:58:25 [E780.E780_IF_FILE_ATTACHMENT] Migrated 1,992 rows.
2026-01-09 11:58:25 [E780.E780_IF_FILE_ATTACHMENT] Migrated 1,993 rows.
2026-01-09 11:58:25 [E780.E780_IF_FILE_ATTACHMENT] Migrated 1,994 rows.
2026-01-09 11:58:25 [E780.E780_IF_FILE_ATTACHMENT] Migrated 1,995 rows.
2026-01-09 11:58:25 [E780.E780_IF_FILE_ATTACHMENT] Migrated 1,996 rows.
2026-01-09 11:58:25 [E780.E780_IF_FILE_ATTACHMENT] Migrated 1,997 rows.
2026-01-09 11:58:26 [E780.E780_IF_FILE_ATTACHMENT] Migrated 1,998 rows.
2026-01-09 11:58:26 [E780.E780_IF_FILE_ATTACHMENT] Migrated 1,999 rows.
2026-01-09 11:58:26 [E780.E780_IF_FILE_ATTACHMENT] Migrated 2,000 rows.
2026-01-09 11:58:26 [E780.E780_IF_FILE_ATTACHMENT] Migrated 2,001 rows.
2026-01-09 11:58:26 [E780.E780_IF_FILE_ATTACHMENT] Migrated 2,002 rows.
2026-01-09 11:58:26 [E780.E780_IF_FILE_ATTACHMENT] Migrated 2,003 rows.
2026-01-09 11:58:26 [E780.E780_IF_FILE_ATTACHMENT] Migrated 2,004 rows.
2026-01-09 11:58:26 [E780.E780_IF_FILE_ATTACHMENT] Migrated 2,005 rows.
2026-01-09 11:58:26 [E780.E780_IF_FILE_ATTACHMENT] Migrated 2,006 rows.
2026-01-09 11:58:26 [E780.E780_IF_FILE_ATTACHMENT] Migrated 2,007 rows.
2026-01-09 11:58:26 [E780.E780_IF_FILE_ATTACHMENT] Migrated 2,008 rows.
2026-01-09 11:58:26 [E780.E780_IF_FILE_ATTACHMENT] Migrated 2,009 rows.
2026-01-09 11:58:26 [E780.E780_IF_FILE_ATTACHMENT] Migrated 2,010 rows.
2026-01-09 11:58:26 [E780.E780_IF_FILE_ATTACHMENT] Migrated 2,011 rows.
2026-01-09 11:58:26 [E780.E780_IF_FILE_ATTACHMENT] Migrated 2,012 rows.
2026-01-09 11:58:26 [E780.E780_IF_FILE_ATTACHMENT] Migrated 2,013 rows.
2026-01-09 11:58:26 [E780.E780_IF_FILE_ATTACHMENT] Migrated 2,014 rows.
2026-01-09 11:58:26 [E780.E780_IF_FILE_ATTACHMENT] Migrated 2,015 rows.
2026-01-09 11:58:26 [E780.E780_IF_FILE_ATTACHMENT] Migrated 2,016 rows.
2026-01-09 11:58:27 [E780.E780_IF_FILE_ATTACHMENT] Migrated 2,017 rows.
2026-01-09 11:58:27 [E780.E780_IF_FILE_ATTACHMENT] Migrated 2,018 rows.
2026-01-09 11:58:27 [E780.E780_IF_FILE_ATTACHMENT] Migrated 2,019 rows.
2026-01-09 11:58:27 [E780.E780_IF_FILE_ATTACHMENT] Migrated 2,020 rows.
2026-01-09 11:58:27 [E780.E780_IF_FILE_ATTACHMENT] Migrated 2,021 rows.
2026-01-09 11:58:27 [E780.E780_IF_FILE_ATTACHMENT] Migrated 2,022 rows.
2026-01-09 11:58:27 [E780.E780_IF_FILE_ATTACHMENT] Migrated 2,023 rows.
2026-01-09 11:58:27 [E780.E780_IF_FILE_ATTACHMENT] Migrated 2,024 rows.
2026-01-09 11:58:27 [E780.E780_IF_FILE_ATTACHMENT] Migrated 2,025 rows.
2026-01-09 11:58:27 [E780.E780_IF_FILE_ATTACHMENT] Migrated 2,026 rows.
2026-01-09 11:58:27 [E780.E780_IF_FILE_ATTACHMENT] Migrated 2,027 rows.
2026-01-09 11:58:27 [E780.E780_IF_FILE_ATTACHMENT] Migrated 2,028 rows.
2026-01-09 11:58:27 [E780.E780_IF_FILE_ATTACHMENT] Migrated 2,029 rows.
2026-01-09 11:58:27 [E780.E780_IF_FILE_ATTACHMENT] Migrated 2,030 rows.
2026-01-09 11:58:27 [E780.E780_IF_FILE_ATTACHMENT] Migrated 2,031 rows.
2026-01-09 11:58:27 [E780.E780_IF_FILE_ATTACHMENT] Migrated 2,032 rows.
2026-01-09 11:58:27 [E780.E780_IF_FILE_ATTACHMENT] Migrated 2,033 rows.
2026-01-09 11:58:27 [E780.E780_IF_FILE_ATTACHMENT] Migrated 2,034 rows.
2026-01-09 11:58:27 [E780.E780_IF_FILE_ATTACHMENT] Migrated 2,035 rows.
2026-01-09 11:58:28 [E780.E780_IF_FILE_ATTACHMENT] Migrated 2,036 rows.
2026-01-09 11:58:28 [E780.E780_IF_FILE_ATTACHMENT] Migrated 2,037 rows.
2026-01-09 11:58:28 [E780.E780_IF_FILE_ATTACHMENT] Migrated 2,038 rows.
2026-01-09 11:58:28 [E780.E780_IF_FILE_ATTACHMENT] Migrated 2,039 rows.
2026-01-09 11:58:28 [E780.E780_IF_FILE_ATTACHMENT] Migrated 2,040 rows.
2026-01-09 11:58:28 [E780.E780_IF_FILE_ATTACHMENT] Migrated 2,041 rows.
2026-01-09 11:58:28 [E780.E780_IF_FILE_ATTACHMENT] Migrated 2,042 rows.
2026-01-09 11:58:28 [E780.E780_IF_FILE_ATTACHMENT] Migrated 2,043 rows.
2026-01-09 11:58:29 [E780.E780_IF_FILE_ATTACHMENT] Migrated 2,044 rows.
2026-01-09 11:58:29 [E780.E780_IF_FILE_ATTACHMENT] Migrated 2,045 rows.
2026-01-09 11:58:29 [E780.E780_IF_FILE_ATTACHMENT] Migrated 2,046 rows.
2026-01-09 11:58:29 [E780.E780_IF_FILE_ATTACHMENT] Migrated 2,047 rows.
2026-01-09 11:58:29 [E780.E780_IF_FILE_ATTACHMENT] Migrated 2,048 rows.
2026-01-09 11:58:29 [E780.E780_IF_FILE_ATTACHMENT] Migrated 2,049 rows.
2026-01-09 11:58:29 [E780.E780_IF_FILE_ATTACHMENT] Migrated 2,050 rows.
2026-01-09 11:58:29 [E780.E780_IF_FILE_ATTACHMENT] Migrated 2,051 rows.
2026-01-09 11:58:29 [E780.E780_IF_FILE_ATTACHMENT] Migrated 2,052 rows.
2026-01-09 11:58:29 [E780.E780_IF_FILE_ATTACHMENT] Migrated 2,053 rows.
2026-01-09 11:58:29 [E780.E780_IF_FILE_ATTACHMENT] Migrated 2,054 rows.
2026-01-09 11:58:29 [E780.E780_IF_FILE_ATTACHMENT] Migrated 2,055 rows.
2026-01-09 11:58:29 [E780.E780_IF_FILE_ATTACHMENT] Migrated 2,056 rows.
2026-01-09 11:58:29 [E780.E780_IF_FILE_ATTACHMENT] Migrated 2,057 rows.
2026-01-09 11:58:29 [E780.E780_IF_FILE_ATTACHMENT] Migrated 2,058 rows.
2026-01-09 11:58:30 [E780.E780_IF_FILE_ATTACHMENT] Migrated 2,059 rows.
2026-01-09 11:58:30 [E780.E780_IF_FILE_ATTACHMENT] Migrated 2,060 rows.
2026-01-09 11:58:30 [E780.E780_IF_FILE_ATTACHMENT] Migrated 2,061 rows.
2026-01-09 11:58:30 [E780.E780_IF_FILE_ATTACHMENT] Migrated 2,062 rows.
2026-01-09 11:58:30 [E780.E780_IF_FILE_ATTACHMENT] Migrated 2,063 rows.
2026-01-09 11:58:30 [E780.E780_IF_FILE_ATTACHMENT] Migrated 2,064 rows.
2026-01-09 11:58:30 [E780.E780_IF_FILE_ATTACHMENT] Migrated 2,065 rows.
2026-01-09 11:58:30 [E780.E780_IF_FILE_ATTACHMENT] Migrated 2,066 rows.
2026-01-09 11:58:30 [E780.E780_IF_FILE_ATTACHMENT] Migrated 2,067 rows.
2026-01-09 11:58:30 [E780.E780_IF_FILE_ATTACHMENT] Migrated 2,068 rows.
2026-01-09 11:58:30 [E780.E780_IF_FILE_ATTACHMENT] Migrated 2,069 rows.
2026-01-09 11:58:30 [E780.E780_IF_FILE_ATTACHMENT] Migrated 2,070 rows.
2026-01-09 11:58:30 [E780.E780_IF_FILE_ATTACHMENT] Migrated 2,071 rows.
2026-01-09 11:58:30 [E780.E780_IF_FILE_ATTACHMENT] Migrated 2,072 rows.
2026-01-09 11:58:30 [E780.E780_IF_FILE_ATTACHMENT] Migrated 2,073 rows.
2026-01-09 11:58:30 [E780.E780_IF_FILE_ATTACHMENT] Migrated 2,074 rows.
2026-01-09 11:58:30 [E780.E780_IF_FILE_ATTACHMENT] Migrated 2,075 rows.
2026-01-09 11:58:30 [E780.E780_IF_FILE_ATTACHMENT] Migrated 2,076 rows.
2026-01-09 11:58:30 [E780.E780_IF_FILE_ATTACHMENT] Migrated 2,077 rows.
2026-01-09 11:58:31 [E780.E780_IF_FILE_ATTACHMENT] Migrated 2,078 rows.
2026-01-09 11:58:31 [E780.E780_IF_FILE_ATTACHMENT] Migrated 2,079 rows.
2026-01-09 11:58:31 [E780.E780_IF_FILE_ATTACHMENT] Migrated 2,080 rows.
2026-01-09 11:58:31 [E780.E780_IF_FILE_ATTACHMENT] Migrated 2,081 rows.
2026-01-09 11:58:31 [E780.E780_IF_FILE_ATTACHMENT] Migrated 2,082 rows.
2026-01-09 11:58:31 [E780.E780_IF_FILE_ATTACHMENT] Migrated 2,083 rows.
2026-01-09 11:58:31 [E780.E780_IF_FILE_ATTACHMENT] Migrated 2,084 rows.
2026-01-09 11:58:31 [E780.E780_IF_FILE_ATTACHMENT] Migrated 2,085 rows.
2026-01-09 11:58:31 [E780.E780_IF_FILE_ATTACHMENT] Migrated 2,086 rows.
2026-01-09 11:58:31 [E780.E780_IF_FILE_ATTACHMENT] Migrated 2,087 rows.
2026-01-09 11:58:31 [E780.E780_IF_FILE_ATTACHMENT] Migrated 2,088 rows.
2026-01-09 11:58:31 [E780.E780_IF_FILE_ATTACHMENT] Migrated 2,089 rows.
2026-01-09 11:58:31 [E780.E780_IF_FILE_ATTACHMENT] Migrated 2,090 rows.
2026-01-09 11:58:31 [E780.E780_IF_FILE_ATTACHMENT] Migrated 2,091 rows.
2026-01-09 11:58:31 [E780.E780_IF_FILE_ATTACHMENT] Migrated 2,092 rows.
2026-01-09 11:58:31 [E780.E780_IF_FILE_ATTACHMENT] Migrated 2,093 rows.
2026-01-09 11:58:31 [E780.E780_IF_FILE_ATTACHMENT] Migrated 2,094 rows.
2026-01-09 11:58:31 [E780.E780_IF_FILE_ATTACHMENT] Migrated 2,095 rows.
2026-01-09 11:58:31 [E780.E780_IF_FILE_ATTACHMENT] Migrated 2,096 rows.
2026-01-09 11:58:31 [E780.E780_IF_FILE_ATTACHMENT] Migrated 2,097 rows.
2026-01-09 11:58:32 [E780.E780_IF_FILE_ATTACHMENT] Migrated 2,098 rows.
2026-01-09 11:58:32 [E780.E780_IF_FILE_ATTACHMENT] Migrated 2,099 rows.
2026-01-09 11:58:32 [E780.E780_IF_FILE_ATTACHMENT] Migrated 2,100 rows.
2026-01-09 11:58:32 [E780.E780_IF_FILE_ATTACHMENT] Migrated 2,101 rows.
2026-01-09 11:58:32 [E780.E780_IF_FILE_ATTACHMENT] Migrated 2,102 rows.
2026-01-09 11:58:32 [E780.E780_IF_FILE_ATTACHMENT] Migrated 2,103 rows.
2026-01-09 11:58:32 [E780.E780_IF_FILE_ATTACHMENT] Migrated 2,104 rows.
2026-01-09 11:58:33 [E780.E780_IF_FILE_ATTACHMENT] Migrated 2,105 rows.
2026-01-09 11:58:33 [E780.E780_IF_FILE_ATTACHMENT] Migrated 2,106 rows.
2026-01-09 11:58:33 [E780.E780_IF_FILE_ATTACHMENT] Migrated 2,107 rows.
2026-01-09 11:58:33 [E780.E780_IF_FILE_ATTACHMENT] Migrated 2,108 rows.
2026-01-09 11:58:33 [E780.E780_IF_FILE_ATTACHMENT] Migrated 2,109 rows.
2026-01-09 11:58:33 [E780.E780_IF_FILE_ATTACHMENT] Migrated 2,110 rows.
2026-01-09 11:58:33 [E780.E780_IF_FILE_ATTACHMENT] Migrated 2,111 rows.
2026-01-09 11:58:33 [E780.E780_IF_FILE_ATTACHMENT] Migrated 2,112 rows.
2026-01-09 11:58:34 [E780.E780_IF_FILE_ATTACHMENT] Migrated 2,113 rows.
2026-01-09 11:58:34 [E780.E780_IF_FILE_ATTACHMENT] Migrated 2,114 rows.
2026-01-09 11:58:34 [E780.E780_IF_FILE_ATTACHMENT] Migrated 2,115 rows.
2026-01-09 11:58:34 [E780.E780_IF_FILE_ATTACHMENT] Migrated 2,116 rows.
2026-01-09 11:58:34 [E780.E780_IF_FILE_ATTACHMENT] Migrated 2,117 rows.
2026-01-09 11:58:34 [E780.E780_IF_FILE_ATTACHMENT] Migrated 2,118 rows.
2026-01-09 11:58:34 [E780.E780_IF_FILE_ATTACHMENT] Migrated 2,119 rows.
2026-01-09 11:58:34 [E780.E780_IF_FILE_ATTACHMENT] Migrated 2,120 rows.
2026-01-09 11:58:34 [E780.E780_IF_FILE_ATTACHMENT] Migrated 2,121 rows.
2026-01-09 11:58:34 [E780.E780_IF_FILE_ATTACHMENT] Migrated 2,122 rows.
2026-01-09 11:58:34 [E780.E780_IF_FILE_ATTACHMENT] Migrated 2,123 rows.
2026-01-09 11:58:34 [E780.E780_IF_FILE_ATTACHMENT] Migrated 2,124 rows.
2026-01-09 11:58:35 [E780.E780_IF_FILE_ATTACHMENT] Migrated 2,125 rows.
2026-01-09 11:58:35 [E780.E780_IF_FILE_ATTACHMENT] Migrated 2,126 rows.
2026-01-09 11:58:35 [E780.E780_IF_FILE_ATTACHMENT] Migrated 2,127 rows.
2026-01-09 11:58:35 [E780.E780_IF_FILE_ATTACHMENT] Migrated 2,128 rows.
2026-01-09 11:58:35 [E780.E780_IF_FILE_ATTACHMENT] Migrated 2,129 rows.
2026-01-09 11:58:35 [E780.E780_IF_FILE_ATTACHMENT] Migrated 2,130 rows.
2026-01-09 11:58:35 [E780.E780_IF_FILE_ATTACHMENT] Migrated 2,131 rows.
2026-01-09 11:58:35 [E780.E780_IF_FILE_ATTACHMENT] Migrated 2,132 rows.
2026-01-09 11:58:35 [E780.E780_IF_FILE_ATTACHMENT] Migrated 2,133 rows.
2026-01-09 11:58:35 [E780.E780_IF_FILE_ATTACHMENT] Migrated 2,134 rows.
2026-01-09 11:58:36 [E780.E780_IF_FILE_ATTACHMENT] Migrated 2,135 rows.
2026-01-09 11:58:36 [E780.E780_IF_FILE_ATTACHMENT] Migrated 2,136 rows.
2026-01-09 11:58:36 [E780.E780_IF_FILE_ATTACHMENT] Migrated 2,137 rows.
2026-01-09 11:58:36 [E780.E780_IF_FILE_ATTACHMENT] Migrated 2,138 rows.
2026-01-09 11:58:36 [E780.E780_IF_FILE_ATTACHMENT] Migrated 2,139 rows.
2026-01-09 11:58:36 [E780.E780_IF_FILE_ATTACHMENT] Migrated 2,140 rows.
2026-01-09 11:58:37 [E780.E780_IF_FILE_ATTACHMENT] Migrated 2,141 rows.
2026-01-09 11:58:37 [E780.E780_IF_FILE_ATTACHMENT] Migrated 2,142 rows.
2026-01-09 11:58:37 [E780.E780_IF_FILE_ATTACHMENT] Migrated 2,143 rows.
2026-01-09 11:58:37 [E780.E780_IF_FILE_ATTACHMENT] Migrated 2,144 rows.
2026-01-09 11:58:37 [E780.E780_IF_FILE_ATTACHMENT] Migrated 2,145 rows.
2026-01-09 11:58:37 [E780.E780_IF_FILE_ATTACHMENT] Migrated 2,146 rows.
2026-01-09 11:58:37 [E780.E780_IF_FILE_ATTACHMENT] Migrated 2,147 rows.
2026-01-09 11:58:37 [E780.E780_IF_FILE_ATTACHMENT] Migrated 2,148 rows.
2026-01-09 11:58:37 [E780.E780_IF_FILE_ATTACHMENT] Migrated 2,149 rows.
2026-01-09 11:58:38 [E780.E780_IF_FILE_ATTACHMENT] Migrated 2,150 rows.
2026-01-09 11:58:38 [E780.E780_IF_FILE_ATTACHMENT] Migrated 2,151 rows.
2026-01-09 11:58:38 [E780.E780_IF_FILE_ATTACHMENT] Migrated 2,152 rows.
2026-01-09 11:58:38 [E780.E780_IF_FILE_ATTACHMENT] Migrated 2,153 rows.
2026-01-09 11:58:38 [E780.E780_IF_FILE_ATTACHMENT] Migrated 2,154 rows.
2026-01-09 11:58:38 [E780.E780_IF_FILE_ATTACHMENT] Migrated 2,155 rows.
2026-01-09 11:58:38 [E780.E780_IF_FILE_ATTACHMENT] Migrated 2,156 rows.
2026-01-09 11:58:38 [E780.E780_IF_FILE_ATTACHMENT] Migrated 2,157 rows.
2026-01-09 11:58:38 [E780.E780_IF_FILE_ATTACHMENT] Migrated 2,158 rows.
2026-01-09 11:58:38 [E780.E780_IF_FILE_ATTACHMENT] Migrated 2,159 rows.
2026-01-09 11:58:39 [E780.E780_IF_FILE_ATTACHMENT] Migrated 2,160 rows.
2026-01-09 11:58:39 [E780.E780_IF_FILE_ATTACHMENT] Migrated 2,161 rows.
2026-01-09 11:58:39 [E780.E780_IF_FILE_ATTACHMENT] Migrated 2,162 rows.
2026-01-09 11:58:39 [E780.E780_IF_FILE_ATTACHMENT] Migrated 2,163 rows.
2026-01-09 11:58:39 [E780.E780_IF_FILE_ATTACHMENT] Migrated 2,164 rows.
2026-01-09 11:58:39 [E780.E780_IF_FILE_ATTACHMENT] Migrated 2,165 rows.
2026-01-09 11:58:39 [E780.E780_IF_FILE_ATTACHMENT] Migrated 2,166 rows.
2026-01-09 11:58:39 [E780.E780_IF_FILE_ATTACHMENT] Migrated 2,167 rows.
2026-01-09 11:58:39 [E780.E780_IF_FILE_ATTACHMENT] Migrated 2,168 rows.
2026-01-09 11:58:40 [E780.E780_IF_FILE_ATTACHMENT] Migrated 2,169 rows.
2026-01-09 11:58:40 [E780.E780_IF_FILE_ATTACHMENT] Migrated 2,170 rows.
2026-01-09 11:58:40 [E780.E780_IF_FILE_ATTACHMENT] Migrated 2,171 rows.
2026-01-09 11:58:40 [E780.E780_IF_FILE_ATTACHMENT] Migrated 2,172 rows.
2026-01-09 11:58:40 [E780.E780_IF_FILE_ATTACHMENT] Migrated 2,173 rows.
2026-01-09 11:58:40 [E780.E780_IF_FILE_ATTACHMENT] Migrated 2,174 rows.
2026-01-09 11:58:40 [E780.E780_IF_FILE_ATTACHMENT] Migrated 2,175 rows.
2026-01-09 11:58:40 [E780.E780_IF_FILE_ATTACHMENT] Migrated 2,176 rows.
2026-01-09 11:58:40 [E780.E780_IF_FILE_ATTACHMENT] Migrated 2,177 rows.
2026-01-09 11:58:40 [E780.E780_IF_FILE_ATTACHMENT] Migrated 2,178 rows.
2026-01-09 11:58:40 [E780.E780_IF_FILE_ATTACHMENT] Migrated 2,179 rows.
2026-01-09 11:58:40 [E780.E780_IF_FILE_ATTACHMENT] Migrated 2,180 rows.
2026-01-09 11:58:40 [E780.E780_IF_FILE_ATTACHMENT] Migrated 2,181 rows.
2026-01-09 11:58:41 [E780.E780_IF_FILE_ATTACHMENT] Migrated 2,182 rows.
2026-01-09 11:58:41 [E780.E780_IF_FILE_ATTACHMENT] Migrated 2,183 rows.
2026-01-09 11:58:41 [E780.E780_IF_FILE_ATTACHMENT] Migrated 2,184 rows.
2026-01-09 11:58:41 [E780.E780_IF_FILE_ATTACHMENT] Migrated 2,185 rows.
2026-01-09 11:58:41 [E780.E780_IF_FILE_ATTACHMENT] Migrated 2,186 rows.
2026-01-09 11:58:41 [E780.E780_IF_FILE_ATTACHMENT] Migrated 2,187 rows.
2026-01-09 11:58:41 [E780.E780_IF_FILE_ATTACHMENT] Migrated 2,188 rows.
2026-01-09 11:58:41 [E780.E780_IF_FILE_ATTACHMENT] Migrated 2,189 rows.
2026-01-09 11:58:41 [E780.E780_IF_FILE_ATTACHMENT] Migrated 2,190 rows.
2026-01-09 11:58:41 [E780.E780_IF_FILE_ATTACHMENT] Migrated 2,191 rows.
2026-01-09 11:58:41 [E780.E780_IF_FILE_ATTACHMENT] Migrated 2,192 rows.
2026-01-09 11:58:41 [E780.E780_IF_FILE_ATTACHMENT] Migrated 2,193 rows.
2026-01-09 11:58:42 [E780.E780_IF_FILE_ATTACHMENT] Migrated 2,194 rows.
2026-01-09 11:58:42 [E780.E780_IF_FILE_ATTACHMENT] Migrated 2,195 rows.
2026-01-09 11:58:42 [E780.E780_IF_FILE_ATTACHMENT] Migrated 2,196 rows.
2026-01-09 11:58:42 [E780.E780_IF_FILE_ATTACHMENT] Migrated 2,197 rows.
2026-01-09 11:58:42 [E780.E780_IF_FILE_ATTACHMENT] Migrated 2,198 rows.
2026-01-09 11:58:42 [E780.E780_IF_FILE_ATTACHMENT] Migrated 2,199 rows.
2026-01-09 11:58:42 [E780.E780_IF_FILE_ATTACHMENT] Migrated 2,200 rows.
2026-01-09 11:58:42 [E780.E780_IF_FILE_ATTACHMENT] Migrated 2,201 rows.
2026-01-09 11:58:42 [E780.E780_IF_FILE_ATTACHMENT] Migrated 2,202 rows.
2026-01-09 11:58:42 [E780.E780_IF_FILE_ATTACHMENT] Migrated 2,203 rows.
2026-01-09 11:58:42 [E780.E780_IF_FILE_ATTACHMENT] Migrated 2,204 rows.
2026-01-09 11:58:42 [E780.E780_IF_FILE_ATTACHMENT] Migrated 2,205 rows.
2026-01-09 11:58:42 [E780.E780_IF_FILE_ATTACHMENT] Migrated 2,206 rows.
2026-01-09 11:58:42 [E780.E780_IF_FILE_ATTACHMENT] Migrated 2,207 rows.
2026-01-09 11:58:42 [E780.E780_IF_FILE_ATTACHMENT] Migrated 2,208 rows.
2026-01-09 11:58:42 [E780.E780_IF_FILE_ATTACHMENT] Migrated 2,209 rows.
2026-01-09 11:58:43 [E780.E780_IF_FILE_ATTACHMENT] Migrated 2,210 rows.
2026-01-09 11:58:43 [E780.E780_IF_FILE_ATTACHMENT] Migrated 2,211 rows.
2026-01-09 11:58:43 [E780.E780_IF_FILE_ATTACHMENT] Migrated 2,212 rows.
2026-01-09 11:58:43 [E780.E780_IF_FILE_ATTACHMENT] Migrated 2,213 rows.
2026-01-09 11:58:43 [E780.E780_IF_FILE_ATTACHMENT] Migrated 2,214 rows.
2026-01-09 11:58:43 [E780.E780_IF_FILE_ATTACHMENT] Migrated 2,215 rows.
2026-01-09 11:58:43 [E780.E780_IF_FILE_ATTACHMENT] Migrated 2,216 rows.
2026-01-09 11:58:43 [E780.E780_IF_FILE_ATTACHMENT] Migrated 2,217 rows.
2026-01-09 11:58:43 [E780.E780_IF_FILE_ATTACHMENT] Migrated 2,218 rows.
2026-01-09 11:58:44 [E780.E780_IF_FILE_ATTACHMENT] Migrated 2,219 rows.
2026-01-09 11:58:44 [E780.E780_IF_FILE_ATTACHMENT] Migrated 2,220 rows.
2026-01-09 11:58:44 [E780.E780_IF_FILE_ATTACHMENT] Migrated 2,221 rows.
2026-01-09 11:58:44 [E780.E780_IF_FILE_ATTACHMENT] Migrated 2,222 rows.
2026-01-09 11:58:44 [E780.E780_IF_FILE_ATTACHMENT] Migrated 2,223 rows.
2026-01-09 11:58:44 [E780.E780_IF_FILE_ATTACHMENT] Migrated 2,224 rows.
2026-01-09 11:58:44 [E780.E780_IF_FILE_ATTACHMENT] Migrated 2,225 rows.
2026-01-09 11:58:45 [E780.E780_IF_FILE_ATTACHMENT] Migrated 2,226 rows.
2026-01-09 11:58:45 [E780.E780_IF_FILE_ATTACHMENT] Migrated 2,227 rows.
2026-01-09 11:58:45 [E780.E780_IF_FILE_ATTACHMENT] Migrated 2,228 rows.
2026-01-09 11:58:45 [E780.E780_IF_FILE_ATTACHMENT] Migrated 2,229 rows.
2026-01-09 11:58:45 [E780.E780_IF_FILE_ATTACHMENT] Migrated 2,230 rows.
2026-01-09 11:58:45 [E780.E780_IF_FILE_ATTACHMENT] Migrated 2,231 rows.
2026-01-09 11:58:45 [E780.E780_IF_FILE_ATTACHMENT] Migrated 2,232 rows.
2026-01-09 11:58:46 [E780.E780_IF_FILE_ATTACHMENT] Migrated 2,233 rows.
2026-01-09 11:58:46 [E780.E780_IF_FILE_ATTACHMENT] Migrated 2,234 rows.
2026-01-09 11:58:46 [E780.E780_IF_FILE_ATTACHMENT] Migrated 2,235 rows.
2026-01-09 11:58:46 [E780.E780_IF_FILE_ATTACHMENT] Migrated 2,236 rows.
2026-01-09 11:58:46 [E780.E780_IF_FILE_ATTACHMENT] Migrated 2,237 rows.
2026-01-09 11:58:46 [E780.E780_IF_FILE_ATTACHMENT] Migrated 2,238 rows.
2026-01-09 11:58:46 [E780.E780_IF_FILE_ATTACHMENT] Migrated 2,239 rows.
2026-01-09 11:58:46 [E780.E780_IF_FILE_ATTACHMENT] Migrated 2,240 rows.
2026-01-09 11:58:46 [E780.E780_IF_FILE_ATTACHMENT] Migrated 2,241 rows.
2026-01-09 11:58:46 [E780.E780_IF_FILE_ATTACHMENT] Migrated 2,242 rows.
2026-01-09 11:58:46 [E780.E780_IF_FILE_ATTACHMENT] Migrated 2,243 rows.
2026-01-09 11:58:46 [E780.E780_IF_FILE_ATTACHMENT] Migrated 2,244 rows.
2026-01-09 11:58:46 [E780.E780_IF_FILE_ATTACHMENT] Migrated 2,245 rows.
2026-01-09 11:58:46 [E780.E780_IF_FILE_ATTACHMENT] Migrated 2,246 rows.
2026-01-09 11:58:46 [E780.E780_IF_FILE_ATTACHMENT] Migrated 2,247 rows.
2026-01-09 11:58:47 [E780.E780_IF_FILE_ATTACHMENT] Migrated 2,248 rows.
2026-01-09 11:58:47 [E780.E780_IF_FILE_ATTACHMENT] Migrated 2,249 rows.
2026-01-09 11:58:47 [E780.E780_IF_FILE_ATTACHMENT] Migrated 2,250 rows.
2026-01-09 11:58:47 [E780.E780_IF_FILE_ATTACHMENT] Migrated 2,251 rows.
2026-01-09 11:58:47 [E780.E780_IF_FILE_ATTACHMENT] Migrated 2,252 rows.
2026-01-09 11:58:47 [E780.E780_IF_FILE_ATTACHMENT] Migrated 2,253 rows.
2026-01-09 11:58:47 [E780.E780_IF_FILE_ATTACHMENT] Migrated 2,254 rows.
2026-01-09 11:58:47 [E780.E780_IF_FILE_ATTACHMENT] Migrated 2,255 rows.
2026-01-09 11:58:47 [E780.E780_IF_FILE_ATTACHMENT] Migrated 2,256 rows.
2026-01-09 11:58:47 [E780.E780_IF_FILE_ATTACHMENT] Migrated 2,257 rows.
2026-01-09 11:58:48 [E780.E780_IF_FILE_ATTACHMENT] Migrated 2,258 rows.
2026-01-09 11:58:48 [E780.E780_IF_FILE_ATTACHMENT] Migrated 2,259 rows.
2026-01-09 11:58:48 [E780.E780_IF_FILE_ATTACHMENT] Migrated 2,260 rows.
2026-01-09 11:58:48 [E780.E780_IF_FILE_ATTACHMENT] Migrated 2,261 rows.
2026-01-09 11:58:48 [E780.E780_IF_FILE_ATTACHMENT] Migrated 2,262 rows.
2026-01-09 11:58:48 [E780.E780_IF_FILE_ATTACHMENT] Migrated 2,263 rows.
2026-01-09 11:58:48 [E780.E780_IF_FILE_ATTACHMENT] Migrated 2,264 rows.
2026-01-09 11:58:48 [E780.E780_IF_FILE_ATTACHMENT] Migrated 2,265 rows.
2026-01-09 11:58:48 [E780.E780_IF_FILE_ATTACHMENT] Migrated 2,266 rows.
2026-01-09 11:58:48 [E780.E780_IF_FILE_ATTACHMENT] Migrated 2,267 rows.
2026-01-09 11:58:48 [E780.E780_IF_FILE_ATTACHMENT] Migrated 2,268 rows.
2026-01-09 11:58:48 [E780.E780_IF_FILE_ATTACHMENT] Migrated 2,269 rows.
2026-01-09 11:58:48 [E780.E780_IF_FILE_ATTACHMENT] Migrated 2,270 rows.
2026-01-09 11:58:48 [E780.E780_IF_FILE_ATTACHMENT] Migrated 2,271 rows.
2026-01-09 11:58:48 [E780.E780_IF_FILE_ATTACHMENT] Migrated 2,272 rows.
2026-01-09 11:58:48 [E780.E780_IF_FILE_ATTACHMENT] Migrated 2,273 rows.
2026-01-09 11:58:48 [E780.E780_IF_FILE_ATTACHMENT] Migrated 2,274 rows.
2026-01-09 11:58:48 [E780.E780_IF_FILE_ATTACHMENT] Migrated 2,275 rows.
2026-01-09 11:58:48 [E780.E780_IF_FILE_ATTACHMENT] Migrated 2,276 rows.
2026-01-09 11:58:48 [E780.E780_IF_FILE_ATTACHMENT] Migrated 2,277 rows.
2026-01-09 11:58:49 [E780.E780_IF_FILE_ATTACHMENT] Migrated 2,278 rows.
2026-01-09 11:58:49 [E780.E780_IF_FILE_ATTACHMENT] Migrated 2,279 rows.
2026-01-09 11:58:49 [E780.E780_IF_FILE_ATTACHMENT] Migrated 2,280 rows.
2026-01-09 11:58:49 [E780.E780_IF_FILE_ATTACHMENT] Migrated 2,281 rows.
2026-01-09 11:58:49 [E780.E780_IF_FILE_ATTACHMENT] Migrated 2,282 rows.
2026-01-09 11:58:49 [E780.E780_IF_FILE_ATTACHMENT] Migrated 2,283 rows.
2026-01-09 11:58:49 [E780.E780_IF_FILE_ATTACHMENT] Migrated 2,284 rows.
2026-01-09 11:58:49 [E780.E780_IF_FILE_ATTACHMENT] Migrated 2,285 rows.
2026-01-09 11:58:49 [E780.E780_IF_FILE_ATTACHMENT] Migrated 2,286 rows.
2026-01-09 11:58:49 [E780.E780_IF_FILE_ATTACHMENT] Migrated 2,287 rows.
2026-01-09 11:58:49 [E780.E780_IF_FILE_ATTACHMENT] Migrated 2,288 rows.
2026-01-09 11:58:49 [E780.E780_IF_FILE_ATTACHMENT] Migrated 2,289 rows.
2026-01-09 11:58:49 [E780.E780_IF_FILE_ATTACHMENT] Migrated 2,290 rows.
2026-01-09 11:58:49 [E780.E780_IF_FILE_ATTACHMENT] Migrated 2,291 rows.
2026-01-09 11:58:49 [E780.E780_IF_FILE_ATTACHMENT] Migrated 2,292 rows.
2026-01-09 11:58:49 [E780.E780_IF_FILE_ATTACHMENT] Migrated 2,293 rows.
2026-01-09 11:58:49 [E780.E780_IF_FILE_ATTACHMENT] Migrated 2,294 rows.
2026-01-09 11:58:49 [E780.E780_IF_FILE_ATTACHMENT] Migrated 2,295 rows.
2026-01-09 11:58:49 [E780.E780_IF_FILE_ATTACHMENT] Migrated 2,296 rows.
2026-01-09 11:58:49 [E780.E780_IF_FILE_ATTACHMENT] Migrated 2,297 rows.
2026-01-09 11:58:49 [E780.E780_IF_FILE_ATTACHMENT] Migrated 2,298 rows.
2026-01-09 11:58:49 [E780.E780_IF_FILE_ATTACHMENT] Migrated 2,299 rows.
2026-01-09 11:58:50 [E780.E780_IF_FILE_ATTACHMENT] Migrated 2,300 rows.
2026-01-09 11:58:50 [E780.E780_IF_FILE_ATTACHMENT] Migrated 2,301 rows.
2026-01-09 11:58:50 [E780.E780_IF_FILE_ATTACHMENT] Migrated 2,302 rows.
2026-01-09 11:58:50 [E780.E780_IF_FILE_ATTACHMENT] Migrated 2,303 rows.
2026-01-09 11:58:50 [E780.E780_IF_FILE_ATTACHMENT] Migrated 2,304 rows.
2026-01-09 11:58:50 [E780.E780_IF_FILE_ATTACHMENT] Migrated 2,305 rows.
2026-01-09 11:58:50 [E780.E780_IF_FILE_ATTACHMENT] Migrated 2,306 rows.
2026-01-09 11:58:50 [E780.E780_IF_FILE_ATTACHMENT] Migrated 2,307 rows.
2026-01-09 11:58:50 [E780.E780_IF_FILE_ATTACHMENT] Migrated 2,308 rows.
2026-01-09 11:58:50 [E780.E780_IF_FILE_ATTACHMENT] Migrated 2,309 rows.
2026-01-09 11:58:50 [E780.E780_IF_FILE_ATTACHMENT] Migrated 2,310 rows.
2026-01-09 11:58:50 [E780.E780_IF_FILE_ATTACHMENT] Migrated 2,311 rows.
2026-01-09 11:58:50 [E780.E780_IF_FILE_ATTACHMENT] Migrated 2,312 rows.
2026-01-09 11:58:50 [E780.E780_IF_FILE_ATTACHMENT] Migrated 2,313 rows.
2026-01-09 11:58:50 [E780.E780_IF_FILE_ATTACHMENT] Migrated 2,314 rows.
2026-01-09 11:58:50 [E780.E780_IF_FILE_ATTACHMENT] Migrated 2,315 rows.
2026-01-09 11:58:50 [E780.E780_IF_FILE_ATTACHMENT] Migrated 2,316 rows.
2026-01-09 11:58:51 [E780.E780_IF_FILE_ATTACHMENT] Migrated 2,317 rows.
2026-01-09 11:58:51 [E780.E780_IF_FILE_ATTACHMENT] Migrated 2,318 rows.
2026-01-09 11:58:51 [E780.E780_IF_FILE_ATTACHMENT] Migrated 2,319 rows.
2026-01-09 11:58:51 [E780.E780_IF_FILE_ATTACHMENT] Migrated 2,320 rows.
2026-01-09 11:58:51 [E780.E780_IF_FILE_ATTACHMENT] Migrated 2,321 rows.
2026-01-09 11:58:51 [E780.E780_IF_FILE_ATTACHMENT] Migrated 2,322 rows.
2026-01-09 11:58:51 [E780.E780_IF_FILE_ATTACHMENT] Migrated 2,323 rows.
2026-01-09 11:58:51 [E780.E780_IF_FILE_ATTACHMENT] Migrated 2,324 rows.
2026-01-09 11:58:51 [E780.E780_IF_FILE_ATTACHMENT] Migrated 2,325 rows.
2026-01-09 11:58:51 [E780.E780_IF_FILE_ATTACHMENT] Migrated 2,326 rows.
2026-01-09 11:58:51 [E780.E780_IF_FILE_ATTACHMENT] Migrated 2,327 rows.
2026-01-09 11:58:51 [E780.E780_IF_FILE_ATTACHMENT] Migrated 2,328 rows.
2026-01-09 11:58:52 [E780.E780_IF_FILE_ATTACHMENT] Migrated 2,329 rows.
2026-01-09 11:58:52 [E780.E780_IF_FILE_ATTACHMENT] Migrated 2,330 rows.
2026-01-09 11:58:52 [E780.E780_IF_FILE_ATTACHMENT] Migrated 2,331 rows.
2026-01-09 11:58:52 [E780.E780_IF_FILE_ATTACHMENT] Migrated 2,332 rows.
2026-01-09 11:58:52 [E780.E780_IF_FILE_ATTACHMENT] Migrated 2,333 rows.
2026-01-09 11:58:52 [E780.E780_IF_FILE_ATTACHMENT] Migrated 2,334 rows.
2026-01-09 11:58:52 [E780.E780_IF_FILE_ATTACHMENT] Migrated 2,335 rows.
2026-01-09 11:58:52 [E780.E780_IF_FILE_ATTACHMENT] Migrated 2,336 rows.
2026-01-09 11:58:52 [E780.E780_IF_FILE_ATTACHMENT] Migrated 2,337 rows.
2026-01-09 11:58:52 [E780.E780_IF_FILE_ATTACHMENT] Migrated 2,338 rows.
2026-01-09 11:58:52 [E780.E780_IF_FILE_ATTACHMENT] Migrated 2,339 rows.
2026-01-09 11:58:52 [E780.E780_IF_FILE_ATTACHMENT] Migrated 2,340 rows.
2026-01-09 11:58:53 [E780.E780_IF_FILE_ATTACHMENT] Migrated 2,341 rows.
2026-01-09 11:58:53 [E780.E780_IF_FILE_ATTACHMENT] Migrated 2,342 rows.
2026-01-09 11:58:53 [E780.E780_IF_FILE_ATTACHMENT] Migrated 2,343 rows.
2026-01-09 11:58:53 [E780.E780_IF_FILE_ATTACHMENT] Migrated 2,344 rows.
2026-01-09 11:58:53 [E780.E780_IF_FILE_ATTACHMENT] Migrated 2,345 rows.
2026-01-09 11:58:53 [E780.E780_IF_FILE_ATTACHMENT] Migrated 2,346 rows.
2026-01-09 11:58:53 [E780.E780_IF_FILE_ATTACHMENT] Migrated 2,347 rows.
2026-01-09 11:58:53 [E780.E780_IF_FILE_ATTACHMENT] Migrated 2,348 rows.
2026-01-09 11:58:53 [E780.E780_IF_FILE_ATTACHMENT] Migrated 2,349 rows.
2026-01-09 11:58:53 [E780.E780_IF_FILE_ATTACHMENT] Migrated 2,350 rows.
2026-01-09 11:58:54 [E780.E780_IF_FILE_ATTACHMENT] Migrated 2,351 rows.
2026-01-09 11:58:54 [E780.E780_IF_FILE_ATTACHMENT] Migrated 2,352 rows.
2026-01-09 11:58:54 [E780.E780_IF_FILE_ATTACHMENT] Migrated 2,353 rows.
2026-01-09 11:58:54 [E780.E780_IF_FILE_ATTACHMENT] Migrated 2,354 rows.
2026-01-09 11:58:54 [E780.E780_IF_FILE_ATTACHMENT] Migrated 2,355 rows.
2026-01-09 11:58:55 [E780.E780_IF_FILE_ATTACHMENT] Migrated 2,356 rows.
2026-01-09 11:58:55 [E780.E780_IF_FILE_ATTACHMENT] Migrated 2,357 rows.
2026-01-09 11:58:55 [E780.E780_IF_FILE_ATTACHMENT] Migrated 2,358 rows.
2026-01-09 11:58:55 [E780.E780_IF_FILE_ATTACHMENT] Migrated 2,359 rows.
2026-01-09 11:58:55 [E780.E780_IF_FILE_ATTACHMENT] Migrated 2,360 rows.
2026-01-09 11:58:55 [E780.E780_IF_FILE_ATTACHMENT] Migrated 2,361 rows.
2026-01-09 11:58:55 [E780.E780_IF_FILE_ATTACHMENT] Migrated 2,362 rows.
2026-01-09 11:58:56 [E780.E780_IF_FILE_ATTACHMENT] Migrated 2,363 rows.
2026-01-09 11:58:56 [E780.E780_IF_FILE_ATTACHMENT] Migrated 2,364 rows.
2026-01-09 11:58:56 [E780.E780_IF_FILE_ATTACHMENT] Migrated 2,365 rows.
2026-01-09 11:58:56 [E780.E780_IF_FILE_ATTACHMENT] Migrated 2,366 rows.
2026-01-09 11:58:56 [E780.E780_IF_FILE_ATTACHMENT] Migrated 2,367 rows.
2026-01-09 11:58:56 [E780.E780_IF_FILE_ATTACHMENT] Migrated 2,368 rows.
2026-01-09 11:58:56 [E780.E780_IF_FILE_ATTACHMENT] Migrated 2,369 rows.
2026-01-09 11:58:56 [E780.E780_IF_FILE_ATTACHMENT] Migrated 2,370 rows.
2026-01-09 11:58:56 [E780.E780_IF_FILE_ATTACHMENT] Migrated 2,371 rows.
2026-01-09 11:58:56 [E780.E780_IF_FILE_ATTACHMENT] Migrated 2,372 rows.
2026-01-09 11:58:56 [E780.E780_IF_FILE_ATTACHMENT] Migrated 2,373 rows.
2026-01-09 11:58:56 [E780.E780_IF_FILE_ATTACHMENT] Migrated 2,374 rows.
2026-01-09 11:58:56 [E780.E780_IF_FILE_ATTACHMENT] Migrated 2,375 rows.
2026-01-09 11:58:56 [E780.E780_IF_FILE_ATTACHMENT] Migrated 2,376 rows.
2026-01-09 11:58:56 [E780.E780_IF_FILE_ATTACHMENT] Migrated 2,377 rows.
2026-01-09 11:58:56 [E780.E780_IF_FILE_ATTACHMENT] Migrated 2,378 rows.
2026-01-09 11:58:56 [E780.E780_IF_FILE_ATTACHMENT] Migrated 2,379 rows.
2026-01-09 11:58:56 [E780.E780_IF_FILE_ATTACHMENT] Migrated 2,380 rows.
2026-01-09 11:58:56 [E780.E780_IF_FILE_ATTACHMENT] Migrated 2,381 rows.
2026-01-09 11:58:56 [E780.E780_IF_FILE_ATTACHMENT] Migrated 2,382 rows.
2026-01-09 11:58:56 [E780.E780_IF_FILE_ATTACHMENT] Migrated 2,383 rows.
2026-01-09 11:58:57 [E780.E780_IF_FILE_ATTACHMENT] Migrated 2,384 rows.
2026-01-09 11:58:57 [E780.E780_IF_FILE_ATTACHMENT] Migrated 2,385 rows.
2026-01-09 11:58:57 [E780.E780_IF_FILE_ATTACHMENT] Migrated 2,386 rows.
2026-01-09 11:58:57 [E780.E780_IF_FILE_ATTACHMENT] Migrated 2,387 rows.
2026-01-09 11:58:57 [E780.E780_IF_FILE_ATTACHMENT] Migrated 2,388 rows.
2026-01-09 11:58:57 [E780.E780_IF_FILE_ATTACHMENT] Migrated 2,389 rows.
2026-01-09 11:58:57 [E780.E780_IF_FILE_ATTACHMENT] Migrated 2,390 rows.
2026-01-09 11:58:57 [E780.E780_IF_FILE_ATTACHMENT] Migrated 2,391 rows.
2026-01-09 11:58:57 [E780.E780_IF_FILE_ATTACHMENT] Migrated 2,392 rows.
2026-01-09 11:58:57 [E780.E780_IF_FILE_ATTACHMENT] Migrated 2,393 rows.
2026-01-09 11:58:57 [E780.E780_IF_FILE_ATTACHMENT] Migrated 2,394 rows.
2026-01-09 11:58:57 [E780.E780_IF_FILE_ATTACHMENT] Migrated 2,395 rows.
2026-01-09 11:58:57 [E780.E780_IF_FILE_ATTACHMENT] Migrated 2,396 rows.
2026-01-09 11:58:57 [E780.E780_IF_FILE_ATTACHMENT] Migrated 2,397 rows.
2026-01-09 11:58:57 [E780.E780_IF_FILE_ATTACHMENT] Migrated 2,398 rows.
2026-01-09 11:58:57 [E780.E780_IF_FILE_ATTACHMENT] Migrated 2,399 rows.
2026-01-09 11:58:57 [E780.E780_IF_FILE_ATTACHMENT] Migrated 2,400 rows.
2026-01-09 11:58:57 [E780.E780_IF_FILE_ATTACHMENT] Migrated 2,401 rows.
2026-01-09 11:58:57 [E780.E780_IF_FILE_ATTACHMENT] Migrated 2,402 rows.
2026-01-09 11:58:57 [E780.E780_IF_FILE_ATTACHMENT] Migrated 2,403 rows.
2026-01-09 11:58:57 [E780.E780_IF_FILE_ATTACHMENT] Migrated 2,404 rows.
2026-01-09 11:58:57 [E780.E780_IF_FILE_ATTACHMENT] Migrated 2,405 rows.
2026-01-09 11:58:57 [E780.E780_IF_FILE_ATTACHMENT] Migrated 2,406 rows.
2026-01-09 11:58:58 [E780.E780_IF_FILE_ATTACHMENT] Migrated 2,407 rows.
2026-01-09 11:58:58 [E780.E780_IF_FILE_ATTACHMENT] Migrated 2,408 rows.
2026-01-09 11:58:58 [E780.E780_IF_FILE_ATTACHMENT] Migrated 2,409 rows.
2026-01-09 11:58:58 [E780.E780_IF_FILE_ATTACHMENT] Migrated 2,410 rows.
2026-01-09 11:58:58 [E780.E780_IF_FILE_ATTACHMENT] Migrated 2,411 rows.
2026-01-09 11:58:58 [E780.E780_IF_FILE_ATTACHMENT] Migrated 2,412 rows.
2026-01-09 11:58:58 [E780.E780_IF_FILE_ATTACHMENT] Migrated 2,413 rows.
2026-01-09 11:58:58 [E780.E780_IF_FILE_ATTACHMENT] Migrated 2,414 rows.
2026-01-09 11:58:58 [E780.E780_IF_FILE_ATTACHMENT] Migrated 2,415 rows.
2026-01-09 11:58:58 [E780.E780_IF_FILE_ATTACHMENT] Migrated 2,416 rows.
2026-01-09 11:58:58 [E780.E780_IF_FILE_ATTACHMENT] Migrated 2,417 rows.
2026-01-09 11:58:58 [E780.E780_IF_FILE_ATTACHMENT] Migrated 2,418 rows.
2026-01-09 11:58:58 [E780.E780_IF_FILE_ATTACHMENT] Migrated 2,419 rows.
2026-01-09 11:58:58 [E780.E780_IF_FILE_ATTACHMENT] Migrated 2,420 rows.
2026-01-09 11:58:58 [E780.E780_IF_FILE_ATTACHMENT] Migrated 2,421 rows.
2026-01-09 11:58:58 [E780.E780_IF_FILE_ATTACHMENT] Migrated 2,422 rows.
2026-01-09 11:58:58 [E780.E780_IF_FILE_ATTACHMENT] Migrated 2,423 rows.
2026-01-09 11:58:58 [E780.E780_IF_FILE_ATTACHMENT] Migrated 2,424 rows.
2026-01-09 11:58:59 [E780.E780_IF_FILE_ATTACHMENT] Migrated 2,425 rows.
2026-01-09 11:58:59 [E780.E780_IF_FILE_ATTACHMENT] Migrated 2,426 rows.
2026-01-09 11:58:59 [E780.E780_IF_FILE_ATTACHMENT] Migrated 2,427 rows.
2026-01-09 11:58:59 [E780.E780_IF_FILE_ATTACHMENT] Migrated 2,428 rows.
2026-01-09 11:58:59 [E780.E780_IF_FILE_ATTACHMENT] Migrated 2,429 rows.
2026-01-09 11:58:59 [E780.E780_IF_FILE_ATTACHMENT] Migrated 2,430 rows.
2026-01-09 11:58:59 [E780.E780_IF_FILE_ATTACHMENT] Migrated 2,431 rows.
2026-01-09 11:58:59 [E780.E780_IF_FILE_ATTACHMENT] Migrated 2,432 rows.
2026-01-09 11:58:59 [E780.E780_IF_FILE_ATTACHMENT] Migrated 2,433 rows.
2026-01-09 11:58:59 [E780.E780_IF_FILE_ATTACHMENT] Migrated 2,434 rows.
2026-01-09 11:58:59 [E780.E780_IF_FILE_ATTACHMENT] Migrated 2,435 rows.
2026-01-09 11:58:59 [E780.E780_IF_FILE_ATTACHMENT] Migrated 2,436 rows.
2026-01-09 11:59:00 [E780.E780_IF_FILE_ATTACHMENT] Migrated 2,437 rows.
2026-01-09 11:59:00 [E780.E780_IF_FILE_ATTACHMENT] Migrated 2,438 rows.
2026-01-09 11:59:00 [E780.E780_IF_FILE_ATTACHMENT] Migrated 2,439 rows.
2026-01-09 11:59:00 [E780.E780_IF_FILE_ATTACHMENT] Migrated 2,440 rows.
2026-01-09 11:59:00 [E780.E780_IF_FILE_ATTACHMENT] Migrated 2,441 rows.
2026-01-09 11:59:00 [E780.E780_IF_FILE_ATTACHMENT] Migrated 2,442 rows.
2026-01-09 11:59:00 [E780.E780_IF_FILE_ATTACHMENT] Migrated 2,443 rows.
2026-01-09 11:59:00 [E780.E780_IF_FILE_ATTACHMENT] Migrated 2,444 rows.
2026-01-09 11:59:00 [E780.E780_IF_FILE_ATTACHMENT] Migrated 2,445 rows.
2026-01-09 11:59:01 [E780.E780_IF_FILE_ATTACHMENT] Migrated 2,446 rows.
2026-01-09 11:59:01 [E780.E780_IF_FILE_ATTACHMENT] Migrated 2,447 rows.
2026-01-09 11:59:01 [E780.E780_IF_FILE_ATTACHMENT] Migrated 2,448 rows.
2026-01-09 11:59:01 [E780.E780_IF_FILE_ATTACHMENT] Migrated 2,449 rows.
2026-01-09 11:59:01 [E780.E780_IF_FILE_ATTACHMENT] Migrated 2,450 rows.
2026-01-09 11:59:01 [E780.E780_IF_FILE_ATTACHMENT] Migrated 2,451 rows.
2026-01-09 11:59:01 [E780.E780_IF_FILE_ATTACHMENT] Migrated 2,452 rows.
2026-01-09 11:59:02 [E780.E780_IF_FILE_ATTACHMENT] Migrated 2,453 rows.
2026-01-09 11:59:02 [E780.E780_IF_FILE_ATTACHMENT] Migrated 2,454 rows.
2026-01-09 11:59:02 [E780.E780_IF_FILE_ATTACHMENT] Migrated 2,455 rows.
2026-01-09 11:59:02 [E780.E780_IF_FILE_ATTACHMENT] Migrated 2,456 rows.
2026-01-09 11:59:02 [E780.E780_IF_FILE_ATTACHMENT] Migrated 2,457 rows.
2026-01-09 11:59:02 [E780.E780_IF_FILE_ATTACHMENT] Migrated 2,458 rows.
2026-01-09 11:59:02 [E780.E780_IF_FILE_ATTACHMENT] Migrated 2,459 rows.
2026-01-09 11:59:03 [E780.E780_IF_FILE_ATTACHMENT] Migrated 2,460 rows.
2026-01-09 11:59:03 [E780.E780_IF_FILE_ATTACHMENT] Migrated 2,461 rows.
2026-01-09 11:59:03 [E780.E780_IF_FILE_ATTACHMENT] Migrated 2,462 rows.
2026-01-09 11:59:03 [E780.E780_IF_FILE_ATTACHMENT] Migrated 2,463 rows.
2026-01-09 11:59:03 [E780.E780_IF_FILE_ATTACHMENT] Migrated 2,464 rows.
2026-01-09 11:59:03 [E780.E780_IF_FILE_ATTACHMENT] Migrated 2,465 rows.
2026-01-09 11:59:03 [E780.E780_IF_FILE_ATTACHMENT] Migrated 2,466 rows.
2026-01-09 11:59:03 [E780.E780_IF_FILE_ATTACHMENT] Migrated 2,467 rows.
2026-01-09 11:59:03 [E780.E780_IF_FILE_ATTACHMENT] Migrated 2,468 rows.
2026-01-09 11:59:04 [E780.E780_IF_FILE_ATTACHMENT] Migrated 2,469 rows.
2026-01-09 11:59:04 [E780.E780_IF_FILE_ATTACHMENT] Migrated 2,470 rows.
2026-01-09 11:59:04 [E780.E780_IF_FILE_ATTACHMENT] Migrated 2,471 rows.
2026-01-09 11:59:04 [E780.E780_IF_FILE_ATTACHMENT] Migrated 2,472 rows.
2026-01-09 11:59:04 [E780.E780_IF_FILE_ATTACHMENT] Migrated 2,473 rows.
2026-01-09 11:59:04 [E780.E780_IF_FILE_ATTACHMENT] Migrated 2,474 rows.
2026-01-09 11:59:04 [E780.E780_IF_FILE_ATTACHMENT] Migrated 2,475 rows.
2026-01-09 11:59:04 [E780.E780_IF_FILE_ATTACHMENT] Migrated 2,476 rows.
2026-01-09 11:59:04 [E780.E780_IF_FILE_ATTACHMENT] Migrated 2,477 rows.
2026-01-09 11:59:04 [E780.E780_IF_FILE_ATTACHMENT] Migrated 2,478 rows.
2026-01-09 11:59:04 [E780.E780_IF_FILE_ATTACHMENT] Migrated 2,479 rows.
2026-01-09 11:59:04 [E780.E780_IF_FILE_ATTACHMENT] Migrated 2,480 rows.
2026-01-09 11:59:04 [E780.E780_IF_FILE_ATTACHMENT] Migrated 2,481 rows.
2026-01-09 11:59:04 [E780.E780_IF_FILE_ATTACHMENT] Migrated 2,482 rows.
2026-01-09 11:59:04 [E780.E780_IF_FILE_ATTACHMENT] Migrated 2,483 rows.
2026-01-09 11:59:04 [E780.E780_IF_FILE_ATTACHMENT] Migrated 2,484 rows.
2026-01-09 11:59:04 [E780.E780_IF_FILE_ATTACHMENT] Migrated 2,485 rows.
2026-01-09 11:59:05 [E780.E780_IF_FILE_ATTACHMENT] Migrated 2,486 rows.
2026-01-09 11:59:05 [E780.E780_IF_FILE_ATTACHMENT] Migrated 2,487 rows.
2026-01-09 11:59:05 [E780.E780_IF_FILE_ATTACHMENT] Migrated 2,488 rows.
2026-01-09 11:59:05 [E780.E780_IF_FILE_ATTACHMENT] Migrated 2,489 rows.
2026-01-09 11:59:05 [E780.E780_IF_FILE_ATTACHMENT] Migrated 2,490 rows.
2026-01-09 11:59:05 [E780.E780_IF_FILE_ATTACHMENT] Migrated 2,491 rows.
2026-01-09 11:59:05 [E780.E780_IF_FILE_ATTACHMENT] Migrated 2,492 rows.
2026-01-09 11:59:05 [E780.E780_IF_FILE_ATTACHMENT] Migrated 2,493 rows.
2026-01-09 11:59:05 [E780.E780_IF_FILE_ATTACHMENT] Migrated 2,494 rows.
2026-01-09 11:59:05 [E780.E780_IF_FILE_ATTACHMENT] Migrated 2,495 rows.
2026-01-09 11:59:05 [E780.E780_IF_FILE_ATTACHMENT] Migrated 2,496 rows.
2026-01-09 11:59:05 [E780.E780_IF_FILE_ATTACHMENT] Migrated 2,497 rows.
2026-01-09 11:59:06 [E780.E780_IF_FILE_ATTACHMENT] Migrated 2,498 rows.
2026-01-09 11:59:06 [E780.E780_IF_FILE_ATTACHMENT] Migrated 2,499 rows.
2026-01-09 11:59:06 [E780.E780_IF_FILE_ATTACHMENT] Migrated 2,500 rows.
2026-01-09 11:59:06 [E780.E780_IF_FILE_ATTACHMENT] Migrated 2,501 rows.
2026-01-09 11:59:06 [E780.E780_IF_FILE_ATTACHMENT] Migrated 2,502 rows.
2026-01-09 11:59:06 [E780.E780_IF_FILE_ATTACHMENT] Migrated 2,503 rows.
2026-01-09 11:59:06 [E780.E780_IF_FILE_ATTACHMENT] Migrated 2,504 rows.
2026-01-09 11:59:06 [E780.E780_IF_FILE_ATTACHMENT] Migrated 2,505 rows.
2026-01-09 11:59:06 [E780.E780_IF_FILE_ATTACHMENT] Migrated 2,506 rows.
2026-01-09 11:59:06 [E780.E780_IF_FILE_ATTACHMENT] Migrated 2,507 rows.
2026-01-09 11:59:06 [E780.E780_IF_FILE_ATTACHMENT] Migrated 2,508 rows.
2026-01-09 11:59:06 [E780.E780_IF_FILE_ATTACHMENT] Migrated 2,509 rows.
2026-01-09 11:59:06 [E780.E780_IF_FILE_ATTACHMENT] Migrated 2,510 rows.
2026-01-09 11:59:06 [E780.E780_IF_FILE_ATTACHMENT] Migrated 2,511 rows.
2026-01-09 11:59:06 [E780.E780_IF_FILE_ATTACHMENT] Migrated 2,512 rows.
2026-01-09 11:59:06 [E780.E780_IF_FILE_ATTACHMENT] Migrated 2,513 rows.
2026-01-09 11:59:06 [E780.E780_IF_FILE_ATTACHMENT] Migrated 2,514 rows.
2026-01-09 11:59:06 [E780.E780_IF_FILE_ATTACHMENT] Migrated 2,515 rows.
2026-01-09 11:59:07 [E780.E780_IF_FILE_ATTACHMENT] Migrated 2,516 rows.
2026-01-09 11:59:07 [E780.E780_IF_FILE_ATTACHMENT] Migrated 2,517 rows.
2026-01-09 11:59:07 [E780.E780_IF_FILE_ATTACHMENT] Migrated 2,518 rows.
2026-01-09 11:59:07 [E780.E780_IF_FILE_ATTACHMENT] Migrated 2,519 rows.
2026-01-09 11:59:07 [E780.E780_IF_FILE_ATTACHMENT] Migrated 2,520 rows.
2026-01-09 11:59:07 [E780.E780_IF_FILE_ATTACHMENT] Migrated 2,521 rows.
2026-01-09 11:59:07 [E780.E780_IF_FILE_ATTACHMENT] Migrated 2,522 rows.
2026-01-09 11:59:07 [E780.E780_IF_FILE_ATTACHMENT] Migrated 2,523 rows.
2026-01-09 11:59:07 [E780.E780_IF_FILE_ATTACHMENT] Migrated 2,524 rows.
2026-01-09 11:59:07 [E780.E780_IF_FILE_ATTACHMENT] Migrated 2,525 rows.
2026-01-09 11:59:07 [E780.E780_IF_FILE_ATTACHMENT] Migrated 2,526 rows.
2026-01-09 11:59:07 [E780.E780_IF_FILE_ATTACHMENT] Migrated 2,527 rows.
2026-01-09 11:59:08 [E780.E780_IF_FILE_ATTACHMENT] Migrated 2,528 rows.
2026-01-09 11:59:08 [E780.E780_IF_FILE_ATTACHMENT] Migrated 2,529 rows.
2026-01-09 11:59:08 [E780.E780_IF_FILE_ATTACHMENT] Migrated 2,530 rows.
2026-01-09 11:59:08 [E780.E780_IF_FILE_ATTACHMENT] Migrated 2,531 rows.
2026-01-09 11:59:08 [E780.E780_IF_FILE_ATTACHMENT] Migrated 2,532 rows.
2026-01-09 11:59:08 [E780.E780_IF_FILE_ATTACHMENT] Migrated 2,533 rows.
2026-01-09 11:59:08 [E780.E780_IF_FILE_ATTACHMENT] Migrated 2,534 rows.
2026-01-09 11:59:08 [E780.E780_IF_FILE_ATTACHMENT] Migrated 2,535 rows.
2026-01-09 11:59:08 [E780.E780_IF_FILE_ATTACHMENT] Migrated 2,536 rows.
2026-01-09 11:59:08 [E780.E780_IF_FILE_ATTACHMENT] Migrated 2,537 rows.
2026-01-09 11:59:08 [E780.E780_IF_FILE_ATTACHMENT] Migrated 2,538 rows.
2026-01-09 11:59:08 [E780.E780_IF_FILE_ATTACHMENT] Migrated 2,539 rows.
2026-01-09 11:59:08 [E780.E780_IF_FILE_ATTACHMENT] Migrated 2,540 rows.
2026-01-09 11:59:08 [E780.E780_IF_FILE_ATTACHMENT] Migrated 2,541 rows.
2026-01-09 11:59:08 [E780.E780_IF_FILE_ATTACHMENT] Migrated 2,542 rows.
2026-01-09 11:59:09 [E780.E780_IF_FILE_ATTACHMENT] Migrated 2,543 rows.
2026-01-09 11:59:09 [E780.E780_IF_FILE_ATTACHMENT] Migrated 2,544 rows.
2026-01-09 11:59:09 [E780.E780_IF_FILE_ATTACHMENT] Migrated 2,545 rows.
2026-01-09 11:59:09 [E780.E780_IF_FILE_ATTACHMENT] Migrated 2,546 rows.
2026-01-09 11:59:09 [E780.E780_IF_FILE_ATTACHMENT] Migrated 2,547 rows.
2026-01-09 11:59:09 [E780.E780_IF_FILE_ATTACHMENT] Migrated 2,548 rows.
2026-01-09 11:59:09 [E780.E780_IF_FILE_ATTACHMENT] Migrated 2,549 rows.
2026-01-09 11:59:09 [E780.E780_IF_FILE_ATTACHMENT] Migrated 2,550 rows.
2026-01-09 11:59:09 [E780.E780_IF_FILE_ATTACHMENT] Migrated 2,551 rows.
2026-01-09 11:59:09 [E780.E780_IF_FILE_ATTACHMENT] Migrated 2,552 rows.
2026-01-09 11:59:09 [E780.E780_IF_FILE_ATTACHMENT] Migrated 2,553 rows.
2026-01-09 11:59:09 [E780.E780_IF_FILE_ATTACHMENT] Migrated 2,554 rows.
2026-01-09 11:59:10 [E780.E780_IF_FILE_ATTACHMENT] Migrated 2,555 rows.
2026-01-09 11:59:10 [E780.E780_IF_FILE_ATTACHMENT] Migrated 2,556 rows.
2026-01-09 11:59:10 [E780.E780_IF_FILE_ATTACHMENT] Migrated 2,557 rows.
2026-01-09 11:59:10 [E780.E780_IF_FILE_ATTACHMENT] Migrated 2,558 rows.
2026-01-09 11:59:10 [E780.E780_IF_FILE_ATTACHMENT] Migrated 2,559 rows.
2026-01-09 11:59:10 [E780.E780_IF_FILE_ATTACHMENT] Migrated 2,560 rows.
2026-01-09 11:59:10 [E780.E780_IF_FILE_ATTACHMENT] Migrated 2,561 rows.
2026-01-09 11:59:10 [E780.E780_IF_FILE_ATTACHMENT] Migrated 2,562 rows.
2026-01-09 11:59:10 [E780.E780_IF_FILE_ATTACHMENT] Migrated 2,563 rows.
2026-01-09 11:59:10 [E780.E780_IF_FILE_ATTACHMENT] Migrated 2,564 rows.
2026-01-09 11:59:10 [E780.E780_IF_FILE_ATTACHMENT] Migrated 2,565 rows.
2026-01-09 11:59:10 [E780.E780_IF_FILE_ATTACHMENT] Migrated 2,566 rows.
2026-01-09 11:59:11 [E780.E780_IF_FILE_ATTACHMENT] Migrated 2,567 rows.
2026-01-09 11:59:11 [E780.E780_IF_FILE_ATTACHMENT] Migrated 2,568 rows.
2026-01-09 11:59:11 [E780.E780_IF_FILE_ATTACHMENT] Migrated 2,569 rows.
2026-01-09 11:59:11 [E780.E780_IF_FILE_ATTACHMENT] Migrated 2,570 rows.
2026-01-09 11:59:11 [E780.E780_IF_FILE_ATTACHMENT] Migrated 2,571 rows.
2026-01-09 11:59:11 [E780.E780_IF_FILE_ATTACHMENT] Migrated 2,572 rows.
2026-01-09 11:59:11 [E780.E780_IF_FILE_ATTACHMENT] Migrated 2,573 rows.
2026-01-09 11:59:11 [E780.E780_IF_FILE_ATTACHMENT] Migrated 2,574 rows.
2026-01-09 11:59:11 [E780.E780_IF_FILE_ATTACHMENT] Migrated 2,575 rows.
2026-01-09 11:59:11 [E780.E780_IF_FILE_ATTACHMENT] Migrated 2,576 rows.
2026-01-09 11:59:11 [E780.E780_IF_FILE_ATTACHMENT] Migrated 2,577 rows.
2026-01-09 11:59:11 [E780.E780_IF_FILE_ATTACHMENT] Migrated 2,578 rows.
2026-01-09 11:59:11 [E780.E780_IF_FILE_ATTACHMENT] Migrated 2,579 rows.
2026-01-09 11:59:11 [E780.E780_IF_FILE_ATTACHMENT] Migrated 2,580 rows.
2026-01-09 11:59:12 [E780.E780_IF_FILE_ATTACHMENT] Migrated 2,581 rows.
2026-01-09 11:59:12 [E780.E780_IF_FILE_ATTACHMENT] Migrated 2,582 rows.
2026-01-09 11:59:12 [E780.E780_IF_FILE_ATTACHMENT] Migrated 2,583 rows.
2026-01-09 11:59:12 [E780.E780_IF_FILE_ATTACHMENT] Migrated 2,584 rows.
2026-01-09 11:59:12 [E780.E780_IF_FILE_ATTACHMENT] Migrated 2,585 rows.
2026-01-09 11:59:12 [E780.E780_IF_FILE_ATTACHMENT] Migrated 2,586 rows.
2026-01-09 11:59:12 [E780.E780_IF_FILE_ATTACHMENT] Migrated 2,587 rows.
2026-01-09 11:59:12 [E780.E780_IF_FILE_ATTACHMENT] Migrated 2,588 rows.
2026-01-09 11:59:12 [E780.E780_IF_FILE_ATTACHMENT] Migrated 2,589 rows.
2026-01-09 11:59:12 [E780.E780_IF_FILE_ATTACHMENT] Migrated 2,590 rows.
2026-01-09 11:59:12 [E780.E780_IF_FILE_ATTACHMENT] Migrated 2,591 rows.
2026-01-09 11:59:13 [E780.E780_IF_FILE_ATTACHMENT] Migrated 2,592 rows.
2026-01-09 11:59:13 [E780.E780_IF_FILE_ATTACHMENT] Migrated 2,593 rows.
2026-01-09 11:59:13 [E780.E780_IF_FILE_ATTACHMENT] Migrated 2,594 rows.
2026-01-09 11:59:13 [E780.E780_IF_FILE_ATTACHMENT] Migrated 2,595 rows.
2026-01-09 11:59:13 [E780.E780_IF_FILE_ATTACHMENT] Migrated 2,596 rows.
2026-01-09 11:59:13 [E780.E780_IF_FILE_ATTACHMENT] Migrated 2,597 rows.
2026-01-09 11:59:13 [E780.E780_IF_FILE_ATTACHMENT] Migrated 2,598 rows.
2026-01-09 11:59:13 [E780.E780_IF_FILE_ATTACHMENT] Migrated 2,599 rows.
2026-01-09 11:59:13 [E780.E780_IF_FILE_ATTACHMENT] Migrated 2,600 rows.
2026-01-09 11:59:13 [E780.E780_IF_FILE_ATTACHMENT] Migrated 2,601 rows.
2026-01-09 11:59:14 [E780.E780_IF_FILE_ATTACHMENT] Migrated 2,602 rows.
2026-01-09 11:59:14 [E780.E780_IF_FILE_ATTACHMENT] Migrated 2,603 rows.
2026-01-09 11:59:14 [E780.E780_IF_FILE_ATTACHMENT] Migrated 2,604 rows.
2026-01-09 11:59:14 [E780.E780_IF_FILE_ATTACHMENT] Migrated 2,605 rows.
2026-01-09 11:59:14 [E780.E780_IF_FILE_ATTACHMENT] Migrated 2,606 rows.
2026-01-09 11:59:14 [E780.E780_IF_FILE_ATTACHMENT] Migrated 2,607 rows.
2026-01-09 11:59:14 [E780.E780_IF_FILE_ATTACHMENT] Migrated 2,608 rows.
2026-01-09 11:59:14 [E780.E780_IF_FILE_ATTACHMENT] Migrated 2,609 rows.
2026-01-09 11:59:14 [E780.E780_IF_FILE_ATTACHMENT] Migrated 2,610 rows.
2026-01-09 11:59:14 [E780.E780_IF_FILE_ATTACHMENT] Migrated 2,611 rows.
2026-01-09 11:59:15 [E780.E780_IF_FILE_ATTACHMENT] Migrated 2,612 rows.
2026-01-09 11:59:15 [E780.E780_IF_FILE_ATTACHMENT] Migrated 2,613 rows.
2026-01-09 11:59:15 [E780.E780_IF_FILE_ATTACHMENT] Migrated 2,614 rows.
2026-01-09 11:59:15 [E780.E780_IF_FILE_ATTACHMENT] Migrated 2,615 rows.
2026-01-09 11:59:15 [E780.E780_IF_FILE_ATTACHMENT] Migrated 2,616 rows.
2026-01-09 11:59:15 [E780.E780_IF_FILE_ATTACHMENT] Migrated 2,617 rows.
2026-01-09 11:59:15 [E780.E780_IF_FILE_ATTACHMENT] Migrated 2,618 rows.
2026-01-09 11:59:15 [E780.E780_IF_FILE_ATTACHMENT] Migrated 2,619 rows.
2026-01-09 11:59:15 [E780.E780_IF_FILE_ATTACHMENT] Migrated 2,620 rows.
2026-01-09 11:59:15 [E780.E780_IF_FILE_ATTACHMENT] Migrated 2,621 rows.
2026-01-09 11:59:15 [E780.E780_IF_FILE_ATTACHMENT] Migrated 2,622 rows.
2026-01-09 11:59:15 [E780.E780_IF_FILE_ATTACHMENT] Migrated 2,623 rows.
2026-01-09 11:59:15 [E780.E780_IF_FILE_ATTACHMENT] Migrated 2,624 rows.
2026-01-09 11:59:15 [E780.E780_IF_FILE_ATTACHMENT] Migrated 2,625 rows.
2026-01-09 11:59:15 [E780.E780_IF_FILE_ATTACHMENT] Migrated 2,626 rows.
2026-01-09 11:59:15 [E780.E780_IF_FILE_ATTACHMENT] Migrated 2,627 rows.
2026-01-09 11:59:15 [E780.E780_IF_FILE_ATTACHMENT] Migrated 2,628 rows.
2026-01-09 11:59:15 [E780.E780_IF_FILE_ATTACHMENT] Migrated 2,629 rows.
2026-01-09 11:59:15 [E780.E780_IF_FILE_ATTACHMENT] Migrated 2,630 rows.
2026-01-09 11:59:16 [E780.E780_IF_FILE_ATTACHMENT] Migrated 2,631 rows.
2026-01-09 11:59:16 [E780.E780_IF_FILE_ATTACHMENT] Migrated 2,632 rows.
2026-01-09 11:59:16 [E780.E780_IF_FILE_ATTACHMENT] Migrated 2,633 rows.
2026-01-09 11:59:16 [E780.E780_IF_FILE_ATTACHMENT] Migrated 2,634 rows.
2026-01-09 11:59:16 [E780.E780_IF_FILE_ATTACHMENT] Migrated 2,635 rows.
2026-01-09 11:59:16 [E780.E780_IF_FILE_ATTACHMENT] Migrated 2,636 rows.
2026-01-09 11:59:16 [E780.E780_IF_FILE_ATTACHMENT] Migrated 2,637 rows.
2026-01-09 11:59:16 [E780.E780_IF_FILE_ATTACHMENT] Migrated 2,638 rows.
2026-01-09 11:59:16 [E780.E780_IF_FILE_ATTACHMENT] Migrated 2,639 rows.
2026-01-09 11:59:17 [E780.E780_IF_FILE_ATTACHMENT] Migrated 2,640 rows.
2026-01-09 11:59:17 [E780.E780_IF_FILE_ATTACHMENT] Migrated 2,641 rows.
2026-01-09 11:59:17 [E780.E780_IF_FILE_ATTACHMENT] Migrated 2,642 rows.
2026-01-09 11:59:17 [E780.E780_IF_FILE_ATTACHMENT] Migrated 2,643 rows.
2026-01-09 11:59:17 [E780.E780_IF_FILE_ATTACHMENT] Migrated 2,644 rows.
2026-01-09 11:59:17 [E780.E780_IF_FILE_ATTACHMENT] Migrated 2,645 rows.
2026-01-09 11:59:17 [E780.E780_IF_FILE_ATTACHMENT] Migrated 2,646 rows.
2026-01-09 11:59:17 [E780.E780_IF_FILE_ATTACHMENT] Migrated 2,647 rows.
2026-01-09 11:59:17 [E780.E780_IF_FILE_ATTACHMENT] Migrated 2,648 rows.
2026-01-09 11:59:17 [E780.E780_IF_FILE_ATTACHMENT] Migrated 2,649 rows.
2026-01-09 11:59:18 [E780.E780_IF_FILE_ATTACHMENT] Migrated 2,650 rows.
2026-01-09 11:59:18 [E780.E780_IF_FILE_ATTACHMENT] Migrated 2,651 rows.
2026-01-09 11:59:18 [E780.E780_IF_FILE_ATTACHMENT] Migrated 2,652 rows.
2026-01-09 11:59:18 [E780.E780_IF_FILE_ATTACHMENT] Migrated 2,653 rows.
2026-01-09 11:59:18 [E780.E780_IF_FILE_ATTACHMENT] Migrated 2,654 rows.
2026-01-09 11:59:18 [E780.E780_IF_FILE_ATTACHMENT] Migrated 2,655 rows.
2026-01-09 11:59:18 [E780.E780_IF_FILE_ATTACHMENT] Migrated 2,656 rows.
2026-01-09 11:59:18 [E780.E780_IF_FILE_ATTACHMENT] Migrated 2,657 rows.
2026-01-09 11:59:18 [E780.E780_IF_FILE_ATTACHMENT] Migrated 2,658 rows.
2026-01-09 11:59:18 [E780.E780_IF_FILE_ATTACHMENT] Migrated 2,659 rows.
2026-01-09 11:59:18 [E780.E780_IF_FILE_ATTACHMENT] Migrated 2,660 rows.
2026-01-09 11:59:18 [E780.E780_IF_FILE_ATTACHMENT] Migrated 2,661 rows.
2026-01-09 11:59:18 [E780.E780_IF_FILE_ATTACHMENT] Migrated 2,662 rows.
2026-01-09 11:59:19 [E780.E780_IF_FILE_ATTACHMENT] Migrated 2,663 rows.
2026-01-09 11:59:19 [E780.E780_IF_FILE_ATTACHMENT] Migrated 2,664 rows.
2026-01-09 11:59:19 [E780.E780_IF_FILE_ATTACHMENT] Migrated 2,665 rows.
2026-01-09 11:59:19 [E780.E780_IF_FILE_ATTACHMENT] Migrated 2,666 rows.
2026-01-09 11:59:19 [E780.E780_IF_FILE_ATTACHMENT] Migrated 2,667 rows.
2026-01-09 11:59:19 [E780.E780_IF_FILE_ATTACHMENT] Migrated 2,668 rows.
2026-01-09 11:59:19 [E780.E780_IF_FILE_ATTACHMENT] Migrated 2,669 rows.
2026-01-09 11:59:19 [E780.E780_IF_FILE_ATTACHMENT] Migrated 2,670 rows.
2026-01-09 11:59:19 [E780.E780_IF_FILE_ATTACHMENT] Migrated 2,671 rows.
2026-01-09 11:59:19 [E780.E780_IF_FILE_ATTACHMENT] Migrated 2,672 rows.
2026-01-09 11:59:19 [E780.E780_IF_FILE_ATTACHMENT] Migrated 2,673 rows.
2026-01-09 11:59:20 [E780.E780_IF_FILE_ATTACHMENT] Migrated 2,674 rows.
2026-01-09 11:59:20 [E780.E780_IF_FILE_ATTACHMENT] Migrated 2,675 rows.
2026-01-09 11:59:20 [E780.E780_IF_FILE_ATTACHMENT] Migrated 2,676 rows.
2026-01-09 11:59:20 [E780.E780_IF_FILE_ATTACHMENT] Migrated 2,677 rows.
2026-01-09 11:59:20 [E780.E780_IF_FILE_ATTACHMENT] Migrated 2,678 rows.
2026-01-09 11:59:20 [E780.E780_IF_FILE_ATTACHMENT] Migrated 2,679 rows.
2026-01-09 11:59:20 [E780.E780_IF_FILE_ATTACHMENT] Migrated 2,680 rows.
2026-01-09 11:59:20 [E780.E780_IF_FILE_ATTACHMENT] Migrated 2,681 rows.
2026-01-09 11:59:20 [E780.E780_IF_FILE_ATTACHMENT] Migrated 2,682 rows.
2026-01-09 11:59:20 [E780.E780_IF_FILE_ATTACHMENT] Migrated 2,683 rows.
2026-01-09 11:59:20 [E780.E780_IF_FILE_ATTACHMENT] Migrated 2,684 rows.
2026-01-09 11:59:20 [E780.E780_IF_FILE_ATTACHMENT] Migrated 2,685 rows.
2026-01-09 11:59:20 [E780.E780_IF_FILE_ATTACHMENT] Migrated 2,686 rows.
2026-01-09 11:59:20 [E780.E780_IF_FILE_ATTACHMENT] Migrated 2,687 rows.
2026-01-09 11:59:21 [E780.E780_IF_FILE_ATTACHMENT] Migrated 2,688 rows.
2026-01-09 11:59:21 [E780.E780_IF_FILE_ATTACHMENT] Migrated 2,689 rows.
2026-01-09 11:59:21 [E780.E780_IF_FILE_ATTACHMENT] Migrated 2,690 rows.
2026-01-09 11:59:21 [E780.E780_IF_FILE_ATTACHMENT] Migrated 2,691 rows.
2026-01-09 11:59:21 [E780.E780_IF_FILE_ATTACHMENT] Migrated 2,692 rows.
2026-01-09 11:59:21 [E780.E780_IF_FILE_ATTACHMENT] Migrated 2,693 rows.
2026-01-09 11:59:21 [E780.E780_IF_FILE_ATTACHMENT] Migrated 2,694 rows.
2026-01-09 11:59:21 [E780.E780_IF_FILE_ATTACHMENT] Migrated 2,695 rows.
2026-01-09 11:59:21 [E780.E780_IF_FILE_ATTACHMENT] Migrated 2,696 rows.
2026-01-09 11:59:21 [E780.E780_IF_FILE_ATTACHMENT] Migrated 2,697 rows.
2026-01-09 11:59:21 [E780.E780_IF_FILE_ATTACHMENT] Migrated 2,698 rows.
2026-01-09 11:59:21 [E780.E780_IF_FILE_ATTACHMENT] Migrated 2,699 rows.
2026-01-09 11:59:21 [E780.E780_IF_FILE_ATTACHMENT] Migrated 2,700 rows.
2026-01-09 11:59:21 [E780.E780_IF_FILE_ATTACHMENT] Migrated 2,701 rows.
2026-01-09 11:59:22 [E780.E780_IF_FILE_ATTACHMENT] Migrated 2,702 rows.
2026-01-09 11:59:22 [E780.E780_IF_FILE_ATTACHMENT] Migrated 2,703 rows.
2026-01-09 11:59:22 [E780.E780_IF_FILE_ATTACHMENT] Migrated 2,704 rows.
2026-01-09 11:59:22 [E780.E780_IF_FILE_ATTACHMENT] Migrated 2,705 rows.
2026-01-09 11:59:22 [E780.E780_IF_FILE_ATTACHMENT] Migrated 2,706 rows.
2026-01-09 11:59:22 [E780.E780_IF_FILE_ATTACHMENT] Migrated 2,707 rows.
2026-01-09 11:59:22 [E780.E780_IF_FILE_ATTACHMENT] Migrated 2,708 rows.
2026-01-09 11:59:22 [E780.E780_IF_FILE_ATTACHMENT] Migrated 2,709 rows.
2026-01-09 11:59:22 [E780.E780_IF_FILE_ATTACHMENT] Migrated 2,710 rows.
2026-01-09 11:59:22 [E780.E780_IF_FILE_ATTACHMENT] Migrated 2,711 rows.
2026-01-09 11:59:22 [E780.E780_IF_FILE_ATTACHMENT] Migrated 2,712 rows.
2026-01-09 11:59:23 [E780.E780_IF_FILE_ATTACHMENT] Migrated 2,713 rows.
2026-01-09 11:59:23 [E780.E780_IF_FILE_ATTACHMENT] Migrated 2,714 rows.
2026-01-09 11:59:23 [E780.E780_IF_FILE_ATTACHMENT] Migrated 2,715 rows.
2026-01-09 11:59:23 [E780.E780_IF_FILE_ATTACHMENT] Migrated 2,716 rows.
2026-01-09 11:59:23 [E780.E780_IF_FILE_ATTACHMENT] Migrated 2,717 rows.
2026-01-09 11:59:23 [E780.E780_IF_FILE_ATTACHMENT] Migrated 2,718 rows.
2026-01-09 11:59:23 [E780.E780_IF_FILE_ATTACHMENT] Migrated 2,719 rows.
2026-01-09 11:59:23 [E780.E780_IF_FILE_ATTACHMENT] Migrated 2,720 rows.
2026-01-09 11:59:23 [E780.E780_IF_FILE_ATTACHMENT] Migrated 2,721 rows.
2026-01-09 11:59:23 [E780.E780_IF_FILE_ATTACHMENT] Migrated 2,722 rows.
2026-01-09 11:59:24 [E780.E780_IF_FILE_ATTACHMENT] Migrated 2,723 rows.
2026-01-09 11:59:24 [E780.E780_IF_FILE_ATTACHMENT] Migrated 2,724 rows.
2026-01-09 11:59:24 [E780.E780_IF_FILE_ATTACHMENT] Migrated 2,725 rows.
2026-01-09 11:59:24 [E780.E780_IF_FILE_ATTACHMENT] Migrated 2,726 rows.
2026-01-09 11:59:24 [E780.E780_IF_FILE_ATTACHMENT] Migrated 2,727 rows.
2026-01-09 11:59:24 [E780.E780_IF_FILE_ATTACHMENT] Migrated 2,728 rows.
2026-01-09 11:59:24 [E780.E780_IF_FILE_ATTACHMENT] Migrated 2,729 rows.
2026-01-09 11:59:24 [E780.E780_IF_FILE_ATTACHMENT] Migrated 2,730 rows.
2026-01-09 11:59:24 [E780.E780_IF_FILE_ATTACHMENT] Migrated 2,731 rows.
2026-01-09 11:59:24 [E780.E780_IF_FILE_ATTACHMENT] Migrated 2,732 rows.
2026-01-09 11:59:24 [E780.E780_IF_FILE_ATTACHMENT] Migrated 2,733 rows.
2026-01-09 11:59:24 [E780.E780_IF_FILE_ATTACHMENT] Migrated 2,734 rows.
2026-01-09 11:59:25 [E780.E780_IF_FILE_ATTACHMENT] Migrated 2,735 rows.
2026-01-09 11:59:25 [E780.E780_IF_FILE_ATTACHMENT] Migrated 2,736 rows.
2026-01-09 11:59:25 [E780.E780_IF_FILE_ATTACHMENT] Migrated 2,737 rows.
2026-01-09 11:59:25 [E780.E780_IF_FILE_ATTACHMENT] Migrated 2,738 rows.
2026-01-09 11:59:25 [E780.E780_IF_FILE_ATTACHMENT] Migrated 2,739 rows.
2026-01-09 11:59:25 [E780.E780_IF_FILE_ATTACHMENT] Migrated 2,740 rows.
2026-01-09 11:59:25 [E780.E780_IF_FILE_ATTACHMENT] Migrated 2,741 rows.
2026-01-09 11:59:25 [E780.E780_IF_FILE_ATTACHMENT] Migrated 2,742 rows.
2026-01-09 11:59:25 [E780.E780_IF_FILE_ATTACHMENT] Migrated 2,743 rows.
2026-01-09 11:59:25 [E780.E780_IF_FILE_ATTACHMENT] Migrated 2,744 rows.
2026-01-09 11:59:26 [E780.E780_IF_FILE_ATTACHMENT] Migrated 2,745 rows.
2026-01-09 11:59:26 [E780.E780_IF_FILE_ATTACHMENT] Migrated 2,746 rows.
2026-01-09 11:59:26 [E780.E780_IF_FILE_ATTACHMENT] Migrated 2,747 rows.
2026-01-09 11:59:26 [E780.E780_IF_FILE_ATTACHMENT] Migrated 2,748 rows.
2026-01-09 11:59:26 [E780.E780_IF_FILE_ATTACHMENT] Migrated 2,749 rows.
2026-01-09 11:59:26 [E780.E780_IF_FILE_ATTACHMENT] Migrated 2,750 rows.
2026-01-09 11:59:26 [E780.E780_IF_FILE_ATTACHMENT] Migrated 2,751 rows.
2026-01-09 11:59:26 [E780.E780_IF_FILE_ATTACHMENT] Migrated 2,752 rows.
2026-01-09 11:59:26 [E780.E780_IF_FILE_ATTACHMENT] Migrated 2,753 rows.
2026-01-09 11:59:26 [E780.E780_IF_FILE_ATTACHMENT] Migrated 2,754 rows.
2026-01-09 11:59:26 [E780.E780_IF_FILE_ATTACHMENT] Migrated 2,755 rows.
2026-01-09 11:59:26 [E780.E780_IF_FILE_ATTACHMENT] Migrated 2,756 rows.
2026-01-09 11:59:27 [E780.E780_IF_FILE_ATTACHMENT] Migrated 2,757 rows.
2026-01-09 11:59:27 [E780.E780_IF_FILE_ATTACHMENT] Migrated 2,758 rows.
2026-01-09 11:59:27 [E780.E780_IF_FILE_ATTACHMENT] Migrated 2,759 rows.
2026-01-09 11:59:27 [E780.E780_IF_FILE_ATTACHMENT] Migrated 2,760 rows.
2026-01-09 11:59:27 [E780.E780_IF_FILE_ATTACHMENT] Migrated 2,761 rows.
2026-01-09 11:59:27 [E780.E780_IF_FILE_ATTACHMENT] Migrated 2,762 rows.
2026-01-09 11:59:27 [E780.E780_IF_FILE_ATTACHMENT] Migrated 2,763 rows.
2026-01-09 11:59:27 [E780.E780_IF_FILE_ATTACHMENT] Migrated 2,764 rows.
2026-01-09 11:59:27 [E780.E780_IF_FILE_ATTACHMENT] Migrated 2,765 rows.
2026-01-09 11:59:27 [E780.E780_IF_FILE_ATTACHMENT] Migrated 2,766 rows.
2026-01-09 11:59:27 [E780.E780_IF_FILE_ATTACHMENT] Migrated 2,767 rows.
2026-01-09 11:59:27 [E780.E780_IF_FILE_ATTACHMENT] Migrated 2,768 rows.
2026-01-09 11:59:28 [E780.E780_IF_FILE_ATTACHMENT] Migrated 2,769 rows.
2026-01-09 11:59:28 [E780.E780_IF_FILE_ATTACHMENT] Migrated 2,770 rows.
2026-01-09 11:59:28 [E780.E780_IF_FILE_ATTACHMENT] Migrated 2,771 rows.
2026-01-09 11:59:28 [E780.E780_IF_FILE_ATTACHMENT] Migrated 2,772 rows.
2026-01-09 11:59:28 [E780.E780_IF_FILE_ATTACHMENT] Migrated 2,773 rows.
2026-01-09 11:59:28 [E780.E780_IF_FILE_ATTACHMENT] Migrated 2,774 rows.
2026-01-09 11:59:28 [E780.E780_IF_FILE_ATTACHMENT] Migrated 2,775 rows.
2026-01-09 11:59:28 [E780.E780_IF_FILE_ATTACHMENT] Migrated 2,776 rows.
2026-01-09 11:59:28 [E780.E780_IF_FILE_ATTACHMENT] Migrated 2,777 rows.
2026-01-09 11:59:28 [E780.E780_IF_FILE_ATTACHMENT] Migrated 2,778 rows.
2026-01-09 11:59:28 [E780.E780_IF_FILE_ATTACHMENT] Migrated 2,779 rows.
2026-01-09 11:59:29 [E780.E780_IF_FILE_ATTACHMENT] Migrated 2,780 rows.
2026-01-09 11:59:29 [E780.E780_IF_FILE_ATTACHMENT] Migrated 2,781 rows.
2026-01-09 11:59:29 [E780.E780_IF_FILE_ATTACHMENT] Migrated 2,782 rows.
2026-01-09 11:59:29 [E780.E780_IF_FILE_ATTACHMENT] Migrated 2,783 rows.
2026-01-09 11:59:29 [E780.E780_IF_FILE_ATTACHMENT] Migrated 2,784 rows.
2026-01-09 11:59:29 [E780.E780_IF_FILE_ATTACHMENT] Migrated 2,785 rows.
2026-01-09 11:59:29 [E780.E780_IF_FILE_ATTACHMENT] Migrated 2,786 rows.
2026-01-09 11:59:29 [E780.E780_IF_FILE_ATTACHMENT] Migrated 2,787 rows.
2026-01-09 11:59:29 [E780.E780_IF_FILE_ATTACHMENT] Migrated 2,788 rows.
2026-01-09 11:59:29 [E780.E780_IF_FILE_ATTACHMENT] Migrated 2,789 rows.
2026-01-09 11:59:30 [E780.E780_IF_FILE_ATTACHMENT] Migrated 2,790 rows.
2026-01-09 11:59:30 [E780.E780_IF_FILE_ATTACHMENT] Migrated 2,791 rows.
2026-01-09 11:59:30 [E780.E780_IF_FILE_ATTACHMENT] Migrated 2,792 rows.
2026-01-09 11:59:30 [E780.E780_IF_FILE_ATTACHMENT] Migrated 2,793 rows.
2026-01-09 11:59:30 [E780.E780_IF_FILE_ATTACHMENT] Migrated 2,794 rows.
2026-01-09 11:59:30 [E780.E780_IF_FILE_ATTACHMENT] Migrated 2,795 rows.
2026-01-09 11:59:30 [E780.E780_IF_FILE_ATTACHMENT] Migrated 2,796 rows.
2026-01-09 11:59:30 [E780.E780_IF_FILE_ATTACHMENT] Migrated 2,797 rows.
2026-01-09 11:59:30 [E780.E780_IF_FILE_ATTACHMENT] Migrated 2,798 rows.
2026-01-09 11:59:30 [E780.E780_IF_FILE_ATTACHMENT] Migrated 2,799 rows.
2026-01-09 11:59:30 [E780.E780_IF_FILE_ATTACHMENT] Migrated 2,800 rows.
2026-01-09 11:59:30 [E780.E780_IF_FILE_ATTACHMENT] Migrated 2,801 rows.
2026-01-09 11:59:31 [E780.E780_IF_FILE_ATTACHMENT] Migrated 2,802 rows.
2026-01-09 11:59:31 [E780.E780_IF_FILE_ATTACHMENT] Migrated 2,803 rows.
2026-01-09 11:59:31 [E780.E780_IF_FILE_ATTACHMENT] Migrated 2,804 rows.
2026-01-09 11:59:31 [E780.E780_IF_FILE_ATTACHMENT] Migrated 2,805 rows.
2026-01-09 11:59:31 [E780.E780_IF_FILE_ATTACHMENT] Migrated 2,806 rows.
2026-01-09 11:59:31 [E780.E780_IF_FILE_ATTACHMENT] Migrated 2,807 rows.
2026-01-09 11:59:31 [E780.E780_IF_FILE_ATTACHMENT] Migrated 2,808 rows.
2026-01-09 11:59:31 [E780.E780_IF_FILE_ATTACHMENT] Migrated 2,809 rows.
2026-01-09 11:59:31 [E780.E780_IF_FILE_ATTACHMENT] Migrated 2,810 rows.
2026-01-09 11:59:31 [E780.E780_IF_FILE_ATTACHMENT] Migrated 2,811 rows.
2026-01-09 11:59:31 [E780.E780_IF_FILE_ATTACHMENT] Migrated 2,812 rows.
2026-01-09 11:59:31 [E780.E780_IF_FILE_ATTACHMENT] Migrated 2,813 rows.
2026-01-09 11:59:31 [E780.E780_IF_FILE_ATTACHMENT] Migrated 2,814 rows.
2026-01-09 11:59:31 [E780.E780_IF_FILE_ATTACHMENT] Migrated 2,815 rows.
2026-01-09 11:59:32 [E780.E780_IF_FILE_ATTACHMENT] Migrated 2,816 rows.
2026-01-09 11:59:32 [E780.E780_IF_FILE_ATTACHMENT] Migrated 2,817 rows.
2026-01-09 11:59:32 [E780.E780_IF_FILE_ATTACHMENT] Migrated 2,818 rows.
2026-01-09 11:59:32 [E780.E780_IF_FILE_ATTACHMENT] Migrated 2,819 rows.
2026-01-09 11:59:32 [E780.E780_IF_FILE_ATTACHMENT] Migrated 2,820 rows.
2026-01-09 11:59:32 [E780.E780_IF_FILE_ATTACHMENT] Migrated 2,821 rows.
2026-01-09 11:59:32 [E780.E780_IF_FILE_ATTACHMENT] Migrated 2,822 rows.
2026-01-09 11:59:32 [E780.E780_IF_FILE_ATTACHMENT] Migrated 2,823 rows.
2026-01-09 11:59:32 [E780.E780_IF_FILE_ATTACHMENT] Migrated 2,824 rows.
2026-01-09 11:59:32 [E780.E780_IF_FILE_ATTACHMENT] Migrated 2,825 rows.
2026-01-09 11:59:32 [E780.E780_IF_FILE_ATTACHMENT] Migrated 2,826 rows.
2026-01-09 11:59:32 [E780.E780_IF_FILE_ATTACHMENT] Migrated 2,827 rows.
2026-01-09 11:59:32 [E780.E780_IF_FILE_ATTACHMENT] Migrated 2,828 rows.
2026-01-09 11:59:32 [E780.E780_IF_FILE_ATTACHMENT] Migrated 2,829 rows.
2026-01-09 11:59:32 [E780.E780_IF_FILE_ATTACHMENT] Migrated 2,830 rows.
2026-01-09 11:59:32 [E780.E780_IF_FILE_ATTACHMENT] Migrated 2,831 rows.
2026-01-09 11:59:33 [E780.E780_IF_FILE_ATTACHMENT] Migrated 2,832 rows.
2026-01-09 11:59:33 [E780.E780_IF_FILE_ATTACHMENT] Migrated 2,833 rows.
2026-01-09 11:59:33 [E780.E780_IF_FILE_ATTACHMENT] Migrated 2,834 rows.
2026-01-09 11:59:33 [E780.E780_IF_FILE_ATTACHMENT] Migrated 2,835 rows.
2026-01-09 11:59:33 [E780.E780_IF_FILE_ATTACHMENT] Migrated 2,836 rows.
2026-01-09 11:59:33 [E780.E780_IF_FILE_ATTACHMENT] Migrated 2,837 rows.
2026-01-09 11:59:33 [E780.E780_IF_FILE_ATTACHMENT] Migrated 2,838 rows.
2026-01-09 11:59:33 [E780.E780_IF_FILE_ATTACHMENT] Migrated 2,839 rows.
2026-01-09 11:59:33 [E780.E780_IF_FILE_ATTACHMENT] Migrated 2,840 rows.
2026-01-09 11:59:33 [E780.E780_IF_FILE_ATTACHMENT] Migrated 2,841 rows.
2026-01-09 11:59:33 [E780.E780_IF_FILE_ATTACHMENT] Migrated 2,842 rows.
2026-01-09 11:59:33 [E780.E780_IF_FILE_ATTACHMENT] Migrated 2,843 rows.
2026-01-09 11:59:33 [E780.E780_IF_FILE_ATTACHMENT] Migrated 2,844 rows.
2026-01-09 11:59:33 [E780.E780_IF_FILE_ATTACHMENT] Migrated 2,845 rows.
2026-01-09 11:59:33 [E780.E780_IF_FILE_ATTACHMENT] Migrated 2,846 rows.
2026-01-09 11:59:33 [E780.E780_IF_FILE_ATTACHMENT] Migrated 2,847 rows.
2026-01-09 11:59:33 [E780.E780_IF_FILE_ATTACHMENT] Migrated 2,848 rows.
2026-01-09 11:59:33 [E780.E780_IF_FILE_ATTACHMENT] Migrated 2,849 rows.
2026-01-09 11:59:33 [E780.E780_IF_FILE_ATTACHMENT] Migrated 2,850 rows.
2026-01-09 11:59:33 [E780.E780_IF_FILE_ATTACHMENT] Migrated 2,851 rows.
2026-01-09 11:59:33 [E780.E780_IF_FILE_ATTACHMENT] Migrated 2,852 rows.
2026-01-09 11:59:33 [E780.E780_IF_FILE_ATTACHMENT] Migrated 2,853 rows.
2026-01-09 11:59:33 [E780.E780_IF_FILE_ATTACHMENT] Migrated 2,854 rows.
2026-01-09 11:59:33 [E780.E780_IF_FILE_ATTACHMENT] Migrated 2,855 rows.
2026-01-09 11:59:33 [E780.E780_IF_FILE_ATTACHMENT] Migrated 2,856 rows.
2026-01-09 11:59:33 [E780.E780_IF_FILE_ATTACHMENT] Migrated 2,857 rows.
2026-01-09 11:59:34 [E780.E780_IF_FILE_ATTACHMENT] Migrated 2,858 rows.
2026-01-09 11:59:34 [E780.E780_IF_FILE_ATTACHMENT] Migrated 2,859 rows.
2026-01-09 11:59:34 [E780.E780_IF_FILE_ATTACHMENT] Migrated 2,860 rows.
2026-01-09 11:59:34 [E780.E780_IF_FILE_ATTACHMENT] Migrated 2,861 rows.
2026-01-09 11:59:34 [E780.E780_IF_FILE_ATTACHMENT] Migrated 2,862 rows.
2026-01-09 11:59:34 [E780.E780_IF_FILE_ATTACHMENT] Migrated 2,863 rows.
2026-01-09 11:59:34 [E780.E780_IF_FILE_ATTACHMENT] Migrated 2,864 rows.
2026-01-09 11:59:34 [E780.E780_IF_FILE_ATTACHMENT] Migrated 2,865 rows.
2026-01-09 11:59:34 [E780.E780_IF_FILE_ATTACHMENT] Migrated 2,866 rows.
2026-01-09 11:59:34 [E780.E780_IF_FILE_ATTACHMENT] Migrated 2,867 rows.
2026-01-09 11:59:34 [E780.E780_IF_FILE_ATTACHMENT] Migrated 2,868 rows.
2026-01-09 11:59:34 [E780.E780_IF_FILE_ATTACHMENT] Migrated 2,869 rows.
2026-01-09 11:59:34 [E780.E780_IF_FILE_ATTACHMENT] Migrated 2,870 rows.
2026-01-09 11:59:35 [E780.E780_IF_FILE_ATTACHMENT] Migrated 2,871 rows.
2026-01-09 11:59:35 [E780.E780_IF_FILE_ATTACHMENT] Migrated 2,872 rows.
2026-01-09 11:59:35 [E780.E780_IF_FILE_ATTACHMENT] Migrated 2,873 rows.
2026-01-09 11:59:35 [E780.E780_IF_FILE_ATTACHMENT] Migrated 2,874 rows.
2026-01-09 11:59:35 [E780.E780_IF_FILE_ATTACHMENT] Migrated 2,875 rows.
2026-01-09 11:59:35 [E780.E780_IF_FILE_ATTACHMENT] Migrated 2,876 rows.
2026-01-09 11:59:35 [E780.E780_IF_FILE_ATTACHMENT] Migrated 2,877 rows.
2026-01-09 11:59:35 [E780.E780_IF_FILE_ATTACHMENT] Migrated 2,878 rows.
2026-01-09 11:59:35 [E780.E780_IF_FILE_ATTACHMENT] Migrated 2,879 rows.
2026-01-09 11:59:36 [E780.E780_IF_FILE_ATTACHMENT] Migrated 2,880 rows.
2026-01-09 11:59:36 [E780.E780_IF_FILE_ATTACHMENT] Migrated 2,881 rows.
2026-01-09 11:59:36 [E780.E780_IF_FILE_ATTACHMENT] Migrated 2,882 rows.
2026-01-09 11:59:36 [E780.E780_IF_FILE_ATTACHMENT] Migrated 2,883 rows.
2026-01-09 11:59:36 [E780.E780_IF_FILE_ATTACHMENT] Migrated 2,884 rows.
2026-01-09 11:59:36 [E780.E780_IF_FILE_ATTACHMENT] Migrated 2,885 rows.
2026-01-09 11:59:37 [E780.E780_IF_FILE_ATTACHMENT] Migrated 2,886 rows.
2026-01-09 11:59:37 [E780.E780_IF_FILE_ATTACHMENT] Migrated 2,887 rows.
2026-01-09 11:59:37 [E780.E780_IF_FILE_ATTACHMENT] Migrated 2,888 rows.
2026-01-09 11:59:37 [E780.E780_IF_FILE_ATTACHMENT] Migrated 2,889 rows.
2026-01-09 11:59:37 [E780.E780_IF_FILE_ATTACHMENT] Migrated 2,890 rows.
2026-01-09 11:59:37 [E780.E780_IF_FILE_ATTACHMENT] Migrated 2,891 rows.
2026-01-09 11:59:37 [E780.E780_IF_FILE_ATTACHMENT] Migrated 2,892 rows.
2026-01-09 11:59:37 [E780.E780_IF_FILE_ATTACHMENT] Migrated 2,893 rows.
2026-01-09 11:59:37 [E780.E780_IF_FILE_ATTACHMENT] Migrated 2,894 rows.
2026-01-09 11:59:37 [E780.E780_IF_FILE_ATTACHMENT] Migrated 2,895 rows.
2026-01-09 11:59:37 [E780.E780_IF_FILE_ATTACHMENT] Migrated 2,896 rows.
2026-01-09 11:59:37 [E780.E780_IF_FILE_ATTACHMENT] Migrated 2,897 rows.
2026-01-09 11:59:37 [E780.E780_IF_FILE_ATTACHMENT] Migrated 2,898 rows.
2026-01-09 11:59:37 [E780.E780_IF_FILE_ATTACHMENT] Migrated 2,899 rows.
2026-01-09 11:59:37 [E780.E780_IF_FILE_ATTACHMENT] Migrated 2,900 rows.
2026-01-09 11:59:37 [E780.E780_IF_FILE_ATTACHMENT] Migrated 2,901 rows.
2026-01-09 11:59:37 [E780.E780_IF_FILE_ATTACHMENT] Migrated 2,902 rows.
2026-01-09 11:59:37 [E780.E780_IF_FILE_ATTACHMENT] Migrated 2,903 rows.
2026-01-09 11:59:37 [E780.E780_IF_FILE_ATTACHMENT] Migrated 2,904 rows.
2026-01-09 11:59:37 [E780.E780_IF_FILE_ATTACHMENT] Migrated 2,905 rows.
2026-01-09 11:59:38 [E780.E780_IF_FILE_ATTACHMENT] Migrated 2,906 rows.
2026-01-09 11:59:38 [E780.E780_IF_FILE_ATTACHMENT] Migrated 2,907 rows.
2026-01-09 11:59:38 [E780.E780_IF_FILE_ATTACHMENT] Migrated 2,908 rows.
2026-01-09 11:59:38 [E780.E780_IF_FILE_ATTACHMENT] Migrated 2,909 rows.
2026-01-09 11:59:38 [E780.E780_IF_FILE_ATTACHMENT] Migrated 2,910 rows.
2026-01-09 11:59:38 [E780.E780_IF_FILE_ATTACHMENT] Migrated 2,911 rows.
2026-01-09 11:59:38 [E780.E780_IF_FILE_ATTACHMENT] Migrated 2,912 rows.
2026-01-09 11:59:38 [E780.E780_IF_FILE_ATTACHMENT] Migrated 2,913 rows.
2026-01-09 11:59:38 [E780.E780_IF_FILE_ATTACHMENT] Migrated 2,914 rows.
2026-01-09 11:59:38 [E780.E780_IF_FILE_ATTACHMENT] Migrated 2,915 rows.
2026-01-09 11:59:38 [E780.E780_IF_FILE_ATTACHMENT] Migrated 2,916 rows.
2026-01-09 11:59:38 [E780.E780_IF_FILE_ATTACHMENT] Migrated 2,917 rows.
2026-01-09 11:59:38 [E780.E780_IF_FILE_ATTACHMENT] Migrated 2,918 rows.
2026-01-09 11:59:38 [E780.E780_IF_FILE_ATTACHMENT] Migrated 2,919 rows.
2026-01-09 11:59:38 [E780.E780_IF_FILE_ATTACHMENT] Migrated 2,920 rows.
2026-01-09 11:59:38 [E780.E780_IF_FILE_ATTACHMENT] Migrated 2,921 rows.
2026-01-09 11:59:38 [E780.E780_IF_FILE_ATTACHMENT] Migrated 2,922 rows.
2026-01-09 11:59:38 [E780.E780_IF_FILE_ATTACHMENT] Migrated 2,923 rows.
2026-01-09 11:59:38 [E780.E780_IF_FILE_ATTACHMENT] Migrated 2,924 rows.
2026-01-09 11:59:38 [E780.E780_IF_FILE_ATTACHMENT] Migrated 2,925 rows.
2026-01-09 11:59:38 [E780.E780_IF_FILE_ATTACHMENT] Migrated 2,926 rows.
2026-01-09 11:59:38 [E780.E780_IF_FILE_ATTACHMENT] Migrated 2,927 rows.
2026-01-09 11:59:38 [E780.E780_IF_FILE_ATTACHMENT] Migrated 2,928 rows.
2026-01-09 11:59:38 [E780.E780_IF_FILE_ATTACHMENT] Migrated 2,929 rows.
2026-01-09 11:59:38 [E780.E780_IF_FILE_ATTACHMENT] Migrated 2,930 rows.
2026-01-09 11:59:38 [E780.E780_IF_FILE_ATTACHMENT] Migrated 2,931 rows.
2026-01-09 11:59:38 [E780.E780_IF_FILE_ATTACHMENT] Migrated 2,932 rows.
2026-01-09 11:59:39 [E780.E780_IF_FILE_ATTACHMENT] Migrated 2,933 rows.
2026-01-09 11:59:39 [E780.E780_IF_FILE_ATTACHMENT] Migrated 2,934 rows.
2026-01-09 11:59:39 [E780.E780_IF_FILE_ATTACHMENT] Migrated 2,935 rows.
2026-01-09 11:59:39 [E780.E780_IF_FILE_ATTACHMENT] Migrated 2,936 rows.
2026-01-09 11:59:39 [E780.E780_IF_FILE_ATTACHMENT] Migrated 2,937 rows.
2026-01-09 11:59:39 [E780.E780_IF_FILE_ATTACHMENT] Migrated 2,938 rows.
2026-01-09 11:59:39 [E780.E780_IF_FILE_ATTACHMENT] Migrated 2,939 rows.
2026-01-09 11:59:39 [E780.E780_IF_FILE_ATTACHMENT] Migrated 2,940 rows.
2026-01-09 11:59:39 [E780.E780_IF_FILE_ATTACHMENT] Migrated 2,941 rows.
2026-01-09 11:59:39 [E780.E780_IF_FILE_ATTACHMENT] Migrated 2,942 rows.
2026-01-09 11:59:39 [E780.E780_IF_FILE_ATTACHMENT] Migrated 2,943 rows.
2026-01-09 11:59:39 [E780.E780_IF_FILE_ATTACHMENT] Migrated 2,944 rows.
2026-01-09 11:59:39 [E780.E780_IF_FILE_ATTACHMENT] Migrated 2,945 rows.
2026-01-09 11:59:39 [E780.E780_IF_FILE_ATTACHMENT] Migrated 2,946 rows.
2026-01-09 11:59:39 [E780.E780_IF_FILE_ATTACHMENT] Migrated 2,947 rows.
2026-01-09 11:59:39 [E780.E780_IF_FILE_ATTACHMENT] Migrated 2,948 rows.
2026-01-09 11:59:39 [E780.E780_IF_FILE_ATTACHMENT] Migrated 2,949 rows.
2026-01-09 11:59:39 [E780.E780_IF_FILE_ATTACHMENT] Migrated 2,950 rows.
2026-01-09 11:59:39 [E780.E780_IF_FILE_ATTACHMENT] Migrated 2,951 rows.
2026-01-09 11:59:39 [E780.E780_IF_FILE_ATTACHMENT] Migrated 2,952 rows.
2026-01-09 11:59:39 [E780.E780_IF_FILE_ATTACHMENT] Migrated 2,953 rows.
2026-01-09 11:59:39 [E780.E780_IF_FILE_ATTACHMENT] Migrated 2,954 rows.
2026-01-09 11:59:39 [E780.E780_IF_FILE_ATTACHMENT] Migrated 2,955 rows.
2026-01-09 11:59:39 [E780.E780_IF_FILE_ATTACHMENT] Migrated 2,956 rows.
2026-01-09 11:59:39 [E780.E780_IF_FILE_ATTACHMENT] Migrated 2,957 rows.
2026-01-09 11:59:39 [E780.E780_IF_FILE_ATTACHMENT] Migrated 2,958 rows.
2026-01-09 11:59:39 [E780.E780_IF_FILE_ATTACHMENT] Migrated 2,959 rows.
2026-01-09 11:59:40 [E780.E780_IF_FILE_ATTACHMENT] Migrated 2,960 rows.
2026-01-09 11:59:40 [E780.E780_IF_FILE_ATTACHMENT] Migrated 2,961 rows.
2026-01-09 11:59:40 [E780.E780_IF_FILE_ATTACHMENT] Migrated 2,962 rows.
2026-01-09 11:59:40 [E780.E780_IF_FILE_ATTACHMENT] Migrated 2,963 rows.
2026-01-09 11:59:40 [E780.E780_IF_FILE_ATTACHMENT] Migrated 2,964 rows.
2026-01-09 11:59:40 [E780.E780_IF_FILE_ATTACHMENT] Migrated 2,965 rows.
2026-01-09 11:59:40 [E780.E780_IF_FILE_ATTACHMENT] Migrated 2,966 rows.
2026-01-09 11:59:40 [E780.E780_IF_FILE_ATTACHMENT] Migrated 2,967 rows.
2026-01-09 11:59:40 [E780.E780_IF_FILE_ATTACHMENT] Migrated 2,968 rows.
2026-01-09 11:59:40 [E780.E780_IF_FILE_ATTACHMENT] Migrated 2,969 rows.
2026-01-09 11:59:40 [E780.E780_IF_FILE_ATTACHMENT] Migrated 2,970 rows.
2026-01-09 11:59:40 [E780.E780_IF_FILE_ATTACHMENT] Migrated 2,971 rows.
2026-01-09 11:59:40 [E780.E780_IF_FILE_ATTACHMENT] Migrated 2,972 rows.
2026-01-09 11:59:40 [E780.E780_IF_FILE_ATTACHMENT] Migrated 2,973 rows.
2026-01-09 11:59:40 [E780.E780_IF_FILE_ATTACHMENT] Migrated 2,974 rows.
2026-01-09 11:59:40 [E780.E780_IF_FILE_ATTACHMENT] Migrated 2,975 rows.
2026-01-09 11:59:40 [E780.E780_IF_FILE_ATTACHMENT] Migrated 2,976 rows.
2026-01-09 11:59:40 [E780.E780_IF_FILE_ATTACHMENT] Migrated 2,977 rows.
2026-01-09 11:59:40 [E780.E780_IF_FILE_ATTACHMENT] Migrated 2,978 rows.
2026-01-09 11:59:41 [E780.E780_IF_FILE_ATTACHMENT] Migrated 2,979 rows.
2026-01-09 11:59:41 [E780.E780_IF_FILE_ATTACHMENT] Migrated 2,980 rows.
2026-01-09 11:59:41 [E780.E780_IF_FILE_ATTACHMENT] Migrated 2,981 rows.
2026-01-09 11:59:41 [E780.E780_IF_FILE_ATTACHMENT] Migrated 2,982 rows.
2026-01-09 11:59:41 [E780.E780_IF_FILE_ATTACHMENT] Migrated 2,983 rows.
2026-01-09 11:59:41 [E780.E780_IF_FILE_ATTACHMENT] Migrated 2,984 rows.
2026-01-09 11:59:41 [E780.E780_IF_FILE_ATTACHMENT] Migrated 2,985 rows.
2026-01-09 11:59:41 [E780.E780_IF_FILE_ATTACHMENT] Migrated 2,986 rows.
2026-01-09 11:59:41 [E780.E780_IF_FILE_ATTACHMENT] Migrated 2,987 rows.
2026-01-09 11:59:41 [E780.E780_IF_FILE_ATTACHMENT] Migrated 2,988 rows.
2026-01-09 11:59:41 [E780.E780_IF_FILE_ATTACHMENT] Migrated 2,989 rows.
2026-01-09 11:59:41 [E780.E780_IF_FILE_ATTACHMENT] Migrated 2,990 rows.
2026-01-09 11:59:41 [E780.E780_IF_FILE_ATTACHMENT] Migrated 2,991 rows.
2026-01-09 11:59:41 [E780.E780_IF_FILE_ATTACHMENT] Migrated 2,992 rows.
2026-01-09 11:59:42 [E780.E780_IF_FILE_ATTACHMENT] Migrated 2,993 rows.
2026-01-09 11:59:42 [E780.E780_IF_FILE_ATTACHMENT] Migrated 2,994 rows.
2026-01-09 11:59:42 [E780.E780_IF_FILE_ATTACHMENT] Migrated 2,995 rows.
2026-01-09 11:59:42 [E780.E780_IF_FILE_ATTACHMENT] Migrated 2,996 rows.
2026-01-09 11:59:42 [E780.E780_IF_FILE_ATTACHMENT] Migrated 2,997 rows.
2026-01-09 11:59:42 [E780.E780_IF_FILE_ATTACHMENT] Migrated 2,998 rows.
2026-01-09 11:59:42 [E780.E780_IF_FILE_ATTACHMENT] Migrated 2,999 rows.
2026-01-09 11:59:42 [E780.E780_IF_FILE_ATTACHMENT] Migrated 3,000 rows.
2026-01-09 11:59:42 [E780.E780_IF_FILE_ATTACHMENT] Migrated 3,001 rows.
2026-01-09 11:59:42 [E780.E780_IF_FILE_ATTACHMENT] Migrated 3,002 rows.
2026-01-09 11:59:42 [E780.E780_IF_FILE_ATTACHMENT] Migrated 3,003 rows.
2026-01-09 11:59:42 [E780.E780_IF_FILE_ATTACHMENT] Migrated 3,004 rows.
2026-01-09 11:59:42 [E780.E780_IF_FILE_ATTACHMENT] Migrated 3,005 rows.
2026-01-09 11:59:42 [E780.E780_IF_FILE_ATTACHMENT] Migrated 3,006 rows.
2026-01-09 11:59:42 [E780.E780_IF_FILE_ATTACHMENT] Migrated 3,007 rows.
2026-01-09 11:59:43 [E780.E780_IF_FILE_ATTACHMENT] Migrated 3,008 rows.
2026-01-09 11:59:43 [E780.E780_IF_FILE_ATTACHMENT] Migrated 3,009 rows.
2026-01-09 11:59:43 [E780.E780_IF_FILE_ATTACHMENT] Migrated 3,010 rows.
2026-01-09 11:59:43 [E780.E780_IF_FILE_ATTACHMENT] Migrated 3,011 rows.
2026-01-09 11:59:43 [E780.E780_IF_FILE_ATTACHMENT] Migrated 3,012 rows.
2026-01-09 11:59:43 [E780.E780_IF_FILE_ATTACHMENT] Migrated 3,013 rows.
2026-01-09 11:59:43 [E780.E780_IF_FILE_ATTACHMENT] Migrated 3,014 rows.
2026-01-09 11:59:43 [E780.E780_IF_FILE_ATTACHMENT] Migrated 3,015 rows.
2026-01-09 11:59:43 [E780.E780_IF_FILE_ATTACHMENT] Migrated 3,016 rows.
2026-01-09 11:59:43 [E780.E780_IF_FILE_ATTACHMENT] Migrated 3,017 rows.
2026-01-09 11:59:43 [E780.E780_IF_FILE_ATTACHMENT] Migrated 3,018 rows.
2026-01-09 11:59:43 [E780.E780_IF_FILE_ATTACHMENT] Migrated 3,019 rows.
2026-01-09 11:59:43 [E780.E780_IF_FILE_ATTACHMENT] Migrated 3,020 rows.
2026-01-09 11:59:43 [E780.E780_IF_FILE_ATTACHMENT] Migrated 3,021 rows.
2026-01-09 11:59:43 [E780.E780_IF_FILE_ATTACHMENT] Migrated 3,022 rows.
2026-01-09 11:59:43 [E780.E780_IF_FILE_ATTACHMENT] Migrated 3,023 rows.
2026-01-09 11:59:43 [E780.E780_IF_FILE_ATTACHMENT] Migrated 3,024 rows.
2026-01-09 11:59:44 [E780.E780_IF_FILE_ATTACHMENT] Migrated 3,025 rows.
2026-01-09 11:59:44 [E780.E780_IF_FILE_ATTACHMENT] Migrated 3,026 rows.
2026-01-09 11:59:44 [E780.E780_IF_FILE_ATTACHMENT] Migrated 3,027 rows.
2026-01-09 11:59:44 [E780.E780_IF_FILE_ATTACHMENT] Migrated 3,028 rows.
2026-01-09 11:59:44 [E780.E780_IF_FILE_ATTACHMENT] Migrated 3,029 rows.
2026-01-09 11:59:44 [E780.E780_IF_FILE_ATTACHMENT] Migrated 3,030 rows.
2026-01-09 11:59:44 [E780.E780_IF_FILE_ATTACHMENT] Migrated 3,031 rows.
2026-01-09 11:59:44 [E780.E780_IF_FILE_ATTACHMENT] Migrated 3,032 rows.
2026-01-09 11:59:45 [E780.E780_IF_FILE_ATTACHMENT] Migrated 3,033 rows.
2026-01-09 11:59:45 [E780.E780_IF_FILE_ATTACHMENT] Migrated 3,034 rows.
2026-01-09 11:59:45 [E780.E780_IF_FILE_ATTACHMENT] Migrated 3,035 rows.
2026-01-09 11:59:45 [E780.E780_IF_FILE_ATTACHMENT] Migrated 3,036 rows.
2026-01-09 11:59:45 [E780.E780_IF_FILE_ATTACHMENT] Migrated 3,037 rows.
2026-01-09 11:59:45 [E780.E780_IF_FILE_ATTACHMENT] Migrated 3,038 rows.
2026-01-09 11:59:45 [E780.E780_IF_FILE_ATTACHMENT] Migrated 3,039 rows.
2026-01-09 11:59:45 [E780.E780_IF_FILE_ATTACHMENT] Migrated 3,040 rows.
2026-01-09 11:59:45 [E780.E780_IF_FILE_ATTACHMENT] Migrated 3,041 rows.
2026-01-09 11:59:45 [E780.E780_IF_FILE_ATTACHMENT] Migrated 3,042 rows.
2026-01-09 11:59:45 [E780.E780_IF_FILE_ATTACHMENT] Migrated 3,043 rows.
2026-01-09 11:59:45 [E780.E780_IF_FILE_ATTACHMENT] Migrated 3,044 rows.
2026-01-09 11:59:45 [E780.E780_IF_FILE_ATTACHMENT] Migrated 3,045 rows.
2026-01-09 11:59:45 [E780.E780_IF_FILE_ATTACHMENT] Migrated 3,046 rows.
2026-01-09 11:59:45 [E780.E780_IF_FILE_ATTACHMENT] Migrated 3,047 rows.
2026-01-09 11:59:45 [E780.E780_IF_FILE_ATTACHMENT] Migrated 3,048 rows.
2026-01-09 11:59:46 [E780.E780_IF_FILE_ATTACHMENT] Migrated 3,049 rows.
2026-01-09 11:59:46 [E780.E780_IF_FILE_ATTACHMENT] Migrated 3,050 rows.
2026-01-09 11:59:46 [E780.E780_IF_FILE_ATTACHMENT] Migrated 3,051 rows.
2026-01-09 11:59:46 [E780.E780_IF_FILE_ATTACHMENT] Migrated 3,052 rows.
2026-01-09 11:59:46 [E780.E780_IF_FILE_ATTACHMENT] Migrated 3,053 rows.
2026-01-09 11:59:46 [E780.E780_IF_FILE_ATTACHMENT] Migrated 3,054 rows.
2026-01-09 11:59:46 [E780.E780_IF_FILE_ATTACHMENT] Migrated 3,055 rows.
2026-01-09 11:59:46 [E780.E780_IF_FILE_ATTACHMENT] Migrated 3,056 rows.
2026-01-09 11:59:46 [E780.E780_IF_FILE_ATTACHMENT] Migrated 3,057 rows.
2026-01-09 11:59:46 [E780.E780_IF_FILE_ATTACHMENT] Migrated 3,058 rows.
2026-01-09 11:59:46 [E780.E780_IF_FILE_ATTACHMENT] Migrated 3,059 rows.
2026-01-09 11:59:47 [E780.E780_IF_FILE_ATTACHMENT] Migrated 3,060 rows.
2026-01-09 11:59:47 [E780.E780_IF_FILE_ATTACHMENT] Migrated 3,061 rows.
2026-01-09 11:59:47 [E780.E780_IF_FILE_ATTACHMENT] Migrated 3,062 rows.
2026-01-09 11:59:47 [E780.E780_IF_FILE_ATTACHMENT] Migrated 3,063 rows.
2026-01-09 11:59:47 [E780.E780_IF_FILE_ATTACHMENT] Migrated 3,064 rows.
2026-01-09 11:59:47 [E780.E780_IF_FILE_ATTACHMENT] Migrated 3,065 rows.
2026-01-09 11:59:47 [E780.E780_IF_FILE_ATTACHMENT] Migrated 3,066 rows.
2026-01-09 11:59:48 [E780.E780_IF_FILE_ATTACHMENT] Migrated 3,067 rows.
2026-01-09 11:59:48 [E780.E780_IF_FILE_ATTACHMENT] Migrated 3,068 rows.
2026-01-09 11:59:48 [E780.E780_IF_FILE_ATTACHMENT] Migrated 3,069 rows.
2026-01-09 11:59:48 [E780.E780_IF_FILE_ATTACHMENT] Migrated 3,070 rows.
2026-01-09 11:59:48 [E780.E780_IF_FILE_ATTACHMENT] Migrated 3,071 rows.
2026-01-09 11:59:48 [E780.E780_IF_FILE_ATTACHMENT] Migrated 3,072 rows.
2026-01-09 11:59:48 [E780.E780_IF_FILE_ATTACHMENT] Migrated 3,073 rows.
2026-01-09 11:59:48 [E780.E780_IF_FILE_ATTACHMENT] Migrated 3,074 rows.
2026-01-09 11:59:48 [E780.E780_IF_FILE_ATTACHMENT] Migrated 3,075 rows.
2026-01-09 11:59:48 [E780.E780_IF_FILE_ATTACHMENT] Migrated 3,076 rows.
2026-01-09 11:59:48 [E780.E780_IF_FILE_ATTACHMENT] Migrated 3,077 rows.
2026-01-09 11:59:49 [E780.E780_IF_FILE_ATTACHMENT] Migrated 3,078 rows.
2026-01-09 11:59:49 [E780.E780_IF_FILE_ATTACHMENT] Migrated 3,079 rows.
2026-01-09 11:59:49 [E780.E780_IF_FILE_ATTACHMENT] Migrated 3,080 rows.
2026-01-09 11:59:49 [E780.E780_IF_FILE_ATTACHMENT] Migrated 3,081 rows.
2026-01-09 11:59:49 [E780.E780_IF_FILE_ATTACHMENT] Migrated 3,082 rows.
2026-01-09 11:59:49 [E780.E780_IF_FILE_ATTACHMENT] Migrated 3,083 rows.
2026-01-09 11:59:49 [E780.E780_IF_FILE_ATTACHMENT] Migrated 3,084 rows.
2026-01-09 11:59:49 [E780.E780_IF_FILE_ATTACHMENT] Migrated 3,085 rows.
2026-01-09 11:59:49 [E780.E780_IF_FILE_ATTACHMENT] Migrated 3,086 rows.
2026-01-09 11:59:49 [E780.E780_IF_FILE_ATTACHMENT] Migrated 3,087 rows.
2026-01-09 11:59:49 [E780.E780_IF_FILE_ATTACHMENT] Migrated 3,088 rows.
2026-01-09 11:59:49 [E780.E780_IF_FILE_ATTACHMENT] Migrated 3,089 rows.
2026-01-09 11:59:49 [E780.E780_IF_FILE_ATTACHMENT] Migrated 3,090 rows.
2026-01-09 11:59:49 [E780.E780_IF_FILE_ATTACHMENT] Migrated 3,091 rows.
2026-01-09 11:59:50 [E780.E780_IF_FILE_ATTACHMENT] Migrated 3,092 rows.
2026-01-09 11:59:50 [E780.E780_IF_FILE_ATTACHMENT] Migrated 3,093 rows.
2026-01-09 11:59:50 [E780.E780_IF_FILE_ATTACHMENT] Migrated 3,094 rows.
2026-01-09 11:59:50 [E780.E780_IF_FILE_ATTACHMENT] Migrated 3,095 rows.
2026-01-09 11:59:50 [E780.E780_IF_FILE_ATTACHMENT] Migrated 3,096 rows.
2026-01-09 11:59:50 [E780.E780_IF_FILE_ATTACHMENT] Migrated 3,097 rows.
2026-01-09 11:59:51 [E780.E780_IF_FILE_ATTACHMENT] Migrated 3,098 rows.
2026-01-09 11:59:51 [E780.E780_IF_FILE_ATTACHMENT] Migrated 3,099 rows.
2026-01-09 11:59:51 [E780.E780_IF_FILE_ATTACHMENT] Migrated 3,100 rows.
2026-01-09 11:59:51 [E780.E780_IF_FILE_ATTACHMENT] Migrated 3,101 rows.
2026-01-09 11:59:51 [E780.E780_IF_FILE_ATTACHMENT] Migrated 3,102 rows.
2026-01-09 11:59:51 [E780.E780_IF_FILE_ATTACHMENT] Migrated 3,103 rows.
2026-01-09 11:59:51 [E780.E780_IF_FILE_ATTACHMENT] Migrated 3,104 rows.
2026-01-09 11:59:51 [E780.E780_IF_FILE_ATTACHMENT] Migrated 3,105 rows.
2026-01-09 11:59:51 [E780.E780_IF_FILE_ATTACHMENT] Migrated 3,106 rows.
2026-01-09 11:59:51 [E780.E780_IF_FILE_ATTACHMENT] Migrated 3,107 rows.
2026-01-09 11:59:52 [E780.E780_IF_FILE_ATTACHMENT] Migrated 3,108 rows.
2026-01-09 11:59:52 [E780.E780_IF_FILE_ATTACHMENT] Migrated 3,109 rows.
2026-01-09 11:59:52 [E780.E780_IF_FILE_ATTACHMENT] Migrated 3,110 rows.
2026-01-09 11:59:52 [E780.E780_IF_FILE_ATTACHMENT] Migrated 3,111 rows.
2026-01-09 11:59:52 [E780.E780_IF_FILE_ATTACHMENT] Migrated 3,112 rows.
2026-01-09 11:59:52 [E780.E780_IF_FILE_ATTACHMENT] Migrated 3,113 rows.
2026-01-09 11:59:52 [E780.E780_IF_FILE_ATTACHMENT] Migrated 3,114 rows.
2026-01-09 11:59:52 [E780.E780_IF_FILE_ATTACHMENT] Migrated 3,115 rows.
2026-01-09 11:59:52 [E780.E780_IF_FILE_ATTACHMENT] Migrated 3,116 rows.
2026-01-09 11:59:52 [E780.E780_IF_FILE_ATTACHMENT] Migrated 3,117 rows.
2026-01-09 11:59:53 [E780.E780_IF_FILE_ATTACHMENT] Migrated 3,118 rows.
2026-01-09 11:59:53 [E780.E780_IF_FILE_ATTACHMENT] Migrated 3,119 rows.
2026-01-09 11:59:53 [E780.E780_IF_FILE_ATTACHMENT] Migrated 3,120 rows.
2026-01-09 11:59:53 [E780.E780_IF_FILE_ATTACHMENT] Migrated 3,121 rows.
2026-01-09 11:59:53 [E780.E780_IF_FILE_ATTACHMENT] Migrated 3,122 rows.
2026-01-09 11:59:53 [E780.E780_IF_FILE_ATTACHMENT] Migrated 3,123 rows.
2026-01-09 11:59:53 [E780.E780_IF_FILE_ATTACHMENT] Migrated 3,124 rows.
2026-01-09 11:59:53 [E780.E780_IF_FILE_ATTACHMENT] Migrated 3,125 rows.
2026-01-09 11:59:54 [E780.E780_IF_FILE_ATTACHMENT] Migrated 3,126 rows.
2026-01-09 11:59:54 [E780.E780_IF_FILE_ATTACHMENT] Migrated 3,127 rows.
2026-01-09 11:59:54 [E780.E780_IF_FILE_ATTACHMENT] Migrated 3,128 rows.
2026-01-09 11:59:54 [E780.E780_IF_FILE_ATTACHMENT] Migrated 3,129 rows.
2026-01-09 11:59:54 [E780.E780_IF_FILE_ATTACHMENT] Migrated 3,130 rows.
2026-01-09 11:59:54 [E780.E780_IF_FILE_ATTACHMENT] Migrated 3,131 rows.
2026-01-09 11:59:54 [E780.E780_IF_FILE_ATTACHMENT] Migrated 3,132 rows.
2026-01-09 11:59:54 [E780.E780_IF_FILE_ATTACHMENT] Migrated 3,133 rows.
2026-01-09 11:59:54 [E780.E780_IF_FILE_ATTACHMENT] Migrated 3,134 rows.
2026-01-09 11:59:54 [E780.E780_IF_FILE_ATTACHMENT] Migrated 3,135 rows.
2026-01-09 11:59:54 [E780.E780_IF_FILE_ATTACHMENT] Migrated 3,136 rows.
2026-01-09 11:59:54 [E780.E780_IF_FILE_ATTACHMENT] Migrated 3,137 rows.
2026-01-09 11:59:54 [E780.E780_IF_FILE_ATTACHMENT] Migrated 3,138 rows.
2026-01-09 11:59:55 [E780.E780_IF_FILE_ATTACHMENT] Migrated 3,139 rows.
2026-01-09 11:59:55 [E780.E780_IF_FILE_ATTACHMENT] Migrated 3,140 rows.
2026-01-09 11:59:55 [E780.E780_IF_FILE_ATTACHMENT] Migrated 3,141 rows.
2026-01-09 11:59:55 [E780.E780_IF_FILE_ATTACHMENT] Migrated 3,142 rows.
2026-01-09 11:59:55 [E780.E780_IF_FILE_ATTACHMENT] Migrated 3,143 rows.
2026-01-09 11:59:55 [E780.E780_IF_FILE_ATTACHMENT] Migrated 3,144 rows.
2026-01-09 11:59:55 [E780.E780_IF_FILE_ATTACHMENT] Migrated 3,145 rows.
2026-01-09 11:59:55 [E780.E780_IF_FILE_ATTACHMENT] Migrated 3,146 rows.
2026-01-09 11:59:55 [E780.E780_IF_FILE_ATTACHMENT] Migrated 3,147 rows.
2026-01-09 11:59:55 [E780.E780_IF_FILE_ATTACHMENT] Migrated 3,148 rows.
2026-01-09 11:59:55 [E780.E780_IF_FILE_ATTACHMENT] Migrated 3,149 rows.
2026-01-09 11:59:56 [E780.E780_IF_FILE_ATTACHMENT] Migrated 3,150 rows.
2026-01-09 11:59:56 [E780.E780_IF_FILE_ATTACHMENT] Migrated 3,151 rows.
2026-01-09 11:59:56 [E780.E780_IF_FILE_ATTACHMENT] Migrated 3,152 rows.
2026-01-09 11:59:56 [E780.E780_IF_FILE_ATTACHMENT] Migrated 3,153 rows.
2026-01-09 11:59:56 [E780.E780_IF_FILE_ATTACHMENT] Migrated 3,154 rows.
2026-01-09 11:59:56 [E780.E780_IF_FILE_ATTACHMENT] Migrated 3,155 rows.
2026-01-09 11:59:56 [E780.E780_IF_FILE_ATTACHMENT] Migrated 3,156 rows.
2026-01-09 11:59:56 [E780.E780_IF_FILE_ATTACHMENT] Migrated 3,157 rows.
2026-01-09 11:59:56 [E780.E780_IF_FILE_ATTACHMENT] Migrated 3,158 rows.
2026-01-09 11:59:56 [E780.E780_IF_FILE_ATTACHMENT] Migrated 3,159 rows.
2026-01-09 11:59:56 [E780.E780_IF_FILE_ATTACHMENT] Migrated 3,160 rows.
2026-01-09 11:59:56 [E780.E780_IF_FILE_ATTACHMENT] Migrated 3,161 rows.
2026-01-09 11:59:57 [E780.E780_IF_FILE_ATTACHMENT] Migrated 3,162 rows.
2026-01-09 11:59:57 [E780.E780_IF_FILE_ATTACHMENT] Migrated 3,163 rows.
2026-01-09 11:59:57 [E780.E780_IF_FILE_ATTACHMENT] Migrated 3,164 rows.
2026-01-09 11:59:57 [E780.E780_IF_FILE_ATTACHMENT] Migrated 3,165 rows.
2026-01-09 11:59:57 [E780.E780_IF_FILE_ATTACHMENT] Migrated 3,166 rows.
2026-01-09 11:59:57 [E780.E780_IF_FILE_ATTACHMENT] Migrated 3,167 rows.
2026-01-09 11:59:57 [E780.E780_IF_FILE_ATTACHMENT] Migrated 3,168 rows.
2026-01-09 11:59:57 [E780.E780_IF_FILE_ATTACHMENT] Migrated 3,169 rows.
2026-01-09 11:59:57 [E780.E780_IF_FILE_ATTACHMENT] Migrated 3,170 rows.
2026-01-09 11:59:57 [E780.E780_IF_FILE_ATTACHMENT] Migrated 3,171 rows.
2026-01-09 11:59:57 [E780.E780_IF_FILE_ATTACHMENT] Migrated 3,172 rows.
2026-01-09 11:59:58 [E780.E780_IF_FILE_ATTACHMENT] Migrated 3,173 rows.
2026-01-09 11:59:58 [E780.E780_IF_FILE_ATTACHMENT] Migrated 3,174 rows.
2026-01-09 11:59:58 [E780.E780_IF_FILE_ATTACHMENT] Migrated 3,175 rows.
2026-01-09 11:59:58 [E780.E780_IF_FILE_ATTACHMENT] Migrated 3,176 rows.
2026-01-09 11:59:58 [E780.E780_IF_FILE_ATTACHMENT] Migrated 3,177 rows.
2026-01-09 11:59:58 [E780.E780_IF_FILE_ATTACHMENT] Migrated 3,178 rows.
2026-01-09 11:59:58 [E780.E780_IF_FILE_ATTACHMENT] Migrated 3,179 rows.
2026-01-09 11:59:58 [E780.E780_IF_FILE_ATTACHMENT] Migrated 3,180 rows.
2026-01-09 11:59:58 [E780.E780_IF_FILE_ATTACHMENT] Migrated 3,181 rows.
2026-01-09 11:59:58 [E780.E780_IF_FILE_ATTACHMENT] Migrated 3,182 rows.
2026-01-09 11:59:58 [E780.E780_IF_FILE_ATTACHMENT] Migrated 3,183 rows.
2026-01-09 11:59:59 [E780.E780_IF_FILE_ATTACHMENT] Migrated 3,184 rows.
2026-01-09 11:59:59 [E780.E780_IF_FILE_ATTACHMENT] Migrated 3,185 rows.
2026-01-09 11:59:59 [E780.E780_IF_FILE_ATTACHMENT] Migrated 3,186 rows.
2026-01-09 11:59:59 [E780.E780_IF_FILE_ATTACHMENT] Migrated 3,187 rows.
2026-01-09 11:59:59 [E780.E780_IF_FILE_ATTACHMENT] Migrated 3,188 rows.
2026-01-09 11:59:59 [E780.E780_IF_FILE_ATTACHMENT] Migrated 3,189 rows.
2026-01-09 11:59:59 [E780.E780_IF_FILE_ATTACHMENT] Migrated 3,190 rows.
2026-01-09 11:59:59 [E780.E780_IF_FILE_ATTACHMENT] Migrated 3,191 rows.
2026-01-09 11:59:59 [E780.E780_IF_FILE_ATTACHMENT] Migrated 3,192 rows.
2026-01-09 11:59:59 [E780.E780_IF_FILE_ATTACHMENT] Migrated 3,193 rows.
2026-01-09 11:59:59 [E780.E780_IF_FILE_ATTACHMENT] Migrated 3,194 rows.
2026-01-09 11:59:59 [E780.E780_IF_FILE_ATTACHMENT] Migrated 3,195 rows.
2026-01-09 11:59:59 [E780.E780_IF_FILE_ATTACHMENT] Migrated 3,196 rows.
2026-01-09 11:59:59 [E780.E780_IF_FILE_ATTACHMENT] Migrated 3,197 rows.
2026-01-09 11:59:59 [E780.E780_IF_FILE_ATTACHMENT] Migrated 3,198 rows.
2026-01-09 11:59:59 [E780.E780_IF_FILE_ATTACHMENT] Migrated 3,199 rows.
2026-01-09 11:59:59 [E780.E780_IF_FILE_ATTACHMENT] Migrated 3,200 rows.
2026-01-09 11:59:59 [E780.E780_IF_FILE_ATTACHMENT] Migrated 3,201 rows.
2026-01-09 11:59:59 [E780.E780_IF_FILE_ATTACHMENT] Migrated 3,202 rows.
2026-01-09 11:59:59 [E780.E780_IF_FILE_ATTACHMENT] Migrated 3,203 rows.
2026-01-09 11:59:59 [E780.E780_IF_FILE_ATTACHMENT] Migrated 3,204 rows.
2026-01-09 11:59:59 [E780.E780_IF_FILE_ATTACHMENT] Migrated 3,205 rows.
2026-01-09 11:59:59 [E780.E780_IF_FILE_ATTACHMENT] Migrated 3,206 rows.
2026-01-09 11:59:59 [E780.E780_IF_FILE_ATTACHMENT] Migrated 3,207 rows.
2026-01-09 11:59:59 [E780.E780_IF_FILE_ATTACHMENT] Migrated 3,208 rows.
2026-01-09 11:59:59 [E780.E780_IF_FILE_ATTACHMENT] Migrated 3,209 rows.
2026-01-09 11:59:59 [E780.E780_IF_FILE_ATTACHMENT] Migrated 3,210 rows.
2026-01-09 11:59:59 [E780.E780_IF_FILE_ATTACHMENT] Migrated 3,211 rows.
2026-01-09 12:00:00 [E780.E780_IF_FILE_ATTACHMENT] Migrated 3,212 rows.
2026-01-09 12:00:00 [E780.E780_IF_FILE_ATTACHMENT] Migrated 3,213 rows.
2026-01-09 12:00:00 [E780.E780_IF_FILE_ATTACHMENT] Migrated 3,214 rows.
2026-01-09 12:00:00 [E780.E780_IF_FILE_ATTACHMENT] Migrated 3,215 rows.
2026-01-09 12:00:00 [E780.E780_IF_FILE_ATTACHMENT] Migrated 3,216 rows.
2026-01-09 12:00:00 [E780.E780_IF_FILE_ATTACHMENT] Migrated 3,217 rows.
2026-01-09 12:00:00 [E780.E780_IF_FILE_ATTACHMENT] Migrated 3,218 rows.
2026-01-09 12:00:00 [E780.E780_IF_FILE_ATTACHMENT] Migrated 3,219 rows.
2026-01-09 12:00:00 [E780.E780_IF_FILE_ATTACHMENT] Migrated 3,220 rows.
2026-01-09 12:00:00 [E780.E780_IF_FILE_ATTACHMENT] Migrated 3,221 rows.
2026-01-09 12:00:00 [E780.E780_IF_FILE_ATTACHMENT] Migrated 3,222 rows.
2026-01-09 12:00:00 [E780.E780_IF_FILE_ATTACHMENT] Migrated 3,223 rows.
2026-01-09 12:00:00 [E780.E780_IF_FILE_ATTACHMENT] Migrated 3,224 rows.
2026-01-09 12:00:00 [E780.E780_IF_FILE_ATTACHMENT] Migrated 3,225 rows.
2026-01-09 12:00:00 [E780.E780_IF_FILE_ATTACHMENT] Migrated 3,226 rows.
2026-01-09 12:00:00 [E780.E780_IF_FILE_ATTACHMENT] Migrated 3,227 rows.
2026-01-09 12:00:01 [E780.E780_IF_FILE_ATTACHMENT] Migrated 3,228 rows.
2026-01-09 12:00:01 [E780.E780_IF_FILE_ATTACHMENT] Migrated 3,229 rows.
2026-01-09 12:00:01 [E780.E780_IF_FILE_ATTACHMENT] Migrated 3,230 rows.
2026-01-09 12:00:01 [E780.E780_IF_FILE_ATTACHMENT] Migrated 3,231 rows.
2026-01-09 12:00:01 [E780.E780_IF_FILE_ATTACHMENT] Migrated 3,232 rows.
2026-01-09 12:00:01 [E780.E780_IF_FILE_ATTACHMENT] Migrated 3,233 rows.
2026-01-09 12:00:01 [E780.E780_IF_FILE_ATTACHMENT] Migrated 3,234 rows.
2026-01-09 12:00:01 [E780.E780_IF_FILE_ATTACHMENT] Migrated 3,235 rows.
2026-01-09 12:00:01 [E780.E780_IF_FILE_ATTACHMENT] Migrated 3,236 rows.
2026-01-09 12:00:01 [E780.E780_IF_FILE_ATTACHMENT] Migrated 3,237 rows.
2026-01-09 12:00:01 [E780.E780_IF_FILE_ATTACHMENT] Migrated 3,238 rows.
2026-01-09 12:00:01 [E780.E780_IF_FILE_ATTACHMENT] Migrated 3,239 rows.
2026-01-09 12:00:01 [E780.E780_IF_FILE_ATTACHMENT] Migrated 3,240 rows.
2026-01-09 12:00:01 [E780.E780_IF_FILE_ATTACHMENT] Migrated 3,241 rows.
2026-01-09 12:00:01 [E780.E780_IF_FILE_ATTACHMENT] Migrated 3,242 rows.
2026-01-09 12:00:01 [E780.E780_IF_FILE_ATTACHMENT] Migrated 3,243 rows.
2026-01-09 12:00:01 [E780.E780_IF_FILE_ATTACHMENT] Migrated 3,244 rows.
2026-01-09 12:00:01 [E780.E780_IF_FILE_ATTACHMENT] Migrated 3,245 rows.
2026-01-09 12:00:01 [E780.E780_IF_FILE_ATTACHMENT] Migrated 3,246 rows.
2026-01-09 12:00:01 [E780.E780_IF_FILE_ATTACHMENT] Migrated 3,247 rows.
2026-01-09 12:00:01 [E780.E780_IF_FILE_ATTACHMENT] Migrated 3,248 rows.
2026-01-09 12:00:01 [E780.E780_IF_FILE_ATTACHMENT] Migrated 3,249 rows.
2026-01-09 12:00:02 [E780.E780_IF_FILE_ATTACHMENT] Migrated 3,250 rows.
2026-01-09 12:00:02 [E780.E780_IF_FILE_ATTACHMENT] Migrated 3,251 rows.
2026-01-09 12:00:02 [E780.E780_IF_FILE_ATTACHMENT] Migrated 3,252 rows.
2026-01-09 12:00:02 [E780.E780_IF_FILE_ATTACHMENT] Migrated 3,253 rows.
2026-01-09 12:00:02 [E780.E780_IF_FILE_ATTACHMENT] Migrated 3,254 rows.
2026-01-09 12:00:02 [E780.E780_IF_FILE_ATTACHMENT] Migrated 3,255 rows.
2026-01-09 12:00:02 [E780.E780_IF_FILE_ATTACHMENT] Migrated 3,256 rows.
2026-01-09 12:00:02 [E780.E780_IF_FILE_ATTACHMENT] Migrated 3,257 rows.
2026-01-09 12:00:02 [E780.E780_IF_FILE_ATTACHMENT] Migrated 3,258 rows.
2026-01-09 12:00:02 [E780.E780_IF_FILE_ATTACHMENT] Migrated 3,259 rows.
2026-01-09 12:00:02 [E780.E780_IF_FILE_ATTACHMENT] Migrated 3,260 rows.
2026-01-09 12:00:03 [E780.E780_IF_FILE_ATTACHMENT] Migrated 3,261 rows.
2026-01-09 12:00:03 [E780.E780_IF_FILE_ATTACHMENT] Migrated 3,262 rows.
2026-01-09 12:00:03 [E780.E780_IF_FILE_ATTACHMENT] Migrated 3,263 rows.
2026-01-09 12:00:03 [E780.E780_IF_FILE_ATTACHMENT] Migrated 3,264 rows.
2026-01-09 12:00:03 [E780.E780_IF_FILE_ATTACHMENT] Migrated 3,265 rows.
2026-01-09 12:00:03 [E780.E780_IF_FILE_ATTACHMENT] Migrated 3,266 rows.
2026-01-09 12:00:03 [E780.E780_IF_FILE_ATTACHMENT] Migrated 3,267 rows.
2026-01-09 12:00:03 [E780.E780_IF_FILE_ATTACHMENT] Migrated 3,268 rows.
2026-01-09 12:00:03 [E780.E780_IF_FILE_ATTACHMENT] Migrated 3,269 rows.
2026-01-09 12:00:03 [E780.E780_IF_FILE_ATTACHMENT] Migrated 3,270 rows.
2026-01-09 12:00:03 [E780.E780_IF_FILE_ATTACHMENT] Migrated 3,271 rows.
2026-01-09 12:00:04 [E780.E780_IF_FILE_ATTACHMENT] Migrated 3,272 rows.
2026-01-09 12:00:04 [E780.E780_IF_FILE_ATTACHMENT] Migrated 3,273 rows.
2026-01-09 12:00:04 [E780.E780_IF_FILE_ATTACHMENT] Migrated 3,274 rows.
2026-01-09 12:00:04 [E780.E780_IF_FILE_ATTACHMENT] Migrated 3,275 rows.
2026-01-09 12:00:04 [E780.E780_IF_FILE_ATTACHMENT] Migrated 3,276 rows.
2026-01-09 12:00:04 [E780.E780_IF_FILE_ATTACHMENT] Migrated 3,277 rows.
2026-01-09 12:00:04 [E780.E780_IF_FILE_ATTACHMENT] Migrated 3,278 rows.
2026-01-09 12:00:04 [E780.E780_IF_FILE_ATTACHMENT] Migrated 3,279 rows.
2026-01-09 12:00:05 [E780.E780_IF_FILE_ATTACHMENT] Migrated 3,280 rows.
2026-01-09 12:00:05 [E780.E780_IF_FILE_ATTACHMENT] Migrated 3,281 rows.
2026-01-09 12:00:05 [E780.E780_IF_FILE_ATTACHMENT] Migrated 3,282 rows.
2026-01-09 12:00:05 [E780.E780_IF_FILE_ATTACHMENT] Migrated 3,283 rows.
2026-01-09 12:00:05 [E780.E780_IF_FILE_ATTACHMENT] Migrated 3,284 rows.
2026-01-09 12:00:05 [E780.E780_IF_FILE_ATTACHMENT] Migrated 3,285 rows.
2026-01-09 12:00:05 [E780.E780_IF_FILE_ATTACHMENT] Migrated 3,286 rows.
2026-01-09 12:00:05 [E780.E780_IF_FILE_ATTACHMENT] Migrated 3,287 rows.
2026-01-09 12:00:05 [E780.E780_IF_FILE_ATTACHMENT] Migrated 3,288 rows.
2026-01-09 12:00:05 [E780.E780_IF_FILE_ATTACHMENT] Migrated 3,289 rows.
2026-01-09 12:00:05 [E780.E780_IF_FILE_ATTACHMENT] Migrated 3,290 rows.
2026-01-09 12:00:06 [E780.E780_IF_FILE_ATTACHMENT] Migrated 3,291 rows.
2026-01-09 12:00:06 [E780.E780_IF_FILE_ATTACHMENT] Migrated 3,292 rows.
2026-01-09 12:00:06 [E780.E780_IF_FILE_ATTACHMENT] Migrated 3,293 rows.
2026-01-09 12:00:06 [E780.E780_IF_FILE_ATTACHMENT] Migrated 3,294 rows.
2026-01-09 12:00:06 [E780.E780_IF_FILE_ATTACHMENT] Migrated 3,295 rows.
2026-01-09 12:00:06 [E780.E780_IF_FILE_ATTACHMENT] Migrated 3,296 rows.
2026-01-09 12:00:06 [E780.E780_IF_FILE_ATTACHMENT] Migrated 3,297 rows.
2026-01-09 12:00:06 [E780.E780_IF_FILE_ATTACHMENT] Migrated 3,298 rows.
2026-01-09 12:00:06 [E780.E780_IF_FILE_ATTACHMENT] Migrated 3,299 rows.
2026-01-09 12:00:06 [E780.E780_IF_FILE_ATTACHMENT] Migrated 3,300 rows.
2026-01-09 12:00:06 [E780.E780_IF_FILE_ATTACHMENT] Migrated 3,301 rows.
2026-01-09 12:00:06 [E780.E780_IF_FILE_ATTACHMENT] Migrated 3,302 rows.
2026-01-09 12:00:06 [E780.E780_IF_FILE_ATTACHMENT] Migrated 3,303 rows.
2026-01-09 12:00:06 [E780.E780_IF_FILE_ATTACHMENT] Migrated 3,304 rows.
2026-01-09 12:00:06 [E780.E780_IF_FILE_ATTACHMENT] Migrated 3,305 rows.
2026-01-09 12:00:07 [E780.E780_IF_FILE_ATTACHMENT] Migrated 3,306 rows.
2026-01-09 12:00:07 [E780.E780_IF_FILE_ATTACHMENT] Migrated 3,307 rows.
2026-01-09 12:00:07 [E780.E780_IF_FILE_ATTACHMENT] Migrated 3,308 rows.
2026-01-09 12:00:07 [E780.E780_IF_FILE_ATTACHMENT] Migrated 3,309 rows.
2026-01-09 12:00:07 [E780.E780_IF_FILE_ATTACHMENT] Migrated 3,310 rows.
2026-01-09 12:00:07 [E780.E780_IF_FILE_ATTACHMENT] Migrated 3,311 rows.
2026-01-09 12:00:07 [E780.E780_IF_FILE_ATTACHMENT] Migrated 3,312 rows.
2026-01-09 12:00:07 [E780.E780_IF_FILE_ATTACHMENT] Migrated 3,313 rows.
2026-01-09 12:00:08 [E780.E780_IF_FILE_ATTACHMENT] Migrated 3,314 rows.
2026-01-09 12:00:08 [E780.E780_IF_FILE_ATTACHMENT] Migrated 3,315 rows.
2026-01-09 12:00:08 [E780.E780_IF_FILE_ATTACHMENT] Migrated 3,316 rows.
2026-01-09 12:00:08 [E780.E780_IF_FILE_ATTACHMENT] Migrated 3,317 rows.
2026-01-09 12:00:08 [E780.E780_IF_FILE_ATTACHMENT] Migrated 3,318 rows.
2026-01-09 12:00:08 [E780.E780_IF_FILE_ATTACHMENT] Migrated 3,319 rows.
2026-01-09 12:00:08 [E780.E780_IF_FILE_ATTACHMENT] Migrated 3,320 rows.
2026-01-09 12:00:08 [E780.E780_IF_FILE_ATTACHMENT] Migrated 3,321 rows.
2026-01-09 12:00:08 [E780.E780_IF_FILE_ATTACHMENT] Migrated 3,322 rows.
2026-01-09 12:00:09 [E780.E780_IF_FILE_ATTACHMENT] Migrated 3,323 rows.
2026-01-09 12:00:09 [E780.E780_IF_FILE_ATTACHMENT] Migrated 3,324 rows.
2026-01-09 12:00:09 [E780.E780_IF_FILE_ATTACHMENT] Migrated 3,325 rows.
2026-01-09 12:00:09 [E780.E780_IF_FILE_ATTACHMENT] Migrated 3,326 rows.
2026-01-09 12:00:09 [E780.E780_IF_FILE_ATTACHMENT] Migrated 3,327 rows.
2026-01-09 12:00:09 [E780.E780_IF_FILE_ATTACHMENT] Migrated 3,328 rows.
2026-01-09 12:00:09 [E780.E780_IF_FILE_ATTACHMENT] Migrated 3,329 rows.
2026-01-09 12:00:09 [E780.E780_IF_FILE_ATTACHMENT] Migrated 3,330 rows.
2026-01-09 12:00:09 [E780.E780_IF_FILE_ATTACHMENT] Migrated 3,331 rows.
2026-01-09 12:00:09 [E780.E780_IF_FILE_ATTACHMENT] Migrated 3,332 rows.
2026-01-09 12:00:09 [E780.E780_IF_FILE_ATTACHMENT] Migrated 3,333 rows.
2026-01-09 12:00:10 [E780.E780_IF_FILE_ATTACHMENT] Migrated 3,334 rows.
2026-01-09 12:00:10 [E780.E780_IF_FILE_ATTACHMENT] Migrated 3,335 rows.
2026-01-09 12:00:10 [E780.E780_IF_FILE_ATTACHMENT] Migrated 3,336 rows.
2026-01-09 12:00:10 [E780.E780_IF_FILE_ATTACHMENT] Migrated 3,337 rows.
2026-01-09 12:00:10 [E780.E780_IF_FILE_ATTACHMENT] Migrated 3,338 rows.
2026-01-09 12:00:10 [E780.E780_IF_FILE_ATTACHMENT] Migrated 3,339 rows.
2026-01-09 12:00:10 [E780.E780_IF_FILE_ATTACHMENT] Migrated 3,340 rows.
2026-01-09 12:00:10 [E780.E780_IF_FILE_ATTACHMENT] Migrated 3,341 rows.
2026-01-09 12:00:10 [E780.E780_IF_FILE_ATTACHMENT] Migrated 3,342 rows.
2026-01-09 12:00:10 [E780.E780_IF_FILE_ATTACHMENT] Migrated 3,343 rows.
2026-01-09 12:00:10 [E780.E780_IF_FILE_ATTACHMENT] Migrated 3,344 rows.
2026-01-09 12:00:10 [E780.E780_IF_FILE_ATTACHMENT] Migrated 3,345 rows.
2026-01-09 12:00:11 [E780.E780_IF_FILE_ATTACHMENT] Migrated 3,346 rows.
2026-01-09 12:00:11 [E780.E780_IF_FILE_ATTACHMENT] Migrated 3,347 rows.
2026-01-09 12:00:11 [E780.E780_IF_FILE_ATTACHMENT] Migrated 3,348 rows.
2026-01-09 12:00:11 [E780.E780_IF_FILE_ATTACHMENT] Migrated 3,349 rows.
2026-01-09 12:00:11 [E780.E780_IF_FILE_ATTACHMENT] Migrated 3,350 rows.
2026-01-09 12:00:11 [E780.E780_IF_FILE_ATTACHMENT] Migrated 3,351 rows.
2026-01-09 12:00:11 [E780.E780_IF_FILE_ATTACHMENT] Migrated 3,352 rows.
2026-01-09 12:00:11 [E780.E780_IF_FILE_ATTACHMENT] Migrated 3,353 rows.
2026-01-09 12:00:11 [E780.E780_IF_FILE_ATTACHMENT] Migrated 3,354 rows.
2026-01-09 12:00:12 [E780.E780_IF_FILE_ATTACHMENT] Migrated 3,355 rows.
2026-01-09 12:00:12 [E780.E780_IF_FILE_ATTACHMENT] Migrated 3,356 rows.
2026-01-09 12:00:12 [E780.E780_IF_FILE_ATTACHMENT] Migrated 3,357 rows.
2026-01-09 12:00:12 [E780.E780_IF_FILE_ATTACHMENT] Migrated 3,358 rows.
2026-01-09 12:00:12 [E780.E780_IF_FILE_ATTACHMENT] Migrated 3,359 rows.
2026-01-09 12:00:12 [E780.E780_IF_FILE_ATTACHMENT] Migrated 3,360 rows.
2026-01-09 12:00:12 [E780.E780_IF_FILE_ATTACHMENT] Migrated 3,361 rows.
2026-01-09 12:00:12 [E780.E780_IF_FILE_ATTACHMENT] Migrated 3,362 rows.
2026-01-09 12:00:12 [E780.E780_IF_FILE_ATTACHMENT] Migrated 3,363 rows.
2026-01-09 12:00:12 [E780.E780_IF_FILE_ATTACHMENT] Migrated 3,364 rows.
2026-01-09 12:00:12 [E780.E780_IF_FILE_ATTACHMENT] Migrated 3,365 rows.
2026-01-09 12:00:12 [E780.E780_IF_FILE_ATTACHMENT] Migrated 3,366 rows.
2026-01-09 12:00:12 [E780.E780_IF_FILE_ATTACHMENT] Migrated 3,367 rows.
2026-01-09 12:00:12 [E780.E780_IF_FILE_ATTACHMENT] Migrated 3,368 rows.
2026-01-09 12:00:12 [E780.E780_IF_FILE_ATTACHMENT] Migrated 3,369 rows.
2026-01-09 12:00:12 [E780.E780_IF_FILE_ATTACHMENT] Migrated 3,370 rows.
2026-01-09 12:00:12 [E780.E780_IF_FILE_ATTACHMENT] Migrated 3,371 rows.
2026-01-09 12:00:13 [E780.E780_IF_FILE_ATTACHMENT] Migrated 3,372 rows.
2026-01-09 12:00:13 [E780.E780_IF_FILE_ATTACHMENT] Migrated 3,373 rows.
2026-01-09 12:00:13 [E780.E780_IF_FILE_ATTACHMENT] Migrated 3,374 rows.
2026-01-09 12:00:13 [E780.E780_IF_FILE_ATTACHMENT] Migrated 3,375 rows.
2026-01-09 12:00:13 [E780.E780_IF_FILE_ATTACHMENT] Migrated 3,376 rows.
2026-01-09 12:00:13 [E780.E780_IF_FILE_ATTACHMENT] Migrated 3,377 rows.
2026-01-09 12:00:13 [E780.E780_IF_FILE_ATTACHMENT] Migrated 3,378 rows.
2026-01-09 12:00:13 [E780.E780_IF_FILE_ATTACHMENT] Migrated 3,379 rows.
2026-01-09 12:00:13 [E780.E780_IF_FILE_ATTACHMENT] Migrated 3,380 rows.
2026-01-09 12:00:13 [E780.E780_IF_FILE_ATTACHMENT] Migrated 3,381 rows.
2026-01-09 12:00:13 [E780.E780_IF_FILE_ATTACHMENT] Migrated 3,382 rows.
2026-01-09 12:00:14 [E780.E780_IF_FILE_ATTACHMENT] Migrated 3,383 rows.
2026-01-09 12:00:14 [E780.E780_IF_FILE_ATTACHMENT] Migrated 3,384 rows.
2026-01-09 12:00:14 [E780.E780_IF_FILE_ATTACHMENT] Migrated 3,385 rows.
2026-01-09 12:00:14 [E780.E780_IF_FILE_ATTACHMENT] Migrated 3,386 rows.
2026-01-09 12:00:14 [E780.E780_IF_FILE_ATTACHMENT] Migrated 3,387 rows.
2026-01-09 12:00:14 [E780.E780_IF_FILE_ATTACHMENT] Migrated 3,388 rows.
2026-01-09 12:00:14 [E780.E780_IF_FILE_ATTACHMENT] Migrated 3,389 rows.
2026-01-09 12:00:14 [E780.E780_IF_FILE_ATTACHMENT] Migrated 3,390 rows.
2026-01-09 12:00:14 [E780.E780_IF_FILE_ATTACHMENT] Migrated 3,391 rows.
2026-01-09 12:00:14 [E780.E780_IF_FILE_ATTACHMENT] Migrated 3,392 rows.
2026-01-09 12:00:15 [E780.E780_IF_FILE_ATTACHMENT] Migrated 3,393 rows.
2026-01-09 12:00:15 [E780.E780_IF_FILE_ATTACHMENT] Migrated 3,394 rows.
2026-01-09 12:00:15 [E780.E780_IF_FILE_ATTACHMENT] Migrated 3,395 rows.
2026-01-09 12:00:15 [E780.E780_IF_FILE_ATTACHMENT] Migrated 3,396 rows.
2026-01-09 12:00:15 [E780.E780_IF_FILE_ATTACHMENT] Migrated 3,397 rows.
2026-01-09 12:00:15 [E780.E780_IF_FILE_ATTACHMENT] Migrated 3,398 rows.
2026-01-09 12:00:15 [E780.E780_IF_FILE_ATTACHMENT] Migrated 3,399 rows.
2026-01-09 12:00:15 [E780.E780_IF_FILE_ATTACHMENT] Migrated 3,400 rows.
2026-01-09 12:00:15 [E780.E780_IF_FILE_ATTACHMENT] Migrated 3,401 rows.
2026-01-09 12:00:15 [E780.E780_IF_FILE_ATTACHMENT] Migrated 3,402 rows.
2026-01-09 12:00:15 [E780.E780_IF_FILE_ATTACHMENT] Migrated 3,403 rows.
2026-01-09 12:00:15 [E780.E780_IF_FILE_ATTACHMENT] Migrated 3,404 rows.
2026-01-09 12:00:15 [E780.E780_IF_FILE_ATTACHMENT] Migrated 3,405 rows.
2026-01-09 12:00:15 [E780.E780_IF_FILE_ATTACHMENT] Migrated 3,406 rows.
2026-01-09 12:00:15 [E780.E780_IF_FILE_ATTACHMENT] Migrated 3,407 rows.
2026-01-09 12:00:16 [E780.E780_IF_FILE_ATTACHMENT] Migrated 3,408 rows.
2026-01-09 12:00:16 [E780.E780_IF_FILE_ATTACHMENT] Migrated 3,409 rows.
2026-01-09 12:00:16 [E780.E780_IF_FILE_ATTACHMENT] Migrated 3,410 rows.
2026-01-09 12:00:16 [E780.E780_IF_FILE_ATTACHMENT] Migrated 3,411 rows.
2026-01-09 12:00:16 [E780.E780_IF_FILE_ATTACHMENT] Migrated 3,412 rows.
2026-01-09 12:00:16 [E780.E780_IF_FILE_ATTACHMENT] Migrated 3,413 rows.
2026-01-09 12:00:16 [E780.E780_IF_FILE_ATTACHMENT] Migrated 3,414 rows.
2026-01-09 12:00:16 [E780.E780_IF_FILE_ATTACHMENT] Migrated 3,415 rows.
2026-01-09 12:00:16 [E780.E780_IF_FILE_ATTACHMENT] Migrated 3,416 rows.
2026-01-09 12:00:16 [E780.E780_IF_FILE_ATTACHMENT] Migrated 3,417 rows.
2026-01-09 12:00:16 [E780.E780_IF_FILE_ATTACHMENT] Migrated 3,418 rows.
2026-01-09 12:00:17 [E780.E780_IF_FILE_ATTACHMENT] Migrated 3,419 rows.
2026-01-09 12:00:17 [E780.E780_IF_FILE_ATTACHMENT] Migrated 3,420 rows.
2026-01-09 12:00:17 [E780.E780_IF_FILE_ATTACHMENT] Migrated 3,421 rows.
2026-01-09 12:00:17 [E780.E780_IF_FILE_ATTACHMENT] Migrated 3,422 rows.
2026-01-09 12:00:17 [E780.E780_IF_FILE_ATTACHMENT] Migrated 3,423 rows.
2026-01-09 12:00:17 [E780.E780_IF_FILE_ATTACHMENT] Migrated 3,424 rows.
2026-01-09 12:00:17 [E780.E780_IF_FILE_ATTACHMENT] Migrated 3,425 rows.
2026-01-09 12:00:17 [E780.E780_IF_FILE_ATTACHMENT] Migrated 3,426 rows.
2026-01-09 12:00:17 [E780.E780_IF_FILE_ATTACHMENT] Migrated 3,427 rows.
2026-01-09 12:00:17 [E780.E780_IF_FILE_ATTACHMENT] Migrated 3,428 rows.
2026-01-09 12:00:17 [E780.E780_IF_FILE_ATTACHMENT] Migrated 3,429 rows.
2026-01-09 12:00:17 [E780.E780_IF_FILE_ATTACHMENT] Migrated 3,430 rows.
2026-01-09 12:00:18 [E780.E780_IF_FILE_ATTACHMENT] Migrated 3,431 rows.
2026-01-09 12:00:18 [E780.E780_IF_FILE_ATTACHMENT] Migrated 3,432 rows.
2026-01-09 12:00:18 [E780.E780_IF_FILE_ATTACHMENT] Migrated 3,433 rows.
2026-01-09 12:00:18 [E780.E780_IF_FILE_ATTACHMENT] Migrated 3,434 rows.
2026-01-09 12:00:18 [E780.E780_IF_FILE_ATTACHMENT] Migrated 3,435 rows.
2026-01-09 12:00:18 [E780.E780_IF_FILE_ATTACHMENT] Migrated 3,436 rows.
2026-01-09 12:00:18 [E780.E780_IF_FILE_ATTACHMENT] Migrated 3,437 rows.
2026-01-09 12:00:18 [E780.E780_IF_FILE_ATTACHMENT] Migrated 3,438 rows.
2026-01-09 12:00:18 [E780.E780_IF_FILE_ATTACHMENT] Migrated 3,439 rows.
2026-01-09 12:00:18 [E780.E780_IF_FILE_ATTACHMENT] Migrated 3,440 rows.
2026-01-09 12:00:19 [E780.E780_IF_FILE_ATTACHMENT] Migrated 3,441 rows.
2026-01-09 12:00:19 [E780.E780_IF_FILE_ATTACHMENT] Migrated 3,442 rows.
2026-01-09 12:00:19 [E780.E780_IF_FILE_ATTACHMENT] Migrated 3,443 rows.
2026-01-09 12:00:19 [E780.E780_IF_FILE_ATTACHMENT] Migrated 3,444 rows.
2026-01-09 12:00:19 [E780.E780_IF_FILE_ATTACHMENT] Migrated 3,445 rows.
2026-01-09 12:00:19 [E780.E780_IF_FILE_ATTACHMENT] Migrated 3,446 rows.
2026-01-09 12:00:19 [E780.E780_IF_FILE_ATTACHMENT] Migrated 3,447 rows.
2026-01-09 12:00:19 [E780.E780_IF_FILE_ATTACHMENT] Migrated 3,448 rows.
2026-01-09 12:00:19 [E780.E780_IF_FILE_ATTACHMENT] Migrated 3,449 rows.
2026-01-09 12:00:19 [E780.E780_IF_FILE_ATTACHMENT] Migrated 3,450 rows.
2026-01-09 12:00:19 [E780.E780_IF_FILE_ATTACHMENT] Migrated 3,451 rows.
2026-01-09 12:00:19 [E780.E780_IF_FILE_ATTACHMENT] Migrated 3,452 rows.
2026-01-09 12:00:19 [E780.E780_IF_FILE_ATTACHMENT] Migrated 3,453 rows.
2026-01-09 12:00:19 [E780.E780_IF_FILE_ATTACHMENT] Migrated 3,454 rows.
2026-01-09 12:00:20 [E780.E780_IF_FILE_ATTACHMENT] Migrated 3,455 rows.
2026-01-09 12:00:20 [E780.E780_IF_FILE_ATTACHMENT] Migrated 3,456 rows.
2026-01-09 12:00:20 [E780.E780_IF_FILE_ATTACHMENT] Migrated 3,457 rows.
2026-01-09 12:00:20 [E780.E780_IF_FILE_ATTACHMENT] Migrated 3,458 rows.
2026-01-09 12:00:20 [E780.E780_IF_FILE_ATTACHMENT] Migrated 3,459 rows.
2026-01-09 12:00:20 [E780.E780_IF_FILE_ATTACHMENT] Migrated 3,460 rows.
2026-01-09 12:00:20 [E780.E780_IF_FILE_ATTACHMENT] Migrated 3,461 rows.
2026-01-09 12:00:20 [E780.E780_IF_FILE_ATTACHMENT] Migrated 3,462 rows.
2026-01-09 12:00:20 [E780.E780_IF_FILE_ATTACHMENT] Migrated 3,463 rows.
2026-01-09 12:00:20 [E780.E780_IF_FILE_ATTACHMENT] Migrated 3,464 rows.
2026-01-09 12:00:20 [E780.E780_IF_FILE_ATTACHMENT] Migrated 3,465 rows.
2026-01-09 12:00:20 [E780.E780_IF_FILE_ATTACHMENT] Migrated 3,466 rows.
2026-01-09 12:00:21 [E780.E780_IF_FILE_ATTACHMENT] Migrated 3,467 rows.
2026-01-09 12:00:21 [E780.E780_IF_FILE_ATTACHMENT] Migrated 3,468 rows.
2026-01-09 12:00:21 [E780.E780_IF_FILE_ATTACHMENT] Migrated 3,469 rows.
2026-01-09 12:00:21 [E780.E780_IF_FILE_ATTACHMENT] Migrated 3,470 rows.
2026-01-09 12:00:21 [E780.E780_IF_FILE_ATTACHMENT] Migrated 3,471 rows.
2026-01-09 12:00:21 [E780.E780_IF_FILE_ATTACHMENT] Migrated 3,472 rows.
2026-01-09 12:00:21 [E780.E780_IF_FILE_ATTACHMENT] Migrated 3,473 rows.
2026-01-09 12:00:22 [E780.E780_IF_FILE_ATTACHMENT] Migrated 3,474 rows.
2026-01-09 12:00:22 [E780.E780_IF_FILE_ATTACHMENT] Migrated 3,475 rows.
2026-01-09 12:00:22 [E780.E780_IF_FILE_ATTACHMENT] Migrated 3,476 rows.
2026-01-09 12:00:22 [E780.E780_IF_FILE_ATTACHMENT] Migrated 3,477 rows.
2026-01-09 12:00:22 [E780.E780_IF_FILE_ATTACHMENT] Migrated 3,478 rows.
2026-01-09 12:00:22 [E780.E780_IF_FILE_ATTACHMENT] Migrated 3,479 rows.
2026-01-09 12:00:22 [E780.E780_IF_FILE_ATTACHMENT] Migrated 3,480 rows.
2026-01-09 12:00:22 [E780.E780_IF_FILE_ATTACHMENT] Migrated 3,481 rows.
2026-01-09 12:00:23 [E780.E780_IF_FILE_ATTACHMENT] Migrated 3,482 rows.
2026-01-09 12:00:23 [E780.E780_IF_FILE_ATTACHMENT] Migrated 3,483 rows.
2026-01-09 12:00:23 [E780.E780_IF_FILE_ATTACHMENT] Migrated 3,484 rows.
2026-01-09 12:00:23 [E780.E780_IF_FILE_ATTACHMENT] Migrated 3,485 rows.
2026-01-09 12:00:23 [E780.E780_IF_FILE_ATTACHMENT] Migrated 3,486 rows.
2026-01-09 12:00:23 [E780.E780_IF_FILE_ATTACHMENT] Migrated 3,487 rows.
2026-01-09 12:00:23 [E780.E780_IF_FILE_ATTACHMENT] Migrated 3,488 rows.
2026-01-09 12:00:23 [E780.E780_IF_FILE_ATTACHMENT] Migrated 3,489 rows.
2026-01-09 12:00:23 [E780.E780_IF_FILE_ATTACHMENT] Migrated 3,490 rows.
2026-01-09 12:00:23 [E780.E780_IF_FILE_ATTACHMENT] Migrated 3,491 rows.
2026-01-09 12:00:23 [E780.E780_IF_FILE_ATTACHMENT] Migrated 3,492 rows.
2026-01-09 12:00:23 [E780.E780_IF_FILE_ATTACHMENT] Migrated 3,493 rows.
2026-01-09 12:00:23 [E780.E780_IF_FILE_ATTACHMENT] Migrated 3,494 rows.
2026-01-09 12:00:23 [E780.E780_IF_FILE_ATTACHMENT] Migrated 3,495 rows.
2026-01-09 12:00:24 [E780.E780_IF_FILE_ATTACHMENT] Migrated 3,496 rows.
2026-01-09 12:00:24 [E780.E780_IF_FILE_ATTACHMENT] Migrated 3,497 rows.
2026-01-09 12:00:24 [E780.E780_IF_FILE_ATTACHMENT] Migrated 3,498 rows.
2026-01-09 12:00:24 [E780.E780_IF_FILE_ATTACHMENT] Migrated 3,499 rows.
2026-01-09 12:00:24 [E780.E780_IF_FILE_ATTACHMENT] Migrated 3,500 rows.
2026-01-09 12:00:24 [E780.E780_IF_FILE_ATTACHMENT] Migrated 3,501 rows.
2026-01-09 12:00:24 [E780.E780_IF_FILE_ATTACHMENT] Migrated 3,502 rows.
2026-01-09 12:00:24 [E780.E780_IF_FILE_ATTACHMENT] Migrated 3,503 rows.
2026-01-09 12:00:24 [E780.E780_IF_FILE_ATTACHMENT] Migrated 3,504 rows.
2026-01-09 12:00:24 [E780.E780_IF_FILE_ATTACHMENT] Migrated 3,505 rows.
2026-01-09 12:00:24 [E780.E780_IF_FILE_ATTACHMENT] Migrated 3,506 rows.
2026-01-09 12:00:24 [E780.E780_IF_FILE_ATTACHMENT] Migrated 3,507 rows.
2026-01-09 12:00:24 [E780.E780_IF_FILE_ATTACHMENT] Migrated 3,508 rows.
2026-01-09 12:00:24 [E780.E780_IF_FILE_ATTACHMENT] Migrated 3,509 rows.
2026-01-09 12:00:24 [E780.E780_IF_FILE_ATTACHMENT] Migrated 3,510 rows.
2026-01-09 12:00:25 [E780.E780_IF_FILE_ATTACHMENT] Migrated 3,511 rows.
2026-01-09 12:00:25 [E780.E780_IF_FILE_ATTACHMENT] Migrated 3,512 rows.
2026-01-09 12:00:25 [E780.E780_IF_FILE_ATTACHMENT] Migrated 3,513 rows.
2026-01-09 12:00:25 [E780.E780_IF_FILE_ATTACHMENT] Migrated 3,514 rows.
2026-01-09 12:00:25 [E780.E780_IF_FILE_ATTACHMENT] Migrated 3,515 rows.
2026-01-09 12:00:25 [E780.E780_IF_FILE_ATTACHMENT] Migrated 3,516 rows.
2026-01-09 12:00:25 [E780.E780_IF_FILE_ATTACHMENT] Migrated 3,517 rows.
2026-01-09 12:00:25 [E780.E780_IF_FILE_ATTACHMENT] Migrated 3,518 rows.
2026-01-09 12:00:25 [E780.E780_IF_FILE_ATTACHMENT] Migrated 3,519 rows.
2026-01-09 12:00:25 [E780.E780_IF_FILE_ATTACHMENT] Migrated 3,520 rows.
2026-01-09 12:00:26 [E780.E780_IF_FILE_ATTACHMENT] Migrated 3,521 rows.
2026-01-09 12:00:26 [E780.E780_IF_FILE_ATTACHMENT] Migrated 3,522 rows.
2026-01-09 12:00:26 [E780.E780_IF_FILE_ATTACHMENT] Migrated 3,523 rows.
2026-01-09 12:00:26 [E780.E780_IF_FILE_ATTACHMENT] Migrated 3,524 rows.
2026-01-09 12:00:26 [E780.E780_IF_FILE_ATTACHMENT] Migrated 3,525 rows.
2026-01-09 12:00:26 [E780.E780_IF_FILE_ATTACHMENT] Migrated 3,526 rows.
2026-01-09 12:00:26 [E780.E780_IF_FILE_ATTACHMENT] Migrated 3,527 rows.
2026-01-09 12:00:26 [E780.E780_IF_FILE_ATTACHMENT] Migrated 3,528 rows.
2026-01-09 12:00:27 [E780.E780_IF_FILE_ATTACHMENT] Migrated 3,529 rows.
2026-01-09 12:00:27 [E780.E780_IF_FILE_ATTACHMENT] Migrated 3,530 rows.
2026-01-09 12:00:27 [E780.E780_IF_FILE_ATTACHMENT] Migrated 3,531 rows.
2026-01-09 12:00:27 [E780.E780_IF_FILE_ATTACHMENT] Migrated 3,532 rows.
2026-01-09 12:00:28 [E780.E780_IF_FILE_ATTACHMENT] Migrated 3,533 rows.
2026-01-09 12:00:28 [E780.E780_IF_FILE_ATTACHMENT] Migrated 3,534 rows.
2026-01-09 12:00:28 [E780.E780_IF_FILE_ATTACHMENT] Migrated 3,535 rows.
2026-01-09 12:00:28 [E780.E780_IF_FILE_ATTACHMENT] Migrated 3,536 rows.
2026-01-09 12:00:28 [E780.E780_IF_FILE_ATTACHMENT] Migrated 3,537 rows.
2026-01-09 12:00:28 [E780.E780_IF_FILE_ATTACHMENT] Migrated 3,538 rows.
2026-01-09 12:00:28 [E780.E780_IF_FILE_ATTACHMENT] Migrated 3,539 rows.
2026-01-09 12:00:28 [E780.E780_IF_FILE_ATTACHMENT] Migrated 3,540 rows.
2026-01-09 12:00:28 [E780.E780_IF_FILE_ATTACHMENT] Migrated 3,541 rows.
2026-01-09 12:00:28 [E780.E780_IF_FILE_ATTACHMENT] Migrated 3,542 rows.
2026-01-09 12:00:28 [E780.E780_IF_FILE_ATTACHMENT] Migrated 3,543 rows.
2026-01-09 12:00:28 [E780.E780_IF_FILE_ATTACHMENT] Migrated 3,544 rows.
2026-01-09 12:00:29 [E780.E780_IF_FILE_ATTACHMENT] Migrated 3,545 rows.
2026-01-09 12:00:29 [E780.E780_IF_FILE_ATTACHMENT] Migrated 3,546 rows.
2026-01-09 12:00:29 [E780.E780_IF_FILE_ATTACHMENT] Migrated 3,547 rows.
2026-01-09 12:00:29 [E780.E780_IF_FILE_ATTACHMENT] Migrated 3,548 rows.
2026-01-09 12:00:29 [E780.E780_IF_FILE_ATTACHMENT] Migrated 3,549 rows.
2026-01-09 12:00:29 [E780.E780_IF_FILE_ATTACHMENT] Migrated 3,550 rows.
2026-01-09 12:00:29 [E780.E780_IF_FILE_ATTACHMENT] Migrated 3,551 rows.
2026-01-09 12:00:29 [E780.E780_IF_FILE_ATTACHMENT] Migrated 3,552 rows.
2026-01-09 12:00:29 [E780.E780_IF_FILE_ATTACHMENT] Migrated 3,553 rows.
2026-01-09 12:00:29 [E780.E780_IF_FILE_ATTACHMENT] Migrated 3,554 rows.
2026-01-09 12:00:29 [E780.E780_IF_FILE_ATTACHMENT] Migrated 3,555 rows.
2026-01-09 12:00:29 [E780.E780_IF_FILE_ATTACHMENT] Migrated 3,556 rows.
2026-01-09 12:00:29 [E780.E780_IF_FILE_ATTACHMENT] Migrated 3,557 rows.
2026-01-09 12:00:29 [E780.E780_IF_FILE_ATTACHMENT] Migrated 3,558 rows.
2026-01-09 12:00:30 [E780.E780_IF_FILE_ATTACHMENT] Migrated 3,559 rows.
2026-01-09 12:00:30 [E780.E780_IF_FILE_ATTACHMENT] Migrated 3,560 rows.
2026-01-09 12:00:30 [E780.E780_IF_FILE_ATTACHMENT] Migrated 3,561 rows.
2026-01-09 12:00:30 [E780.E780_IF_FILE_ATTACHMENT] Migrated 3,562 rows.
2026-01-09 12:00:30 [E780.E780_IF_FILE_ATTACHMENT] Migrated 3,563 rows.
2026-01-09 12:00:30 [E780.E780_IF_FILE_ATTACHMENT] Migrated 3,564 rows.
2026-01-09 12:00:30 [E780.E780_IF_FILE_ATTACHMENT] Migrated 3,565 rows.
2026-01-09 12:00:30 [E780.E780_IF_FILE_ATTACHMENT] Migrated 3,566 rows.
2026-01-09 12:00:30 [E780.E780_IF_FILE_ATTACHMENT] Migrated 3,567 rows.
2026-01-09 12:00:30 [E780.E780_IF_FILE_ATTACHMENT] Migrated 3,568 rows.
2026-01-09 12:00:30 [E780.E780_IF_FILE_ATTACHMENT] Migrated 3,569 rows.
2026-01-09 12:00:30 [E780.E780_IF_FILE_ATTACHMENT] Migrated 3,570 rows.
2026-01-09 12:00:30 [E780.E780_IF_FILE_ATTACHMENT] Migrated 3,571 rows.
2026-01-09 12:00:30 [E780.E780_IF_FILE_ATTACHMENT] Migrated 3,572 rows.
2026-01-09 12:00:30 [E780.E780_IF_FILE_ATTACHMENT] Migrated 3,573 rows.
2026-01-09 12:00:30 [E780.E780_IF_FILE_ATTACHMENT] Migrated 3,574 rows.
2026-01-09 12:00:31 [E780.E780_IF_FILE_ATTACHMENT] Migrated 3,575 rows.
2026-01-09 12:00:31 [E780.E780_IF_FILE_ATTACHMENT] Migrated 3,576 rows.
2026-01-09 12:00:31 [E780.E780_IF_FILE_ATTACHMENT] Migrated 3,577 rows.
2026-01-09 12:00:31 [E780.E780_IF_FILE_ATTACHMENT] Migrated 3,578 rows.
2026-01-09 12:00:31 [E780.E780_IF_FILE_ATTACHMENT] Migrated 3,579 rows.
2026-01-09 12:00:31 [E780.E780_IF_FILE_ATTACHMENT] Migrated 3,580 rows.
2026-01-09 12:00:31 [E780.E780_IF_FILE_ATTACHMENT] Migrated 3,581 rows.
2026-01-09 12:00:31 [E780.E780_IF_FILE_ATTACHMENT] Migrated 3,582 rows.
2026-01-09 12:00:31 [E780.E780_IF_FILE_ATTACHMENT] Migrated 3,583 rows.
2026-01-09 12:00:31 [E780.E780_IF_FILE_ATTACHMENT] Migrated 3,584 rows.
2026-01-09 12:00:31 [E780.E780_IF_FILE_ATTACHMENT] Migrated 3,585 rows.
2026-01-09 12:00:31 [E780.E780_IF_FILE_ATTACHMENT] Migrated 3,586 rows.
2026-01-09 12:00:31 [E780.E780_IF_FILE_ATTACHMENT] Migrated 3,587 rows.
2026-01-09 12:00:31 [E780.E780_IF_FILE_ATTACHMENT] Migrated 3,588 rows.
2026-01-09 12:00:31 [E780.E780_IF_FILE_ATTACHMENT] Migrated 3,589 rows.
2026-01-09 12:00:31 [E780.E780_IF_FILE_ATTACHMENT] Migrated 3,590 rows.
2026-01-09 12:00:32 [E780.E780_IF_FILE_ATTACHMENT] Migrated 3,591 rows.
2026-01-09 12:00:32 [E780.E780_IF_FILE_ATTACHMENT] Migrated 3,592 rows.
2026-01-09 12:00:32 [E780.E780_IF_FILE_ATTACHMENT] Migrated 3,593 rows.
2026-01-09 12:00:32 [E780.E780_IF_FILE_ATTACHMENT] Migrated 3,594 rows.
2026-01-09 12:00:32 [E780.E780_IF_FILE_ATTACHMENT] Migrated 3,595 rows.
2026-01-09 12:00:32 [E780.E780_IF_FILE_ATTACHMENT] Migrated 3,596 rows.
2026-01-09 12:00:32 [E780.E780_IF_FILE_ATTACHMENT] Migrated 3,597 rows.
2026-01-09 12:00:32 [E780.E780_IF_FILE_ATTACHMENT] Migrated 3,598 rows.
2026-01-09 12:00:32 [E780.E780_IF_FILE_ATTACHMENT] Migrated 3,599 rows.
2026-01-09 12:00:32 [E780.E780_IF_FILE_ATTACHMENT] Migrated 3,600 rows.
2026-01-09 12:00:32 [E780.E780_IF_FILE_ATTACHMENT] Migrated 3,601 rows.
2026-01-09 12:00:32 [E780.E780_IF_FILE_ATTACHMENT] Migrated 3,602 rows.
2026-01-09 12:00:32 [E780.E780_IF_FILE_ATTACHMENT] Migrated 3,603 rows.
2026-01-09 12:00:32 [E780.E780_IF_FILE_ATTACHMENT] Migrated 3,604 rows.
2026-01-09 12:00:32 [E780.E780_IF_FILE_ATTACHMENT] Migrated 3,605 rows.
2026-01-09 12:00:33 [E780.E780_IF_FILE_ATTACHMENT] Migrated 3,606 rows.
2026-01-09 12:00:33 [E780.E780_IF_FILE_ATTACHMENT] Migrated 3,607 rows.
2026-01-09 12:00:33 [E780.E780_IF_FILE_ATTACHMENT] Migrated 3,608 rows.
2026-01-09 12:00:33 [E780.E780_IF_FILE_ATTACHMENT] Migrated 3,609 rows.
2026-01-09 12:00:33 [E780.E780_IF_FILE_ATTACHMENT] Migrated 3,610 rows.
2026-01-09 12:00:33 [E780.E780_IF_FILE_ATTACHMENT] Migrated 3,611 rows.
2026-01-09 12:00:33 [E780.E780_IF_FILE_ATTACHMENT] Migrated 3,612 rows.
2026-01-09 12:00:33 [E780.E780_IF_FILE_ATTACHMENT] Migrated 3,613 rows.
2026-01-09 12:00:34 [E780.E780_IF_FILE_ATTACHMENT] Migrated 3,614 rows.
2026-01-09 12:00:34 [E780.E780_IF_FILE_ATTACHMENT] Migrated 3,615 rows.
2026-01-09 12:00:34 [E780.E780_IF_FILE_ATTACHMENT] Migrated 3,616 rows.
2026-01-09 12:00:34 [E780.E780_IF_FILE_ATTACHMENT] Migrated 3,617 rows.
2026-01-09 12:00:34 [E780.E780_IF_FILE_ATTACHMENT] Migrated 3,618 rows.
2026-01-09 12:00:34 [E780.E780_IF_FILE_ATTACHMENT] Migrated 3,619 rows.
2026-01-09 12:00:34 [E780.E780_IF_FILE_ATTACHMENT] Migrated 3,620 rows.
2026-01-09 12:00:34 [E780.E780_IF_FILE_ATTACHMENT] Migrated 3,621 rows.
2026-01-09 12:00:34 [E780.E780_IF_FILE_ATTACHMENT] Migrated 3,622 rows.
2026-01-09 12:00:34 [E780.E780_IF_FILE_ATTACHMENT] Migrated 3,623 rows.
2026-01-09 12:00:34 [E780.E780_IF_FILE_ATTACHMENT] Migrated 3,624 rows.
2026-01-09 12:00:34 [E780.E780_IF_FILE_ATTACHMENT] Migrated 3,625 rows.
2026-01-09 12:00:34 [E780.E780_IF_FILE_ATTACHMENT] Migrated 3,626 rows.
2026-01-09 12:00:34 [E780.E780_IF_FILE_ATTACHMENT] Migrated 3,627 rows.
2026-01-09 12:00:34 [E780.E780_IF_FILE_ATTACHMENT] Migrated 3,628 rows.
2026-01-09 12:00:34 [E780.E780_IF_FILE_ATTACHMENT] Migrated 3,629 rows.
2026-01-09 12:00:34 [E780.E780_IF_FILE_ATTACHMENT] Migrated 3,630 rows.
2026-01-09 12:00:34 [E780.E780_IF_FILE_ATTACHMENT] Migrated 3,631 rows.
2026-01-09 12:00:34 [E780.E780_IF_FILE_ATTACHMENT] Migrated 3,632 rows.
2026-01-09 12:00:34 [E780.E780_IF_FILE_ATTACHMENT] Migrated 3,633 rows.
2026-01-09 12:00:35 [E780.E780_IF_FILE_ATTACHMENT] Migrated 3,634 rows.
2026-01-09 12:00:35 [E780.E780_IF_FILE_ATTACHMENT] Migrated 3,635 rows.
2026-01-09 12:00:35 [E780.E780_IF_FILE_ATTACHMENT] Migrated 3,636 rows.
2026-01-09 12:00:35 [E780.E780_IF_FILE_ATTACHMENT] Migrated 3,637 rows.
2026-01-09 12:00:35 [E780.E780_IF_FILE_ATTACHMENT] Migrated 3,638 rows.
2026-01-09 12:00:35 [E780.E780_IF_FILE_ATTACHMENT] Migrated 3,639 rows.
2026-01-09 12:00:35 [E780.E780_IF_FILE_ATTACHMENT] Migrated 3,640 rows.
2026-01-09 12:00:35 [E780.E780_IF_FILE_ATTACHMENT] Migrated 3,641 rows.
2026-01-09 12:00:35 [E780.E780_IF_FILE_ATTACHMENT] Migrated 3,642 rows.
2026-01-09 12:00:35 [E780.E780_IF_FILE_ATTACHMENT] Migrated 3,643 rows.
2026-01-09 12:00:35 [E780.E780_IF_FILE_ATTACHMENT] Migrated 3,644 rows.
2026-01-09 12:00:35 [E780.E780_IF_FILE_ATTACHMENT] Migrated 3,645 rows.
2026-01-09 12:00:35 [E780.E780_IF_FILE_ATTACHMENT] Migrated 3,646 rows.
2026-01-09 12:00:35 [E780.E780_IF_FILE_ATTACHMENT] Migrated 3,647 rows.
2026-01-09 12:00:35 [E780.E780_IF_FILE_ATTACHMENT] Migrated 3,648 rows.
2026-01-09 12:00:35 [E780.E780_IF_FILE_ATTACHMENT] Migrated 3,649 rows.
2026-01-09 12:00:35 [E780.E780_IF_FILE_ATTACHMENT] Migrated 3,650 rows.
2026-01-09 12:00:35 [E780.E780_IF_FILE_ATTACHMENT] Migrated 3,651 rows.
2026-01-09 12:00:35 [E780.E780_IF_FILE_ATTACHMENT] Migrated 3,652 rows.
2026-01-09 12:00:36 [E780.E780_IF_FILE_ATTACHMENT] Migrated 3,653 rows.
2026-01-09 12:00:36 [E780.E780_IF_FILE_ATTACHMENT] Migrated 3,654 rows.
2026-01-09 12:00:36 [E780.E780_IF_FILE_ATTACHMENT] Migrated 3,655 rows.
2026-01-09 12:00:36 [E780.E780_IF_FILE_ATTACHMENT] Migrated 3,656 rows.
2026-01-09 12:00:36 [E780.E780_IF_FILE_ATTACHMENT] Migrated 3,657 rows.
2026-01-09 12:00:36 [E780.E780_IF_FILE_ATTACHMENT] Migrated 3,658 rows.
2026-01-09 12:00:36 [E780.E780_IF_FILE_ATTACHMENT] Migrated 3,659 rows.
2026-01-09 12:00:36 [E780.E780_IF_FILE_ATTACHMENT] Migrated 3,660 rows.
2026-01-09 12:00:36 [E780.E780_IF_FILE_ATTACHMENT] Migrated 3,661 rows.
2026-01-09 12:00:36 [E780.E780_IF_FILE_ATTACHMENT] Migrated 3,662 rows.
2026-01-09 12:00:36 [E780.E780_IF_FILE_ATTACHMENT] Migrated 3,663 rows.
2026-01-09 12:00:36 [E780.E780_IF_FILE_ATTACHMENT] Migrated 3,664 rows.
2026-01-09 12:00:36 [E780.E780_IF_FILE_ATTACHMENT] Migrated 3,665 rows.
2026-01-09 12:00:37 [E780.E780_IF_FILE_ATTACHMENT] Migrated 3,666 rows.
2026-01-09 12:00:37 [E780.E780_IF_FILE_ATTACHMENT] Migrated 3,667 rows.
2026-01-09 12:00:37 [E780.E780_IF_FILE_ATTACHMENT] Migrated 3,668 rows.
2026-01-09 12:00:37 [E780.E780_IF_FILE_ATTACHMENT] Migrated 3,669 rows.
2026-01-09 12:00:37 [E780.E780_IF_FILE_ATTACHMENT] Migrated 3,670 rows.
2026-01-09 12:00:37 [E780.E780_IF_FILE_ATTACHMENT] Migrated 3,671 rows.
2026-01-09 12:00:37 [E780.E780_IF_FILE_ATTACHMENT] Migrated 3,672 rows.
2026-01-09 12:00:37 [E780.E780_IF_FILE_ATTACHMENT] Migrated 3,673 rows.
2026-01-09 12:00:37 [E780.E780_IF_FILE_ATTACHMENT] Migrated 3,674 rows.
2026-01-09 12:00:38 [E780.E780_IF_FILE_ATTACHMENT] Migrated 3,675 rows.
2026-01-09 12:00:38 [E780.E780_IF_FILE_ATTACHMENT] Migrated 3,676 rows.
2026-01-09 12:00:38 [E780.E780_IF_FILE_ATTACHMENT] Migrated 3,677 rows.
2026-01-09 12:00:38 [E780.E780_IF_FILE_ATTACHMENT] Migrated 3,678 rows.
2026-01-09 12:00:38 [E780.E780_IF_FILE_ATTACHMENT] Migrated 3,679 rows.
2026-01-09 12:00:38 [E780.E780_IF_FILE_ATTACHMENT] Migrated 3,680 rows.
2026-01-09 12:00:38 [E780.E780_IF_FILE_ATTACHMENT] Migrated 3,681 rows.
2026-01-09 12:00:38 [E780.E780_IF_FILE_ATTACHMENT] Migrated 3,682 rows.
2026-01-09 12:00:39 [E780.E780_IF_FILE_ATTACHMENT] Migrated 3,683 rows.
2026-01-09 12:00:39 [E780.E780_IF_FILE_ATTACHMENT] Migrated 3,684 rows.
2026-01-09 12:00:39 [E780.E780_IF_FILE_ATTACHMENT] Migrated 3,685 rows.
2026-01-09 12:00:39 [E780.E780_IF_FILE_ATTACHMENT] Migrated 3,686 rows.
2026-01-09 12:00:39 [E780.E780_IF_FILE_ATTACHMENT] Migrated 3,687 rows.
2026-01-09 12:00:39 [E780.E780_IF_FILE_ATTACHMENT] Migrated 3,688 rows.
2026-01-09 12:00:39 [E780.E780_IF_FILE_ATTACHMENT] Migrated 3,689 rows.
2026-01-09 12:00:39 [E780.E780_IF_FILE_ATTACHMENT] Migrated 3,690 rows.
2026-01-09 12:00:39 [E780.E780_IF_FILE_ATTACHMENT] Migrated 3,691 rows.
2026-01-09 12:00:39 [E780.E780_IF_FILE_ATTACHMENT] Migrated 3,692 rows.
2026-01-09 12:00:39 [E780.E780_IF_FILE_ATTACHMENT] Migrated 3,693 rows.
2026-01-09 12:00:39 [E780.E780_IF_FILE_ATTACHMENT] Migrated 3,694 rows.
2026-01-09 12:00:39 [E780.E780_IF_FILE_ATTACHMENT] Migrated 3,695 rows.
2026-01-09 12:00:40 [E780.E780_IF_FILE_ATTACHMENT] Migrated 3,696 rows.
2026-01-09 12:00:40 [E780.E780_IF_FILE_ATTACHMENT] Migrated 3,697 rows.
2026-01-09 12:00:40 [E780.E780_IF_FILE_ATTACHMENT] Migrated 3,698 rows.
2026-01-09 12:00:40 [E780.E780_IF_FILE_ATTACHMENT] Migrated 3,699 rows.
2026-01-09 12:00:40 [E780.E780_IF_FILE_ATTACHMENT] Migrated 3,700 rows.
2026-01-09 12:00:40 [E780.E780_IF_FILE_ATTACHMENT] Migrated 3,701 rows.
2026-01-09 12:00:40 [E780.E780_IF_FILE_ATTACHMENT] Migrated 3,702 rows.
2026-01-09 12:00:40 [E780.E780_IF_FILE_ATTACHMENT] Migrated 3,703 rows.
2026-01-09 12:00:40 [E780.E780_IF_FILE_ATTACHMENT] Migrated 3,704 rows.
2026-01-09 12:00:40 [E780.E780_IF_FILE_ATTACHMENT] Migrated 3,705 rows.
2026-01-09 12:00:40 [E780.E780_IF_FILE_ATTACHMENT] Migrated 3,706 rows.
2026-01-09 12:00:40 [E780.E780_IF_FILE_ATTACHMENT] Migrated 3,707 rows.
2026-01-09 12:00:40 [E780.E780_IF_FILE_ATTACHMENT] Migrated 3,708 rows.
2026-01-09 12:00:41 [E780.E780_IF_FILE_ATTACHMENT] Migrated 3,709 rows.
2026-01-09 12:00:41 [E780.E780_IF_FILE_ATTACHMENT] Migrated 3,710 rows.
2026-01-09 12:00:41 [E780.E780_IF_FILE_ATTACHMENT] Migrated 3,711 rows.
2026-01-09 12:00:41 [E780.E780_IF_FILE_ATTACHMENT] Migrated 3,712 rows.
2026-01-09 12:00:41 [E780.E780_IF_FILE_ATTACHMENT] Migrated 3,713 rows.
2026-01-09 12:00:41 [E780.E780_IF_FILE_ATTACHMENT] Migrated 3,714 rows.
2026-01-09 12:00:41 [E780.E780_IF_FILE_ATTACHMENT] Migrated 3,715 rows.
2026-01-09 12:00:41 [E780.E780_IF_FILE_ATTACHMENT] Migrated 3,716 rows.
2026-01-09 12:00:41 [E780.E780_IF_FILE_ATTACHMENT] Migrated 3,717 rows.
2026-01-09 12:00:41 [E780.E780_IF_FILE_ATTACHMENT] Migrated 3,718 rows.
2026-01-09 12:00:41 [E780.E780_IF_FILE_ATTACHMENT] Migrated 3,719 rows.
2026-01-09 12:00:41 [E780.E780_IF_FILE_ATTACHMENT] Migrated 3,720 rows.
2026-01-09 12:00:41 [E780.E780_IF_FILE_ATTACHMENT] Migrated 3,721 rows.
2026-01-09 12:00:41 [E780.E780_IF_FILE_ATTACHMENT] Migrated 3,722 rows.
2026-01-09 12:00:41 [E780.E780_IF_FILE_ATTACHMENT] Migrated 3,723 rows.
2026-01-09 12:00:41 [E780.E780_IF_FILE_ATTACHMENT] Migrated 3,724 rows.
2026-01-09 12:00:41 [E780.E780_IF_FILE_ATTACHMENT] Migrated 3,725 rows.
2026-01-09 12:00:42 [E780.E780_IF_FILE_ATTACHMENT] Migrated 3,726 rows.
2026-01-09 12:00:42 [E780.E780_IF_FILE_ATTACHMENT] Migrated 3,727 rows.
2026-01-09 12:00:42 [E780.E780_IF_FILE_ATTACHMENT] Migrated 3,728 rows.
2026-01-09 12:00:42 [E780.E780_IF_FILE_ATTACHMENT] Migrated 3,729 rows.
2026-01-09 12:00:42 [E780.E780_IF_FILE_ATTACHMENT] Migrated 3,730 rows.
2026-01-09 12:00:42 [E780.E780_IF_FILE_ATTACHMENT] Migrated 3,731 rows.
2026-01-09 12:00:42 [E780.E780_IF_FILE_ATTACHMENT] Migrated 3,732 rows.
2026-01-09 12:00:42 [E780.E780_IF_FILE_ATTACHMENT] Migrated 3,733 rows.
2026-01-09 12:00:42 [E780.E780_IF_FILE_ATTACHMENT] Migrated 3,734 rows.
2026-01-09 12:00:42 [E780.E780_IF_FILE_ATTACHMENT] Migrated 3,735 rows.
2026-01-09 12:00:42 [E780.E780_IF_FILE_ATTACHMENT] Migrated 3,736 rows.
2026-01-09 12:00:42 [E780.E780_IF_FILE_ATTACHMENT] Migrated 3,737 rows.
2026-01-09 12:00:42 [E780.E780_IF_FILE_ATTACHMENT] Migrated 3,738 rows.
2026-01-09 12:00:43 [E780.E780_IF_FILE_ATTACHMENT] Migrated 3,739 rows.
2026-01-09 12:00:43 [E780.E780_IF_FILE_ATTACHMENT] Migrated 3,740 rows.
2026-01-09 12:00:43 [E780.E780_IF_FILE_ATTACHMENT] Migrated 3,741 rows.
2026-01-09 12:00:43 [E780.E780_IF_FILE_ATTACHMENT] Migrated 3,742 rows.
2026-01-09 12:00:43 [E780.E780_IF_FILE_ATTACHMENT] Migrated 3,743 rows.
2026-01-09 12:00:43 [E780.E780_IF_FILE_ATTACHMENT] Migrated 3,744 rows.
2026-01-09 12:00:43 [E780.E780_IF_FILE_ATTACHMENT] Migrated 3,745 rows.
2026-01-09 12:00:43 [E780.E780_IF_FILE_ATTACHMENT] Migrated 3,746 rows.
2026-01-09 12:00:43 [E780.E780_IF_FILE_ATTACHMENT] Migrated 3,747 rows.
2026-01-09 12:00:43 [E780.E780_IF_FILE_ATTACHMENT] Migrated 3,748 rows.
2026-01-09 12:00:43 [E780.E780_IF_FILE_ATTACHMENT] Migrated 3,749 rows.
2026-01-09 12:00:43 [E780.E780_IF_FILE_ATTACHMENT] Migrated 3,750 rows.
2026-01-09 12:00:43 [E780.E780_IF_FILE_ATTACHMENT] Migrated 3,751 rows.
2026-01-09 12:00:43 [E780.E780_IF_FILE_ATTACHMENT] Migrated 3,752 rows.
2026-01-09 12:00:43 [E780.E780_IF_FILE_ATTACHMENT] Migrated 3,753 rows.
2026-01-09 12:00:44 [E780.E780_IF_FILE_ATTACHMENT] Migrated 3,754 rows.
2026-01-09 12:00:44 [E780.E780_IF_FILE_ATTACHMENT] Migrated 3,755 rows.
2026-01-09 12:00:44 [E780.E780_IF_FILE_ATTACHMENT] Migrated 3,756 rows.
2026-01-09 12:00:44 [E780.E780_IF_FILE_ATTACHMENT] Migrated 3,757 rows.
2026-01-09 12:00:44 [E780.E780_IF_FILE_ATTACHMENT] Migrated 3,758 rows.
2026-01-09 12:00:44 [E780.E780_IF_FILE_ATTACHMENT] Migrated 3,759 rows.
2026-01-09 12:00:44 [E780.E780_IF_FILE_ATTACHMENT] Migrated 3,760 rows.
2026-01-09 12:00:44 [E780.E780_IF_FILE_ATTACHMENT] Migrated 3,761 rows.
2026-01-09 12:00:44 [E780.E780_IF_FILE_ATTACHMENT] Migrated 3,762 rows.
2026-01-09 12:00:44 [E780.E780_IF_FILE_ATTACHMENT] Migrated 3,763 rows.
2026-01-09 12:00:44 [E780.E780_IF_FILE_ATTACHMENT] Migrated 3,764 rows.
2026-01-09 12:00:44 [E780.E780_IF_FILE_ATTACHMENT] Migrated 3,765 rows.
2026-01-09 12:00:44 [E780.E780_IF_FILE_ATTACHMENT] Migrated 3,766 rows.
2026-01-09 12:00:44 [E780.E780_IF_FILE_ATTACHMENT] Migrated 3,767 rows.
2026-01-09 12:00:44 [E780.E780_IF_FILE_ATTACHMENT] Migrated 3,768 rows.
2026-01-09 12:00:45 [E780.E780_IF_FILE_ATTACHMENT] Migrated 3,769 rows.
2026-01-09 12:00:45 [E780.E780_IF_FILE_ATTACHMENT] Migrated 3,770 rows.
2026-01-09 12:00:45 [E780.E780_IF_FILE_ATTACHMENT] Migrated 3,771 rows.
2026-01-09 12:00:45 [E780.E780_IF_FILE_ATTACHMENT] Migrated 3,772 rows.
2026-01-09 12:00:45 [E780.E780_IF_FILE_ATTACHMENT] Migrated 3,773 rows.
2026-01-09 12:00:45 [E780.E780_IF_FILE_ATTACHMENT] Migrated 3,774 rows.
2026-01-09 12:00:45 [E780.E780_IF_FILE_ATTACHMENT] Migrated 3,775 rows.
2026-01-09 12:00:45 [E780.E780_IF_FILE_ATTACHMENT] Migrated 3,776 rows.
2026-01-09 12:00:45 [E780.E780_IF_FILE_ATTACHMENT] Migrated 3,777 rows.
2026-01-09 12:00:45 [E780.E780_IF_FILE_ATTACHMENT] Migrated 3,778 rows.
2026-01-09 12:00:45 [E780.E780_IF_FILE_ATTACHMENT] Migrated 3,779 rows.
2026-01-09 12:00:45 [E780.E780_IF_FILE_ATTACHMENT] Migrated 3,780 rows.
2026-01-09 12:00:46 [E780.E780_IF_FILE_ATTACHMENT] Migrated 3,781 rows.
2026-01-09 12:00:46 [E780.E780_IF_FILE_ATTACHMENT] Migrated 3,782 rows.
2026-01-09 12:00:46 [E780.E780_IF_FILE_ATTACHMENT] Migrated 3,783 rows.
2026-01-09 12:00:46 [E780.E780_IF_FILE_ATTACHMENT] Migrated 3,784 rows.
2026-01-09 12:00:46 [E780.E780_IF_FILE_ATTACHMENT] Migrated 3,785 rows.
2026-01-09 12:00:46 [E780.E780_IF_FILE_ATTACHMENT] Migrated 3,786 rows.
2026-01-09 12:00:46 [E780.E780_IF_FILE_ATTACHMENT] Migrated 3,787 rows.
2026-01-09 12:00:47 [E780.E780_IF_FILE_ATTACHMENT] Migrated 3,788 rows.
2026-01-09 12:00:47 [E780.E780_IF_FILE_ATTACHMENT] Migrated 3,789 rows.
2026-01-09 12:00:47 [E780.E780_IF_FILE_ATTACHMENT] Migrated 3,790 rows.
2026-01-09 12:00:47 [E780.E780_IF_FILE_ATTACHMENT] Migrated 3,791 rows.
2026-01-09 12:00:47 [E780.E780_IF_FILE_ATTACHMENT] Migrated 3,792 rows.
2026-01-09 12:00:47 [E780.E780_IF_FILE_ATTACHMENT] Migrated 3,793 rows.
2026-01-09 12:00:47 [E780.E780_IF_FILE_ATTACHMENT] Migrated 3,794 rows.
2026-01-09 12:00:47 [E780.E780_IF_FILE_ATTACHMENT] Migrated 3,795 rows.
2026-01-09 12:00:47 [E780.E780_IF_FILE_ATTACHMENT] Migrated 3,796 rows.
2026-01-09 12:00:47 [E780.E780_IF_FILE_ATTACHMENT] Migrated 3,797 rows.
2026-01-09 12:00:47 [E780.E780_IF_FILE_ATTACHMENT] Migrated 3,798 rows.
2026-01-09 12:00:47 [E780.E780_IF_FILE_ATTACHMENT] Migrated 3,799 rows.
2026-01-09 12:00:47 [E780.E780_IF_FILE_ATTACHMENT] Migrated 3,800 rows.
2026-01-09 12:00:48 [E780.E780_IF_FILE_ATTACHMENT] Migrated 3,801 rows.
2026-01-09 12:00:48 [E780.E780_IF_FILE_ATTACHMENT] Migrated 3,802 rows.
2026-01-09 12:00:48 [E780.E780_IF_FILE_ATTACHMENT] Migrated 3,803 rows.
2026-01-09 12:00:48 [E780.E780_IF_FILE_ATTACHMENT] Migrated 3,804 rows.
2026-01-09 12:00:48 [E780.E780_IF_FILE_ATTACHMENT] Migrated 3,805 rows.
2026-01-09 12:00:48 [E780.E780_IF_FILE_ATTACHMENT] Migrated 3,806 rows.
2026-01-09 12:00:48 [E780.E780_IF_FILE_ATTACHMENT] Migrated 3,807 rows.
2026-01-09 12:00:48 [E780.E780_IF_FILE_ATTACHMENT] Migrated 3,808 rows.
2026-01-09 12:00:48 [E780.E780_IF_FILE_ATTACHMENT] Migrated 3,809 rows.
2026-01-09 12:00:48 [E780.E780_IF_FILE_ATTACHMENT] Migrated 3,810 rows.
2026-01-09 12:00:48 [E780.E780_IF_FILE_ATTACHMENT] Migrated 3,811 rows.
2026-01-09 12:00:49 [E780.E780_IF_FILE_ATTACHMENT] Migrated 3,812 rows.
2026-01-09 12:00:49 [E780.E780_IF_FILE_ATTACHMENT] Migrated 3,813 rows.
2026-01-09 12:00:49 [E780.E780_IF_FILE_ATTACHMENT] Migrated 3,814 rows.
2026-01-09 12:00:49 [E780.E780_IF_FILE_ATTACHMENT] Migrated 3,815 rows.
2026-01-09 12:00:49 [E780.E780_IF_FILE_ATTACHMENT] Migrated 3,816 rows.
2026-01-09 12:00:49 [E780.E780_IF_FILE_ATTACHMENT] Migrated 3,817 rows.
2026-01-09 12:00:49 [E780.E780_IF_FILE_ATTACHMENT] Migrated 3,818 rows.
2026-01-09 12:00:49 [E780.E780_IF_FILE_ATTACHMENT] Migrated 3,819 rows.
2026-01-09 12:00:49 [E780.E780_IF_FILE_ATTACHMENT] Migrated 3,820 rows.
2026-01-09 12:00:49 [E780.E780_IF_FILE_ATTACHMENT] Migrated 3,821 rows.
2026-01-09 12:00:49 [E780.E780_IF_FILE_ATTACHMENT] Migrated 3,822 rows.
2026-01-09 12:00:49 [E780.E780_IF_FILE_ATTACHMENT] Migrated 3,823 rows.
2026-01-09 12:00:49 [E780.E780_IF_FILE_ATTACHMENT] Migrated 3,824 rows.
2026-01-09 12:00:49 [E780.E780_IF_FILE_ATTACHMENT] Migrated 3,825 rows.
2026-01-09 12:00:50 [E780.E780_IF_FILE_ATTACHMENT] Migrated 3,826 rows.
2026-01-09 12:00:50 [E780.E780_IF_FILE_ATTACHMENT] Migrated 3,827 rows.
2026-01-09 12:00:50 [E780.E780_IF_FILE_ATTACHMENT] Migrated 3,828 rows.
2026-01-09 12:00:50 [E780.E780_IF_FILE_ATTACHMENT] Migrated 3,829 rows.
2026-01-09 12:00:50 [E780.E780_IF_FILE_ATTACHMENT] Migrated 3,830 rows.
2026-01-09 12:00:50 [E780.E780_IF_FILE_ATTACHMENT] Migrated 3,831 rows.
2026-01-09 12:00:50 [E780.E780_IF_FILE_ATTACHMENT] Migrated 3,832 rows.
2026-01-09 12:00:50 [E780.E780_IF_FILE_ATTACHMENT] Migrated 3,833 rows.
2026-01-09 12:00:50 [E780.E780_IF_FILE_ATTACHMENT] Migrated 3,834 rows.
2026-01-09 12:00:50 [E780.E780_IF_FILE_ATTACHMENT] Migrated 3,835 rows.
2026-01-09 12:00:50 [E780.E780_IF_FILE_ATTACHMENT] Migrated 3,836 rows.
2026-01-09 12:00:50 [E780.E780_IF_FILE_ATTACHMENT] Migrated 3,837 rows.
2026-01-09 12:00:50 [E780.E780_IF_FILE_ATTACHMENT] Migrated 3,838 rows.
2026-01-09 12:00:50 [E780.E780_IF_FILE_ATTACHMENT] Migrated 3,839 rows.
2026-01-09 12:00:50 [E780.E780_IF_FILE_ATTACHMENT] Migrated 3,840 rows.
2026-01-09 12:00:50 [E780.E780_IF_FILE_ATTACHMENT] Migrated 3,841 rows.
2026-01-09 12:00:50 [E780.E780_IF_FILE_ATTACHMENT] Migrated 3,842 rows.
2026-01-09 12:00:50 [E780.E780_IF_FILE_ATTACHMENT] Migrated 3,843 rows.
2026-01-09 12:00:50 [E780.E780_IF_FILE_ATTACHMENT] Migrated 3,844 rows.
2026-01-09 12:00:50 [E780.E780_IF_FILE_ATTACHMENT] Migrated 3,845 rows.
2026-01-09 12:00:50 [E780.E780_IF_FILE_ATTACHMENT] Migrated 3,846 rows.
2026-01-09 12:00:50 [E780.E780_IF_FILE_ATTACHMENT] Migrated 3,847 rows.
2026-01-09 12:00:50 [E780.E780_IF_FILE_ATTACHMENT] Migrated 3,848 rows.
2026-01-09 12:00:51 [E780.E780_IF_FILE_ATTACHMENT] Migrated 3,849 rows.
2026-01-09 12:00:51 [E780.E780_IF_FILE_ATTACHMENT] Migrated 3,850 rows.
2026-01-09 12:00:51 [E780.E780_IF_FILE_ATTACHMENT] Migrated 3,851 rows.
2026-01-09 12:00:51 [E780.E780_IF_FILE_ATTACHMENT] Migrated 3,852 rows.
2026-01-09 12:00:51 [E780.E780_IF_FILE_ATTACHMENT] Migrated 3,853 rows.
2026-01-09 12:00:51 [E780.E780_IF_FILE_ATTACHMENT] Migrated 3,854 rows.
2026-01-09 12:00:51 [E780.E780_IF_FILE_ATTACHMENT] Migrated 3,855 rows.
2026-01-09 12:00:51 [E780.E780_IF_FILE_ATTACHMENT] Migrated 3,856 rows.
2026-01-09 12:00:51 [E780.E780_IF_FILE_ATTACHMENT] Migrated 3,857 rows.
2026-01-09 12:00:51 [E780.E780_IF_FILE_ATTACHMENT] Migrated 3,858 rows.
2026-01-09 12:00:51 [E780.E780_IF_FILE_ATTACHMENT] Migrated 3,859 rows.
2026-01-09 12:00:51 [E780.E780_IF_FILE_ATTACHMENT] Migrated 3,860 rows.
2026-01-09 12:00:51 [E780.E780_IF_FILE_ATTACHMENT] Migrated 3,861 rows.
2026-01-09 12:00:51 [E780.E780_IF_FILE_ATTACHMENT] Migrated 3,862 rows.
2026-01-09 12:00:51 [E780.E780_IF_FILE_ATTACHMENT] Migrated 3,863 rows.
2026-01-09 12:00:51 [E780.E780_IF_FILE_ATTACHMENT] Migrated 3,864 rows.
2026-01-09 12:00:51 [E780.E780_IF_FILE_ATTACHMENT] Migrated 3,865 rows.
2026-01-09 12:00:52 [E780.E780_IF_FILE_ATTACHMENT] Migrated 3,866 rows.
2026-01-09 12:00:52 [E780.E780_IF_FILE_ATTACHMENT] Migrated 3,867 rows.
2026-01-09 12:00:52 [E780.E780_IF_FILE_ATTACHMENT] Migrated 3,868 rows.
2026-01-09 12:00:52 [E780.E780_IF_FILE_ATTACHMENT] Migrated 3,869 rows.
2026-01-09 12:00:52 [E780.E780_IF_FILE_ATTACHMENT] Migrated 3,870 rows.
2026-01-09 12:00:52 [E780.E780_IF_FILE_ATTACHMENT] Migrated 3,871 rows.
2026-01-09 12:00:52 [E780.E780_IF_FILE_ATTACHMENT] Migrated 3,872 rows.
2026-01-09 12:00:52 [E780.E780_IF_FILE_ATTACHMENT] Migrated 3,873 rows.
2026-01-09 12:00:53 [E780.E780_IF_FILE_ATTACHMENT] Migrated 3,874 rows.
2026-01-09 12:00:53 [E780.E780_IF_FILE_ATTACHMENT] Migrated 3,875 rows.
2026-01-09 12:00:53 [E780.E780_IF_FILE_ATTACHMENT] Migrated 3,876 rows.
2026-01-09 12:00:53 [E780.E780_IF_FILE_ATTACHMENT] Migrated 3,877 rows.
2026-01-09 12:00:53 [E780.E780_IF_FILE_ATTACHMENT] Migrated 3,878 rows.
2026-01-09 12:00:53 [E780.E780_IF_FILE_ATTACHMENT] Migrated 3,879 rows.
2026-01-09 12:00:53 [E780.E780_IF_FILE_ATTACHMENT] Migrated 3,880 rows.
2026-01-09 12:00:53 [E780.E780_IF_FILE_ATTACHMENT] Migrated 3,881 rows.
2026-01-09 12:00:53 [E780.E780_IF_FILE_ATTACHMENT] Migrated 3,882 rows.
2026-01-09 12:00:53 [E780.E780_IF_FILE_ATTACHMENT] Migrated 3,883 rows.
2026-01-09 12:00:53 [E780.E780_IF_FILE_ATTACHMENT] Migrated 3,884 rows.
2026-01-09 12:00:53 [E780.E780_IF_FILE_ATTACHMENT] Migrated 3,885 rows.
2026-01-09 12:00:53 [E780.E780_IF_FILE_ATTACHMENT] Migrated 3,886 rows.
2026-01-09 12:00:54 [E780.E780_IF_FILE_ATTACHMENT] Migrated 3,887 rows.
2026-01-09 12:00:54 [E780.E780_IF_FILE_ATTACHMENT] Migrated 3,888 rows.
2026-01-09 12:00:54 [E780.E780_IF_FILE_ATTACHMENT] Migrated 3,889 rows.
2026-01-09 12:00:54 [E780.E780_IF_FILE_ATTACHMENT] Migrated 3,890 rows.
2026-01-09 12:00:54 [E780.E780_IF_FILE_ATTACHMENT] Migrated 3,891 rows.
2026-01-09 12:00:54 [E780.E780_IF_FILE_ATTACHMENT] Migrated 3,892 rows.
2026-01-09 12:00:54 [E780.E780_IF_FILE_ATTACHMENT] Migrated 3,893 rows.
2026-01-09 12:00:54 [E780.E780_IF_FILE_ATTACHMENT] Migrated 3,894 rows.
2026-01-09 12:00:54 [E780.E780_IF_FILE_ATTACHMENT] Migrated 3,895 rows.
2026-01-09 12:00:55 [E780.E780_IF_FILE_ATTACHMENT] Migrated 3,896 rows.
2026-01-09 12:00:55 [E780.E780_IF_FILE_ATTACHMENT] Migrated 3,897 rows.
2026-01-09 12:00:55 [E780.E780_IF_FILE_ATTACHMENT] Migrated 3,898 rows.
2026-01-09 12:00:55 [E780.E780_IF_FILE_ATTACHMENT] Migrated 3,899 rows.
2026-01-09 12:00:55 [E780.E780_IF_FILE_ATTACHMENT] Migrated 3,900 rows.
2026-01-09 12:00:55 [E780.E780_IF_FILE_ATTACHMENT] Migrated 3,901 rows.
2026-01-09 12:00:55 [E780.E780_IF_FILE_ATTACHMENT] Migrated 3,902 rows.
2026-01-09 12:00:55 [E780.E780_IF_FILE_ATTACHMENT] Migrated 3,903 rows.
2026-01-09 12:00:55 [E780.E780_IF_FILE_ATTACHMENT] Migrated 3,904 rows.
2026-01-09 12:00:56 [E780.E780_IF_FILE_ATTACHMENT] Migrated 3,905 rows.
2026-01-09 12:00:56 [E780.E780_IF_FILE_ATTACHMENT] Migrated 3,906 rows.
2026-01-09 12:00:56 [E780.E780_IF_FILE_ATTACHMENT] Migrated 3,907 rows.
2026-01-09 12:00:56 [E780.E780_IF_FILE_ATTACHMENT] Migrated 3,908 rows.
2026-01-09 12:00:56 [E780.E780_IF_FILE_ATTACHMENT] Migrated 3,909 rows.
2026-01-09 12:00:56 [E780.E780_IF_FILE_ATTACHMENT] Migrated 3,910 rows.
2026-01-09 12:00:56 [E780.E780_IF_FILE_ATTACHMENT] Migrated 3,911 rows.
2026-01-09 12:00:56 [E780.E780_IF_FILE_ATTACHMENT] Migrated 3,912 rows.
2026-01-09 12:00:56 [E780.E780_IF_FILE_ATTACHMENT] Migrated 3,913 rows.
2026-01-09 12:00:56 [E780.E780_IF_FILE_ATTACHMENT] Migrated 3,914 rows.
2026-01-09 12:00:56 [E780.E780_IF_FILE_ATTACHMENT] Migrated 3,915 rows.
2026-01-09 12:00:56 [E780.E780_IF_FILE_ATTACHMENT] Migrated 3,916 rows.
2026-01-09 12:00:56 [E780.E780_IF_FILE_ATTACHMENT] Migrated 3,917 rows.
2026-01-09 12:00:56 [E780.E780_IF_FILE_ATTACHMENT] Migrated 3,918 rows.
2026-01-09 12:00:57 [E780.E780_IF_FILE_ATTACHMENT] Migrated 3,919 rows.
2026-01-09 12:00:57 [E780.E780_IF_FILE_ATTACHMENT] Migrated 3,920 rows.
2026-01-09 12:00:57 [E780.E780_IF_FILE_ATTACHMENT] Migrated 3,921 rows.
2026-01-09 12:00:57 [E780.E780_IF_FILE_ATTACHMENT] Migrated 3,922 rows.
2026-01-09 12:00:57 [E780.E780_IF_FILE_ATTACHMENT] Migrated 3,923 rows.
2026-01-09 12:00:57 [E780.E780_IF_FILE_ATTACHMENT] Migrated 3,924 rows.
2026-01-09 12:00:57 [E780.E780_IF_FILE_ATTACHMENT] Migrated 3,925 rows.
2026-01-09 12:00:57 [E780.E780_IF_FILE_ATTACHMENT] Migrated 3,926 rows.
2026-01-09 12:00:57 [E780.E780_IF_FILE_ATTACHMENT] Migrated 3,927 rows.
2026-01-09 12:00:57 [E780.E780_IF_FILE_ATTACHMENT] Migrated 3,928 rows.
2026-01-09 12:00:57 [E780.E780_IF_FILE_ATTACHMENT] Migrated 3,929 rows.
2026-01-09 12:00:57 [E780.E780_IF_FILE_ATTACHMENT] Migrated 3,930 rows.
2026-01-09 12:00:57 [E780.E780_IF_FILE_ATTACHMENT] Migrated 3,931 rows.
2026-01-09 12:00:57 [E780.E780_IF_FILE_ATTACHMENT] Migrated 3,932 rows.
2026-01-09 12:00:57 [E780.E780_IF_FILE_ATTACHMENT] Migrated 3,933 rows.
2026-01-09 12:00:57 [E780.E780_IF_FILE_ATTACHMENT] Migrated 3,934 rows.
2026-01-09 12:00:57 [E780.E780_IF_FILE_ATTACHMENT] Migrated 3,935 rows.
2026-01-09 12:00:58 [E780.E780_IF_FILE_ATTACHMENT] Migrated 3,936 rows.
2026-01-09 12:00:58 [E780.E780_IF_FILE_ATTACHMENT] Migrated 3,937 rows.
2026-01-09 12:00:58 [E780.E780_IF_FILE_ATTACHMENT] Migrated 3,938 rows.
2026-01-09 12:00:58 [E780.E780_IF_FILE_ATTACHMENT] Migrated 3,939 rows.
2026-01-09 12:00:58 [E780.E780_IF_FILE_ATTACHMENT] Migrated 3,940 rows.
2026-01-09 12:00:58 [E780.E780_IF_FILE_ATTACHMENT] Migrated 3,941 rows.
2026-01-09 12:00:58 [E780.E780_IF_FILE_ATTACHMENT] Migrated 3,942 rows.
2026-01-09 12:00:59 [E780.E780_IF_FILE_ATTACHMENT] Migrated 3,943 rows.
2026-01-09 12:00:59 [E780.E780_IF_FILE_ATTACHMENT] Migrated 3,944 rows.
2026-01-09 12:00:59 [E780.E780_IF_FILE_ATTACHMENT] Migrated 3,945 rows.
2026-01-09 12:00:59 [E780.E780_IF_FILE_ATTACHMENT] Migrated 3,946 rows.
2026-01-09 12:00:59 [E780.E780_IF_FILE_ATTACHMENT] Migrated 3,947 rows.
2026-01-09 12:01:00 [E780.E780_IF_FILE_ATTACHMENT] Migrated 3,948 rows.
2026-01-09 12:01:00 [E780.E780_IF_FILE_ATTACHMENT] Migrated 3,949 rows.
2026-01-09 12:01:01 [E780.E780_IF_FILE_ATTACHMENT] Migrated 3,950 rows.
2026-01-09 12:01:01 [E780.E780_IF_FILE_ATTACHMENT] Migrated 3,951 rows.
2026-01-09 12:01:01 [E780.E780_IF_FILE_ATTACHMENT] Migrated 3,952 rows.
2026-01-09 12:01:02 [E780.E780_IF_FILE_ATTACHMENT] Migrated 3,953 rows.
2026-01-09 12:01:02 [E780.E780_IF_FILE_ATTACHMENT] Migrated 3,954 rows.
2026-01-09 12:01:02 [E780.E780_IF_FILE_ATTACHMENT] Migrated 3,955 rows.
2026-01-09 12:01:02 [E780.E780_IF_FILE_ATTACHMENT] Migrated 3,956 rows.
2026-01-09 12:01:02 [E780.E780_IF_FILE_ATTACHMENT] Migrated 3,957 rows.
2026-01-09 12:01:02 [E780.E780_IF_FILE_ATTACHMENT] Migrated 3,958 rows.
2026-01-09 12:01:02 [E780.E780_IF_FILE_ATTACHMENT] Migrated 3,959 rows.
2026-01-09 12:01:02 [E780.E780_IF_FILE_ATTACHMENT] Migrated 3,960 rows.
2026-01-09 12:01:03 [E780.E780_IF_FILE_ATTACHMENT] Migrated 3,961 rows.
2026-01-09 12:01:03 [E780.E780_IF_FILE_ATTACHMENT] Migrated 3,962 rows.
2026-01-09 12:01:03 [E780.E780_IF_FILE_ATTACHMENT] Migrated 3,963 rows.
2026-01-09 12:01:03 [E780.E780_IF_FILE_ATTACHMENT] Migrated 3,964 rows.
2026-01-09 12:01:03 [E780.E780_IF_FILE_ATTACHMENT] Migrated 3,965 rows.
2026-01-09 12:01:03 [E780.E780_IF_FILE_ATTACHMENT] Migrated 3,966 rows.
2026-01-09 12:01:03 [E780.E780_IF_FILE_ATTACHMENT] Migrated 3,967 rows.
2026-01-09 12:01:03 [E780.E780_IF_FILE_ATTACHMENT] Migrated 3,968 rows.
2026-01-09 12:01:03 [E780.E780_IF_FILE_ATTACHMENT] Migrated 3,969 rows.
2026-01-09 12:01:03 [E780.E780_IF_FILE_ATTACHMENT] Migrated 3,970 rows.
2026-01-09 12:01:03 [E780.E780_IF_FILE_ATTACHMENT] Migrated 3,971 rows.
2026-01-09 12:01:03 [E780.E780_IF_FILE_ATTACHMENT] Migrated 3,972 rows.
2026-01-09 12:01:03 [E780.E780_IF_FILE_ATTACHMENT] Migrated 3,973 rows.
2026-01-09 12:01:03 [E780.E780_IF_FILE_ATTACHMENT] Migrated 3,974 rows.
2026-01-09 12:01:03 [E780.E780_IF_FILE_ATTACHMENT] Migrated 3,975 rows.
2026-01-09 12:01:03 [E780.E780_IF_FILE_ATTACHMENT] Migrated 3,976 rows.
2026-01-09 12:01:03 [E780.E780_IF_FILE_ATTACHMENT] Migrated 3,977 rows.
2026-01-09 12:01:03 [E780.E780_IF_FILE_ATTACHMENT] Migrated 3,978 rows.
2026-01-09 12:01:03 [E780.E780_IF_FILE_ATTACHMENT] Migrated 3,979 rows.
2026-01-09 12:01:04 [E780.E780_IF_FILE_ATTACHMENT] Migrated 3,980 rows.
2026-01-09 12:01:04 [E780.E780_IF_FILE_ATTACHMENT] Migrated 3,981 rows.
2026-01-09 12:01:04 [E780.E780_IF_FILE_ATTACHMENT] Migrated 3,982 rows.
2026-01-09 12:01:04 [E780.E780_IF_FILE_ATTACHMENT] Migrated 3,983 rows.
2026-01-09 12:01:04 [E780.E780_IF_FILE_ATTACHMENT] Migrated 3,984 rows.
2026-01-09 12:01:04 [E780.E780_IF_FILE_ATTACHMENT] Migrated 3,985 rows.
2026-01-09 12:01:04 [E780.E780_IF_FILE_ATTACHMENT] Migrated 3,986 rows.
2026-01-09 12:01:04 [E780.E780_IF_FILE_ATTACHMENT] Migrated 3,987 rows.
2026-01-09 12:01:04 [E780.E780_IF_FILE_ATTACHMENT] Migrated 3,988 rows.
2026-01-09 12:01:04 [E780.E780_IF_FILE_ATTACHMENT] Migrated 3,989 rows.
2026-01-09 12:01:04 [E780.E780_IF_FILE_ATTACHMENT] Migrated 3,990 rows.
2026-01-09 12:01:04 [E780.E780_IF_FILE_ATTACHMENT] Migrated 3,991 rows.
2026-01-09 12:01:05 [E780.E780_IF_FILE_ATTACHMENT] Migrated 3,992 rows.
2026-01-09 12:01:05 [E780.E780_IF_FILE_ATTACHMENT] Migrated 3,993 rows.
2026-01-09 12:01:05 [E780.E780_IF_FILE_ATTACHMENT] Migrated 3,994 rows.
2026-01-09 12:01:05 [E780.E780_IF_FILE_ATTACHMENT] Migrated 3,995 rows.
2026-01-09 12:01:05 [E780.E780_IF_FILE_ATTACHMENT] Migrated 3,996 rows.
2026-01-09 12:01:05 [E780.E780_IF_FILE_ATTACHMENT] Migrated 3,997 rows.
2026-01-09 12:01:05 [E780.E780_IF_FILE_ATTACHMENT] Migrated 3,998 rows.
2026-01-09 12:01:05 [E780.E780_IF_FILE_ATTACHMENT] Migrated 3,999 rows.
2026-01-09 12:01:05 [E780.E780_IF_FILE_ATTACHMENT] Migrated 4,000 rows.
2026-01-09 12:01:05 [E780.E780_IF_FILE_ATTACHMENT] Migrated 4,001 rows.
2026-01-09 12:01:05 [E780.E780_IF_FILE_ATTACHMENT] Migrated 4,002 rows.
2026-01-09 12:01:05 [E780.E780_IF_FILE_ATTACHMENT] Migrated 4,003 rows.
2026-01-09 12:01:05 [E780.E780_IF_FILE_ATTACHMENT] Migrated 4,004 rows.
2026-01-09 12:01:05 [E780.E780_IF_FILE_ATTACHMENT] Migrated 4,005 rows.
2026-01-09 12:01:05 [E780.E780_IF_FILE_ATTACHMENT] Migrated 4,006 rows.
2026-01-09 12:01:05 [E780.E780_IF_FILE_ATTACHMENT] Migrated 4,007 rows.
2026-01-09 12:01:05 [E780.E780_IF_FILE_ATTACHMENT] Migrated 4,008 rows.
2026-01-09 12:01:06 [E780.E780_IF_FILE_ATTACHMENT] Migrated 4,009 rows.
2026-01-09 12:01:06 [E780.E780_IF_FILE_ATTACHMENT] Migrated 4,010 rows.
2026-01-09 12:01:06 [E780.E780_IF_FILE_ATTACHMENT] Migrated 4,011 rows.
2026-01-09 12:01:06 [E780.E780_IF_FILE_ATTACHMENT] Migrated 4,012 rows.
2026-01-09 12:01:06 [E780.E780_IF_FILE_ATTACHMENT] Migrated 4,013 rows.
2026-01-09 12:01:06 [E780.E780_IF_FILE_ATTACHMENT] Migrated 4,014 rows.
2026-01-09 12:01:06 [E780.E780_IF_FILE_ATTACHMENT] Migrated 4,015 rows.
2026-01-09 12:01:06 [E780.E780_IF_FILE_ATTACHMENT] Migrated 4,016 rows.
2026-01-09 12:01:06 [E780.E780_IF_FILE_ATTACHMENT] Migrated 4,017 rows.
2026-01-09 12:01:06 [E780.E780_IF_FILE_ATTACHMENT] Migrated 4,018 rows.
2026-01-09 12:01:06 [E780.E780_IF_FILE_ATTACHMENT] Migrated 4,019 rows.
2026-01-09 12:01:06 [E780.E780_IF_FILE_ATTACHMENT] Migrated 4,020 rows.
2026-01-09 12:01:06 [E780.E780_IF_FILE_ATTACHMENT] Migrated 4,021 rows.
2026-01-09 12:01:06 [E780.E780_IF_FILE_ATTACHMENT] Migrated 4,022 rows.
2026-01-09 12:01:06 [E780.E780_IF_FILE_ATTACHMENT] Migrated 4,023 rows.
2026-01-09 12:01:06 [E780.E780_IF_FILE_ATTACHMENT] Migrated 4,024 rows.
2026-01-09 12:01:06 [E780.E780_IF_FILE_ATTACHMENT] Migrated 4,025 rows.
2026-01-09 12:01:07 [E780.E780_IF_FILE_ATTACHMENT] Migrated 4,026 rows.
2026-01-09 12:01:07 [E780.E780_IF_FILE_ATTACHMENT] Migrated 4,027 rows.
2026-01-09 12:01:07 [E780.E780_IF_FILE_ATTACHMENT] Migrated 4,028 rows.
2026-01-09 12:01:07 [E780.E780_IF_FILE_ATTACHMENT] Migrated 4,029 rows.
2026-01-09 12:01:07 [E780.E780_IF_FILE_ATTACHMENT] Migrated 4,030 rows.
2026-01-09 12:01:07 [E780.E780_IF_FILE_ATTACHMENT] Migrated 4,031 rows.
2026-01-09 12:01:07 [E780.E780_IF_FILE_ATTACHMENT] Migrated 4,032 rows.
2026-01-09 12:01:07 [E780.E780_IF_FILE_ATTACHMENT] Migrated 4,033 rows.
2026-01-09 12:01:07 [E780.E780_IF_FILE_ATTACHMENT] Migrated 4,034 rows.
2026-01-09 12:01:08 [E780.E780_IF_FILE_ATTACHMENT] Migrated 4,035 rows.
2026-01-09 12:01:08 [E780.E780_IF_FILE_ATTACHMENT] Migrated 4,036 rows.
2026-01-09 12:01:08 [E780.E780_IF_FILE_ATTACHMENT] Migrated 4,037 rows.
2026-01-09 12:01:08 [E780.E780_IF_FILE_ATTACHMENT] Migrated 4,038 rows.
2026-01-09 12:01:08 [E780.E780_IF_FILE_ATTACHMENT] Migrated 4,039 rows.
2026-01-09 12:01:08 [E780.E780_IF_FILE_ATTACHMENT] Migrated 4,040 rows.
2026-01-09 12:01:08 [E780.E780_IF_FILE_ATTACHMENT] Migrated 4,041 rows.
2026-01-09 12:01:08 [E780.E780_IF_FILE_ATTACHMENT] Migrated 4,042 rows.
2026-01-09 12:01:09 [E780.E780_IF_FILE_ATTACHMENT] Migrated 4,043 rows.
2026-01-09 12:01:09 [E780.E780_IF_FILE_ATTACHMENT] Migrated 4,044 rows.
2026-01-09 12:01:09 [E780.E780_IF_FILE_ATTACHMENT] Migrated 4,045 rows.
2026-01-09 12:01:09 [E780.E780_IF_FILE_ATTACHMENT] Migrated 4,046 rows.
2026-01-09 12:01:09 [E780.E780_IF_FILE_ATTACHMENT] Migrated 4,047 rows.
2026-01-09 12:01:09 [E780.E780_IF_FILE_ATTACHMENT] Migrated 4,048 rows.
2026-01-09 12:01:09 [E780.E780_IF_FILE_ATTACHMENT] Migrated 4,049 rows.
2026-01-09 12:01:09 [E780.E780_IF_FILE_ATTACHMENT] Migrated 4,050 rows.
2026-01-09 12:01:09 [E780.E780_IF_FILE_ATTACHMENT] Migrated 4,051 rows.
2026-01-09 12:01:09 [E780.E780_IF_FILE_ATTACHMENT] Migrated 4,052 rows.
2026-01-09 12:01:09 [E780.E780_IF_FILE_ATTACHMENT] Migrated 4,053 rows.
2026-01-09 12:01:09 [E780.E780_IF_FILE_ATTACHMENT] Migrated 4,054 rows.
2026-01-09 12:01:09 [E780.E780_IF_FILE_ATTACHMENT] Migrated 4,055 rows.
2026-01-09 12:01:09 [E780.E780_IF_FILE_ATTACHMENT] Migrated 4,056 rows.
2026-01-09 12:01:09 [E780.E780_IF_FILE_ATTACHMENT] Migrated 4,057 rows.
2026-01-09 12:01:09 [E780.E780_IF_FILE_ATTACHMENT] Migrated 4,058 rows.
2026-01-09 12:01:10 [E780.E780_IF_FILE_ATTACHMENT] Migrated 4,059 rows.
2026-01-09 12:01:10 [E780.E780_IF_FILE_ATTACHMENT] Migrated 4,060 rows.
2026-01-09 12:01:10 [E780.E780_IF_FILE_ATTACHMENT] Migrated 4,061 rows.
2026-01-09 12:01:10 [E780.E780_IF_FILE_ATTACHMENT] Migrated 4,062 rows.
2026-01-09 12:01:10 [E780.E780_IF_FILE_ATTACHMENT] Migrated 4,063 rows.
2026-01-09 12:01:11 [E780.E780_IF_FILE_ATTACHMENT] Migrated 4,064 rows.
2026-01-09 12:01:11 [E780.E780_IF_FILE_ATTACHMENT] Migrated 4,065 rows.
2026-01-09 12:01:11 [E780.E780_IF_FILE_ATTACHMENT] Migrated 4,066 rows.
2026-01-09 12:01:11 [E780.E780_IF_FILE_ATTACHMENT] Migrated 4,067 rows.
2026-01-09 12:01:11 [E780.E780_IF_FILE_ATTACHMENT] Migrated 4,068 rows.
2026-01-09 12:01:12 [E780.E780_IF_FILE_ATTACHMENT] Migrated 4,069 rows.
2026-01-09 12:01:12 [E780.E780_IF_FILE_ATTACHMENT] Migrated 4,070 rows.
2026-01-09 12:01:12 [E780.E780_IF_FILE_ATTACHMENT] Migrated 4,071 rows.
2026-01-09 12:01:12 [E780.E780_IF_FILE_ATTACHMENT] Migrated 4,072 rows.
2026-01-09 12:01:12 [E780.E780_IF_FILE_ATTACHMENT] Migrated 4,073 rows.
2026-01-09 12:01:12 [E780.E780_IF_FILE_ATTACHMENT] Migrated 4,074 rows.
2026-01-09 12:01:12 [E780.E780_IF_FILE_ATTACHMENT] Migrated 4,075 rows.
2026-01-09 12:01:12 [E780.E780_IF_FILE_ATTACHMENT] Migrated 4,076 rows.
2026-01-09 12:01:12 [E780.E780_IF_FILE_ATTACHMENT] Migrated 4,077 rows.
2026-01-09 12:01:13 [E780.E780_IF_FILE_ATTACHMENT] Migrated 4,078 rows.
2026-01-09 12:01:13 [E780.E780_IF_FILE_ATTACHMENT] Migrated 4,079 rows.
2026-01-09 12:01:13 [E780.E780_IF_FILE_ATTACHMENT] Migrated 4,080 rows.
2026-01-09 12:01:13 [E780.E780_IF_FILE_ATTACHMENT] Migrated 4,081 rows.
2026-01-09 12:01:13 [E780.E780_IF_FILE_ATTACHMENT] Migrated 4,082 rows.
2026-01-09 12:01:13 [E780.E780_IF_FILE_ATTACHMENT] Migrated 4,083 rows.
2026-01-09 12:01:13 [E780.E780_IF_FILE_ATTACHMENT] Migrated 4,084 rows.
2026-01-09 12:01:13 [E780.E780_IF_FILE_ATTACHMENT] Migrated 4,085 rows.
2026-01-09 12:01:13 [E780.E780_IF_FILE_ATTACHMENT] Migrated 4,086 rows.
2026-01-09 12:01:13 [E780.E780_IF_FILE_ATTACHMENT] Migrated 4,087 rows.
2026-01-09 12:01:14 [E780.E780_IF_FILE_ATTACHMENT] Migrated 4,088 rows.
2026-01-09 12:01:14 [E780.E780_IF_FILE_ATTACHMENT] Migrated 4,089 rows.
2026-01-09 12:01:14 [E780.E780_IF_FILE_ATTACHMENT] Migrated 4,090 rows.
2026-01-09 12:01:14 [E780.E780_IF_FILE_ATTACHMENT] Migrated 4,091 rows.
2026-01-09 12:01:14 [E780.E780_IF_FILE_ATTACHMENT] Migrated 4,092 rows.
2026-01-09 12:01:14 [E780.E780_IF_FILE_ATTACHMENT] Migrated 4,093 rows.
2026-01-09 12:01:14 [E780.E780_IF_FILE_ATTACHMENT] Migrated 4,094 rows.
2026-01-09 12:01:14 [E780.E780_IF_FILE_ATTACHMENT] Migrated 4,095 rows.
2026-01-09 12:01:14 [E780.E780_IF_FILE_ATTACHMENT] Migrated 4,096 rows.
2026-01-09 12:01:14 [E780.E780_IF_FILE_ATTACHMENT] Migrated 4,097 rows.
2026-01-09 12:01:14 [E780.E780_IF_FILE_ATTACHMENT] Migrated 4,098 rows.
2026-01-09 12:01:14 [E780.E780_IF_FILE_ATTACHMENT] Migrated 4,099 rows.
2026-01-09 12:01:14 [E780.E780_IF_FILE_ATTACHMENT] Migrated 4,100 rows.
2026-01-09 12:01:14 [E780.E780_IF_FILE_ATTACHMENT] Migrated 4,101 rows.
2026-01-09 12:01:14 [E780.E780_IF_FILE_ATTACHMENT] Migrated 4,102 rows.
2026-01-09 12:01:14 [E780.E780_IF_FILE_ATTACHMENT] Migrated 4,103 rows.
2026-01-09 12:01:14 [E780.E780_IF_FILE_ATTACHMENT] Migrated 4,104 rows.
2026-01-09 12:01:14 [E780.E780_IF_FILE_ATTACHMENT] Migrated 4,105 rows.
2026-01-09 12:01:14 [E780.E780_IF_FILE_ATTACHMENT] Migrated 4,106 rows.
2026-01-09 12:01:14 [E780.E780_IF_FILE_ATTACHMENT] Migrated 4,107 rows.
2026-01-09 12:01:15 [E780.E780_IF_FILE_ATTACHMENT] Migrated 4,108 rows.
2026-01-09 12:01:15 [E780.E780_IF_FILE_ATTACHMENT] Migrated 4,109 rows.
2026-01-09 12:01:15 [E780.E780_IF_FILE_ATTACHMENT] Migrated 4,110 rows.
2026-01-09 12:01:15 [E780.E780_IF_FILE_ATTACHMENT] Migrated 4,111 rows.
2026-01-09 12:01:15 [E780.E780_IF_FILE_ATTACHMENT] Migrated 4,112 rows.
2026-01-09 12:01:15 [E780.E780_IF_FILE_ATTACHMENT] Migrated 4,113 rows.
2026-01-09 12:01:15 [E780.E780_IF_FILE_ATTACHMENT] Migrated 4,114 rows.
2026-01-09 12:01:15 [E780.E780_IF_FILE_ATTACHMENT] Migrated 4,115 rows.
2026-01-09 12:01:15 [E780.E780_IF_FILE_ATTACHMENT] Migrated 4,116 rows.
2026-01-09 12:01:15 [E780.E780_IF_FILE_ATTACHMENT] Migrated 4,117 rows.
2026-01-09 12:01:15 [E780.E780_IF_FILE_ATTACHMENT] Migrated 4,118 rows.
2026-01-09 12:01:16 [E780.E780_IF_FILE_ATTACHMENT] Migrated 4,119 rows.
2026-01-09 12:01:16 [E780.E780_IF_FILE_ATTACHMENT] Migrated 4,120 rows.
2026-01-09 12:01:16 [E780.E780_IF_FILE_ATTACHMENT] Migrated 4,121 rows.
2026-01-09 12:01:16 [E780.E780_IF_FILE_ATTACHMENT] Migrated 4,122 rows.
2026-01-09 12:01:16 [E780.E780_IF_FILE_ATTACHMENT] Migrated 4,123 rows.
2026-01-09 12:01:16 [E780.E780_IF_FILE_ATTACHMENT] Migrated 4,124 rows.
2026-01-09 12:01:16 [E780.E780_IF_FILE_ATTACHMENT] Migrated 4,125 rows.
2026-01-09 12:01:16 [E780.E780_IF_FILE_ATTACHMENT] Migrated 4,126 rows.
2026-01-09 12:01:17 [E780.E780_IF_FILE_ATTACHMENT] Migrated 4,127 rows.
2026-01-09 12:01:17 [E780.E780_IF_FILE_ATTACHMENT] Migrated 4,128 rows.
2026-01-09 12:01:17 [E780.E780_IF_FILE_ATTACHMENT] Migrated 4,129 rows.
2026-01-09 12:01:17 [E780.E780_IF_FILE_ATTACHMENT] Migrated 4,130 rows.
2026-01-09 12:01:17 [E780.E780_IF_FILE_ATTACHMENT] Migrated 4,131 rows.
2026-01-09 12:01:17 [E780.E780_IF_FILE_ATTACHMENT] Migrated 4,132 rows.
2026-01-09 12:01:17 [E780.E780_IF_FILE_ATTACHMENT] Migrated 4,133 rows.
2026-01-09 12:01:18 [E780.E780_IF_FILE_ATTACHMENT] Migrated 4,134 rows.
2026-01-09 12:01:18 [E780.E780_IF_FILE_ATTACHMENT] Migrated 4,135 rows.
2026-01-09 12:01:18 [E780.E780_IF_FILE_ATTACHMENT] Migrated 4,136 rows.
2026-01-09 12:01:18 [E780.E780_IF_FILE_ATTACHMENT] Migrated 4,137 rows.
2026-01-09 12:01:18 [E780.E780_IF_FILE_ATTACHMENT] Migrated 4,138 rows.
2026-01-09 12:01:18 [E780.E780_IF_FILE_ATTACHMENT] Migrated 4,139 rows.
2026-01-09 12:01:18 [E780.E780_IF_FILE_ATTACHMENT] Migrated 4,140 rows.
2026-01-09 12:01:18 [E780.E780_IF_FILE_ATTACHMENT] Migrated 4,141 rows.
2026-01-09 12:01:18 [E780.E780_IF_FILE_ATTACHMENT] Migrated 4,142 rows.
2026-01-09 12:01:18 [E780.E780_IF_FILE_ATTACHMENT] Migrated 4,143 rows.
2026-01-09 12:01:18 [E780.E780_IF_FILE_ATTACHMENT] Migrated 4,144 rows.
2026-01-09 12:01:18 [E780.E780_IF_FILE_ATTACHMENT] Migrated 4,145 rows.
2026-01-09 12:01:18 [E780.E780_IF_FILE_ATTACHMENT] Migrated 4,146 rows.
2026-01-09 12:01:18 [E780.E780_IF_FILE_ATTACHMENT] Migrated 4,147 rows.
2026-01-09 12:01:19 [E780.E780_IF_FILE_ATTACHMENT] Migrated 4,148 rows.
2026-01-09 12:01:19 [E780.E780_IF_FILE_ATTACHMENT] Migrated 4,149 rows.
2026-01-09 12:01:19 [E780.E780_IF_FILE_ATTACHMENT] Migrated 4,150 rows.
2026-01-09 12:01:19 [E780.E780_IF_FILE_ATTACHMENT] Migrated 4,151 rows.
2026-01-09 12:01:19 [E780.E780_IF_FILE_ATTACHMENT] Migrated 4,152 rows.
2026-01-09 12:01:19 [E780.E780_IF_FILE_ATTACHMENT] Migrated 4,153 rows.
2026-01-09 12:01:19 [E780.E780_IF_FILE_ATTACHMENT] Migrated 4,154 rows.
2026-01-09 12:01:19 [E780.E780_IF_FILE_ATTACHMENT] Migrated 4,155 rows.
2026-01-09 12:01:19 [E780.E780_IF_FILE_ATTACHMENT] Migrated 4,156 rows.
2026-01-09 12:01:19 [E780.E780_IF_FILE_ATTACHMENT] Migrated 4,157 rows.
2026-01-09 12:01:20 [E780.E780_IF_FILE_ATTACHMENT] Migrated 4,158 rows.
2026-01-09 12:01:20 [E780.E780_IF_FILE_ATTACHMENT] Migrated 4,159 rows.
2026-01-09 12:01:20 [E780.E780_IF_FILE_ATTACHMENT] Migrated 4,160 rows.
2026-01-09 12:01:20 [E780.E780_IF_FILE_ATTACHMENT] Migrated 4,161 rows.
2026-01-09 12:01:20 [E780.E780_IF_FILE_ATTACHMENT] Migrated 4,162 rows.
2026-01-09 12:01:20 [E780.E780_IF_FILE_ATTACHMENT] Migrated 4,163 rows.
2026-01-09 12:01:20 [E780.E780_IF_FILE_ATTACHMENT] Migrated 4,164 rows.
2026-01-09 12:01:20 [E780.E780_IF_FILE_ATTACHMENT] Migrated 4,165 rows.
2026-01-09 12:01:20 [E780.E780_IF_FILE_ATTACHMENT] Migrated 4,166 rows.
2026-01-09 12:01:20 [E780.E780_IF_FILE_ATTACHMENT] Migrated 4,167 rows.
2026-01-09 12:01:20 [E780.E780_IF_FILE_ATTACHMENT] Migrated 4,168 rows.
2026-01-09 12:01:20 [E780.E780_IF_FILE_ATTACHMENT] Migrated 4,169 rows.
2026-01-09 12:01:20 [E780.E780_IF_FILE_ATTACHMENT] Migrated 4,170 rows.
2026-01-09 12:01:20 [E780.E780_IF_FILE_ATTACHMENT] Migrated 4,171 rows.
2026-01-09 12:01:20 [E780.E780_IF_FILE_ATTACHMENT] Migrated 4,172 rows.
2026-01-09 12:01:20 [E780.E780_IF_FILE_ATTACHMENT] Migrated 4,173 rows.
2026-01-09 12:01:20 [E780.E780_IF_FILE_ATTACHMENT] Migrated 4,174 rows.
2026-01-09 12:01:21 [E780.E780_IF_FILE_ATTACHMENT] Migrated 4,175 rows.
2026-01-09 12:01:21 [E780.E780_IF_FILE_ATTACHMENT] Migrated 4,176 rows.
2026-01-09 12:01:21 [E780.E780_IF_FILE_ATTACHMENT] Migrated 4,177 rows.
2026-01-09 12:01:21 [E780.E780_IF_FILE_ATTACHMENT] Migrated 4,178 rows.
2026-01-09 12:01:21 [E780.E780_IF_FILE_ATTACHMENT] Migrated 4,179 rows.
2026-01-09 12:01:21 [E780.E780_IF_FILE_ATTACHMENT] Migrated 4,180 rows.
2026-01-09 12:01:21 [E780.E780_IF_FILE_ATTACHMENT] Migrated 4,181 rows.
2026-01-09 12:01:21 [E780.E780_IF_FILE_ATTACHMENT] Migrated 4,182 rows.
2026-01-09 12:01:21 [E780.E780_IF_FILE_ATTACHMENT] Migrated 4,183 rows.
2026-01-09 12:01:21 [E780.E780_IF_FILE_ATTACHMENT] Migrated 4,184 rows.
2026-01-09 12:01:21 [E780.E780_IF_FILE_ATTACHMENT] Migrated 4,185 rows.
2026-01-09 12:01:21 [E780.E780_IF_FILE_ATTACHMENT] Migrated 4,186 rows.
2026-01-09 12:01:21 [E780.E780_IF_FILE_ATTACHMENT] Migrated 4,187 rows.
2026-01-09 12:01:21 [E780.E780_IF_FILE_ATTACHMENT] Migrated 4,188 rows.
2026-01-09 12:01:21 [E780.E780_IF_FILE_ATTACHMENT] Migrated 4,189 rows.
2026-01-09 12:01:22 [E780.E780_IF_FILE_ATTACHMENT] Migrated 4,190 rows.
2026-01-09 12:01:22 [E780.E780_IF_FILE_ATTACHMENT] Migrated 4,191 rows.
2026-01-09 12:01:22 [E780.E780_IF_FILE_ATTACHMENT] Migrated 4,192 rows.
2026-01-09 12:01:22 [E780.E780_IF_FILE_ATTACHMENT] Migrated 4,193 rows.
2026-01-09 12:01:22 [E780.E780_IF_FILE_ATTACHMENT] Migrated 4,194 rows.
2026-01-09 12:01:22 [E780.E780_IF_FILE_ATTACHMENT] Migrated 4,195 rows.
2026-01-09 12:01:22 [E780.E780_IF_FILE_ATTACHMENT] Migrated 4,196 rows.
2026-01-09 12:01:22 [E780.E780_IF_FILE_ATTACHMENT] Migrated 4,197 rows.
2026-01-09 12:01:22 [E780.E780_IF_FILE_ATTACHMENT] Migrated 4,198 rows.
2026-01-09 12:01:23 [E780.E780_IF_FILE_ATTACHMENT] Migrated 4,199 rows.
2026-01-09 12:01:23 [E780.E780_IF_FILE_ATTACHMENT] Migrated 4,200 rows.
2026-01-09 12:01:23 [E780.E780_IF_FILE_ATTACHMENT] Migrated 4,201 rows.
2026-01-09 12:01:23 [E780.E780_IF_FILE_ATTACHMENT] Migrated 4,202 rows.
2026-01-09 12:01:23 [E780.E780_IF_FILE_ATTACHMENT] Migrated 4,203 rows.
2026-01-09 12:01:23 [E780.E780_IF_FILE_ATTACHMENT] Migrated 4,204 rows.
2026-01-09 12:01:23 [E780.E780_IF_FILE_ATTACHMENT] Migrated 4,205 rows.
2026-01-09 12:01:23 [E780.E780_IF_FILE_ATTACHMENT] Migrated 4,206 rows.
2026-01-09 12:01:23 [E780.E780_IF_FILE_ATTACHMENT] Migrated 4,207 rows.
2026-01-09 12:01:23 [E780.E780_IF_FILE_ATTACHMENT] Migrated 4,208 rows.
2026-01-09 12:01:23 [E780.E780_IF_FILE_ATTACHMENT] Migrated 4,209 rows.
2026-01-09 12:01:23 [E780.E780_IF_FILE_ATTACHMENT] Migrated 4,210 rows.
2026-01-09 12:01:23 [E780.E780_IF_FILE_ATTACHMENT] Migrated 4,211 rows.
2026-01-09 12:01:23 [E780.E780_IF_FILE_ATTACHMENT] Migrated 4,212 rows.
2026-01-09 12:01:23 [E780.E780_IF_FILE_ATTACHMENT] Migrated 4,213 rows.
2026-01-09 12:01:23 [E780.E780_IF_FILE_ATTACHMENT] Migrated 4,214 rows.
2026-01-09 12:01:24 [E780.E780_IF_FILE_ATTACHMENT] Migrated 4,215 rows.
2026-01-09 12:01:24 [E780.E780_IF_FILE_ATTACHMENT] Migrated 4,216 rows.
2026-01-09 12:01:24 [E780.E780_IF_FILE_ATTACHMENT] Migrated 4,217 rows.
2026-01-09 12:01:24 [E780.E780_IF_FILE_ATTACHMENT] Migrated 4,218 rows.
2026-01-09 12:01:24 [E780.E780_IF_FILE_ATTACHMENT] Migrated 4,219 rows.
2026-01-09 12:01:24 [E780.E780_IF_FILE_ATTACHMENT] Migrated 4,220 rows.
2026-01-09 12:01:24 [E780.E780_IF_FILE_ATTACHMENT] Migrated 4,221 rows.
2026-01-09 12:01:24 [E780.E780_IF_FILE_ATTACHMENT] Migrated 4,222 rows.
2026-01-09 12:01:24 [E780.E780_IF_FILE_ATTACHMENT] Migrated 4,223 rows.
2026-01-09 12:01:24 [E780.E780_IF_FILE_ATTACHMENT] Migrated 4,224 rows.
2026-01-09 12:01:24 [E780.E780_IF_FILE_ATTACHMENT] Migrated 4,225 rows.
2026-01-09 12:01:24 [E780.E780_IF_FILE_ATTACHMENT] Migrated 4,226 rows.
2026-01-09 12:01:24 [E780.E780_IF_FILE_ATTACHMENT] Migrated 4,227 rows.
2026-01-09 12:01:24 [E780.E780_IF_FILE_ATTACHMENT] Migrated 4,228 rows.
2026-01-09 12:01:24 [E780.E780_IF_FILE_ATTACHMENT] Migrated 4,229 rows.
2026-01-09 12:01:24 [E780.E780_IF_FILE_ATTACHMENT] Migrated 4,230 rows.
2026-01-09 12:01:24 [E780.E780_IF_FILE_ATTACHMENT] Migrated 4,231 rows.
2026-01-09 12:01:25 [E780.E780_IF_FILE_ATTACHMENT] Migrated 4,232 rows.
2026-01-09 12:01:25 [E780.E780_IF_FILE_ATTACHMENT] Migrated 4,233 rows.
2026-01-09 12:01:25 [E780.E780_IF_FILE_ATTACHMENT] Migrated 4,234 rows.
2026-01-09 12:01:25 [E780.E780_IF_FILE_ATTACHMENT] Migrated 4,235 rows.
2026-01-09 12:01:25 [E780.E780_IF_FILE_ATTACHMENT] Migrated 4,236 rows.
2026-01-09 12:01:25 [E780.E780_IF_FILE_ATTACHMENT] Migrated 4,237 rows.
2026-01-09 12:01:25 [E780.E780_IF_FILE_ATTACHMENT] Migrated 4,238 rows.
2026-01-09 12:01:25 [E780.E780_IF_FILE_ATTACHMENT] Migrated 4,239 rows.
2026-01-09 12:01:25 [E780.E780_IF_FILE_ATTACHMENT] Migrated 4,240 rows.
2026-01-09 12:01:25 [E780.E780_IF_FILE_ATTACHMENT] Migrated 4,241 rows.
2026-01-09 12:01:25 [E780.E780_IF_FILE_ATTACHMENT] Migrated 4,242 rows.
2026-01-09 12:01:25 [E780.E780_IF_FILE_ATTACHMENT] Migrated 4,243 rows.
2026-01-09 12:01:25 [E780.E780_IF_FILE_ATTACHMENT] Migrated 4,244 rows.
2026-01-09 12:01:25 [E780.E780_IF_FILE_ATTACHMENT] Migrated 4,245 rows.
2026-01-09 12:01:25 [E780.E780_IF_FILE_ATTACHMENT] Migrated 4,246 rows.
2026-01-09 12:01:25 [E780.E780_IF_FILE_ATTACHMENT] Migrated 4,247 rows.
2026-01-09 12:01:25 [E780.E780_IF_FILE_ATTACHMENT] Migrated 4,248 rows.
2026-01-09 12:01:25 [E780.E780_IF_FILE_ATTACHMENT] Migrated 4,249 rows.
2026-01-09 12:01:25 [E780.E780_IF_FILE_ATTACHMENT] Migrated 4,250 rows.
2026-01-09 12:01:25 [E780.E780_IF_FILE_ATTACHMENT] Migrated 4,251 rows.
2026-01-09 12:01:25 [E780.E780_IF_FILE_ATTACHMENT] Migrated 4,252 rows.
2026-01-09 12:01:25 [E780.E780_IF_FILE_ATTACHMENT] Migrated 4,253 rows.
2026-01-09 12:01:25 [E780.E780_IF_FILE_ATTACHMENT] Migrated 4,254 rows.
2026-01-09 12:01:25 [E780.E780_IF_FILE_ATTACHMENT] Migrated 4,255 rows.
2026-01-09 12:01:25 [E780.E780_IF_FILE_ATTACHMENT] Migrated 4,256 rows.
2026-01-09 12:01:25 [E780.E780_IF_FILE_ATTACHMENT] Migrated 4,257 rows.
2026-01-09 12:01:25 [E780.E780_IF_FILE_ATTACHMENT] Migrated 4,258 rows.
2026-01-09 12:01:25 [E780.E780_IF_FILE_ATTACHMENT] Migrated 4,259 rows.
2026-01-09 12:01:25 [E780.E780_IF_FILE_ATTACHMENT] Migrated 4,260 rows.
2026-01-09 12:01:25 [E780.E780_IF_FILE_ATTACHMENT] Migrated 4,261 rows.
2026-01-09 12:01:26 [E780.E780_IF_FILE_ATTACHMENT] Migrated 4,262 rows.
2026-01-09 12:01:26 [E780.E780_IF_FILE_ATTACHMENT] Migrated 4,263 rows.
2026-01-09 12:01:26 [E780.E780_IF_FILE_ATTACHMENT] Migrated 4,264 rows.
2026-01-09 12:01:26 [E780.E780_IF_FILE_ATTACHMENT] Migrated 4,265 rows.
2026-01-09 12:01:26 [E780.E780_IF_FILE_ATTACHMENT] Migrated 4,266 rows.
2026-01-09 12:01:26 [E780.E780_IF_FILE_ATTACHMENT] Migrated 4,267 rows.
2026-01-09 12:01:26 [E780.E780_IF_FILE_ATTACHMENT] Migrated 4,268 rows.
2026-01-09 12:01:26 [E780.E780_IF_FILE_ATTACHMENT] Migrated 4,269 rows.
2026-01-09 12:01:26 [E780.E780_IF_FILE_ATTACHMENT] Migrated 4,270 rows.
2026-01-09 12:01:26 [E780.E780_IF_FILE_ATTACHMENT] Migrated 4,271 rows.
2026-01-09 12:01:26 [E780.E780_IF_FILE_ATTACHMENT] Migrated 4,272 rows.
2026-01-09 12:01:26 [E780.E780_IF_FILE_ATTACHMENT] Migrated 4,273 rows.
2026-01-09 12:01:26 [E780.E780_IF_FILE_ATTACHMENT] Migrated 4,274 rows.
2026-01-09 12:01:26 [E780.E780_IF_FILE_ATTACHMENT] Migrated 4,275 rows.
2026-01-09 12:01:26 [E780.E780_IF_FILE_ATTACHMENT] Migrated 4,276 rows.
2026-01-09 12:01:26 [E780.E780_IF_FILE_ATTACHMENT] Migrated 4,277 rows.
2026-01-09 12:01:26 [E780.E780_IF_FILE_ATTACHMENT] Migrated 4,278 rows.
2026-01-09 12:01:26 [E780.E780_IF_FILE_ATTACHMENT] Migrated 4,279 rows.
2026-01-09 12:01:26 [E780.E780_IF_FILE_ATTACHMENT] Migrated 4,280 rows.
2026-01-09 12:01:26 [E780.E780_IF_FILE_ATTACHMENT] Migrated 4,281 rows.
2026-01-09 12:01:26 [E780.E780_IF_FILE_ATTACHMENT] Migrated 4,282 rows.
2026-01-09 12:01:26 [E780.E780_IF_FILE_ATTACHMENT] Migrated 4,283 rows.
2026-01-09 12:01:27 [E780.E780_IF_FILE_ATTACHMENT] Migrated 4,284 rows.
2026-01-09 12:01:27 [E780.E780_IF_FILE_ATTACHMENT] Migrated 4,285 rows.
2026-01-09 12:01:27 [E780.E780_IF_FILE_ATTACHMENT] Migrated 4,286 rows.
2026-01-09 12:01:27 [E780.E780_IF_FILE_ATTACHMENT] Migrated 4,287 rows.
2026-01-09 12:01:27 [E780.E780_IF_FILE_ATTACHMENT] Migrated 4,288 rows.
2026-01-09 12:01:27 [E780.E780_IF_FILE_ATTACHMENT] Migrated 4,289 rows.
2026-01-09 12:01:27 [E780.E780_IF_FILE_ATTACHMENT] Migrated 4,290 rows.
2026-01-09 12:01:27 [E780.E780_IF_FILE_ATTACHMENT] Migrated 4,291 rows.
2026-01-09 12:01:27 [E780.E780_IF_FILE_ATTACHMENT] Migrated 4,292 rows.
2026-01-09 12:01:27 [E780.E780_IF_FILE_ATTACHMENT] Migrated 4,293 rows.
2026-01-09 12:01:27 [E780.E780_IF_FILE_ATTACHMENT] Migrated 4,294 rows.
2026-01-09 12:01:27 [E780.E780_IF_FILE_ATTACHMENT] Migrated 4,295 rows.
2026-01-09 12:01:27 [E780.E780_IF_FILE_ATTACHMENT] Migrated 4,296 rows.
2026-01-09 12:01:28 [E780.E780_IF_FILE_ATTACHMENT] Migrated 4,297 rows.
2026-01-09 12:01:28 [E780.E780_IF_FILE_ATTACHMENT] Migrated 4,298 rows.
2026-01-09 12:01:28 [E780.E780_IF_FILE_ATTACHMENT] Migrated 4,299 rows.
2026-01-09 12:01:28 [E780.E780_IF_FILE_ATTACHMENT] Migrated 4,300 rows.
2026-01-09 12:01:28 [E780.E780_IF_FILE_ATTACHMENT] Migrated 4,301 rows.
2026-01-09 12:01:28 [E780.E780_IF_FILE_ATTACHMENT] Migrated 4,302 rows.
2026-01-09 12:01:28 [E780.E780_IF_FILE_ATTACHMENT] Migrated 4,303 rows.
2026-01-09 12:01:28 [E780.E780_IF_FILE_ATTACHMENT] Migrated 4,304 rows.
2026-01-09 12:01:28 [E780.E780_IF_FILE_ATTACHMENT] Migrated 4,305 rows.
2026-01-09 12:01:28 [E780.E780_IF_FILE_ATTACHMENT] Migrated 4,306 rows.
2026-01-09 12:01:28 [E780.E780_IF_FILE_ATTACHMENT] Migrated 4,307 rows.
2026-01-09 12:01:28 [E780.E780_IF_FILE_ATTACHMENT] Migrated 4,308 rows.
2026-01-09 12:01:28 [E780.E780_IF_FILE_ATTACHMENT] Migrated 4,309 rows.
2026-01-09 12:01:28 [E780.E780_IF_FILE_ATTACHMENT] Migrated 4,310 rows.
2026-01-09 12:01:28 [E780.E780_IF_FILE_ATTACHMENT] Migrated 4,311 rows.
2026-01-09 12:01:28 [E780.E780_IF_FILE_ATTACHMENT] Migrated 4,312 rows.
2026-01-09 12:01:28 [E780.E780_IF_FILE_ATTACHMENT] Migrated 4,313 rows.
2026-01-09 12:01:28 [E780.E780_IF_FILE_ATTACHMENT] Migrated 4,314 rows.
2026-01-09 12:01:28 [E780.E780_IF_FILE_ATTACHMENT] Migrated 4,315 rows.
2026-01-09 12:01:29 [E780.E780_IF_FILE_ATTACHMENT] Migrated 4,316 rows.
2026-01-09 12:01:29 [E780.E780_IF_FILE_ATTACHMENT] Migrated 4,317 rows.
2026-01-09 12:01:29 [E780.E780_IF_FILE_ATTACHMENT] Migrated 4,318 rows.
2026-01-09 12:01:29 [E780.E780_IF_FILE_ATTACHMENT] Migrated 4,319 rows.
2026-01-09 12:01:29 [E780.E780_IF_FILE_ATTACHMENT] Migrated 4,320 rows.
2026-01-09 12:01:29 [E780.E780_IF_FILE_ATTACHMENT] Migrated 4,321 rows.
2026-01-09 12:01:29 [E780.E780_IF_FILE_ATTACHMENT] Migrated 4,322 rows.
2026-01-09 12:01:29 [E780.E780_IF_FILE_ATTACHMENT] Migrated 4,323 rows.
2026-01-09 12:01:30 [E780.E780_IF_FILE_ATTACHMENT] Migrated 4,324 rows.
2026-01-09 12:01:30 [E780.E780_IF_FILE_ATTACHMENT] Migrated 4,325 rows.
2026-01-09 12:01:30 [E780.E780_IF_FILE_ATTACHMENT] Migrated 4,326 rows.
2026-01-09 12:01:30 [E780.E780_IF_FILE_ATTACHMENT] Migrated 4,327 rows.
2026-01-09 12:01:30 [E780.E780_IF_FILE_ATTACHMENT] Migrated 4,328 rows.
2026-01-09 12:01:30 [E780.E780_IF_FILE_ATTACHMENT] Migrated 4,329 rows.
2026-01-09 12:01:30 [E780.E780_IF_FILE_ATTACHMENT] Migrated 4,330 rows.
2026-01-09 12:01:30 [E780.E780_IF_FILE_ATTACHMENT] Migrated 4,331 rows.
2026-01-09 12:01:30 [E780.E780_IF_FILE_ATTACHMENT] Migrated 4,332 rows.
2026-01-09 12:01:30 [E780.E780_IF_FILE_ATTACHMENT] Migrated 4,333 rows.
2026-01-09 12:01:30 [E780.E780_IF_FILE_ATTACHMENT] Migrated 4,334 rows.
2026-01-09 12:01:30 [E780.E780_IF_FILE_ATTACHMENT] Migrated 4,335 rows.
2026-01-09 12:01:30 [E780.E780_IF_FILE_ATTACHMENT] Migrated 4,336 rows.
2026-01-09 12:01:30 [E780.E780_IF_FILE_ATTACHMENT] Migrated 4,337 rows.
2026-01-09 12:01:31 [E780.E780_IF_FILE_ATTACHMENT] Migrated 4,338 rows.
2026-01-09 12:01:31 [E780.E780_IF_FILE_ATTACHMENT] Migrated 4,339 rows.
2026-01-09 12:01:31 [E780.E780_IF_FILE_ATTACHMENT] Migrated 4,340 rows.
2026-01-09 12:01:31 [E780.E780_IF_FILE_ATTACHMENT] Migrated 4,341 rows.
2026-01-09 12:01:31 [E780.E780_IF_FILE_ATTACHMENT] Migrated 4,342 rows.
2026-01-09 12:01:31 [E780.E780_IF_FILE_ATTACHMENT] Migrated 4,343 rows.
2026-01-09 12:01:31 [E780.E780_IF_FILE_ATTACHMENT] Migrated 4,344 rows.
2026-01-09 12:01:31 [E780.E780_IF_FILE_ATTACHMENT] Migrated 4,345 rows.
2026-01-09 12:01:31 [E780.E780_IF_FILE_ATTACHMENT] Migrated 4,346 rows.
2026-01-09 12:01:31 [E780.E780_IF_FILE_ATTACHMENT] Migrated 4,347 rows.
2026-01-09 12:01:31 [E780.E780_IF_FILE_ATTACHMENT] Migrated 4,348 rows.
2026-01-09 12:01:31 [E780.E780_IF_FILE_ATTACHMENT] Migrated 4,349 rows.
2026-01-09 12:01:31 [E780.E780_IF_FILE_ATTACHMENT] Migrated 4,350 rows.
2026-01-09 12:01:31 [E780.E780_IF_FILE_ATTACHMENT] Migrated 4,351 rows.
2026-01-09 12:01:31 [E780.E780_IF_FILE_ATTACHMENT] Migrated 4,352 rows.
2026-01-09 12:01:31 [E780.E780_IF_FILE_ATTACHMENT] Migrated 4,353 rows.
2026-01-09 12:01:31 [E780.E780_IF_FILE_ATTACHMENT] Migrated 4,354 rows.
2026-01-09 12:01:31 [E780.E780_IF_FILE_ATTACHMENT] Migrated 4,355 rows.
2026-01-09 12:01:31 [E780.E780_IF_FILE_ATTACHMENT] Migrated 4,356 rows.
2026-01-09 12:01:31 [E780.E780_IF_FILE_ATTACHMENT] Migrated 4,357 rows.
2026-01-09 12:01:31 [E780.E780_IF_FILE_ATTACHMENT] Migrated 4,358 rows.
2026-01-09 12:01:32 [E780.E780_IF_FILE_ATTACHMENT] Migrated 4,359 rows.
2026-01-09 12:01:32 [E780.E780_IF_FILE_ATTACHMENT] Migrated 4,360 rows.
2026-01-09 12:01:32 [E780.E780_IF_FILE_ATTACHMENT] Migrated 4,361 rows.
2026-01-09 12:01:32 [E780.E780_IF_FILE_ATTACHMENT] Migrated 4,362 rows.
2026-01-09 12:01:32 [E780.E780_IF_FILE_ATTACHMENT] Migrated 4,363 rows.
2026-01-09 12:01:32 [E780.E780_IF_FILE_ATTACHMENT] Migrated 4,364 rows.
2026-01-09 12:01:32 [E780.E780_IF_FILE_ATTACHMENT] Migrated 4,365 rows.
2026-01-09 12:01:32 [E780.E780_IF_FILE_ATTACHMENT] Migrated 4,366 rows.
2026-01-09 12:01:32 [E780.E780_IF_FILE_ATTACHMENT] Migrated 4,367 rows.
2026-01-09 12:01:32 [E780.E780_IF_FILE_ATTACHMENT] Migrated 4,368 rows.
2026-01-09 12:01:32 [E780.E780_IF_FILE_ATTACHMENT] Migrated 4,369 rows.
2026-01-09 12:01:32 [E780.E780_IF_FILE_ATTACHMENT] Migrated 4,370 rows.
2026-01-09 12:01:32 [E780.E780_IF_FILE_ATTACHMENT] Migrated 4,371 rows.
2026-01-09 12:01:32 [E780.E780_IF_FILE_ATTACHMENT] Migrated 4,372 rows.
2026-01-09 12:01:32 [E780.E780_IF_FILE_ATTACHMENT] Migrated 4,373 rows.
2026-01-09 12:01:32 [E780.E780_IF_FILE_ATTACHMENT] Migrated 4,374 rows.
2026-01-09 12:01:32 [E780.E780_IF_FILE_ATTACHMENT] Migrated 4,375 rows.
2026-01-09 12:01:32 [E780.E780_IF_FILE_ATTACHMENT] Migrated 4,376 rows.
2026-01-09 12:01:33 [E780.E780_IF_FILE_ATTACHMENT] Migrated 4,377 rows.
2026-01-09 12:01:33 [E780.E780_IF_FILE_ATTACHMENT] Migrated 4,378 rows.
2026-01-09 12:01:33 [E780.E780_IF_FILE_ATTACHMENT] Migrated 4,379 rows.
2026-01-09 12:01:33 [E780.E780_IF_FILE_ATTACHMENT] Migrated 4,380 rows.
2026-01-09 12:01:33 [E780.E780_IF_FILE_ATTACHMENT] Migrated 4,381 rows.
2026-01-09 12:01:33 [E780.E780_IF_FILE_ATTACHMENT] Migrated 4,382 rows.
2026-01-09 12:01:33 [E780.E780_IF_FILE_ATTACHMENT] Migrated 4,383 rows.
2026-01-09 12:01:33 [E780.E780_IF_FILE_ATTACHMENT] Migrated 4,384 rows.
2026-01-09 12:01:33 [E780.E780_IF_FILE_ATTACHMENT] Migrated 4,385 rows.
2026-01-09 12:01:33 [E780.E780_IF_FILE_ATTACHMENT] Migrated 4,386 rows.
2026-01-09 12:01:33 [E780.E780_IF_FILE_ATTACHMENT] Migrated 4,387 rows.
2026-01-09 12:01:33 [E780.E780_IF_FILE_ATTACHMENT] Migrated 4,388 rows.
2026-01-09 12:01:33 [E780.E780_IF_FILE_ATTACHMENT] Migrated 4,389 rows.
2026-01-09 12:01:33 [E780.E780_IF_FILE_ATTACHMENT] Migrated 4,390 rows.
2026-01-09 12:01:33 [E780.E780_IF_FILE_ATTACHMENT] Migrated 4,391 rows.
2026-01-09 12:01:33 [E780.E780_IF_FILE_ATTACHMENT] Migrated 4,392 rows.
2026-01-09 12:01:33 [E780.E780_IF_FILE_ATTACHMENT] Migrated 4,393 rows.
2026-01-09 12:01:33 [E780.E780_IF_FILE_ATTACHMENT] Migrated 4,394 rows.
2026-01-09 12:01:33 [E780.E780_IF_FILE_ATTACHMENT] Migrated 4,395 rows.
2026-01-09 12:01:33 [E780.E780_IF_FILE_ATTACHMENT] Migrated 4,396 rows.
2026-01-09 12:01:33 [E780.E780_IF_FILE_ATTACHMENT] Migrated 4,397 rows.
2026-01-09 12:01:33 [E780.E780_IF_FILE_ATTACHMENT] Migrated 4,398 rows.
2026-01-09 12:01:33 [E780.E780_IF_FILE_ATTACHMENT] Migrated 4,399 rows.
2026-01-09 12:01:33 [E780.E780_IF_FILE_ATTACHMENT] Migrated 4,400 rows.
2026-01-09 12:01:33 [E780.E780_IF_FILE_ATTACHMENT] Migrated 4,401 rows.
2026-01-09 12:01:33 [E780.E780_IF_FILE_ATTACHMENT] Migrated 4,402 rows.
2026-01-09 12:01:34 [E780.E780_IF_FILE_ATTACHMENT] Migrated 4,403 rows.
2026-01-09 12:01:34 [E780.E780_IF_FILE_ATTACHMENT] Migrated 4,404 rows.
2026-01-09 12:01:34 [E780.E780_IF_FILE_ATTACHMENT] Migrated 4,405 rows.
2026-01-09 12:01:34 [E780.E780_IF_FILE_ATTACHMENT] Migrated 4,406 rows.
2026-01-09 12:01:34 [E780.E780_IF_FILE_ATTACHMENT] Migrated 4,407 rows.
2026-01-09 12:01:34 [E780.E780_IF_FILE_ATTACHMENT] Migrated 4,408 rows.
2026-01-09 12:01:34 [E780.E780_IF_FILE_ATTACHMENT] Migrated 4,409 rows.
2026-01-09 12:01:34 [E780.E780_IF_FILE_ATTACHMENT] Migrated 4,410 rows.
2026-01-09 12:01:34 [E780.E780_IF_FILE_ATTACHMENT] Migrated 4,411 rows.
2026-01-09 12:01:34 [E780.E780_IF_FILE_ATTACHMENT] Migrated 4,412 rows.
2026-01-09 12:01:34 [E780.E780_IF_FILE_ATTACHMENT] Migrated 4,413 rows.
2026-01-09 12:01:34 [E780.E780_IF_FILE_ATTACHMENT] Migrated 4,414 rows.
2026-01-09 12:01:34 [E780.E780_IF_FILE_ATTACHMENT] Migrated 4,415 rows.
2026-01-09 12:01:34 [E780.E780_IF_FILE_ATTACHMENT] Migrated 4,416 rows.
2026-01-09 12:01:34 [E780.E780_IF_FILE_ATTACHMENT] Migrated 4,417 rows.
2026-01-09 12:01:34 [E780.E780_IF_FILE_ATTACHMENT] Migrated 4,418 rows.
2026-01-09 12:01:34 [E780.E780_IF_FILE_ATTACHMENT] Migrated 4,419 rows.
2026-01-09 12:01:34 [E780.E780_IF_FILE_ATTACHMENT] Migrated 4,420 rows.
2026-01-09 12:01:35 [E780.E780_IF_FILE_ATTACHMENT] Migrated 4,421 rows.
2026-01-09 12:01:35 [E780.E780_IF_FILE_ATTACHMENT] Migrated 4,422 rows.
2026-01-09 12:01:35 [E780.E780_IF_FILE_ATTACHMENT] Migrated 4,423 rows.
2026-01-09 12:01:35 [E780.E780_IF_FILE_ATTACHMENT] Migrated 4,424 rows.
2026-01-09 12:01:35 [E780.E780_IF_FILE_ATTACHMENT] Migrated 4,425 rows.
2026-01-09 12:01:35 [E780.E780_IF_FILE_ATTACHMENT] Migrated 4,426 rows.
2026-01-09 12:01:35 [E780.E780_IF_FILE_ATTACHMENT] Migrated 4,427 rows.
2026-01-09 12:01:35 [E780.E780_IF_FILE_ATTACHMENT] Migrated 4,428 rows.
2026-01-09 12:01:35 [E780.E780_IF_FILE_ATTACHMENT] Migrated 4,429 rows.
2026-01-09 12:01:35 [E780.E780_IF_FILE_ATTACHMENT] Migrated 4,430 rows.
2026-01-09 12:01:35 [E780.E780_IF_FILE_ATTACHMENT] Migrated 4,431 rows.
2026-01-09 12:01:35 [E780.E780_IF_FILE_ATTACHMENT] Migrated 4,432 rows.
2026-01-09 12:01:35 [E780.E780_IF_FILE_ATTACHMENT] Migrated 4,433 rows.
2026-01-09 12:01:35 [E780.E780_IF_FILE_ATTACHMENT] Migrated 4,434 rows.
2026-01-09 12:01:35 [E780.E780_IF_FILE_ATTACHMENT] Migrated 4,435 rows.
2026-01-09 12:01:35 [E780.E780_IF_FILE_ATTACHMENT] Migrated 4,436 rows.
2026-01-09 12:01:35 [E780.E780_IF_FILE_ATTACHMENT] Migrated 4,437 rows.
2026-01-09 12:01:35 [E780.E780_IF_FILE_ATTACHMENT] Migrated 4,438 rows.
2026-01-09 12:01:36 [E780.E780_IF_FILE_ATTACHMENT] Migrated 4,439 rows.
2026-01-09 12:01:36 [E780.E780_IF_FILE_ATTACHMENT] Migrated 4,440 rows.
2026-01-09 12:01:36 [E780.E780_IF_FILE_ATTACHMENT] Migrated 4,441 rows.
2026-01-09 12:01:36 [E780.E780_IF_FILE_ATTACHMENT] Migrated 4,442 rows.
2026-01-09 12:01:36 [E780.E780_IF_FILE_ATTACHMENT] Migrated 4,443 rows.
2026-01-09 12:01:36 [E780.E780_IF_FILE_ATTACHMENT] Migrated 4,444 rows.
2026-01-09 12:01:36 [E780.E780_IF_FILE_ATTACHMENT] Migrated 4,445 rows.
2026-01-09 12:01:36 [E780.E780_IF_FILE_ATTACHMENT] Migrated 4,446 rows.
2026-01-09 12:01:36 [E780.E780_IF_FILE_ATTACHMENT] Migrated 4,447 rows.
2026-01-09 12:01:36 [E780.E780_IF_FILE_ATTACHMENT] Migrated 4,448 rows.
2026-01-09 12:01:36 [E780.E780_IF_FILE_ATTACHMENT] Migrated 4,449 rows.
2026-01-09 12:01:36 [E780.E780_IF_FILE_ATTACHMENT] Migrated 4,450 rows.
2026-01-09 12:01:37 [E780.E780_IF_FILE_ATTACHMENT] Migrated 4,451 rows.
2026-01-09 12:01:37 [E780.E780_IF_FILE_ATTACHMENT] Migrated 4,452 rows.
2026-01-09 12:01:37 [E780.E780_IF_FILE_ATTACHMENT] Migrated 4,453 rows.
2026-01-09 12:01:37 [E780.E780_IF_FILE_ATTACHMENT] Migrated 4,454 rows.
2026-01-09 12:01:37 [E780.E780_IF_FILE_ATTACHMENT] Migrated 4,455 rows.
2026-01-09 12:01:37 [E780.E780_IF_FILE_ATTACHMENT] Migrated 4,456 rows.
2026-01-09 12:01:37 [E780.E780_IF_FILE_ATTACHMENT] Migrated 4,457 rows.
2026-01-09 12:01:37 [E780.E780_IF_FILE_ATTACHMENT] Migrated 4,458 rows.
2026-01-09 12:01:37 [E780.E780_IF_FILE_ATTACHMENT] Migrated 4,459 rows.
2026-01-09 12:01:37 [E780.E780_IF_FILE_ATTACHMENT] Migrated 4,460 rows.
2026-01-09 12:01:37 [E780.E780_IF_FILE_ATTACHMENT] Migrated 4,461 rows.
2026-01-09 12:01:37 [E780.E780_IF_FILE_ATTACHMENT] Migrated 4,462 rows.
2026-01-09 12:01:37 [E780.E780_IF_FILE_ATTACHMENT] Migrated 4,463 rows.
2026-01-09 12:01:37 [E780.E780_IF_FILE_ATTACHMENT] Migrated 4,464 rows.
2026-01-09 12:01:37 [E780.E780_IF_FILE_ATTACHMENT] Migrated 4,465 rows.
2026-01-09 12:01:37 [E780.E780_IF_FILE_ATTACHMENT] Migrated 4,466 rows.
2026-01-09 12:01:37 [E780.E780_IF_FILE_ATTACHMENT] Migrated 4,467 rows.
2026-01-09 12:01:38 [E780.E780_IF_FILE_ATTACHMENT] Migrated 4,468 rows.
2026-01-09 12:01:38 [E780.E780_IF_FILE_ATTACHMENT] Migrated 4,469 rows.
2026-01-09 12:01:38 [E780.E780_IF_FILE_ATTACHMENT] Migrated 4,470 rows.
2026-01-09 12:01:38 [E780.E780_IF_FILE_ATTACHMENT] Migrated 4,471 rows.
2026-01-09 12:01:38 [E780.E780_IF_FILE_ATTACHMENT] Migrated 4,472 rows.
2026-01-09 12:01:38 [E780.E780_IF_FILE_ATTACHMENT] Migrated 4,473 rows.
2026-01-09 12:01:38 [E780.E780_IF_FILE_ATTACHMENT] Migrated 4,474 rows.
2026-01-09 12:01:38 [E780.E780_IF_FILE_ATTACHMENT] Migrated 4,475 rows.
2026-01-09 12:01:38 [E780.E780_IF_FILE_ATTACHMENT] Migrated 4,476 rows.
2026-01-09 12:01:38 [E780.E780_IF_FILE_ATTACHMENT] Migrated 4,477 rows.
2026-01-09 12:01:38 [E780.E780_IF_FILE_ATTACHMENT] Migrated 4,478 rows.
2026-01-09 12:01:38 [E780.E780_IF_FILE_ATTACHMENT] Migrated 4,479 rows.
2026-01-09 12:01:38 [E780.E780_IF_FILE_ATTACHMENT] Migrated 4,480 rows.
2026-01-09 12:01:38 [E780.E780_IF_FILE_ATTACHMENT] Migrated 4,481 rows.
2026-01-09 12:01:38 [E780.E780_IF_FILE_ATTACHMENT] Migrated 4,482 rows.
2026-01-09 12:01:38 [E780.E780_IF_FILE_ATTACHMENT] Migrated 4,483 rows.
2026-01-09 12:01:38 [E780.E780_IF_FILE_ATTACHMENT] Migrated 4,484 rows.
2026-01-09 12:01:38 [E780.E780_IF_FILE_ATTACHMENT] Migrated 4,485 rows.
2026-01-09 12:01:38 [E780.E780_IF_FILE_ATTACHMENT] Migrated 4,486 rows.
2026-01-09 12:01:38 [E780.E780_IF_FILE_ATTACHMENT] Migrated 4,487 rows.
2026-01-09 12:01:38 [E780.E780_IF_FILE_ATTACHMENT] Migrated 4,488 rows.
2026-01-09 12:01:38 [E780.E780_IF_FILE_ATTACHMENT] Migrated 4,489 rows.
2026-01-09 12:01:39 [E780.E780_IF_FILE_ATTACHMENT] Migrated 4,490 rows.
2026-01-09 12:01:39 [E780.E780_IF_FILE_ATTACHMENT] Migrated 4,491 rows.
2026-01-09 12:01:39 [E780.E780_IF_FILE_ATTACHMENT] Migrated 4,492 rows.
2026-01-09 12:01:39 [E780.E780_IF_FILE_ATTACHMENT] Migrated 4,493 rows.
2026-01-09 12:01:39 [E780.E780_IF_FILE_ATTACHMENT] Migrated 4,494 rows.
2026-01-09 12:01:39 [E780.E780_IF_FILE_ATTACHMENT] Migrated 4,495 rows.
2026-01-09 12:01:39 [E780.E780_IF_FILE_ATTACHMENT] Migrated 4,496 rows.
2026-01-09 12:01:39 [E780.E780_IF_FILE_ATTACHMENT] Migrated 4,497 rows.
2026-01-09 12:01:39 [E780.E780_IF_FILE_ATTACHMENT] Migrated 4,498 rows.
2026-01-09 12:01:39 [E780.E780_IF_FILE_ATTACHMENT] Migrated 4,499 rows.
2026-01-09 12:01:39 [E780.E780_IF_FILE_ATTACHMENT] Migrated 4,500 rows.
2026-01-09 12:01:39 [E780.E780_IF_FILE_ATTACHMENT] Migrated 4,501 rows.
2026-01-09 12:01:39 [E780.E780_IF_FILE_ATTACHMENT] Migrated 4,502 rows.
2026-01-09 12:01:39 [E780.E780_IF_FILE_ATTACHMENT] Migrated 4,503 rows.
2026-01-09 12:01:39 [E780.E780_IF_FILE_ATTACHMENT] Migrated 4,504 rows.
2026-01-09 12:01:39 [E780.E780_IF_FILE_ATTACHMENT] Migrated 4,505 rows.
2026-01-09 12:01:40 [E780.E780_IF_FILE_ATTACHMENT] Migrated 4,506 rows.
2026-01-09 12:01:40 [E780.E780_IF_FILE_ATTACHMENT] Migrated 4,507 rows.
2026-01-09 12:01:40 [E780.E780_IF_FILE_ATTACHMENT] Migrated 4,508 rows.
2026-01-09 12:01:40 [E780.E780_IF_FILE_ATTACHMENT] Migrated 4,509 rows.
2026-01-09 12:01:40 [E780.E780_IF_FILE_ATTACHMENT] Migrated 4,510 rows.
2026-01-09 12:01:40 [E780.E780_IF_FILE_ATTACHMENT] Migrated 4,511 rows.
2026-01-09 12:01:40 [E780.E780_IF_FILE_ATTACHMENT] Migrated 4,512 rows.
2026-01-09 12:01:40 [E780.E780_IF_FILE_ATTACHMENT] Migrated 4,513 rows.
2026-01-09 12:01:40 [E780.E780_IF_FILE_ATTACHMENT] Migrated 4,514 rows.
2026-01-09 12:01:41 [E780.E780_IF_FILE_ATTACHMENT] Migrated 4,515 rows.
2026-01-09 12:01:41 [E780.E780_IF_FILE_ATTACHMENT] Migrated 4,516 rows.
2026-01-09 12:01:41 [E780.E780_IF_FILE_ATTACHMENT] Migrated 4,517 rows.
2026-01-09 12:01:41 [E780.E780_IF_FILE_ATTACHMENT] Migrated 4,518 rows.
2026-01-09 12:01:41 [E780.E780_IF_FILE_ATTACHMENT] Migrated 4,519 rows.
2026-01-09 12:01:41 [E780.E780_IF_FILE_ATTACHMENT] Migrated 4,520 rows.
2026-01-09 12:01:41 [E780.E780_IF_FILE_ATTACHMENT] Migrated 4,521 rows.
2026-01-09 12:01:41 [E780.E780_IF_FILE_ATTACHMENT] Migrated 4,522 rows.
2026-01-09 12:01:41 [E780.E780_IF_FILE_ATTACHMENT] Migrated 4,523 rows.
2026-01-09 12:01:41 [E780.E780_IF_FILE_ATTACHMENT] Migrated 4,524 rows.
2026-01-09 12:01:41 [E780.E780_IF_FILE_ATTACHMENT] Migrated 4,525 rows.
2026-01-09 12:01:41 [E780.E780_IF_FILE_ATTACHMENT] Migrated 4,526 rows.
2026-01-09 12:01:41 [E780.E780_IF_FILE_ATTACHMENT] Migrated 4,527 rows.
2026-01-09 12:01:42 [E780.E780_IF_FILE_ATTACHMENT] Migrated 4,528 rows.
2026-01-09 12:01:42 [E780.E780_IF_FILE_ATTACHMENT] Migrated 4,529 rows.
2026-01-09 12:01:42 [E780.E780_IF_FILE_ATTACHMENT] Migrated 4,530 rows.
2026-01-09 12:01:42 [E780.E780_IF_FILE_ATTACHMENT] Migrated 4,531 rows.
2026-01-09 12:01:42 [E780.E780_IF_FILE_ATTACHMENT] Migrated 4,532 rows.
2026-01-09 12:01:42 [E780.E780_IF_FILE_ATTACHMENT] Migrated 4,533 rows.
2026-01-09 12:01:42 [E780.E780_IF_FILE_ATTACHMENT] Migrated 4,534 rows.
2026-01-09 12:01:43 [E780.E780_IF_FILE_ATTACHMENT] Migrated 4,535 rows.
2026-01-09 12:01:43 [E780.E780_IF_FILE_ATTACHMENT] Migrated 4,536 rows.
2026-01-09 12:01:43 [E780.E780_IF_FILE_ATTACHMENT] Migrated 4,537 rows.
2026-01-09 12:01:43 [E780.E780_IF_FILE_ATTACHMENT] Migrated 4,538 rows.
2026-01-09 12:01:43 [E780.E780_IF_FILE_ATTACHMENT] Migrated 4,539 rows.
2026-01-09 12:01:43 [E780.E780_IF_FILE_ATTACHMENT] Migrated 4,540 rows.
2026-01-09 12:01:43 [E780.E780_IF_FILE_ATTACHMENT] Migrated 4,541 rows.
2026-01-09 12:01:43 [E780.E780_IF_FILE_ATTACHMENT] Migrated 4,542 rows.
2026-01-09 12:01:43 [E780.E780_IF_FILE_ATTACHMENT] Migrated 4,543 rows.
2026-01-09 12:01:43 [E780.E780_IF_FILE_ATTACHMENT] Migrated 4,544 rows.
2026-01-09 12:01:43 [E780.E780_IF_FILE_ATTACHMENT] Migrated 4,545 rows.
2026-01-09 12:01:43 [E780.E780_IF_FILE_ATTACHMENT] Migrated 4,546 rows.
2026-01-09 12:01:43 [E780.E780_IF_FILE_ATTACHMENT] Migrated 4,547 rows.
2026-01-09 12:01:43 [E780.E780_IF_FILE_ATTACHMENT] Migrated 4,548 rows.
2026-01-09 12:01:43 [E780.E780_IF_FILE_ATTACHMENT] Migrated 4,549 rows.
2026-01-09 12:01:43 [E780.E780_IF_FILE_ATTACHMENT] Migrated 4,550 rows.
2026-01-09 12:01:43 [E780.E780_IF_FILE_ATTACHMENT] Migrated 4,551 rows.
2026-01-09 12:01:43 [E780.E780_IF_FILE_ATTACHMENT] Migrated 4,552 rows.
2026-01-09 12:01:43 [E780.E780_IF_FILE_ATTACHMENT] Migrated 4,553 rows.
2026-01-09 12:01:44 [E780.E780_IF_FILE_ATTACHMENT] Migrated 4,554 rows.
2026-01-09 12:01:44 [E780.E780_IF_FILE_ATTACHMENT] Migrated 4,555 rows.
2026-01-09 12:01:44 [E780.E780_IF_FILE_ATTACHMENT] Migrated 4,556 rows.
2026-01-09 12:01:44 [E780.E780_IF_FILE_ATTACHMENT] Migrated 4,557 rows.
2026-01-09 12:01:44 [E780.E780_IF_FILE_ATTACHMENT] Migrated 4,558 rows.
2026-01-09 12:01:44 [E780.E780_IF_FILE_ATTACHMENT] Migrated 4,559 rows.
2026-01-09 12:01:44 [E780.E780_IF_FILE_ATTACHMENT] Migrated 4,560 rows.
2026-01-09 12:01:44 [E780.E780_IF_FILE_ATTACHMENT] Migrated 4,561 rows.
2026-01-09 12:01:44 [E780.E780_IF_FILE_ATTACHMENT] Migrated 4,562 rows.
2026-01-09 12:01:44 [E780.E780_IF_FILE_ATTACHMENT] Migrated 4,563 rows.
2026-01-09 12:01:44 [E780.E780_IF_FILE_ATTACHMENT] Migrated 4,564 rows.
2026-01-09 12:01:44 [E780.E780_IF_FILE_ATTACHMENT] Migrated 4,565 rows.
2026-01-09 12:01:44 [E780.E780_IF_FILE_ATTACHMENT] Migrated 4,566 rows.
2026-01-09 12:01:44 [E780.E780_IF_FILE_ATTACHMENT] Migrated 4,567 rows.
2026-01-09 12:01:44 [E780.E780_IF_FILE_ATTACHMENT] Migrated 4,568 rows.
2026-01-09 12:01:45 [E780.E780_IF_FILE_ATTACHMENT] Migrated 4,569 rows.
2026-01-09 12:01:45 [E780.E780_IF_FILE_ATTACHMENT] Migrated 4,570 rows.
2026-01-09 12:01:45 [E780.E780_IF_FILE_ATTACHMENT] Migrated 4,571 rows.
2026-01-09 12:01:45 [E780.E780_IF_FILE_ATTACHMENT] Migrated 4,572 rows.
2026-01-09 12:01:45 [E780.E780_IF_FILE_ATTACHMENT] Migrated 4,573 rows.
2026-01-09 12:01:45 [E780.E780_IF_FILE_ATTACHMENT] Migrated 4,574 rows.
2026-01-09 12:01:46 [E780.E780_IF_FILE_ATTACHMENT] Migrated 4,575 rows.
2026-01-09 12:01:46 [E780.E780_IF_FILE_ATTACHMENT] Migrated 4,576 rows.
2026-01-09 12:01:46 [E780.E780_IF_FILE_ATTACHMENT] Migrated 4,577 rows.
2026-01-09 12:01:46 [E780.E780_IF_FILE_ATTACHMENT] Migrated 4,578 rows.
2026-01-09 12:01:46 [E780.E780_IF_FILE_ATTACHMENT] Migrated 4,579 rows.
2026-01-09 12:01:46 [E780.E780_IF_FILE_ATTACHMENT] Migrated 4,580 rows.
2026-01-09 12:01:47 [E780.E780_IF_FILE_ATTACHMENT] Migrated 4,581 rows.
2026-01-09 12:01:47 [E780.E780_IF_FILE_ATTACHMENT] Migrated 4,582 rows.
2026-01-09 12:01:48 [E780.E780_IF_FILE_ATTACHMENT] Migrated 4,583 rows.
2026-01-09 12:01:48 [E780.E780_IF_FILE_ATTACHMENT] Migrated 4,584 rows.
2026-01-09 12:01:48 [E780.E780_IF_FILE_ATTACHMENT] Migrated 4,585 rows.
2026-01-09 12:01:49 [E780.E780_IF_FILE_ATTACHMENT] Migrated 4,586 rows.
2026-01-09 12:01:49 [E780.E780_IF_FILE_ATTACHMENT] Migrated 4,587 rows.
2026-01-09 12:01:49 [E780.E780_IF_FILE_ATTACHMENT] Migrated 4,588 rows.
2026-01-09 12:01:49 [E780.E780_IF_FILE_ATTACHMENT] Migrated 4,589 rows.
2026-01-09 12:01:49 [E780.E780_IF_FILE_ATTACHMENT] Migrated 4,590 rows.
2026-01-09 12:01:49 [E780.E780_IF_FILE_ATTACHMENT] Migrated 4,591 rows.
2026-01-09 12:01:49 [E780.E780_IF_FILE_ATTACHMENT] Migrated 4,592 rows.
2026-01-09 12:01:50 [E780.E780_IF_FILE_ATTACHMENT] Migrated 4,593 rows.
2026-01-09 12:01:50 [E780.E780_IF_FILE_ATTACHMENT] Migrated 4,594 rows.
2026-01-09 12:01:50 [E780.E780_IF_FILE_ATTACHMENT] Migrated 4,595 rows.
2026-01-09 12:01:50 [E780.E780_IF_FILE_ATTACHMENT] Migrated 4,596 rows.
2026-01-09 12:01:50 [E780.E780_IF_FILE_ATTACHMENT] Migrated 4,597 rows.
2026-01-09 12:01:50 [E780.E780_IF_FILE_ATTACHMENT] Migrated 4,598 rows.
2026-01-09 12:01:50 [E780.E780_IF_FILE_ATTACHMENT] Migrated 4,599 rows.
2026-01-09 12:01:51 [E780.E780_IF_FILE_ATTACHMENT] Migrated 4,600 rows.
2026-01-09 12:01:51 [E780.E780_IF_FILE_ATTACHMENT] Migrated 4,601 rows.
2026-01-09 12:01:51 [E780.E780_IF_FILE_ATTACHMENT] Migrated 4,602 rows.
2026-01-09 12:01:51 [E780.E780_IF_FILE_ATTACHMENT] Migrated 4,603 rows.
2026-01-09 12:01:51 [E780.E780_IF_FILE_ATTACHMENT] Migrated 4,604 rows.
2026-01-09 12:01:51 [E780.E780_IF_FILE_ATTACHMENT] Migrated 4,605 rows.
2026-01-09 12:01:51 [E780.E780_IF_FILE_ATTACHMENT] Migrated 4,606 rows.
2026-01-09 12:01:52 [E780.E780_IF_FILE_ATTACHMENT] Migrated 4,607 rows.
2026-01-09 12:01:52 [E780.E780_IF_FILE_ATTACHMENT] Migrated 4,608 rows.
2026-01-09 12:01:52 [E780.E780_IF_FILE_ATTACHMENT] Migrated 4,609 rows.
2026-01-09 12:01:52 [E780.E780_IF_FILE_ATTACHMENT] Migrated 4,610 rows.
2026-01-09 12:01:52 [E780.E780_IF_FILE_ATTACHMENT] Migrated 4,611 rows.
2026-01-09 12:01:52 [E780.E780_IF_FILE_ATTACHMENT] Migrated 4,612 rows.
2026-01-09 12:01:52 [E780.E780_IF_FILE_ATTACHMENT] Migrated 4,613 rows.
2026-01-09 12:01:52 [E780.E780_IF_FILE_ATTACHMENT] Migrated 4,614 rows.
2026-01-09 12:01:52 [E780.E780_IF_FILE_ATTACHMENT] Migrated 4,615 rows.
2026-01-09 12:01:52 [E780.E780_IF_FILE_ATTACHMENT] Migrated 4,616 rows.
2026-01-09 12:01:52 [E780.E780_IF_FILE_ATTACHMENT] Migrated 4,617 rows.
2026-01-09 12:01:53 [E780.E780_IF_FILE_ATTACHMENT] Migrated 4,618 rows.
2026-01-09 12:01:53 [E780.E780_IF_FILE_ATTACHMENT] Migrated 4,619 rows.
2026-01-09 12:01:53 [E780.E780_IF_FILE_ATTACHMENT] Migrated 4,620 rows.
2026-01-09 12:01:53 [E780.E780_IF_FILE_ATTACHMENT] Migrated 4,621 rows.
2026-01-09 12:01:53 [E780.E780_IF_FILE_ATTACHMENT] Migrated 4,622 rows.
2026-01-09 12:01:53 [E780.E780_IF_FILE_ATTACHMENT] Migrated 4,623 rows.
2026-01-09 12:01:53 [E780.E780_IF_FILE_ATTACHMENT] Migrated 4,624 rows.
2026-01-09 12:01:53 [E780.E780_IF_FILE_ATTACHMENT] Migrated 4,625 rows.
2026-01-09 12:01:54 [E780.E780_IF_FILE_ATTACHMENT] Migrated 4,626 rows.
2026-01-09 12:01:54 [E780.E780_IF_FILE_ATTACHMENT] Migrated 4,627 rows.
2026-01-09 12:01:54 [E780.E780_IF_FILE_ATTACHMENT] Migrated 4,628 rows.
2026-01-09 12:01:55 [E780.E780_IF_FILE_ATTACHMENT] Migrated 4,629 rows.
2026-01-09 12:01:55 [E780.E780_IF_FILE_ATTACHMENT] Migrated 4,630 rows.
2026-01-09 12:01:55 [E780.E780_IF_FILE_ATTACHMENT] Migrated 4,631 rows.
2026-01-09 12:01:56 [E780.E780_IF_FILE_ATTACHMENT] Migrated 4,632 rows.
2026-01-09 12:01:56 [E780.E780_IF_FILE_ATTACHMENT] Migrated 4,633 rows.
2026-01-09 12:01:56 [E780.E780_IF_FILE_ATTACHMENT] Migrated 4,634 rows.
2026-01-09 12:01:57 [E780.E780_IF_FILE_ATTACHMENT] Migrated 4,635 rows.
2026-01-09 12:01:57 [E780.E780_IF_FILE_ATTACHMENT] Migrated 4,636 rows.
2026-01-09 12:01:57 [E780.E780_IF_FILE_ATTACHMENT] Migrated 4,637 rows.
2026-01-09 12:01:57 [E780.E780_IF_FILE_ATTACHMENT] Migrated 4,638 rows.
2026-01-09 12:01:57 [E780.E780_IF_FILE_ATTACHMENT] Migrated 4,639 rows.
2026-01-09 12:01:57 [E780.E780_IF_FILE_ATTACHMENT] Migrated 4,640 rows.
2026-01-09 12:01:57 [E780.E780_IF_FILE_ATTACHMENT] Migrated 4,641 rows.
2026-01-09 12:01:58 [E780.E780_IF_FILE_ATTACHMENT] Migrated 4,642 rows.
2026-01-09 12:01:58 [E780.E780_IF_FILE_ATTACHMENT] Migrated 4,643 rows.
2026-01-09 12:01:58 [E780.E780_IF_FILE_ATTACHMENT] Migrated 4,644 rows.
2026-01-09 12:01:58 [E780.E780_IF_FILE_ATTACHMENT] Migrated 4,645 rows.
2026-01-09 12:01:58 [E780.E780_IF_FILE_ATTACHMENT] Migrated 4,646 rows.
2026-01-09 12:01:58 [E780.E780_IF_FILE_ATTACHMENT] Migrated 4,647 rows.
2026-01-09 12:01:58 [E780.E780_IF_FILE_ATTACHMENT] Migrated 4,648 rows.
2026-01-09 12:01:58 [E780.E780_IF_FILE_ATTACHMENT] Migrated 4,649 rows.
2026-01-09 12:01:59 [E780.E780_IF_FILE_ATTACHMENT] Migrated 4,650 rows.
2026-01-09 12:01:59 [E780.E780_IF_FILE_ATTACHMENT] Migrated 4,651 rows.
2026-01-09 12:01:59 [E780.E780_IF_FILE_ATTACHMENT] Migrated 4,652 rows.
2026-01-09 12:01:59 [E780.E780_IF_FILE_ATTACHMENT] Migrated 4,653 rows.
2026-01-09 12:01:59 [E780.E780_IF_FILE_ATTACHMENT] Migrated 4,654 rows.
2026-01-09 12:01:59 [E780.E780_IF_FILE_ATTACHMENT] Migrated 4,655 rows.
2026-01-09 12:01:59 [E780.E780_IF_FILE_ATTACHMENT] Migrated 4,656 rows.
2026-01-09 12:01:59 [E780.E780_IF_FILE_ATTACHMENT] Migrated 4,657 rows.
2026-01-09 12:01:59 [E780.E780_IF_FILE_ATTACHMENT] Migrated 4,658 rows.
2026-01-09 12:01:59 [E780.E780_IF_FILE_ATTACHMENT] Migrated 4,659 rows.
2026-01-09 12:01:59 [E780.E780_IF_FILE_ATTACHMENT] Migrated 4,660 rows.
2026-01-09 12:01:59 [E780.E780_IF_FILE_ATTACHMENT] Migrated 4,661 rows.
2026-01-09 12:01:59 [E780.E780_IF_FILE_ATTACHMENT] Migrated 4,662 rows.
2026-01-09 12:02:00 [E780.E780_IF_FILE_ATTACHMENT] Migrated 4,663 rows.
2026-01-09 12:02:00 [E780.E780_IF_FILE_ATTACHMENT] Migrated 4,664 rows.
2026-01-09 12:02:00 [E780.E780_IF_FILE_ATTACHMENT] Migrated 4,665 rows.
2026-01-09 12:02:00 [E780.E780_IF_FILE_ATTACHMENT] Migrated 4,666 rows.
2026-01-09 12:02:01 [E780.E780_IF_FILE_ATTACHMENT] Migrated 4,667 rows.
2026-01-09 12:02:01 [E780.E780_IF_FILE_ATTACHMENT] Migrated 4,668 rows.
2026-01-09 12:02:01 [E780.E780_IF_FILE_ATTACHMENT] Migrated 4,669 rows.
2026-01-09 12:02:01 [E780.E780_IF_FILE_ATTACHMENT] Migrated 4,670 rows.
2026-01-09 12:02:01 [E780.E780_IF_FILE_ATTACHMENT] Migrated 4,671 rows.
2026-01-09 12:02:01 [E780.E780_IF_FILE_ATTACHMENT] Migrated 4,672 rows.
2026-01-09 12:02:02 [E780.E780_IF_FILE_ATTACHMENT] Migrated 4,673 rows.
2026-01-09 12:02:02 [E780.E780_IF_FILE_ATTACHMENT] Migrated 4,674 rows.
2026-01-09 12:02:02 [E780.E780_IF_FILE_ATTACHMENT] Migrated 4,675 rows.
2026-01-09 12:02:02 [E780.E780_IF_FILE_ATTACHMENT] Migrated 4,676 rows.
2026-01-09 12:02:02 [E780.E780_IF_FILE_ATTACHMENT] Migrated 4,677 rows.
2026-01-09 12:02:02 [E780.E780_IF_FILE_ATTACHMENT] Migrated 4,678 rows.
2026-01-09 12:02:02 [E780.E780_IF_FILE_ATTACHMENT] Migrated 4,679 rows.
2026-01-09 12:02:03 [E780.E780_IF_FILE_ATTACHMENT] Migrated 4,680 rows.
2026-01-09 12:02:03 [E780.E780_IF_FILE_ATTACHMENT] Migrated 4,681 rows.
2026-01-09 12:02:03 [E780.E780_IF_FILE_ATTACHMENT] Migrated 4,682 rows.
2026-01-09 12:02:03 [E780.E780_IF_FILE_ATTACHMENT] Migrated 4,683 rows.
2026-01-09 12:02:04 [E780.E780_IF_FILE_ATTACHMENT] Migrated 4,684 rows.
2026-01-09 12:02:04 [E780.E780_IF_FILE_ATTACHMENT] Migrated 4,685 rows.
2026-01-09 12:02:04 [E780.E780_IF_FILE_ATTACHMENT] Migrated 4,686 rows.
2026-01-09 12:02:04 [E780.E780_IF_FILE_ATTACHMENT] Migrated 4,687 rows.
2026-01-09 12:02:05 [E780.E780_IF_FILE_ATTACHMENT] Migrated 4,688 rows.
2026-01-09 12:02:05 [E780.E780_IF_FILE_ATTACHMENT] Migrated 4,689 rows.
2026-01-09 12:02:05 [E780.E780_IF_FILE_ATTACHMENT] Migrated 4,690 rows.
2026-01-09 12:02:05 [E780.E780_IF_FILE_ATTACHMENT] Migrated 4,691 rows.
2026-01-09 12:02:05 [E780.E780_IF_FILE_ATTACHMENT] Migrated 4,692 rows.
2026-01-09 12:02:06 [E780.E780_IF_FILE_ATTACHMENT] Migrated 4,693 rows.
2026-01-09 12:02:06 [E780.E780_IF_FILE_ATTACHMENT] Migrated 4,694 rows.
2026-01-09 12:02:06 [E780.E780_IF_FILE_ATTACHMENT] Migrated 4,695 rows.
2026-01-09 12:02:06 [E780.E780_IF_FILE_ATTACHMENT] Migrated 4,696 rows.
2026-01-09 12:02:07 [E780.E780_IF_FILE_ATTACHMENT] Migrated 4,697 rows.
2026-01-09 12:02:07 [E780.E780_IF_FILE_ATTACHMENT] Migrated 4,698 rows.
2026-01-09 12:02:07 [E780.E780_IF_FILE_ATTACHMENT] Migrated 4,699 rows.
2026-01-09 12:02:08 [E780.E780_IF_FILE_ATTACHMENT] Migrated 4,700 rows.
2026-01-09 12:02:08 [E780.E780_IF_FILE_ATTACHMENT] Migrated 4,701 rows.
2026-01-09 12:02:08 [E780.E780_IF_FILE_ATTACHMENT] Migrated 4,702 rows.
2026-01-09 12:02:08 [E780.E780_IF_FILE_ATTACHMENT] Migrated 4,703 rows.
2026-01-09 12:02:09 [E780.E780_IF_FILE_ATTACHMENT] Migrated 4,704 rows.
2026-01-09 12:02:09 [E780.E780_IF_FILE_ATTACHMENT] Migrated 4,705 rows.
2026-01-09 12:02:10 [E780.E780_IF_FILE_ATTACHMENT] Migrated 4,706 rows.
2026-01-09 12:02:10 [E780.E780_IF_FILE_ATTACHMENT] Migrated 4,707 rows.
2026-01-09 12:02:11 [E780.E780_IF_FILE_ATTACHMENT] Migrated 4,708 rows.
2026-01-09 12:02:11 [E780.E780_IF_FILE_ATTACHMENT] Migrated 4,709 rows.
2026-01-09 12:02:11 [E780.E780_IF_FILE_ATTACHMENT] Migrated 4,710 rows.
2026-01-09 12:02:11 [E780.E780_IF_FILE_ATTACHMENT] Migrated 4,711 rows.
2026-01-09 12:02:11 [E780.E780_IF_FILE_ATTACHMENT] Migrated 4,712 rows.
2026-01-09 12:02:11 [E780.E780_IF_FILE_ATTACHMENT] Migrated 4,713 rows.
2026-01-09 12:02:11 [E780.E780_IF_FILE_ATTACHMENT] Migrated 4,714 rows.
2026-01-09 12:02:11 [E780.E780_IF_FILE_ATTACHMENT] Migrated 4,715 rows.
2026-01-09 12:02:12 [E780.E780_IF_FILE_ATTACHMENT] Migrated 4,716 rows.
2026-01-09 12:02:12 [E780.E780_IF_FILE_ATTACHMENT] Migrated 4,717 rows.
2026-01-09 12:02:12 [E780.E780_IF_FILE_ATTACHMENT] Migrated 4,718 rows.
2026-01-09 12:02:12 [E780.E780_IF_FILE_ATTACHMENT] Migrated 4,719 rows.
2026-01-09 12:02:12 [E780.E780_IF_FILE_ATTACHMENT] Migrated 4,720 rows.
2026-01-09 12:02:12 [E780.E780_IF_FILE_ATTACHMENT] Migrated 4,721 rows.
2026-01-09 12:02:12 [E780.E780_IF_FILE_ATTACHMENT] Migrated 4,722 rows.
2026-01-09 12:02:12 [E780.E780_IF_FILE_ATTACHMENT] Migrated 4,723 rows.
2026-01-09 12:02:12 [E780.E780_IF_FILE_ATTACHMENT] Migrated 4,724 rows.
2026-01-09 12:02:12 [E780.E780_IF_FILE_ATTACHMENT] Migrated 4,725 rows.
2026-01-09 12:02:12 [E780.E780_IF_FILE_ATTACHMENT] Migrated 4,726 rows.
2026-01-09 12:02:12 [E780.E780_IF_FILE_ATTACHMENT] Migrated 4,727 rows.
2026-01-09 12:02:13 [E780.E780_IF_FILE_ATTACHMENT] Migrated 4,728 rows.
2026-01-09 12:02:13 [E780.E780_IF_FILE_ATTACHMENT] Migrated 4,729 rows.
2026-01-09 12:02:13 [E780.E780_IF_FILE_ATTACHMENT] Migrated 4,730 rows.
2026-01-09 12:02:13 [E780.E780_IF_FILE_ATTACHMENT] Migrated 4,731 rows.
2026-01-09 12:02:13 [E780.E780_IF_FILE_ATTACHMENT] Migrated 4,732 rows.
2026-01-09 12:02:13 [E780.E780_IF_FILE_ATTACHMENT] Migrated 4,733 rows.
2026-01-09 12:02:13 [E780.E780_IF_FILE_ATTACHMENT] Migrated 4,734 rows.
2026-01-09 12:02:13 [E780.E780_IF_FILE_ATTACHMENT] Migrated 4,735 rows.
2026-01-09 12:02:13 [E780.E780_IF_FILE_ATTACHMENT] Migrated 4,736 rows.
2026-01-09 12:02:13 [E780.E780_IF_FILE_ATTACHMENT] Migrated 4,737 rows.
2026-01-09 12:02:13 [E780.E780_IF_FILE_ATTACHMENT] Migrated 4,738 rows.
2026-01-09 12:02:14 [E780.E780_IF_FILE_ATTACHMENT] Migrated 4,739 rows.
2026-01-09 12:02:14 [E780.E780_IF_FILE_ATTACHMENT] Migrated 4,740 rows.
2026-01-09 12:02:14 [E780.E780_IF_FILE_ATTACHMENT] Migrated 4,741 rows.
2026-01-09 12:02:14 [E780.E780_IF_FILE_ATTACHMENT] Migrated 4,742 rows.
2026-01-09 12:02:14 [E780.E780_IF_FILE_ATTACHMENT] Migrated 4,743 rows.
2026-01-09 12:02:14 [E780.E780_IF_FILE_ATTACHMENT] Migrated 4,744 rows.
2026-01-09 12:02:15 [E780.E780_IF_FILE_ATTACHMENT] Migrated 4,745 rows.
2026-01-09 12:02:15 [E780.E780_IF_FILE_ATTACHMENT] Migrated 4,746 rows.
2026-01-09 12:02:15 [E780.E780_IF_FILE_ATTACHMENT] Migrated 4,747 rows.
2026-01-09 12:02:15 [E780.E780_IF_FILE_ATTACHMENT] Migrated 4,748 rows.
2026-01-09 12:02:15 [E780.E780_IF_FILE_ATTACHMENT] Migrated 4,749 rows.
2026-01-09 12:02:15 [E780.E780_IF_FILE_ATTACHMENT] Migrated 4,750 rows.
2026-01-09 12:02:15 [E780.E780_IF_FILE_ATTACHMENT] Migrated 4,751 rows.
2026-01-09 12:02:16 [E780.E780_IF_FILE_ATTACHMENT] Migrated 4,752 rows.
2026-01-09 12:02:16 [E780.E780_IF_FILE_ATTACHMENT] Migrated 4,753 rows.
2026-01-09 12:02:16 [E780.E780_IF_FILE_ATTACHMENT] Migrated 4,754 rows.
2026-01-09 12:02:16 [E780.E780_IF_FILE_ATTACHMENT] Migrated 4,755 rows.
2026-01-09 12:02:16 [E780.E780_IF_FILE_ATTACHMENT] Migrated 4,756 rows.
2026-01-09 12:02:16 [E780.E780_IF_FILE_ATTACHMENT] Migrated 4,757 rows.
2026-01-09 12:02:16 [E780.E780_IF_FILE_ATTACHMENT] Migrated 4,758 rows.
2026-01-09 12:02:16 [E780.E780_IF_FILE_ATTACHMENT] Migrated 4,759 rows.
2026-01-09 12:02:16 [E780.E780_IF_FILE_ATTACHMENT] Migrated 4,760 rows.
2026-01-09 12:02:16 [E780.E780_IF_FILE_ATTACHMENT] Migrated 4,761 rows.
2026-01-09 12:02:16 [E780.E780_IF_FILE_ATTACHMENT] Migrated 4,762 rows.
2026-01-09 12:02:16 [E780.E780_IF_FILE_ATTACHMENT] Migrated 4,763 rows.
2026-01-09 12:02:16 [E780.E780_IF_FILE_ATTACHMENT] Migrated 4,764 rows.
2026-01-09 12:02:16 [E780.E780_IF_FILE_ATTACHMENT] Migrated 4,765 rows.
2026-01-09 12:02:16 [E780.E780_IF_FILE_ATTACHMENT] Migrated 4,766 rows.
2026-01-09 12:02:16 [E780.E780_IF_FILE_ATTACHMENT] Migrated 4,767 rows.
2026-01-09 12:02:17 [E780.E780_IF_FILE_ATTACHMENT] Migrated 4,768 rows.
2026-01-09 12:02:17 [E780.E780_IF_FILE_ATTACHMENT] Migrated 4,769 rows.
2026-01-09 12:02:17 [E780.E780_IF_FILE_ATTACHMENT] Migrated 4,770 rows.
2026-01-09 12:02:17 [E780.E780_IF_FILE_ATTACHMENT] Migrated 4,771 rows.
2026-01-09 12:02:17 [E780.E780_IF_FILE_ATTACHMENT] Migrated 4,772 rows.
2026-01-09 12:02:18 [E780.E780_IF_FILE_ATTACHMENT] Migrated 4,773 rows.
2026-01-09 12:02:18 [E780.E780_IF_FILE_ATTACHMENT] Migrated 4,774 rows.
2026-01-09 12:02:19 [E780.E780_IF_FILE_ATTACHMENT] Migrated 4,775 rows.
2026-01-09 12:02:19 [E780.E780_IF_FILE_ATTACHMENT] Migrated 4,776 rows.
2026-01-09 12:02:19 [E780.E780_IF_FILE_ATTACHMENT] Migrated 4,777 rows.
2026-01-09 12:02:19 [E780.E780_IF_FILE_ATTACHMENT] Migrated 4,778 rows.
2026-01-09 12:02:19 [E780.E780_IF_FILE_ATTACHMENT] Migrated 4,779 rows.
2026-01-09 12:02:19 [E780.E780_IF_FILE_ATTACHMENT] Migrated 4,780 rows.
2026-01-09 12:02:20 [E780.E780_IF_FILE_ATTACHMENT] Migrated 4,781 rows.
2026-01-09 12:02:20 [E780.E780_IF_FILE_ATTACHMENT] Migrated 4,782 rows.
2026-01-09 12:02:20 [E780.E780_IF_FILE_ATTACHMENT] Migrated 4,783 rows.
2026-01-09 12:02:20 [E780.E780_IF_FILE_ATTACHMENT] Migrated 4,784 rows.
2026-01-09 12:02:20 [E780.E780_IF_FILE_ATTACHMENT] Migrated 4,785 rows.
2026-01-09 12:02:20 [E780.E780_IF_FILE_ATTACHMENT] Migrated 4,786 rows.
2026-01-09 12:02:21 [E780.E780_IF_FILE_ATTACHMENT] Migrated 4,787 rows.
2026-01-09 12:02:21 [E780.E780_IF_FILE_ATTACHMENT] Migrated 4,788 rows.
2026-01-09 12:02:21 [E780.E780_IF_FILE_ATTACHMENT] Migrated 4,789 rows.
2026-01-09 12:02:21 [E780.E780_IF_FILE_ATTACHMENT] Migrated 4,790 rows.
2026-01-09 12:02:21 [E780.E780_IF_FILE_ATTACHMENT] Migrated 4,791 rows.
2026-01-09 12:02:21 [E780.E780_IF_FILE_ATTACHMENT] Migrated 4,792 rows.
2026-01-09 12:02:21 [E780.E780_IF_FILE_ATTACHMENT] Migrated 4,793 rows.
2026-01-09 12:02:21 [E780.E780_IF_FILE_ATTACHMENT] Migrated 4,794 rows.
2026-01-09 12:02:21 [E780.E780_IF_FILE_ATTACHMENT] Migrated 4,795 rows.
2026-01-09 12:02:21 [E780.E780_IF_FILE_ATTACHMENT] Migrated 4,796 rows.
2026-01-09 12:02:21 [E780.E780_IF_FILE_ATTACHMENT] Migrated 4,797 rows.
2026-01-09 12:02:21 [E780.E780_IF_FILE_ATTACHMENT] Migrated 4,798 rows.
2026-01-09 12:02:22 [E780.E780_IF_FILE_ATTACHMENT] Migrated 4,799 rows.
2026-01-09 12:02:22 [E780.E780_IF_FILE_ATTACHMENT] Migrated 4,800 rows.
2026-01-09 12:02:23 [E780.E780_IF_FILE_ATTACHMENT] Migrated 4,801 rows.
2026-01-09 12:02:23 [E780.E780_IF_FILE_ATTACHMENT] Migrated 4,802 rows.
2026-01-09 12:02:23 [E780.E780_IF_FILE_ATTACHMENT] Migrated 4,803 rows.
2026-01-09 12:02:23 [E780.E780_IF_FILE_ATTACHMENT] Migrated 4,804 rows.
2026-01-09 12:02:23 [E780.E780_IF_FILE_ATTACHMENT] Migrated 4,805 rows.
2026-01-09 12:02:23 [E780.E780_IF_FILE_ATTACHMENT] Migrated 4,806 rows.
2026-01-09 12:02:23 [E780.E780_IF_FILE_ATTACHMENT] Migrated 4,807 rows.
2026-01-09 12:02:24 [E780.E780_IF_FILE_ATTACHMENT] Migrated 4,808 rows.
2026-01-09 12:02:24 [E780.E780_IF_FILE_ATTACHMENT] Migrated 4,809 rows.
2026-01-09 12:02:24 [E780.E780_IF_FILE_ATTACHMENT] Migrated 4,810 rows.
2026-01-09 12:02:24 [E780.E780_IF_FILE_ATTACHMENT] Migrated 4,811 rows.
2026-01-09 12:02:24 [E780.E780_IF_FILE_ATTACHMENT] Migrated 4,812 rows.
2026-01-09 12:02:24 [E780.E780_IF_FILE_ATTACHMENT] Migrated 4,813 rows.
2026-01-09 12:02:24 [E780.E780_IF_FILE_ATTACHMENT] Migrated 4,814 rows.
2026-01-09 12:02:24 [E780.E780_IF_FILE_ATTACHMENT] Migrated 4,815 rows.
2026-01-09 12:02:25 [E780.E780_IF_FILE_ATTACHMENT] Migrated 4,816 rows.
2026-01-09 12:02:25 [E780.E780_IF_FILE_ATTACHMENT] Migrated 4,817 rows.
2026-01-09 12:02:25 [E780.E780_IF_FILE_ATTACHMENT] Migrated 4,818 rows.
2026-01-09 12:02:25 [E780.E780_IF_FILE_ATTACHMENT] Migrated 4,819 rows.
2026-01-09 12:02:25 [E780.E780_IF_FILE_ATTACHMENT] Migrated 4,820 rows.
2026-01-09 12:02:26 [E780.E780_IF_FILE_ATTACHMENT] Migrated 4,821 rows.
2026-01-09 12:02:26 [E780.E780_IF_FILE_ATTACHMENT] Migrated 4,822 rows.
2026-01-09 12:02:26 [E780.E780_IF_FILE_ATTACHMENT] Migrated 4,823 rows.
2026-01-09 12:02:26 [E780.E780_IF_FILE_ATTACHMENT] Migrated 4,824 rows.
2026-01-09 12:02:26 [E780.E780_IF_FILE_ATTACHMENT] Migrated 4,825 rows.
2026-01-09 12:02:26 [E780.E780_IF_FILE_ATTACHMENT] Migrated 4,826 rows.
2026-01-09 12:02:26 [E780.E780_IF_FILE_ATTACHMENT] Migrated 4,827 rows.
2026-01-09 12:02:26 [E780.E780_IF_FILE_ATTACHMENT] Migrated 4,828 rows.
2026-01-09 12:02:26 [E780.E780_IF_FILE_ATTACHMENT] Migrated 4,829 rows.
2026-01-09 12:02:26 [E780.E780_IF_FILE_ATTACHMENT] Migrated 4,830 rows.
2026-01-09 12:02:26 [E780.E780_IF_FILE_ATTACHMENT] Migrated 4,831 rows.
2026-01-09 12:02:26 [E780.E780_IF_FILE_ATTACHMENT] Migrated 4,832 rows.
2026-01-09 12:02:26 [E780.E780_IF_FILE_ATTACHMENT] Migrated 4,833 rows.
2026-01-09 12:02:26 [E780.E780_IF_FILE_ATTACHMENT] Migrated 4,834 rows.
2026-01-09 12:02:26 [E780.E780_IF_FILE_ATTACHMENT] Migrated 4,835 rows.
2026-01-09 12:02:26 [E780.E780_IF_FILE_ATTACHMENT] Migrated 4,836 rows.
2026-01-09 12:02:27 [E780.E780_IF_FILE_ATTACHMENT] Migrated 4,837 rows.
2026-01-09 12:02:27 [E780.E780_IF_FILE_ATTACHMENT] Migrated 4,838 rows.
2026-01-09 12:02:27 [E780.E780_IF_FILE_ATTACHMENT] Migrated 4,839 rows.
2026-01-09 12:02:27 [E780.E780_IF_FILE_ATTACHMENT] Migrated 4,840 rows.
2026-01-09 12:02:27 [E780.E780_IF_FILE_ATTACHMENT] Migrated 4,841 rows.
2026-01-09 12:02:28 [E780.E780_IF_FILE_ATTACHMENT] Migrated 4,842 rows.
2026-01-09 12:02:28 [E780.E780_IF_FILE_ATTACHMENT] Migrated 4,843 rows.
2026-01-09 12:02:28 [E780.E780_IF_FILE_ATTACHMENT] Migrated 4,844 rows.
2026-01-09 12:02:29 [E780.E780_IF_FILE_ATTACHMENT] Migrated 4,845 rows.
2026-01-09 12:02:29 [E780.E780_IF_FILE_ATTACHMENT] Migrated 4,846 rows.
2026-01-09 12:02:29 [E780.E780_IF_FILE_ATTACHMENT] Migrated 4,847 rows.
2026-01-09 12:02:29 [E780.E780_IF_FILE_ATTACHMENT] Migrated 4,848 rows.
2026-01-09 12:02:29 [E780.E780_IF_FILE_ATTACHMENT] Migrated 4,849 rows.
2026-01-09 12:02:29 [E780.E780_IF_FILE_ATTACHMENT] Migrated 4,850 rows.
2026-01-09 12:02:30 [E780.E780_IF_FILE_ATTACHMENT] Migrated 4,851 rows.
2026-01-09 12:02:30 [E780.E780_IF_FILE_ATTACHMENT] Migrated 4,852 rows.
2026-01-09 12:02:30 [E780.E780_IF_FILE_ATTACHMENT] Migrated 4,853 rows.
2026-01-09 12:02:31 [E780.E780_IF_FILE_ATTACHMENT] Migrated 4,854 rows.
2026-01-09 12:02:31 [E780.E780_IF_FILE_ATTACHMENT] Migrated 4,855 rows.
2026-01-09 12:02:31 [E780.E780_IF_FILE_ATTACHMENT] Migrated 4,856 rows.
2026-01-09 12:02:32 [E780.E780_IF_FILE_ATTACHMENT] Migrated 4,857 rows.
2026-01-09 12:02:32 [E780.E780_IF_FILE_ATTACHMENT] Migrated 4,858 rows.
2026-01-09 12:02:32 [E780.E780_IF_FILE_ATTACHMENT] Migrated 4,859 rows.
2026-01-09 12:02:32 [E780.E780_IF_FILE_ATTACHMENT] Migrated 4,860 rows.
2026-01-09 12:02:32 [E780.E780_IF_FILE_ATTACHMENT] Migrated 4,861 rows.
2026-01-09 12:02:32 [E780.E780_IF_FILE_ATTACHMENT] Migrated 4,862 rows.
2026-01-09 12:02:32 [E780.E780_IF_FILE_ATTACHMENT] Migrated 4,863 rows.
2026-01-09 12:02:32 [E780.E780_IF_FILE_ATTACHMENT] Migrated 4,864 rows.
2026-01-09 12:02:32 [E780.E780_IF_FILE_ATTACHMENT] Migrated 4,865 rows.
2026-01-09 12:02:32 [E780.E780_IF_FILE_ATTACHMENT] Migrated 4,866 rows.
2026-01-09 12:02:32 [E780.E780_IF_FILE_ATTACHMENT] Migrated 4,867 rows.
2026-01-09 12:02:33 [E780.E780_IF_FILE_ATTACHMENT] Migrated 4,868 rows.
2026-01-09 12:02:33 [E780.E780_IF_FILE_ATTACHMENT] Migrated 4,869 rows.
2026-01-09 12:02:33 [E780.E780_IF_FILE_ATTACHMENT] Migrated 4,870 rows.
2026-01-09 12:02:33 [E780.E780_IF_FILE_ATTACHMENT] Migrated 4,871 rows.
2026-01-09 12:02:33 [E780.E780_IF_FILE_ATTACHMENT] Migrated 4,872 rows.
2026-01-09 12:02:33 [E780.E780_IF_FILE_ATTACHMENT] Migrated 4,873 rows.
2026-01-09 12:02:33 [E780.E780_IF_FILE_ATTACHMENT] Migrated 4,874 rows.
2026-01-09 12:02:33 [E780.E780_IF_FILE_ATTACHMENT] Migrated 4,875 rows.
2026-01-09 12:02:33 [E780.E780_IF_FILE_ATTACHMENT] Migrated 4,876 rows.
2026-01-09 12:02:34 [E780.E780_IF_FILE_ATTACHMENT] Migrated 4,877 rows.
2026-01-09 12:02:34 [E780.E780_IF_FILE_ATTACHMENT] Migrated 4,878 rows.
2026-01-09 12:02:34 [E780.E780_IF_FILE_ATTACHMENT] Migrated 4,879 rows.
2026-01-09 12:02:34 [E780.E780_IF_FILE_ATTACHMENT] Migrated 4,880 rows.
2026-01-09 12:02:34 [E780.E780_IF_FILE_ATTACHMENT] Migrated 4,881 rows.
2026-01-09 12:02:34 [E780.E780_IF_FILE_ATTACHMENT] Migrated 4,882 rows.
2026-01-09 12:02:34 [E780.E780_IF_FILE_ATTACHMENT] Migrated 4,883 rows.
2026-01-09 12:02:34 [E780.E780_IF_FILE_ATTACHMENT] Migrated 4,884 rows.
2026-01-09 12:02:34 [E780.E780_IF_FILE_ATTACHMENT] Migrated 4,885 rows.
2026-01-09 12:02:34 [E780.E780_IF_FILE_ATTACHMENT] Migrated 4,886 rows.
2026-01-09 12:02:35 [E780.E780_IF_FILE_ATTACHMENT] Migrated 4,887 rows.
2026-01-09 12:02:35 [E780.E780_IF_FILE_ATTACHMENT] Migrated 4,888 rows.
2026-01-09 12:02:35 [E780.E780_IF_FILE_ATTACHMENT] Migrated 4,889 rows.
2026-01-09 12:02:35 [E780.E780_IF_FILE_ATTACHMENT] Migrated 4,890 rows.
2026-01-09 12:02:35 [E780.E780_IF_FILE_ATTACHMENT] Migrated 4,891 rows.
2026-01-09 12:02:36 [E780.E780_IF_FILE_ATTACHMENT] Migrated 4,892 rows.
2026-01-09 12:02:36 [E780.E780_IF_FILE_ATTACHMENT] Migrated 4,893 rows.
2026-01-09 12:02:36 [E780.E780_IF_FILE_ATTACHMENT] Migrated 4,894 rows.
2026-01-09 12:02:36 [E780.E780_IF_FILE_ATTACHMENT] Migrated 4,895 rows.
2026-01-09 12:02:36 [E780.E780_IF_FILE_ATTACHMENT] Migrated 4,896 rows.
2026-01-09 12:02:36 [E780.E780_IF_FILE_ATTACHMENT] Migrated 4,897 rows.
2026-01-09 12:02:36 [E780.E780_IF_FILE_ATTACHMENT] Migrated 4,898 rows.
2026-01-09 12:02:36 [E780.E780_IF_FILE_ATTACHMENT] Migrated 4,899 rows.
2026-01-09 12:02:37 [E780.E780_IF_FILE_ATTACHMENT] Migrated 4,900 rows.
2026-01-09 12:02:37 [E780.E780_IF_FILE_ATTACHMENT] Migrated 4,901 rows.
2026-01-09 12:02:37 [E780.E780_IF_FILE_ATTACHMENT] Migrated 4,902 rows.
2026-01-09 12:02:37 [E780.E780_IF_FILE_ATTACHMENT] Migrated 4,903 rows.
2026-01-09 12:02:37 [E780.E780_IF_FILE_ATTACHMENT] Migrated 4,904 rows.
2026-01-09 12:02:38 [E780.E780_IF_FILE_ATTACHMENT] Migrated 4,905 rows.
2026-01-09 12:02:38 [E780.E780_IF_FILE_ATTACHMENT] Migrated 4,906 rows.
2026-01-09 12:02:38 [E780.E780_IF_FILE_ATTACHMENT] Migrated 4,907 rows.
2026-01-09 12:02:38 [E780.E780_IF_FILE_ATTACHMENT] Migrated 4,908 rows.
2026-01-09 12:02:38 [E780.E780_IF_FILE_ATTACHMENT] Migrated 4,909 rows.
2026-01-09 12:02:39 [E780.E780_IF_FILE_ATTACHMENT] Migrated 4,910 rows.
2026-01-09 12:02:39 [E780.E780_IF_FILE_ATTACHMENT] Migrated 4,911 rows.
2026-01-09 12:02:39 [E780.E780_IF_FILE_ATTACHMENT] Migrated 4,912 rows.
2026-01-09 12:02:39 [E780.E780_IF_FILE_ATTACHMENT] Migrated 4,913 rows.
2026-01-09 12:02:39 [E780.E780_IF_FILE_ATTACHMENT] Migrated 4,914 rows.
2026-01-09 12:02:40 [E780.E780_IF_FILE_ATTACHMENT] Migrated 4,915 rows.
2026-01-09 12:02:40 [E780.E780_IF_FILE_ATTACHMENT] Migrated 4,916 rows.
2026-01-09 12:02:40 [E780.E780_IF_FILE_ATTACHMENT] Migrated 4,917 rows.
2026-01-09 12:02:40 [E780.E780_IF_FILE_ATTACHMENT] Migrated 4,918 rows.
2026-01-09 12:02:40 [E780.E780_IF_FILE_ATTACHMENT] Migrated 4,919 rows.
2026-01-09 12:02:40 [E780.E780_IF_FILE_ATTACHMENT] Migrated 4,920 rows.
2026-01-09 12:02:40 [E780.E780_IF_FILE_ATTACHMENT] Migrated 4,921 rows.
2026-01-09 12:02:40 [E780.E780_IF_FILE_ATTACHMENT] Migrated 4,922 rows.
2026-01-09 12:02:40 [E780.E780_IF_FILE_ATTACHMENT] Migrated 4,923 rows.
2026-01-09 12:02:40 [E780.E780_IF_FILE_ATTACHMENT] Migrated 4,924 rows.
2026-01-09 12:02:40 [E780.E780_IF_FILE_ATTACHMENT] Migrated 4,925 rows.
2026-01-09 12:02:41 [E780.E780_IF_FILE_ATTACHMENT] Migrated 4,926 rows.
2026-01-09 12:02:41 [E780.E780_IF_FILE_ATTACHMENT] Migrated 4,927 rows.
2026-01-09 12:02:41 [E780.E780_IF_FILE_ATTACHMENT] Migrated 4,928 rows.
2026-01-09 12:02:41 [E780.E780_IF_FILE_ATTACHMENT] Migrated 4,929 rows.
2026-01-09 12:02:41 [E780.E780_IF_FILE_ATTACHMENT] Migrated 4,930 rows.
2026-01-09 12:02:41 [E780.E780_IF_FILE_ATTACHMENT] Migrated 4,931 rows.
2026-01-09 12:02:42 [E780.E780_IF_FILE_ATTACHMENT] Migrated 4,932 rows.
2026-01-09 12:02:42 [E780.E780_IF_FILE_ATTACHMENT] Migrated 4,933 rows.
2026-01-09 12:02:42 [E780.E780_IF_FILE_ATTACHMENT] Migrated 4,934 rows.
2026-01-09 12:02:43 [E780.E780_IF_FILE_ATTACHMENT] Migrated 4,935 rows.
2026-01-09 12:02:43 [E780.E780_IF_FILE_ATTACHMENT] Migrated 4,936 rows.
2026-01-09 12:02:43 [E780.E780_IF_FILE_ATTACHMENT] Migrated 4,937 rows.
2026-01-09 12:02:43 [E780.E780_IF_FILE_ATTACHMENT] Migrated 4,938 rows.
2026-01-09 12:02:43 [E780.E780_IF_FILE_ATTACHMENT] Migrated 4,939 rows.
2026-01-09 12:02:43 [E780.E780_IF_FILE_ATTACHMENT] Migrated 4,940 rows.
2026-01-09 12:02:43 [E780.E780_IF_FILE_ATTACHMENT] Migrated 4,941 rows.
2026-01-09 12:02:43 [E780.E780_IF_FILE_ATTACHMENT] Migrated 4,942 rows.
2026-01-09 12:02:44 [E780.E780_IF_FILE_ATTACHMENT] Migrated 4,943 rows.
2026-01-09 12:02:44 [E780.E780_IF_FILE_ATTACHMENT] Migrated 4,944 rows.
2026-01-09 12:02:44 [E780.E780_IF_FILE_ATTACHMENT] Migrated 4,945 rows.
2026-01-09 12:02:44 [E780.E780_IF_FILE_ATTACHMENT] Migrated 4,946 rows.
2026-01-09 12:02:44 [E780.E780_IF_FILE_ATTACHMENT] Migrated 4,947 rows.
2026-01-09 12:02:45 [E780.E780_IF_FILE_ATTACHMENT] Migrated 4,948 rows.
2026-01-09 12:02:45 [E780.E780_IF_FILE_ATTACHMENT] Migrated 4,949 rows.
2026-01-09 12:02:45 [E780.E780_IF_FILE_ATTACHMENT] Migrated 4,950 rows.
2026-01-09 12:02:45 [E780.E780_IF_FILE_ATTACHMENT] Migrated 4,951 rows.
2026-01-09 12:02:45 [E780.E780_IF_FILE_ATTACHMENT] Migrated 4,952 rows.
2026-01-09 12:02:46 [E780.E780_IF_FILE_ATTACHMENT] Migrated 4,953 rows.
2026-01-09 12:02:46 [E780.E780_IF_FILE_ATTACHMENT] Migrated 4,954 rows.
2026-01-09 12:02:46 [E780.E780_IF_FILE_ATTACHMENT] Migrated 4,955 rows.
2026-01-09 12:02:46 [E780.E780_IF_FILE_ATTACHMENT] Migrated 4,956 rows.
2026-01-09 12:02:46 [E780.E780_IF_FILE_ATTACHMENT] Migrated 4,957 rows.
2026-01-09 12:02:46 [E780.E780_IF_FILE_ATTACHMENT] Migrated 4,958 rows.
2026-01-09 12:02:47 [E780.E780_IF_FILE_ATTACHMENT] Migrated 4,959 rows.
2026-01-09 12:02:47 [E780.E780_IF_FILE_ATTACHMENT] Migrated 4,960 rows.
2026-01-09 12:02:47 [E780.E780_IF_FILE_ATTACHMENT] Migrated 4,961 rows.
2026-01-09 12:02:47 [E780.E780_IF_FILE_ATTACHMENT] Migrated 4,962 rows.
2026-01-09 12:02:47 [E780.E780_IF_FILE_ATTACHMENT] Migrated 4,963 rows.
2026-01-09 12:02:47 [E780.E780_IF_FILE_ATTACHMENT] Migrated 4,964 rows.
2026-01-09 12:02:47 [E780.E780_IF_FILE_ATTACHMENT] Migrated 4,965 rows.
2026-01-09 12:02:48 [E780.E780_IF_FILE_ATTACHMENT] Migrated 4,966 rows.
2026-01-09 12:02:48 [E780.E780_IF_FILE_ATTACHMENT] Migrated 4,967 rows.
2026-01-09 12:02:48 [E780.E780_IF_FILE_ATTACHMENT] Migrated 4,968 rows.
2026-01-09 12:02:48 [E780.E780_IF_FILE_ATTACHMENT] Migrated 4,969 rows.
2026-01-09 12:02:48 [E780.E780_IF_FILE_ATTACHMENT] Migrated 4,970 rows.
2026-01-09 12:02:49 [E780.E780_IF_FILE_ATTACHMENT] Migrated 4,971 rows.
2026-01-09 12:02:49 [E780.E780_IF_FILE_ATTACHMENT] Migrated 4,972 rows.
2026-01-09 12:02:50 [E780.E780_IF_FILE_ATTACHMENT] Migrated 4,973 rows.
2026-01-09 12:02:50 [E780.E780_IF_FILE_ATTACHMENT] Migrated 4,974 rows.
2026-01-09 12:02:50 [E780.E780_IF_FILE_ATTACHMENT] Migrated 4,975 rows.
2026-01-09 12:02:50 [E780.E780_IF_FILE_ATTACHMENT] Migrated 4,976 rows.
2026-01-09 12:02:51 [E780.E780_IF_FILE_ATTACHMENT] Migrated 4,977 rows.
2026-01-09 12:02:52 [E780.E780_IF_FILE_ATTACHMENT] Migrated 4,978 rows.
2026-01-09 12:02:52 [E780.E780_IF_FILE_ATTACHMENT] Migrated 4,979 rows.
2026-01-09 12:02:52 [E780.E780_IF_FILE_ATTACHMENT] Migrated 4,980 rows.
2026-01-09 12:02:53 [E780.E780_IF_FILE_ATTACHMENT] Migrated 4,981 rows.
2026-01-09 12:02:53 [E780.E780_IF_FILE_ATTACHMENT] Migrated 4,982 rows.
2026-01-09 12:02:53 [E780.E780_IF_FILE_ATTACHMENT] Migrated 4,983 rows.
2026-01-09 12:02:53 [E780.E780_IF_FILE_ATTACHMENT] Migrated 4,984 rows.
2026-01-09 12:02:53 [E780.E780_IF_FILE_ATTACHMENT] Migrated 4,985 rows.
2026-01-09 12:02:54 [E780.E780_IF_FILE_ATTACHMENT] Migrated 4,986 rows.
2026-01-09 12:02:54 [E780.E780_IF_FILE_ATTACHMENT] Migrated 4,987 rows.
2026-01-09 12:02:54 [E780.E780_IF_FILE_ATTACHMENT] Migrated 4,988 rows.
2026-01-09 12:02:54 [E780.E780_IF_FILE_ATTACHMENT] Migrated 4,989 rows.
2026-01-09 12:02:54 [E780.E780_IF_FILE_ATTACHMENT] Migrated 4,990 rows.
2026-01-09 12:02:54 [E780.E780_IF_FILE_ATTACHMENT] Migrated 4,991 rows.
2026-01-09 12:02:55 [E780.E780_IF_FILE_ATTACHMENT] Migrated 4,992 rows.
2026-01-09 12:02:55 [E780.E780_IF_FILE_ATTACHMENT] Migrated 4,993 rows.
2026-01-09 12:02:55 [E780.E780_IF_FILE_ATTACHMENT] Migrated 4,994 rows.
2026-01-09 12:02:55 [E780.E780_IF_FILE_ATTACHMENT] Migrated 4,995 rows.
2026-01-09 12:02:55 [E780.E780_IF_FILE_ATTACHMENT] Migrated 4,996 rows.
2026-01-09 12:02:55 [E780.E780_IF_FILE_ATTACHMENT] Migrated 4,997 rows.
2026-01-09 12:02:55 [E780.E780_IF_FILE_ATTACHMENT] Migrated 4,998 rows.
2026-01-09 12:02:56 [E780.E780_IF_FILE_ATTACHMENT] Migrated 4,999 rows.
2026-01-09 12:02:56 [E780.E780_IF_FILE_ATTACHMENT] Migrated 5,000 rows.
2026-01-09 12:02:56 [E780.E780_IF_FILE_ATTACHMENT] Migrated 5,001 rows.
2026-01-09 12:02:56 [E780.E780_IF_FILE_ATTACHMENT] Migrated 5,002 rows.
2026-01-09 12:02:56 [E780.E780_IF_FILE_ATTACHMENT] Migrated 5,003 rows.
2026-01-09 12:02:56 [E780.E780_IF_FILE_ATTACHMENT] Migrated 5,004 rows.
2026-01-09 12:02:56 [E780.E780_IF_FILE_ATTACHMENT] Migrated 5,005 rows.
2026-01-09 12:02:57 [E780.E780_IF_FILE_ATTACHMENT] Migrated 5,006 rows.
2026-01-09 12:02:57 [E780.E780_IF_FILE_ATTACHMENT] Migrated 5,007 rows.
2026-01-09 12:02:57 [E780.E780_IF_FILE_ATTACHMENT] Migrated 5,008 rows.
2026-01-09 12:02:57 [E780.E780_IF_FILE_ATTACHMENT] Migrated 5,009 rows.
2026-01-09 12:02:57 [E780.E780_IF_FILE_ATTACHMENT] Migrated 5,010 rows.
2026-01-09 12:02:57 [E780.E780_IF_FILE_ATTACHMENT] Migrated 5,011 rows.
2026-01-09 12:02:57 [E780.E780_IF_FILE_ATTACHMENT] Migrated 5,012 rows.
2026-01-09 12:02:57 [E780.E780_IF_FILE_ATTACHMENT] Migrated 5,013 rows.
2026-01-09 12:02:57 [E780.E780_IF_FILE_ATTACHMENT] Migrated 5,014 rows.
2026-01-09 12:02:58 [E780.E780_IF_FILE_ATTACHMENT] Migrated 5,015 rows.
2026-01-09 12:02:58 [E780.E780_IF_FILE_ATTACHMENT] Migrated 5,016 rows.
2026-01-09 12:02:58 [E780.E780_IF_FILE_ATTACHMENT] Migrated 5,017 rows.
2026-01-09 12:02:59 [E780.E780_IF_FILE_ATTACHMENT] Migrated 5,018 rows.
2026-01-09 12:02:59 [E780.E780_IF_FILE_ATTACHMENT] Migrated 5,019 rows.
2026-01-09 12:02:59 [E780.E780_IF_FILE_ATTACHMENT] Migrated 5,020 rows.
2026-01-09 12:02:59 [E780.E780_IF_FILE_ATTACHMENT] Migrated 5,021 rows.
2026-01-09 12:02:59 [E780.E780_IF_FILE_ATTACHMENT] Migrated 5,022 rows.
2026-01-09 12:02:59 [E780.E780_IF_FILE_ATTACHMENT] Migrated 5,023 rows.
2026-01-09 12:02:59 [E780.E780_IF_FILE_ATTACHMENT] Migrated 5,024 rows.
2026-01-09 12:03:00 [E780.E780_IF_FILE_ATTACHMENT] Migrated 5,025 rows.
2026-01-09 12:03:00 [E780.E780_IF_FILE_ATTACHMENT] Migrated 5,026 rows.
2026-01-09 12:03:00 [E780.E780_IF_FILE_ATTACHMENT] Migrated 5,027 rows.
2026-01-09 12:03:00 [E780.E780_IF_FILE_ATTACHMENT] Migrated 5,028 rows.
2026-01-09 12:03:00 [E780.E780_IF_FILE_ATTACHMENT] Migrated 5,029 rows.
2026-01-09 12:03:00 [E780.E780_IF_FILE_ATTACHMENT] Migrated 5,030 rows.
2026-01-09 12:03:00 [E780.E780_IF_FILE_ATTACHMENT] Migrated 5,031 rows.
2026-01-09 12:03:00 [E780.E780_IF_FILE_ATTACHMENT] Migrated 5,032 rows.
2026-01-09 12:03:00 [E780.E780_IF_FILE_ATTACHMENT] Migrated 5,033 rows.
2026-01-09 12:03:01 [E780.E780_IF_FILE_ATTACHMENT] Migrated 5,034 rows.
2026-01-09 12:03:01 [E780.E780_IF_FILE_ATTACHMENT] Migrated 5,035 rows.
2026-01-09 12:03:01 [E780.E780_IF_FILE_ATTACHMENT] Migrated 5,036 rows.
2026-01-09 12:03:01 [E780.E780_IF_FILE_ATTACHMENT] Migrated 5,037 rows.
2026-01-09 12:03:01 [E780.E780_IF_FILE_ATTACHMENT] Migrated 5,038 rows.
2026-01-09 12:03:01 [E780.E780_IF_FILE_ATTACHMENT] Migrated 5,039 rows.
2026-01-09 12:03:01 [E780.E780_IF_FILE_ATTACHMENT] Migrated 5,040 rows.
2026-01-09 12:03:01 [E780.E780_IF_FILE_ATTACHMENT] Migrated 5,041 rows.
2026-01-09 12:03:01 [E780.E780_IF_FILE_ATTACHMENT] Migrated 5,042 rows.
2026-01-09 12:03:02 [E780.E780_IF_FILE_ATTACHMENT] Migrated 5,043 rows.
2026-01-09 12:03:02 [E780.E780_IF_FILE_ATTACHMENT] Migrated 5,044 rows.
2026-01-09 12:03:02 [E780.E780_IF_FILE_ATTACHMENT] Migrated 5,045 rows.
2026-01-09 12:03:02 [E780.E780_IF_FILE_ATTACHMENT] Migrated 5,046 rows.
2026-01-09 12:03:02 [E780.E780_IF_FILE_ATTACHMENT] Migrated 5,047 rows.
2026-01-09 12:03:03 [E780.E780_IF_FILE_ATTACHMENT] Migrated 5,048 rows.
2026-01-09 12:03:03 [E780.E780_IF_FILE_ATTACHMENT] Migrated 5,049 rows.
2026-01-09 12:03:04 [E780.E780_IF_FILE_ATTACHMENT] Migrated 5,050 rows.
2026-01-09 12:03:04 [E780.E780_IF_FILE_ATTACHMENT] Migrated 5,051 rows.
2026-01-09 12:03:04 [E780.E780_IF_FILE_ATTACHMENT] Migrated 5,052 rows.
2026-01-09 12:03:05 [E780.E780_IF_FILE_ATTACHMENT] Migrated 5,053 rows.
2026-01-09 12:03:05 [E780.E780_IF_FILE_ATTACHMENT] Migrated 5,054 rows.
2026-01-09 12:03:05 [E780.E780_IF_FILE_ATTACHMENT] Migrated 5,055 rows.
2026-01-09 12:03:06 [E780.E780_IF_FILE_ATTACHMENT] Migrated 5,056 rows.
2026-01-09 12:03:06 [E780.E780_IF_FILE_ATTACHMENT] Migrated 5,057 rows.
2026-01-09 12:03:07 [E780.E780_IF_FILE_ATTACHMENT] Migrated 5,058 rows.
2026-01-09 12:03:07 [E780.E780_IF_FILE_ATTACHMENT] Migrated 5,059 rows.
2026-01-09 12:03:07 [E780.E780_IF_FILE_ATTACHMENT] Migrated 5,060 rows.
2026-01-09 12:03:07 [E780.E780_IF_FILE_ATTACHMENT] Migrated 5,061 rows.
2026-01-09 12:03:07 [E780.E780_IF_FILE_ATTACHMENT] Migrated 5,062 rows.
2026-01-09 12:03:07 [E780.E780_IF_FILE_ATTACHMENT] Migrated 5,063 rows.
2026-01-09 12:03:08 [E780.E780_IF_FILE_ATTACHMENT] Migrated 5,064 rows.
2026-01-09 12:03:08 [E780.E780_IF_FILE_ATTACHMENT] Migrated 5,065 rows.
2026-01-09 12:03:08 [E780.E780_IF_FILE_ATTACHMENT] Migrated 5,066 rows.
2026-01-09 12:03:08 [E780.E780_IF_FILE_ATTACHMENT] Migrated 5,067 rows.
2026-01-09 12:03:08 [E780.E780_IF_FILE_ATTACHMENT] Migrated 5,068 rows.
2026-01-09 12:03:08 [E780.E780_IF_FILE_ATTACHMENT] Migrated 5,069 rows.
2026-01-09 12:03:08 [E780.E780_IF_FILE_ATTACHMENT] Migrated 5,070 rows.
2026-01-09 12:03:08 [E780.E780_IF_FILE_ATTACHMENT] Migrated 5,071 rows.
2026-01-09 12:03:08 [E780.E780_IF_FILE_ATTACHMENT] Migrated 5,072 rows.
2026-01-09 12:03:08 [E780.E780_IF_FILE_ATTACHMENT] Migrated 5,073 rows.
2026-01-09 12:03:09 [E780.E780_IF_FILE_ATTACHMENT] Migrated 5,074 rows.
2026-01-09 12:03:09 [E780.E780_IF_FILE_ATTACHMENT] Migrated 5,075 rows.
2026-01-09 12:03:09 [E780.E780_IF_FILE_ATTACHMENT] Migrated 5,076 rows.
2026-01-09 12:03:09 [E780.E780_IF_FILE_ATTACHMENT] Migrated 5,077 rows.
2026-01-09 12:03:09 [E780.E780_IF_FILE_ATTACHMENT] Migrated 5,078 rows.
2026-01-09 12:03:09 [E780.E780_IF_FILE_ATTACHMENT] Migrated 5,079 rows.
2026-01-09 12:03:09 [E780.E780_IF_FILE_ATTACHMENT] Migrated 5,080 rows.
2026-01-09 12:03:09 [E780.E780_IF_FILE_ATTACHMENT] Migrated 5,081 rows.
2026-01-09 12:03:09 [E780.E780_IF_FILE_ATTACHMENT] Migrated 5,082 rows.
2026-01-09 12:03:09 [E780.E780_IF_FILE_ATTACHMENT] Migrated 5,083 rows.
2026-01-09 12:03:09 [E780.E780_IF_FILE_ATTACHMENT] Migrated 5,084 rows.
2026-01-09 12:03:09 [E780.E780_IF_FILE_ATTACHMENT] Migrated 5,085 rows.
2026-01-09 12:03:10 [E780.E780_IF_FILE_ATTACHMENT] Migrated 5,086 rows.
2026-01-09 12:03:10 [E780.E780_IF_FILE_ATTACHMENT] Migrated 5,087 rows.
2026-01-09 12:03:10 [E780.E780_IF_FILE_ATTACHMENT] Migrated 5,088 rows.
2026-01-09 12:03:10 [E780.E780_IF_FILE_ATTACHMENT] Migrated 5,089 rows.
2026-01-09 12:03:10 [E780.E780_IF_FILE_ATTACHMENT] Migrated 5,090 rows.
2026-01-09 12:03:10 [E780.E780_IF_FILE_ATTACHMENT] Migrated 5,091 rows.
2026-01-09 12:03:10 [E780.E780_IF_FILE_ATTACHMENT] Migrated 5,092 rows.
2026-01-09 12:03:10 [E780.E780_IF_FILE_ATTACHMENT] Migrated 5,093 rows.
2026-01-09 12:03:10 [E780.E780_IF_FILE_ATTACHMENT] Migrated 5,094 rows.
2026-01-09 12:03:10 [E780.E780_IF_FILE_ATTACHMENT] Migrated 5,095 rows.
2026-01-09 12:03:10 [E780.E780_IF_FILE_ATTACHMENT] Migrated 5,096 rows.
2026-01-09 12:03:10 [E780.E780_IF_FILE_ATTACHMENT] Migrated 5,097 rows.
2026-01-09 12:03:11 [E780.E780_IF_FILE_ATTACHMENT] Migrated 5,098 rows.
2026-01-09 12:03:11 [E780.E780_IF_FILE_ATTACHMENT] Migrated 5,099 rows.
2026-01-09 12:03:11 [E780.E780_IF_FILE_ATTACHMENT] Migrated 5,100 rows.
2026-01-09 12:03:11 [E780.E780_IF_FILE_ATTACHMENT] Migrated 5,101 rows.
2026-01-09 12:03:11 [E780.E780_IF_FILE_ATTACHMENT] Migrated 5,102 rows.
2026-01-09 12:03:11 [E780.E780_IF_FILE_ATTACHMENT] Migrated 5,103 rows.
2026-01-09 12:03:12 [E780.E780_IF_FILE_ATTACHMENT] Migrated 5,104 rows.
2026-01-09 12:03:12 [E780.E780_IF_FILE_ATTACHMENT] Migrated 5,105 rows.
2026-01-09 12:03:12 [E780.E780_IF_FILE_ATTACHMENT] Migrated 5,106 rows.
2026-01-09 12:03:12 [E780.E780_IF_FILE_ATTACHMENT] Migrated 5,107 rows.
2026-01-09 12:03:12 [E780.E780_IF_FILE_ATTACHMENT] Migrated 5,108 rows.
2026-01-09 12:03:12 [E780.E780_IF_FILE_ATTACHMENT] Migrated 5,109 rows.
2026-01-09 12:03:13 [E780.E780_IF_FILE_ATTACHMENT] Migrated 5,110 rows.
2026-01-09 12:03:13 [E780.E780_IF_FILE_ATTACHMENT] Migrated 5,111 rows.
2026-01-09 12:03:13 [E780.E780_IF_FILE_ATTACHMENT] Migrated 5,112 rows.
2026-01-09 12:03:13 [E780.E780_IF_FILE_ATTACHMENT] Migrated 5,113 rows.
2026-01-09 12:03:13 [E780.E780_IF_FILE_ATTACHMENT] Migrated 5,114 rows.
2026-01-09 12:03:13 [E780.E780_IF_FILE_ATTACHMENT] Migrated 5,115 rows.
2026-01-09 12:03:13 [E780.E780_IF_FILE_ATTACHMENT] Migrated 5,116 rows.
2026-01-09 12:03:13 [E780.E780_IF_FILE_ATTACHMENT] Migrated 5,117 rows.
2026-01-09 12:03:13 [E780.E780_IF_FILE_ATTACHMENT] Migrated 5,118 rows.
2026-01-09 12:03:14 [E780.E780_IF_FILE_ATTACHMENT] Migrated 5,119 rows.
2026-01-09 12:03:14 [E780.E780_IF_FILE_ATTACHMENT] Migrated 5,120 rows.
2026-01-09 12:03:14 [E780.E780_IF_FILE_ATTACHMENT] Migrated 5,121 rows.
2026-01-09 12:03:14 [E780.E780_IF_FILE_ATTACHMENT] Migrated 5,122 rows.
2026-01-09 12:03:14 [E780.E780_IF_FILE_ATTACHMENT] Migrated 5,123 rows.
2026-01-09 12:03:14 [E780.E780_IF_FILE_ATTACHMENT] Migrated 5,124 rows.
2026-01-09 12:03:14 [E780.E780_IF_FILE_ATTACHMENT] Migrated 5,125 rows.
2026-01-09 12:03:14 [E780.E780_IF_FILE_ATTACHMENT] Migrated 5,126 rows.
2026-01-09 12:03:15 [E780.E780_IF_FILE_ATTACHMENT] Migrated 5,127 rows.
2026-01-09 12:03:15 [E780.E780_IF_FILE_ATTACHMENT] Migrated 5,128 rows.
2026-01-09 12:03:15 [E780.E780_IF_FILE_ATTACHMENT] Migrated 5,129 rows.
2026-01-09 12:03:15 [E780.E780_IF_FILE_ATTACHMENT] Migrated 5,130 rows.
2026-01-09 12:03:15 [E780.E780_IF_FILE_ATTACHMENT] Migrated 5,131 rows.
2026-01-09 12:03:15 [E780.E780_IF_FILE_ATTACHMENT] Migrated 5,132 rows.
2026-01-09 12:03:15 [E780.E780_IF_FILE_ATTACHMENT] Migrated 5,133 rows.
2026-01-09 12:03:15 [E780.E780_IF_FILE_ATTACHMENT] Migrated 5,134 rows.
2026-01-09 12:03:16 [E780.E780_IF_FILE_ATTACHMENT] Migrated 5,135 rows.
2026-01-09 12:03:16 [E780.E780_IF_FILE_ATTACHMENT] Migrated 5,136 rows.
2026-01-09 12:03:16 [E780.E780_IF_FILE_ATTACHMENT] Migrated 5,137 rows.
2026-01-09 12:03:16 [E780.E780_IF_FILE_ATTACHMENT] Migrated 5,138 rows.
2026-01-09 12:03:16 [E780.E780_IF_FILE_ATTACHMENT] Migrated 5,139 rows.
2026-01-09 12:03:16 [E780.E780_IF_FILE_ATTACHMENT] Migrated 5,140 rows.
2026-01-09 12:03:16 [E780.E780_IF_FILE_ATTACHMENT] Migrated 5,141 rows.
2026-01-09 12:03:17 [E780.E780_IF_FILE_ATTACHMENT] Migrated 5,142 rows.
2026-01-09 12:03:17 [E780.E780_IF_FILE_ATTACHMENT] Migrated 5,143 rows.
2026-01-09 12:03:17 [E780.E780_IF_FILE_ATTACHMENT] Migrated 5,144 rows.
2026-01-09 12:03:17 [E780.E780_IF_FILE_ATTACHMENT] Migrated 5,145 rows.
2026-01-09 12:03:17 [E780.E780_IF_FILE_ATTACHMENT] Migrated 5,146 rows.
2026-01-09 12:03:17 [E780.E780_IF_FILE_ATTACHMENT] Migrated 5,147 rows.
2026-01-09 12:03:17 [E780.E780_IF_FILE_ATTACHMENT] Migrated 5,148 rows.
2026-01-09 12:03:18 [E780.E780_IF_FILE_ATTACHMENT] Migrated 5,149 rows.
2026-01-09 12:03:18 [E780.E780_IF_FILE_ATTACHMENT] Migrated 5,150 rows.
2026-01-09 12:03:18 [E780.E780_IF_FILE_ATTACHMENT] Migrated 5,151 rows.
2026-01-09 12:03:19 [E780.E780_IF_FILE_ATTACHMENT] Migrated 5,152 rows.
2026-01-09 12:03:19 [E780.E780_IF_FILE_ATTACHMENT] Migrated 5,153 rows.
2026-01-09 12:03:19 [E780.E780_IF_FILE_ATTACHMENT] Migrated 5,154 rows.
2026-01-09 12:03:19 [E780.E780_IF_FILE_ATTACHMENT] Migrated 5,155 rows.
2026-01-09 12:03:19 [E780.E780_IF_FILE_ATTACHMENT] Migrated 5,156 rows.
2026-01-09 12:03:20 [E780.E780_IF_FILE_ATTACHMENT] Migrated 5,157 rows.
2026-01-09 12:03:20 [E780.E780_IF_FILE_ATTACHMENT] Migrated 5,158 rows.
2026-01-09 12:03:20 [E780.E780_IF_FILE_ATTACHMENT] Migrated 5,159 rows.
2026-01-09 12:03:20 [E780.E780_IF_FILE_ATTACHMENT] Migrated 5,160 rows.
2026-01-09 12:03:20 [E780.E780_IF_FILE_ATTACHMENT] Migrated 5,161 rows.
2026-01-09 12:03:20 [E780.E780_IF_FILE_ATTACHMENT] Migrated 5,162 rows.
2026-01-09 12:03:20 [E780.E780_IF_FILE_ATTACHMENT] Migrated 5,163 rows.
2026-01-09 12:03:20 [E780.E780_IF_FILE_ATTACHMENT] Migrated 5,164 rows.
2026-01-09 12:03:20 [E780.E780_IF_FILE_ATTACHMENT] Migrated 5,165 rows.
2026-01-09 12:03:21 [E780.E780_IF_FILE_ATTACHMENT] Migrated 5,166 rows.
2026-01-09 12:03:21 [E780.E780_IF_FILE_ATTACHMENT] Migrated 5,167 rows.
2026-01-09 12:03:21 [E780.E780_IF_FILE_ATTACHMENT] Migrated 5,168 rows.
2026-01-09 12:03:22 [E780.E780_IF_FILE_ATTACHMENT] Migrated 5,169 rows.
2026-01-09 12:03:22 [E780.E780_IF_FILE_ATTACHMENT] Migrated 5,170 rows.
2026-01-09 12:03:22 [E780.E780_IF_FILE_ATTACHMENT] Migrated 5,171 rows.
2026-01-09 12:03:22 [E780.E780_IF_FILE_ATTACHMENT] Migrated 5,172 rows.
2026-01-09 12:03:23 [E780.E780_IF_FILE_ATTACHMENT] Migrated 5,173 rows.
2026-01-09 12:03:23 [E780.E780_IF_FILE_ATTACHMENT] Migrated 5,174 rows.
2026-01-09 12:03:23 [E780.E780_IF_FILE_ATTACHMENT] Migrated 5,175 rows.
2026-01-09 12:03:23 [E780.E780_IF_FILE_ATTACHMENT] Migrated 5,176 rows.
2026-01-09 12:03:23 [E780.E780_IF_FILE_ATTACHMENT] Migrated 5,177 rows.
2026-01-09 12:03:23 [E780.E780_IF_FILE_ATTACHMENT] Migrated 5,178 rows.
2026-01-09 12:03:23 [E780.E780_IF_FILE_ATTACHMENT] Migrated 5,179 rows.
2026-01-09 12:03:23 [E780.E780_IF_FILE_ATTACHMENT] Migrated 5,180 rows.
2026-01-09 12:03:23 [E780.E780_IF_FILE_ATTACHMENT] Migrated 5,181 rows.
2026-01-09 12:03:23 [E780.E780_IF_FILE_ATTACHMENT] Migrated 5,182 rows.
2026-01-09 12:03:23 [E780.E780_IF_FILE_ATTACHMENT] Migrated 5,183 rows.
2026-01-09 12:03:24 [E780.E780_IF_FILE_ATTACHMENT] Migrated 5,184 rows.
2026-01-09 12:03:24 [E780.E780_IF_FILE_ATTACHMENT] Migrated 5,185 rows.
2026-01-09 12:03:24 [E780.E780_IF_FILE_ATTACHMENT] Migrated 5,186 rows.
2026-01-09 12:03:25 [E780.E780_IF_FILE_ATTACHMENT] Migrated 5,187 rows.
2026-01-09 12:03:25 [E780.E780_IF_FILE_ATTACHMENT] Migrated 5,188 rows.
2026-01-09 12:03:25 [E780.E780_IF_FILE_ATTACHMENT] Migrated 5,189 rows.
2026-01-09 12:03:25 [E780.E780_IF_FILE_ATTACHMENT] Migrated 5,190 rows.
2026-01-09 12:03:25 [E780.E780_IF_FILE_ATTACHMENT] Migrated 5,191 rows.
2026-01-09 12:03:25 [E780.E780_IF_FILE_ATTACHMENT] Migrated 5,192 rows.
2026-01-09 12:03:26 [E780.E780_IF_FILE_ATTACHMENT] Migrated 5,193 rows.
2026-01-09 12:03:26 [E780.E780_IF_FILE_ATTACHMENT] Migrated 5,194 rows.
2026-01-09 12:03:26 [E780.E780_IF_FILE_ATTACHMENT] Migrated 5,195 rows.
2026-01-09 12:03:26 [E780.E780_IF_FILE_ATTACHMENT] Migrated 5,196 rows.
2026-01-09 12:03:27 [E780.E780_IF_FILE_ATTACHMENT] Migrated 5,197 rows.
2026-01-09 12:03:27 [E780.E780_IF_FILE_ATTACHMENT] Migrated 5,198 rows.
2026-01-09 12:03:27 [E780.E780_IF_FILE_ATTACHMENT] Migrated 5,199 rows.
2026-01-09 12:03:27 [E780.E780_IF_FILE_ATTACHMENT] Migrated 5,200 rows.
2026-01-09 12:03:27 [E780.E780_IF_FILE_ATTACHMENT] Migrated 5,201 rows.
2026-01-09 12:03:27 [E780.E780_IF_FILE_ATTACHMENT] Migrated 5,202 rows.
2026-01-09 12:03:27 [E780.E780_IF_FILE_ATTACHMENT] Migrated 5,203 rows.
2026-01-09 12:03:27 [E780.E780_IF_FILE_ATTACHMENT] Migrated 5,204 rows.
2026-01-09 12:03:27 [E780.E780_IF_FILE_ATTACHMENT] Migrated 5,205 rows.
2026-01-09 12:03:27 [E780.E780_IF_FILE_ATTACHMENT] Migrated 5,206 rows.
2026-01-09 12:03:28 [E780.E780_IF_FILE_ATTACHMENT] Migrated 5,207 rows.
2026-01-09 12:03:28 [E780.E780_IF_FILE_ATTACHMENT] Migrated 5,208 rows.
2026-01-09 12:03:28 [E780.E780_IF_FILE_ATTACHMENT] Migrated 5,209 rows.
2026-01-09 12:03:28 [E780.E780_IF_FILE_ATTACHMENT] Migrated 5,210 rows.
2026-01-09 12:03:28 [E780.E780_IF_FILE_ATTACHMENT] Migrated 5,211 rows.
2026-01-09 12:03:28 [E780.E780_IF_FILE_ATTACHMENT] Migrated 5,212 rows.
2026-01-09 12:03:29 [E780.E780_IF_FILE_ATTACHMENT] Migrated 5,213 rows.
2026-01-09 12:03:29 [E780.E780_IF_FILE_ATTACHMENT] Migrated 5,214 rows.
2026-01-09 12:03:29 [E780.E780_IF_FILE_ATTACHMENT] Migrated 5,215 rows.
2026-01-09 12:03:29 [E780.E780_IF_FILE_ATTACHMENT] Migrated 5,216 rows.
2026-01-09 12:03:29 [E780.E780_IF_FILE_ATTACHMENT] Migrated 5,217 rows.
2026-01-09 12:03:29 [E780.E780_IF_FILE_ATTACHMENT] Migrated 5,218 rows.
2026-01-09 12:03:29 [E780.E780_IF_FILE_ATTACHMENT] Migrated 5,219 rows.
2026-01-09 12:03:30 [E780.E780_IF_FILE_ATTACHMENT] Migrated 5,220 rows.
2026-01-09 12:03:30 [E780.E780_IF_FILE_ATTACHMENT] Migrated 5,221 rows.
2026-01-09 12:03:30 [E780.E780_IF_FILE_ATTACHMENT] Migrated 5,222 rows.
2026-01-09 12:03:30 [E780.E780_IF_FILE_ATTACHMENT] Migrated 5,223 rows.
2026-01-09 12:03:30 [E780.E780_IF_FILE_ATTACHMENT] Migrated 5,224 rows.
2026-01-09 12:03:30 [E780.E780_IF_FILE_ATTACHMENT] Migrated 5,225 rows.
2026-01-09 12:03:30 [E780.E780_IF_FILE_ATTACHMENT] Migrated 5,226 rows.
2026-01-09 12:03:31 [E780.E780_IF_FILE_ATTACHMENT] Migrated 5,227 rows.
2026-01-09 12:03:31 [E780.E780_IF_FILE_ATTACHMENT] Migrated 5,228 rows.
2026-01-09 12:03:31 [E780.E780_IF_FILE_ATTACHMENT] Migrated 5,229 rows.
2026-01-09 12:03:31 [E780.E780_IF_FILE_ATTACHMENT] Migrated 5,230 rows.
2026-01-09 12:03:31 [E780.E780_IF_FILE_ATTACHMENT] Migrated 5,231 rows.
2026-01-09 12:03:31 [E780.E780_IF_FILE_ATTACHMENT] Migrated 5,232 rows.
2026-01-09 12:03:31 [E780.E780_IF_FILE_ATTACHMENT] Migrated 5,233 rows.
2026-01-09 12:03:31 [E780.E780_IF_FILE_ATTACHMENT] Migrated 5,234 rows.
2026-01-09 12:03:31 [E780.E780_IF_FILE_ATTACHMENT] Migrated 5,235 rows.
2026-01-09 12:03:31 [E780.E780_IF_FILE_ATTACHMENT] Migrated 5,236 rows.
2026-01-09 12:03:31 [E780.E780_IF_FILE_ATTACHMENT] Migrated 5,237 rows.
2026-01-09 12:03:32 [E780.E780_IF_FILE_ATTACHMENT] Migrated 5,238 rows.
2026-01-09 12:03:32 [E780.E780_IF_FILE_ATTACHMENT] Migrated 5,239 rows.
2026-01-09 12:03:32 [E780.E780_IF_FILE_ATTACHMENT] Migrated 5,240 rows.
2026-01-09 12:03:33 [E780.E780_IF_FILE_ATTACHMENT] Migrated 5,241 rows.
2026-01-09 12:03:33 [E780.E780_IF_FILE_ATTACHMENT] Migrated 5,242 rows.
2026-01-09 12:03:33 [E780.E780_IF_FILE_ATTACHMENT] Migrated 5,243 rows.
2026-01-09 12:03:33 [E780.E780_IF_FILE_ATTACHMENT] Migrated 5,244 rows.
2026-01-09 12:03:33 [E780.E780_IF_FILE_ATTACHMENT] Migrated 5,245 rows.
2026-01-09 12:03:33 [E780.E780_IF_FILE_ATTACHMENT] Migrated 5,246 rows.
2026-01-09 12:03:33 [E780.E780_IF_FILE_ATTACHMENT] Migrated 5,247 rows.
2026-01-09 12:03:33 [E780.E780_IF_FILE_ATTACHMENT] Migrated 5,248 rows.
2026-01-09 12:03:33 [E780.E780_IF_FILE_ATTACHMENT] Migrated 5,249 rows.
2026-01-09 12:03:33 [E780.E780_IF_FILE_ATTACHMENT] Migrated 5,250 rows.
2026-01-09 12:03:33 [E780.E780_IF_FILE_ATTACHMENT] Migrated 5,251 rows.
2026-01-09 12:03:33 [E780.E780_IF_FILE_ATTACHMENT] Migrated 5,252 rows.
2026-01-09 12:03:33 [E780.E780_IF_FILE_ATTACHMENT] Migrated 5,253 rows.
2026-01-09 12:03:34 [E780.E780_IF_FILE_ATTACHMENT] Migrated 5,254 rows.
2026-01-09 12:03:34 [E780.E780_IF_FILE_ATTACHMENT] Migrated 5,255 rows.
2026-01-09 12:03:34 [E780.E780_IF_FILE_ATTACHMENT] Migrated 5,256 rows.
2026-01-09 12:03:34 [E780.E780_IF_FILE_ATTACHMENT] Migrated 5,257 rows.
2026-01-09 12:03:35 [E780.E780_IF_FILE_ATTACHMENT] Migrated 5,258 rows.
2026-01-09 12:03:35 [E780.E780_IF_FILE_ATTACHMENT] Migrated 5,259 rows.
2026-01-09 12:03:35 [E780.E780_IF_FILE_ATTACHMENT] Migrated 5,260 rows.
2026-01-09 12:03:36 [E780.E780_IF_FILE_ATTACHMENT] Migrated 5,261 rows.
2026-01-09 12:03:36 [E780.E780_IF_FILE_ATTACHMENT] Migrated 5,262 rows.
2026-01-09 12:03:37 [E780.E780_IF_FILE_ATTACHMENT] Migrated 5,263 rows.
2026-01-09 12:03:37 [E780.E780_IF_FILE_ATTACHMENT] Migrated 5,264 rows.
2026-01-09 12:03:37 [E780.E780_IF_FILE_ATTACHMENT] Migrated 5,265 rows.
2026-01-09 12:03:38 [E780.E780_IF_FILE_ATTACHMENT] Migrated 5,266 rows.
2026-01-09 12:03:38 [E780.E780_IF_FILE_ATTACHMENT] Migrated 5,267 rows.
2026-01-09 12:03:39 [E780.E780_IF_FILE_ATTACHMENT] Migrated 5,268 rows.
2026-01-09 12:03:39 [E780.E780_IF_FILE_ATTACHMENT] Migrated 5,269 rows.
2026-01-09 12:03:40 [E780.E780_IF_FILE_ATTACHMENT] Migrated 5,270 rows.
2026-01-09 12:03:40 [E780.E780_IF_FILE_ATTACHMENT] Migrated 5,271 rows.
2026-01-09 12:03:40 [E780.E780_IF_FILE_ATTACHMENT] Migrated 5,272 rows.
2026-01-09 12:03:40 [E780.E780_IF_FILE_ATTACHMENT] Migrated 5,273 rows.
2026-01-09 12:03:40 [E780.E780_IF_FILE_ATTACHMENT] Migrated 5,274 rows.
2026-01-09 12:03:41 [E780.E780_IF_FILE_ATTACHMENT] Migrated 5,275 rows.
2026-01-09 12:03:41 [E780.E780_IF_FILE_ATTACHMENT] Migrated 5,276 rows.
2026-01-09 12:03:41 [E780.E780_IF_FILE_ATTACHMENT] Migrated 5,277 rows.
2026-01-09 12:03:41 [E780.E780_IF_FILE_ATTACHMENT] Migrated 5,278 rows.
2026-01-09 12:03:41 [E780.E780_IF_FILE_ATTACHMENT] Migrated 5,279 rows.
2026-01-09 12:03:41 [E780.E780_IF_FILE_ATTACHMENT] Migrated 5,280 rows.
2026-01-09 12:03:41 [E780.E780_IF_FILE_ATTACHMENT] Migrated 5,281 rows.
2026-01-09 12:03:41 [E780.E780_IF_FILE_ATTACHMENT] Migrated 5,282 rows.
2026-01-09 12:03:41 [E780.E780_IF_FILE_ATTACHMENT] Migrated 5,283 rows.
2026-01-09 12:03:41 [E780.E780_IF_FILE_ATTACHMENT] Migrated 5,284 rows.
2026-01-09 12:03:41 [E780.E780_IF_FILE_ATTACHMENT] Migrated 5,285 rows.
2026-01-09 12:03:41 [E780.E780_IF_FILE_ATTACHMENT] Migrated 5,286 rows.
2026-01-09 12:03:41 [E780.E780_IF_FILE_ATTACHMENT] Migrated 5,287 rows.
2026-01-09 12:03:42 [E780.E780_IF_FILE_ATTACHMENT] Migrated 5,288 rows.
2026-01-09 12:03:42 [E780.E780_IF_FILE_ATTACHMENT] Migrated 5,289 rows.
2026-01-09 12:03:42 [E780.E780_IF_FILE_ATTACHMENT] Migrated 5,290 rows.
2026-01-09 12:03:42 [E780.E780_IF_FILE_ATTACHMENT] Migrated 5,291 rows.
2026-01-09 12:03:42 [E780.E780_IF_FILE_ATTACHMENT] Migrated 5,292 rows.
2026-01-09 12:03:42 [E780.E780_IF_FILE_ATTACHMENT] Migrated 5,293 rows.
2026-01-09 12:03:42 [E780.E780_IF_FILE_ATTACHMENT] Migrated 5,294 rows.
2026-01-09 12:03:42 [E780.E780_IF_FILE_ATTACHMENT] Migrated 5,295 rows.
2026-01-09 12:03:42 [E780.E780_IF_FILE_ATTACHMENT] Migrated 5,296 rows.
2026-01-09 12:03:42 [E780.E780_IF_FILE_ATTACHMENT] Migrated 5,297 rows.
2026-01-09 12:03:42 [E780.E780_IF_FILE_ATTACHMENT] Migrated 5,298 rows.
2026-01-09 12:03:43 [E780.E780_IF_FILE_ATTACHMENT] Migrated 5,299 rows.
2026-01-09 12:03:43 [E780.E780_IF_FILE_ATTACHMENT] Migrated 5,300 rows.
2026-01-09 12:03:43 [E780.E780_IF_FILE_ATTACHMENT] Migrated 5,301 rows.
2026-01-09 12:03:43 [E780.E780_IF_FILE_ATTACHMENT] Migrated 5,302 rows.
2026-01-09 12:03:43 [E780.E780_IF_FILE_ATTACHMENT] Migrated 5,303 rows.
2026-01-09 12:03:43 [E780.E780_IF_FILE_ATTACHMENT] Migrated 5,304 rows.
2026-01-09 12:03:43 [E780.E780_IF_FILE_ATTACHMENT] Migrated 5,305 rows.
2026-01-09 12:03:43 [E780.E780_IF_FILE_ATTACHMENT] Migrated 5,306 rows.
2026-01-09 12:03:43 [E780.E780_IF_FILE_ATTACHMENT] Migrated 5,307 rows.
2026-01-09 12:03:43 [E780.E780_IF_FILE_ATTACHMENT] Migrated 5,308 rows.
2026-01-09 12:03:43 [E780.E780_IF_FILE_ATTACHMENT] Migrated 5,309 rows.
2026-01-09 12:03:43 [E780.E780_IF_FILE_ATTACHMENT] Migrated 5,310 rows.
2026-01-09 12:03:43 [E780.E780_IF_FILE_ATTACHMENT] Migrated 5,311 rows.
2026-01-09 12:03:43 [E780.E780_IF_FILE_ATTACHMENT] Migrated 5,312 rows.
2026-01-09 12:03:43 [E780.E780_IF_FILE_ATTACHMENT] Migrated 5,313 rows.
2026-01-09 12:03:43 [E780.E780_IF_FILE_ATTACHMENT] Migrated 5,314 rows.
2026-01-09 12:03:43 [E780.E780_IF_FILE_ATTACHMENT] Migrated 5,315 rows.
2026-01-09 12:03:44 [E780.E780_IF_FILE_ATTACHMENT] Migrated 5,316 rows.
2026-01-09 12:03:44 [E780.E780_IF_FILE_ATTACHMENT] Migrated 5,317 rows.
2026-01-09 12:03:44 [E780.E780_IF_FILE_ATTACHMENT] Migrated 5,318 rows.
2026-01-09 12:03:44 [E780.E780_IF_FILE_ATTACHMENT] Migrated 5,319 rows.
2026-01-09 12:03:44 [E780.E780_IF_FILE_ATTACHMENT] Migrated 5,320 rows.
2026-01-09 12:03:44 [E780.E780_IF_FILE_ATTACHMENT] Migrated 5,321 rows.
2026-01-09 12:03:44 [E780.E780_IF_FILE_ATTACHMENT] Migrated 5,322 rows.
2026-01-09 12:03:44 [E780.E780_IF_FILE_ATTACHMENT] Migrated 5,323 rows.
2026-01-09 12:03:44 [E780.E780_IF_FILE_ATTACHMENT] Migrated 5,324 rows.
2026-01-09 12:03:44 [E780.E780_IF_FILE_ATTACHMENT] Migrated 5,325 rows.
2026-01-09 12:03:44 [E780.E780_IF_FILE_ATTACHMENT] Migrated 5,326 rows.
2026-01-09 12:03:44 [E780.E780_IF_FILE_ATTACHMENT] Migrated 5,327 rows.
2026-01-09 12:03:44 [E780.E780_IF_FILE_ATTACHMENT] Migrated 5,328 rows.
2026-01-09 12:03:44 [E780.E780_IF_FILE_ATTACHMENT] Migrated 5,329 rows.
2026-01-09 12:03:44 [E780.E780_IF_FILE_ATTACHMENT] Migrated 5,330 rows.
2026-01-09 12:03:44 [E780.E780_IF_FILE_ATTACHMENT] Migrated 5,331 rows.
2026-01-09 12:03:44 [E780.E780_IF_FILE_ATTACHMENT] Migrated 5,332 rows.
2026-01-09 12:03:44 [E780.E780_IF_FILE_ATTACHMENT] Migrated 5,333 rows.
2026-01-09 12:03:44 [E780.E780_IF_FILE_ATTACHMENT] Migrated 5,334 rows.
2026-01-09 12:03:45 [E780.E780_IF_FILE_ATTACHMENT] Migrated 5,335 rows.
2026-01-09 12:03:45 [E780.E780_IF_FILE_ATTACHMENT] Migrated 5,336 rows.
2026-01-09 12:03:45 [E780.E780_IF_FILE_ATTACHMENT] Migrated 5,337 rows.
2026-01-09 12:03:45 [E780.E780_IF_FILE_ATTACHMENT] Migrated 5,338 rows.
2026-01-09 12:03:45 [E780.E780_IF_FILE_ATTACHMENT] Migrated 5,339 rows.
2026-01-09 12:03:45 [E780.E780_IF_FILE_ATTACHMENT] Migrated 5,340 rows.
2026-01-09 12:03:45 [E780.E780_IF_FILE_ATTACHMENT] Migrated 5,341 rows.
2026-01-09 12:03:45 [E780.E780_IF_FILE_ATTACHMENT] Migrated 5,342 rows.
2026-01-09 12:03:45 [E780.E780_IF_FILE_ATTACHMENT] Migrated 5,343 rows.
2026-01-09 12:03:45 [E780.E780_IF_FILE_ATTACHMENT] Migrated 5,344 rows.
2026-01-09 12:03:46 [E780.E780_IF_FILE_ATTACHMENT] Migrated 5,345 rows.
2026-01-09 12:03:46 [E780.E780_IF_FILE_ATTACHMENT] Migrated 5,346 rows.
2026-01-09 12:03:46 [E780.E780_IF_FILE_ATTACHMENT] Migrated 5,347 rows.
2026-01-09 12:03:46 [E780.E780_IF_FILE_ATTACHMENT] Migrated 5,348 rows.
2026-01-09 12:03:46 [E780.E780_IF_FILE_ATTACHMENT] Migrated 5,349 rows.
2026-01-09 12:03:46 [E780.E780_IF_FILE_ATTACHMENT] Migrated 5,350 rows.
2026-01-09 12:03:46 [E780.E780_IF_FILE_ATTACHMENT] Migrated 5,351 rows.
2026-01-09 12:03:46 [E780.E780_IF_FILE_ATTACHMENT] Migrated 5,352 rows.
2026-01-09 12:03:46 [E780.E780_IF_FILE_ATTACHMENT] Migrated 5,353 rows.
2026-01-09 12:03:46 [E780.E780_IF_FILE_ATTACHMENT] Migrated 5,354 rows.
2026-01-09 12:03:47 [E780.E780_IF_FILE_ATTACHMENT] Migrated 5,355 rows.
2026-01-09 12:03:47 [E780.E780_IF_FILE_ATTACHMENT] Migrated 5,356 rows.
2026-01-09 12:03:47 [E780.E780_IF_FILE_ATTACHMENT] Migrated 5,357 rows.
2026-01-09 12:03:47 [E780.E780_IF_FILE_ATTACHMENT] Migrated 5,358 rows.
2026-01-09 12:03:47 [E780.E780_IF_FILE_ATTACHMENT] Migrated 5,359 rows.
2026-01-09 12:03:47 [E780.E780_IF_FILE_ATTACHMENT] Migrated 5,360 rows.
2026-01-09 12:03:47 [E780.E780_IF_FILE_ATTACHMENT] Migrated 5,361 rows.
2026-01-09 12:03:47 [E780.E780_IF_FILE_ATTACHMENT] Migrated 5,362 rows.
2026-01-09 12:03:47 [E780.E780_IF_FILE_ATTACHMENT] Migrated 5,363 rows.
2026-01-09 12:03:47 [E780.E780_IF_FILE_ATTACHMENT] Migrated 5,364 rows.
2026-01-09 12:03:47 [E780.E780_IF_FILE_ATTACHMENT] Migrated 5,365 rows.
2026-01-09 12:03:47 [E780.E780_IF_FILE_ATTACHMENT] Migrated 5,366 rows.
2026-01-09 12:03:48 [E780.E780_IF_FILE_ATTACHMENT] Migrated 5,367 rows.
2026-01-09 12:03:48 [E780.E780_IF_FILE_ATTACHMENT] Migrated 5,368 rows.
2026-01-09 12:03:48 [E780.E780_IF_FILE_ATTACHMENT] Migrated 5,369 rows.
2026-01-09 12:03:48 [E780.E780_IF_FILE_ATTACHMENT] Migrated 5,370 rows.
2026-01-09 12:03:48 [E780.E780_IF_FILE_ATTACHMENT] Migrated 5,371 rows.
2026-01-09 12:03:48 [E780.E780_IF_FILE_ATTACHMENT] Migrated 5,372 rows.
2026-01-09 12:03:48 [E780.E780_IF_FILE_ATTACHMENT] Migrated 5,373 rows.
2026-01-09 12:03:48 [E780.E780_IF_FILE_ATTACHMENT] Migrated 5,374 rows.
2026-01-09 12:03:48 [E780.E780_IF_FILE_ATTACHMENT] Migrated 5,375 rows.
2026-01-09 12:03:48 [E780.E780_IF_FILE_ATTACHMENT] Migrated 5,376 rows.
2026-01-09 12:03:48 [E780.E780_IF_FILE_ATTACHMENT] Migrated 5,377 rows.
2026-01-09 12:03:48 [E780.E780_IF_FILE_ATTACHMENT] Migrated 5,378 rows.
2026-01-09 12:03:48 [E780.E780_IF_FILE_ATTACHMENT] Migrated 5,379 rows.
2026-01-09 12:03:48 [E780.E780_IF_FILE_ATTACHMENT] Migrated 5,380 rows.
2026-01-09 12:03:48 [E780.E780_IF_FILE_ATTACHMENT] Migrated 5,381 rows.
2026-01-09 12:03:48 [E780.E780_IF_FILE_ATTACHMENT] Migrated 5,382 rows.
2026-01-09 12:03:49 [E780.E780_IF_FILE_ATTACHMENT] Migrated 5,383 rows.
2026-01-09 12:03:49 [E780.E780_IF_FILE_ATTACHMENT] Migrated 5,384 rows.
2026-01-09 12:03:49 [E780.E780_IF_FILE_ATTACHMENT] Migrated 5,385 rows.
2026-01-09 12:03:49 [E780.E780_IF_FILE_ATTACHMENT] Migrated 5,386 rows.
2026-01-09 12:03:49 [E780.E780_IF_FILE_ATTACHMENT] Migrated 5,387 rows.
2026-01-09 12:03:49 [E780.E780_IF_FILE_ATTACHMENT] Migrated 5,388 rows.
2026-01-09 12:03:49 [E780.E780_IF_FILE_ATTACHMENT] Migrated 5,389 rows.
2026-01-09 12:03:49 [E780.E780_IF_FILE_ATTACHMENT] Migrated 5,390 rows.
2026-01-09 12:03:49 [E780.E780_IF_FILE_ATTACHMENT] Migrated 5,391 rows.
2026-01-09 12:03:49 [E780.E780_IF_FILE_ATTACHMENT] Migrated 5,392 rows.
2026-01-09 12:03:49 [E780.E780_IF_FILE_ATTACHMENT] Migrated 5,393 rows.
2026-01-09 12:03:49 [E780.E780_IF_FILE_ATTACHMENT] Migrated 5,394 rows.
2026-01-09 12:03:50 [E780.E780_IF_FILE_ATTACHMENT] Migrated 5,395 rows.
2026-01-09 12:03:50 [E780.E780_IF_FILE_ATTACHMENT] Migrated 5,396 rows.
2026-01-09 12:03:50 [E780.E780_IF_FILE_ATTACHMENT] Migrated 5,397 rows.
2026-01-09 12:03:50 [E780.E780_IF_FILE_ATTACHMENT] Migrated 5,398 rows.
2026-01-09 12:03:50 [E780.E780_IF_FILE_ATTACHMENT] Migrated 5,399 rows.
2026-01-09 12:03:50 [E780.E780_IF_FILE_ATTACHMENT] Migrated 5,400 rows.
2026-01-09 12:03:50 [E780.E780_IF_FILE_ATTACHMENT] Migrated 5,401 rows.
2026-01-09 12:03:50 [E780.E780_IF_FILE_ATTACHMENT] Migrated 5,402 rows.
2026-01-09 12:03:50 [E780.E780_IF_FILE_ATTACHMENT] Migrated 5,403 rows.
2026-01-09 12:03:50 [E780.E780_IF_FILE_ATTACHMENT] Migrated 5,404 rows.
2026-01-09 12:03:50 [E780.E780_IF_FILE_ATTACHMENT] Migrated 5,405 rows.
2026-01-09 12:03:50 [E780.E780_IF_FILE_ATTACHMENT] Migrated 5,406 rows.
2026-01-09 12:03:51 [E780.E780_IF_FILE_ATTACHMENT] Migrated 5,407 rows.
2026-01-09 12:03:51 [E780.E780_IF_FILE_ATTACHMENT] Migrated 5,408 rows.
2026-01-09 12:03:51 [E780.E780_IF_FILE_ATTACHMENT] Migrated 5,409 rows.
2026-01-09 12:03:51 [E780.E780_IF_FILE_ATTACHMENT] Migrated 5,410 rows.
2026-01-09 12:03:51 [E780.E780_IF_FILE_ATTACHMENT] Migrated 5,411 rows.
2026-01-09 12:03:51 [E780.E780_IF_FILE_ATTACHMENT] Migrated 5,412 rows.
2026-01-09 12:03:51 [E780.E780_IF_FILE_ATTACHMENT] Migrated 5,413 rows.
2026-01-09 12:03:51 [E780.E780_IF_FILE_ATTACHMENT] Migrated 5,414 rows.
2026-01-09 12:03:51 [E780.E780_IF_FILE_ATTACHMENT] Migrated 5,415 rows.
2026-01-09 12:03:51 [E780.E780_IF_FILE_ATTACHMENT] Migrated 5,416 rows.
2026-01-09 12:03:51 [E780.E780_IF_FILE_ATTACHMENT] Migrated 5,417 rows.
2026-01-09 12:03:51 [E780.E780_IF_FILE_ATTACHMENT] Migrated 5,418 rows.
2026-01-09 12:03:51 [E780.E780_IF_FILE_ATTACHMENT] Migrated 5,419 rows.
2026-01-09 12:03:51 [E780.E780_IF_FILE_ATTACHMENT] Migrated 5,420 rows.
2026-01-09 12:03:52 [E780.E780_IF_FILE_ATTACHMENT] Migrated 5,421 rows.
2026-01-09 12:03:52 [E780.E780_IF_FILE_ATTACHMENT] Migrated 5,422 rows.
2026-01-09 12:03:52 [E780.E780_IF_FILE_ATTACHMENT] Migrated 5,423 rows.
2026-01-09 12:03:52 [E780.E780_IF_FILE_ATTACHMENT] Migrated 5,424 rows.
2026-01-09 12:03:52 [E780.E780_IF_FILE_ATTACHMENT] Migrated 5,425 rows.
2026-01-09 12:03:52 [E780.E780_IF_FILE_ATTACHMENT] Migrated 5,426 rows.
2026-01-09 12:03:52 [E780.E780_IF_FILE_ATTACHMENT] Migrated 5,427 rows.
2026-01-09 12:03:53 [E780.E780_IF_FILE_ATTACHMENT] Migrated 5,428 rows.
2026-01-09 12:03:53 [E780.E780_IF_FILE_ATTACHMENT] Migrated 5,429 rows.
2026-01-09 12:03:53 [E780.E780_IF_FILE_ATTACHMENT] Migrated 5,430 rows.
2026-01-09 12:03:53 [E780.E780_IF_FILE_ATTACHMENT] Migrated 5,431 rows.
2026-01-09 12:03:53 [E780.E780_IF_FILE_ATTACHMENT] Migrated 5,432 rows.
2026-01-09 12:03:53 [E780.E780_IF_FILE_ATTACHMENT] Migrated 5,433 rows.
2026-01-09 12:03:53 [E780.E780_IF_FILE_ATTACHMENT] Migrated 5,434 rows.
2026-01-09 12:03:53 [E780.E780_IF_FILE_ATTACHMENT] Migrated 5,435 rows.
2026-01-09 12:03:53 [E780.E780_IF_FILE_ATTACHMENT] Migrated 5,436 rows.
2026-01-09 12:03:53 [E780.E780_IF_FILE_ATTACHMENT] Migrated 5,437 rows.
2026-01-09 12:03:53 [E780.E780_IF_FILE_ATTACHMENT] Migrated 5,438 rows.
2026-01-09 12:03:54 [E780.E780_IF_FILE_ATTACHMENT] Migrated 5,439 rows.
2026-01-09 12:03:54 [E780.E780_IF_FILE_ATTACHMENT] Migrated 5,440 rows.
2026-01-09 12:03:54 [E780.E780_IF_FILE_ATTACHMENT] Migrated 5,441 rows.
2026-01-09 12:03:55 [E780.E780_IF_FILE_ATTACHMENT] Migrated 5,442 rows.
2026-01-09 12:03:55 [E780.E780_IF_FILE_ATTACHMENT] Migrated 5,443 rows.
2026-01-09 12:03:55 [E780.E780_IF_FILE_ATTACHMENT] Migrated 5,444 rows.
2026-01-09 12:03:55 [E780.E780_IF_FILE_ATTACHMENT] Migrated 5,445 rows.
2026-01-09 12:03:55 [E780.E780_IF_FILE_ATTACHMENT] Migrated 5,446 rows.
2026-01-09 12:03:56 [E780.E780_IF_FILE_ATTACHMENT] Migrated 5,447 rows.
2026-01-09 12:03:56 [E780.E780_IF_FILE_ATTACHMENT] Migrated 5,448 rows.
2026-01-09 12:03:56 [E780.E780_IF_FILE_ATTACHMENT] Migrated 5,449 rows.
2026-01-09 12:03:56 [E780.E780_IF_FILE_ATTACHMENT] Migrated 5,450 rows.
2026-01-09 12:03:56 [E780.E780_IF_FILE_ATTACHMENT] Migrated 5,451 rows.
2026-01-09 12:03:56 [E780.E780_IF_FILE_ATTACHMENT] Migrated 5,452 rows.
2026-01-09 12:03:56 [E780.E780_IF_FILE_ATTACHMENT] Migrated 5,453 rows.
2026-01-09 12:03:57 [E780.E780_IF_FILE_ATTACHMENT] Migrated 5,454 rows.
2026-01-09 12:03:57 [E780.E780_IF_FILE_ATTACHMENT] Migrated 5,455 rows.
2026-01-09 12:03:57 [E780.E780_IF_FILE_ATTACHMENT] Migrated 5,456 rows.
2026-01-09 12:03:57 [E780.E780_IF_FILE_ATTACHMENT] Migrated 5,457 rows.
2026-01-09 12:03:57 [E780.E780_IF_FILE_ATTACHMENT] Migrated 5,458 rows.
2026-01-09 12:03:57 [E780.E780_IF_FILE_ATTACHMENT] Migrated 5,459 rows.
2026-01-09 12:03:57 [E780.E780_IF_FILE_ATTACHMENT] Migrated 5,460 rows.
2026-01-09 12:03:57 [E780.E780_IF_FILE_ATTACHMENT] Migrated 5,461 rows.
2026-01-09 12:03:58 [E780.E780_IF_FILE_ATTACHMENT] Migrated 5,462 rows.
2026-01-09 12:03:58 [E780.E780_IF_FILE_ATTACHMENT] Migrated 5,463 rows.
2026-01-09 12:03:58 [E780.E780_IF_FILE_ATTACHMENT] Migrated 5,464 rows.
2026-01-09 12:03:58 [E780.E780_IF_FILE_ATTACHMENT] Migrated 5,465 rows.
2026-01-09 12:03:58 [E780.E780_IF_FILE_ATTACHMENT] Migrated 5,466 rows.
2026-01-09 12:03:58 [E780.E780_IF_FILE_ATTACHMENT] Migrated 5,467 rows.
2026-01-09 12:03:58 [E780.E780_IF_FILE_ATTACHMENT] Migrated 5,468 rows.
2026-01-09 12:03:59 [E780.E780_IF_FILE_ATTACHMENT] Migrated 5,469 rows.
2026-01-09 12:03:59 [E780.E780_IF_FILE_ATTACHMENT] Migrated 5,470 rows.
2026-01-09 12:03:59 [E780.E780_IF_FILE_ATTACHMENT] Migrated 5,471 rows.
2026-01-09 12:03:59 [E780.E780_IF_FILE_ATTACHMENT] Migrated 5,472 rows.
2026-01-09 12:03:59 [E780.E780_IF_FILE_ATTACHMENT] Migrated 5,473 rows.
2026-01-09 12:03:59 [E780.E780_IF_FILE_ATTACHMENT] Migrated 5,474 rows.
2026-01-09 12:03:59 [E780.E780_IF_FILE_ATTACHMENT] Migrated 5,475 rows.
2026-01-09 12:03:59 [E780.E780_IF_FILE_ATTACHMENT] Migrated 5,476 rows.
2026-01-09 12:03:59 [E780.E780_IF_FILE_ATTACHMENT] Migrated 5,477 rows.
2026-01-09 12:03:59 [E780.E780_IF_FILE_ATTACHMENT] Migrated 5,478 rows.
2026-01-09 12:03:59 [E780.E780_IF_FILE_ATTACHMENT] Migrated 5,479 rows.
2026-01-09 12:03:59 [E780.E780_IF_FILE_ATTACHMENT] Migrated 5,480 rows.
2026-01-09 12:04:00 [E780.E780_IF_FILE_ATTACHMENT] Migrated 5,481 rows.
2026-01-09 12:04:00 [E780.E780_IF_FILE_ATTACHMENT] Migrated 5,482 rows.
2026-01-09 12:04:00 [E780.E780_IF_FILE_ATTACHMENT] Migrated 5,483 rows.
2026-01-09 12:04:00 [E780.E780_IF_FILE_ATTACHMENT] Migrated 5,484 rows.
2026-01-09 12:04:00 [E780.E780_IF_FILE_ATTACHMENT] Migrated 5,485 rows.
2026-01-09 12:04:00 [E780.E780_IF_FILE_ATTACHMENT] Migrated 5,486 rows.
2026-01-09 12:04:00 [E780.E780_IF_FILE_ATTACHMENT] Migrated 5,487 rows.
2026-01-09 12:04:00 [E780.E780_IF_FILE_ATTACHMENT] Migrated 5,488 rows.
2026-01-09 12:04:00 [E780.E780_IF_FILE_ATTACHMENT] Migrated 5,489 rows.
2026-01-09 12:04:01 [E780.E780_IF_FILE_ATTACHMENT] Migrated 5,490 rows.
2026-01-09 12:04:01 [E780.E780_IF_FILE_ATTACHMENT] Migrated 5,491 rows.
2026-01-09 12:04:01 [E780.E780_IF_FILE_ATTACHMENT] Migrated 5,492 rows.
2026-01-09 12:04:01 [E780.E780_IF_FILE_ATTACHMENT] Migrated 5,493 rows.
2026-01-09 12:04:01 [E780.E780_IF_FILE_ATTACHMENT] Migrated 5,494 rows.
2026-01-09 12:04:01 [E780.E780_IF_FILE_ATTACHMENT] Migrated 5,495 rows.
2026-01-09 12:04:01 [E780.E780_IF_FILE_ATTACHMENT] Migrated 5,496 rows.
2026-01-09 12:04:01 [E780.E780_IF_FILE_ATTACHMENT] Migrated 5,497 rows.
2026-01-09 12:04:01 [E780.E780_IF_FILE_ATTACHMENT] Migrated 5,498 rows.
2026-01-09 12:04:01 [E780.E780_IF_FILE_ATTACHMENT] Migrated 5,499 rows.
2026-01-09 12:04:02 [E780.E780_IF_FILE_ATTACHMENT] Migrated 5,500 rows.
2026-01-09 12:04:02 [E780.E780_IF_FILE_ATTACHMENT] Migrated 5,501 rows.
2026-01-09 12:04:02 [E780.E780_IF_FILE_ATTACHMENT] Migrated 5,502 rows.
2026-01-09 12:04:02 [E780.E780_IF_FILE_ATTACHMENT] Migrated 5,503 rows.
2026-01-09 12:04:02 [E780.E780_IF_FILE_ATTACHMENT] Migrated 5,504 rows.
2026-01-09 12:04:02 [E780.E780_IF_FILE_ATTACHMENT] Migrated 5,505 rows.
2026-01-09 12:04:02 [E780.E780_IF_FILE_ATTACHMENT] Migrated 5,506 rows.
2026-01-09 12:04:02 [E780.E780_IF_FILE_ATTACHMENT] Migrated 5,507 rows.
2026-01-09 12:04:02 [E780.E780_IF_FILE_ATTACHMENT] Migrated 5,508 rows.
2026-01-09 12:04:02 [E780.E780_IF_FILE_ATTACHMENT] Migrated 5,509 rows.
2026-01-09 12:04:03 [E780.E780_IF_FILE_ATTACHMENT] Migrated 5,510 rows.
2026-01-09 12:04:03 [E780.E780_IF_FILE_ATTACHMENT] Migrated 5,511 rows.
2026-01-09 12:04:03 [E780.E780_IF_FILE_ATTACHMENT] Migrated 5,512 rows.
2026-01-09 12:04:03 [E780.E780_IF_FILE_ATTACHMENT] Migrated 5,513 rows.
2026-01-09 12:04:03 [E780.E780_IF_FILE_ATTACHMENT] Migrated 5,514 rows.
2026-01-09 12:04:03 [E780.E780_IF_FILE_ATTACHMENT] Migrated 5,515 rows.
2026-01-09 12:04:03 [E780.E780_IF_FILE_ATTACHMENT] Migrated 5,516 rows.
2026-01-09 12:04:04 [E780.E780_IF_FILE_ATTACHMENT] Migrated 5,517 rows.
2026-01-09 12:04:04 [E780.E780_IF_FILE_ATTACHMENT] Migrated 5,518 rows.
2026-01-09 12:04:04 [E780.E780_IF_FILE_ATTACHMENT] Migrated 5,519 rows.
2026-01-09 12:04:04 [E780.E780_IF_FILE_ATTACHMENT] Migrated 5,520 rows.
2026-01-09 12:04:04 [E780.E780_IF_FILE_ATTACHMENT] Migrated 5,521 rows.
2026-01-09 12:04:04 [E780.E780_IF_FILE_ATTACHMENT] Migrated 5,522 rows.
2026-01-09 12:04:05 [E780.E780_IF_FILE_ATTACHMENT] Migrated 5,523 rows.
2026-01-09 12:04:05 [E780.E780_IF_FILE_ATTACHMENT] Migrated 5,524 rows.
2026-01-09 12:04:05 [E780.E780_IF_FILE_ATTACHMENT] Migrated 5,525 rows.
2026-01-09 12:04:05 [E780.E780_IF_FILE_ATTACHMENT] Migrated 5,526 rows.
2026-01-09 12:04:05 [E780.E780_IF_FILE_ATTACHMENT] Migrated 5,527 rows.
2026-01-09 12:04:05 [E780.E780_IF_FILE_ATTACHMENT] Migrated 5,528 rows.
2026-01-09 12:04:05 [E780.E780_IF_FILE_ATTACHMENT] Migrated 5,529 rows.
2026-01-09 12:04:05 [E780.E780_IF_FILE_ATTACHMENT] Migrated 5,530 rows.
2026-01-09 12:04:05 [E780.E780_IF_FILE_ATTACHMENT] Migrated 5,531 rows.
2026-01-09 12:04:06 [E780.E780_IF_FILE_ATTACHMENT] Migrated 5,532 rows.
2026-01-09 12:04:06 [E780.E780_IF_FILE_ATTACHMENT] Migrated 5,533 rows.
2026-01-09 12:04:06 [E780.E780_IF_FILE_ATTACHMENT] Migrated 5,534 rows.
2026-01-09 12:04:06 [E780.E780_IF_FILE_ATTACHMENT] Migrated 5,535 rows.
2026-01-09 12:04:06 [E780.E780_IF_FILE_ATTACHMENT] Migrated 5,536 rows.
2026-01-09 12:04:06 [E780.E780_IF_FILE_ATTACHMENT] Migrated 5,537 rows.
2026-01-09 12:04:06 [E780.E780_IF_FILE_ATTACHMENT] Migrated 5,538 rows.
2026-01-09 12:04:06 [E780.E780_IF_FILE_ATTACHMENT] Migrated 5,539 rows.
2026-01-09 12:04:06 [E780.E780_IF_FILE_ATTACHMENT] Migrated 5,540 rows.
2026-01-09 12:04:07 [E780.E780_IF_FILE_ATTACHMENT] Migrated 5,541 rows.
2026-01-09 12:04:07 [E780.E780_IF_FILE_ATTACHMENT] Migrated 5,542 rows.
2026-01-09 12:04:07 [E780.E780_IF_FILE_ATTACHMENT] Migrated 5,543 rows.
2026-01-09 12:04:08 [E780.E780_IF_FILE_ATTACHMENT] Migrated 5,544 rows.
2026-01-09 12:04:08 [E780.E780_IF_FILE_ATTACHMENT] Migrated 5,545 rows.
2026-01-09 12:04:09 [E780.E780_IF_FILE_ATTACHMENT] Migrated 5,546 rows.
2026-01-09 12:04:09 [E780.E780_IF_FILE_ATTACHMENT] Migrated 5,547 rows.
2026-01-09 12:04:09 [E780.E780_IF_FILE_ATTACHMENT] Migrated 5,548 rows.
2026-01-09 12:04:09 [E780.E780_IF_FILE_ATTACHMENT] Migrated 5,549 rows.
2026-01-09 12:04:09 [E780.E780_IF_FILE_ATTACHMENT] Migrated 5,550 rows.
2026-01-09 12:04:09 [E780.E780_IF_FILE_ATTACHMENT] Migrated 5,551 rows.
2026-01-09 12:04:09 [E780.E780_IF_FILE_ATTACHMENT] Migrated 5,552 rows.
2026-01-09 12:04:10 [E780.E780_IF_FILE_ATTACHMENT] Migrated 5,553 rows.
2026-01-09 12:04:10 [E780.E780_IF_FILE_ATTACHMENT] Migrated 5,554 rows.
2026-01-09 12:04:11 [E780.E780_IF_FILE_ATTACHMENT] Migrated 5,555 rows.
2026-01-09 12:04:11 [E780.E780_IF_FILE_ATTACHMENT] Migrated 5,556 rows.
2026-01-09 12:04:12 [E780.E780_IF_FILE_ATTACHMENT] Migrated 5,557 rows.
2026-01-09 12:04:12 [E780.E780_IF_FILE_ATTACHMENT] Migrated 5,558 rows.
2026-01-09 12:04:13 [E780.E780_IF_FILE_ATTACHMENT] Migrated 5,559 rows.
2026-01-09 12:04:13 [E780.E780_IF_FILE_ATTACHMENT] Migrated 5,560 rows.
2026-01-09 12:04:13 [E780.E780_IF_FILE_ATTACHMENT] Migrated 5,561 rows.
2026-01-09 12:04:13 [E780.E780_IF_FILE_ATTACHMENT] Migrated 5,562 rows.
2026-01-09 12:04:13 [E780.E780_IF_FILE_ATTACHMENT] Migrated 5,563 rows.
2026-01-09 12:04:13 [E780.E780_IF_FILE_ATTACHMENT] Migrated 5,564 rows.
2026-01-09 12:04:14 [E780.E780_IF_FILE_ATTACHMENT] Migrated 5,565 rows.
2026-01-09 12:04:14 [E780.E780_IF_FILE_ATTACHMENT] Migrated 5,566 rows.
2026-01-09 12:04:14 [E780.E780_IF_FILE_ATTACHMENT] Migrated 5,567 rows.
2026-01-09 12:04:14 [E780.E780_IF_FILE_ATTACHMENT] Migrated 5,568 rows.
2026-01-09 12:04:14 [E780.E780_IF_FILE_ATTACHMENT] Migrated 5,569 rows.
2026-01-09 12:04:14 [E780.E780_IF_FILE_ATTACHMENT] Migrated 5,570 rows.
2026-01-09 12:04:15 [E780.E780_IF_FILE_ATTACHMENT] Migrated 5,571 rows.
2026-01-09 12:04:15 [E780.E780_IF_FILE_ATTACHMENT] Migrated 5,572 rows.
2026-01-09 12:04:15 [E780.E780_IF_FILE_ATTACHMENT] Migrated 5,573 rows.
2026-01-09 12:04:15 [E780.E780_IF_FILE_ATTACHMENT] Migrated 5,574 rows.
2026-01-09 12:04:16 [E780.E780_IF_FILE_ATTACHMENT] Migrated 5,575 rows.
2026-01-09 12:04:16 [E780.E780_IF_FILE_ATTACHMENT] Migrated 5,576 rows.
2026-01-09 12:04:16 [E780.E780_IF_FILE_ATTACHMENT] Migrated 5,577 rows.
2026-01-09 12:04:16 [E780.E780_IF_FILE_ATTACHMENT] Migrated 5,578 rows.
2026-01-09 12:04:16 [E780.E780_IF_FILE_ATTACHMENT] Migrated 5,579 rows.
2026-01-09 12:04:16 [E780.E780_IF_FILE_ATTACHMENT] Migrated 5,580 rows.
2026-01-09 12:04:16 [E780.E780_IF_FILE_ATTACHMENT] Migrated 5,581 rows.
2026-01-09 12:04:16 [E780.E780_IF_FILE_ATTACHMENT] Migrated 5,582 rows.
2026-01-09 12:04:17 [E780.E780_IF_FILE_ATTACHMENT] Migrated 5,583 rows.
2026-01-09 12:04:17 [E780.E780_IF_FILE_ATTACHMENT] Migrated 5,584 rows.
2026-01-09 12:04:17 [E780.E780_IF_FILE_ATTACHMENT] Migrated 5,585 rows.
2026-01-09 12:04:17 [E780.E780_IF_FILE_ATTACHMENT] Migrated 5,586 rows.
2026-01-09 12:04:17 [E780.E780_IF_FILE_ATTACHMENT] Migrated 5,587 rows.
2026-01-09 12:04:17 [E780.E780_IF_FILE_ATTACHMENT] Migrated 5,588 rows.
2026-01-09 12:04:17 [E780.E780_IF_FILE_ATTACHMENT] Migrated 5,589 rows.
2026-01-09 12:04:18 [E780.E780_IF_FILE_ATTACHMENT] Migrated 5,590 rows.
2026-01-09 12:04:18 [E780.E780_IF_FILE_ATTACHMENT] Migrated 5,591 rows.
2026-01-09 12:04:18 [E780.E780_IF_FILE_ATTACHMENT] Migrated 5,592 rows.
2026-01-09 12:04:18 [E780.E780_IF_FILE_ATTACHMENT] Migrated 5,593 rows.
2026-01-09 12:04:18 [E780.E780_IF_FILE_ATTACHMENT] Migrated 5,594 rows.
2026-01-09 12:04:18 [E780.E780_IF_FILE_ATTACHMENT] Migrated 5,595 rows.
2026-01-09 12:04:18 [E780.E780_IF_FILE_ATTACHMENT] Migrated 5,596 rows.
2026-01-09 12:04:19 [E780.E780_IF_FILE_ATTACHMENT] Migrated 5,597 rows.
2026-01-09 12:04:19 [E780.E780_IF_FILE_ATTACHMENT] Migrated 5,598 rows.
2026-01-09 12:04:19 [E780.E780_IF_FILE_ATTACHMENT] Migrated 5,599 rows.
2026-01-09 12:04:19 [E780.E780_IF_FILE_ATTACHMENT] Migrated 5,600 rows.
2026-01-09 12:04:20 [E780.E780_IF_FILE_ATTACHMENT] Migrated 5,601 rows.
2026-01-09 12:04:20 [E780.E780_IF_FILE_ATTACHMENT] Migrated 5,602 rows.
2026-01-09 12:04:20 [E780.E780_IF_FILE_ATTACHMENT] Migrated 5,603 rows.
2026-01-09 12:04:20 [E780.E780_IF_FILE_ATTACHMENT] Migrated 5,604 rows.
2026-01-09 12:04:20 [E780.E780_IF_FILE_ATTACHMENT] Migrated 5,605 rows.
2026-01-09 12:04:20 [E780.E780_IF_FILE_ATTACHMENT] Migrated 5,606 rows.
2026-01-09 12:04:20 [E780.E780_IF_FILE_ATTACHMENT] Migrated 5,607 rows.
2026-01-09 12:04:20 [E780.E780_IF_FILE_ATTACHMENT] Migrated 5,608 rows.
2026-01-09 12:04:20 [E780.E780_IF_FILE_ATTACHMENT] Migrated 5,609 rows.
2026-01-09 12:04:20 [E780.E780_IF_FILE_ATTACHMENT] Migrated 5,610 rows.
2026-01-09 12:04:21 [E780.E780_IF_FILE_ATTACHMENT] Migrated 5,611 rows.
2026-01-09 12:04:21 [E780.E780_IF_FILE_ATTACHMENT] Migrated 5,612 rows.
2026-01-09 12:04:21 [E780.E780_IF_FILE_ATTACHMENT] Migrated 5,613 rows.
2026-01-09 12:04:21 [E780.E780_IF_FILE_ATTACHMENT] Migrated 5,614 rows.
2026-01-09 12:04:21 [E780.E780_IF_FILE_ATTACHMENT] Migrated 5,615 rows.
2026-01-09 12:04:21 [E780.E780_IF_FILE_ATTACHMENT] Migrated 5,616 rows.
2026-01-09 12:04:21 [E780.E780_IF_FILE_ATTACHMENT] Migrated 5,617 rows.
2026-01-09 12:04:21 [E780.E780_IF_FILE_ATTACHMENT] Migrated 5,618 rows.
2026-01-09 12:04:21 [E780.E780_IF_FILE_ATTACHMENT] Migrated 5,619 rows.
2026-01-09 12:04:21 [E780.E780_IF_FILE_ATTACHMENT] Migrated 5,620 rows.
2026-01-09 12:04:22 [E780.E780_IF_FILE_ATTACHMENT] Migrated 5,621 rows.
2026-01-09 12:04:22 [E780.E780_IF_FILE_ATTACHMENT] Migrated 5,622 rows.
2026-01-09 12:04:22 [E780.E780_IF_FILE_ATTACHMENT] Migrated 5,623 rows.
2026-01-09 12:04:22 [E780.E780_IF_FILE_ATTACHMENT] Migrated 5,624 rows.
2026-01-09 12:04:23 [E780.E780_IF_FILE_ATTACHMENT] Migrated 5,625 rows.
2026-01-09 12:04:23 [E780.E780_IF_FILE_ATTACHMENT] Migrated 5,626 rows.
2026-01-09 12:04:23 [E780.E780_IF_FILE_ATTACHMENT] Migrated 5,627 rows.
2026-01-09 12:04:23 [E780.E780_IF_FILE_ATTACHMENT] Migrated 5,628 rows.
2026-01-09 12:04:23 [E780.E780_IF_FILE_ATTACHMENT] Migrated 5,629 rows.
2026-01-09 12:04:23 [E780.E780_IF_FILE_ATTACHMENT] Migrated 5,630 rows.
2026-01-09 12:04:23 [E780.E780_IF_FILE_ATTACHMENT] Migrated 5,631 rows.
2026-01-09 12:04:23 [E780.E780_IF_FILE_ATTACHMENT] Migrated 5,632 rows.
2026-01-09 12:04:23 [E780.E780_IF_FILE_ATTACHMENT] Migrated 5,633 rows.
2026-01-09 12:04:23 [E780.E780_IF_FILE_ATTACHMENT] Migrated 5,634 rows.
2026-01-09 12:04:24 [E780.E780_IF_FILE_ATTACHMENT] Migrated 5,635 rows.
2026-01-09 12:04:24 [E780.E780_IF_FILE_ATTACHMENT] Migrated 5,636 rows.
2026-01-09 12:04:24 [E780.E780_IF_FILE_ATTACHMENT] Migrated 5,637 rows.
2026-01-09 12:04:24 [E780.E780_IF_FILE_ATTACHMENT] Migrated 5,638 rows.
2026-01-09 12:04:24 [E780.E780_IF_FILE_ATTACHMENT] Migrated 5,639 rows.
2026-01-09 12:04:24 [E780.E780_IF_FILE_ATTACHMENT] Migrated 5,640 rows.
2026-01-09 12:04:24 [E780.E780_IF_FILE_ATTACHMENT] Migrated 5,641 rows.
2026-01-09 12:04:24 [E780.E780_IF_FILE_ATTACHMENT] Migrated 5,642 rows.
2026-01-09 12:04:24 [E780.E780_IF_FILE_ATTACHMENT] Migrated 5,643 rows.
2026-01-09 12:04:24 [E780.E780_IF_FILE_ATTACHMENT] Migrated 5,644 rows.
2026-01-09 12:04:24 [E780.E780_IF_FILE_ATTACHMENT] Migrated 5,645 rows.
2026-01-09 12:04:25 [E780.E780_IF_FILE_ATTACHMENT] Migrated 5,646 rows.
2026-01-09 12:04:25 [E780.E780_IF_FILE_ATTACHMENT] Migrated 5,647 rows.
2026-01-09 12:04:25 [E780.E780_IF_FILE_ATTACHMENT] Migrated 5,648 rows.
2026-01-09 12:04:25 [E780.E780_IF_FILE_ATTACHMENT] Migrated 5,649 rows.
2026-01-09 12:04:25 [E780.E780_IF_FILE_ATTACHMENT] Migrated 5,650 rows.
2026-01-09 12:04:25 [E780.E780_IF_FILE_ATTACHMENT] Migrated 5,651 rows.
2026-01-09 12:04:25 [E780.E780_IF_FILE_ATTACHMENT] Migrated 5,652 rows.
2026-01-09 12:04:26 [E780.E780_IF_FILE_ATTACHMENT] Migrated 5,653 rows.
2026-01-09 12:04:26 [E780.E780_IF_FILE_ATTACHMENT] Migrated 5,654 rows.
2026-01-09 12:04:26 [E780.E780_IF_FILE_ATTACHMENT] Migrated 5,655 rows.
2026-01-09 12:04:26 [E780.E780_IF_FILE_ATTACHMENT] Migrated 5,656 rows.
2026-01-09 12:04:26 [E780.E780_IF_FILE_ATTACHMENT] Migrated 5,657 rows.
2026-01-09 12:04:27 [E780.E780_IF_FILE_ATTACHMENT] Migrated 5,658 rows.
2026-01-09 12:04:27 [E780.E780_IF_FILE_ATTACHMENT] Migrated 5,659 rows.
2026-01-09 12:04:27 [E780.E780_IF_FILE_ATTACHMENT] Migrated 5,660 rows.
2026-01-09 12:04:28 [E780.E780_IF_FILE_ATTACHMENT] Migrated 5,661 rows.
2026-01-09 12:04:28 [E780.E780_IF_FILE_ATTACHMENT] Migrated 5,662 rows.
2026-01-09 12:04:28 [E780.E780_IF_FILE_ATTACHMENT] Migrated 5,663 rows.
2026-01-09 12:04:28 [E780.E780_IF_FILE_ATTACHMENT] Migrated 5,664 rows.
2026-01-09 12:04:28 [E780.E780_IF_FILE_ATTACHMENT] Migrated 5,665 rows.
2026-01-09 12:04:28 [E780.E780_IF_FILE_ATTACHMENT] Migrated 5,666 rows.
2026-01-09 12:04:28 [E780.E780_IF_FILE_ATTACHMENT] Migrated 5,667 rows.
2026-01-09 12:04:28 [E780.E780_IF_FILE_ATTACHMENT] Migrated 5,668 rows.
2026-01-09 12:04:28 [E780.E780_IF_FILE_ATTACHMENT] Migrated 5,669 rows.
2026-01-09 12:04:28 [E780.E780_IF_FILE_ATTACHMENT] Migrated 5,670 rows.
2026-01-09 12:04:29 [E780.E780_IF_FILE_ATTACHMENT] Migrated 5,671 rows.
2026-01-09 12:04:29 [E780.E780_IF_FILE_ATTACHMENT] Migrated 5,672 rows.
2026-01-09 12:04:29 [E780.E780_IF_FILE_ATTACHMENT] Migrated 5,673 rows.
2026-01-09 12:04:29 [E780.E780_IF_FILE_ATTACHMENT] Migrated 5,674 rows.
2026-01-09 12:04:30 [E780.E780_IF_FILE_ATTACHMENT] Migrated 5,675 rows.
2026-01-09 12:04:30 [E780.E780_IF_FILE_ATTACHMENT] Migrated 5,676 rows.
2026-01-09 12:04:30 [E780.E780_IF_FILE_ATTACHMENT] Migrated 5,677 rows.
2026-01-09 12:04:30 [E780.E780_IF_FILE_ATTACHMENT] Migrated 5,678 rows.
2026-01-09 12:04:30 [E780.E780_IF_FILE_ATTACHMENT] Migrated 5,679 rows.
2026-01-09 12:04:31 [E780.E780_IF_FILE_ATTACHMENT] Migrated 5,680 rows.
2026-01-09 12:04:31 [E780.E780_IF_FILE_ATTACHMENT] Migrated 5,681 rows.
2026-01-09 12:04:31 [E780.E780_IF_FILE_ATTACHMENT] Migrated 5,682 rows.
2026-01-09 12:04:31 [E780.E780_IF_FILE_ATTACHMENT] Migrated 5,683 rows.
2026-01-09 12:04:32 [E780.E780_IF_FILE_ATTACHMENT] Migrated 5,684 rows.
2026-01-09 12:04:32 [E780.E780_IF_FILE_ATTACHMENT] Migrated 5,685 rows.
2026-01-09 12:04:32 [E780.E780_IF_FILE_ATTACHMENT] Migrated 5,686 rows.
2026-01-09 12:04:32 [E780.E780_IF_FILE_ATTACHMENT] Migrated 5,687 rows.
2026-01-09 12:04:32 [E780.E780_IF_FILE_ATTACHMENT] Migrated 5,688 rows.
2026-01-09 12:04:32 [E780.E780_IF_FILE_ATTACHMENT] Migrated 5,689 rows.
2026-01-09 12:04:32 [E780.E780_IF_FILE_ATTACHMENT] Migrated 5,690 rows.
2026-01-09 12:04:32 [E780.E780_IF_FILE_ATTACHMENT] Migrated 5,691 rows.
2026-01-09 12:04:32 [E780.E780_IF_FILE_ATTACHMENT] Migrated 5,692 rows.
2026-01-09 12:04:33 [E780.E780_IF_FILE_ATTACHMENT] Migrated 5,693 rows.
2026-01-09 12:04:33 [E780.E780_IF_FILE_ATTACHMENT] Migrated 5,694 rows.
2026-01-09 12:04:33 [E780.E780_IF_FILE_ATTACHMENT] Migrated 5,695 rows.
2026-01-09 12:04:34 [E780.E780_IF_FILE_ATTACHMENT] Migrated 5,696 rows.
2026-01-09 12:04:34 [E780.E780_IF_FILE_ATTACHMENT] Migrated 5,697 rows.
2026-01-09 12:04:34 [E780.E780_IF_FILE_ATTACHMENT] Migrated 5,698 rows.
2026-01-09 12:04:34 [E780.E780_IF_FILE_ATTACHMENT] Migrated 5,699 rows.
2026-01-09 12:04:34 [E780.E780_IF_FILE_ATTACHMENT] Migrated 5,700 rows.
2026-01-09 12:04:35 [E780.E780_IF_FILE_ATTACHMENT] Migrated 5,701 rows.
2026-01-09 12:04:35 [E780.E780_IF_FILE_ATTACHMENT] Migrated 5,702 rows.
2026-01-09 12:04:35 [E780.E780_IF_FILE_ATTACHMENT] Migrated 5,703 rows.
2026-01-09 12:04:35 [E780.E780_IF_FILE_ATTACHMENT] Migrated 5,704 rows.
2026-01-09 12:04:35 [E780.E780_IF_FILE_ATTACHMENT] Migrated 5,705 rows.
2026-01-09 12:04:35 [E780.E780_IF_FILE_ATTACHMENT] Migrated 5,706 rows.
2026-01-09 12:04:35 [E780.E780_IF_FILE_ATTACHMENT] Migrated 5,707 rows.
2026-01-09 12:04:35 [E780.E780_IF_FILE_ATTACHMENT] Migrated 5,708 rows.
2026-01-09 12:04:35 [E780.E780_IF_FILE_ATTACHMENT] Migrated 5,709 rows.
2026-01-09 12:04:35 [E780.E780_IF_FILE_ATTACHMENT] Migrated 5,710 rows.
2026-01-09 12:04:35 [E780.E780_IF_FILE_ATTACHMENT] Migrated 5,711 rows.
2026-01-09 12:04:36 [E780.E780_IF_FILE_ATTACHMENT] Migrated 5,712 rows.
2026-01-09 12:04:36 [E780.E780_IF_FILE_ATTACHMENT] Migrated 5,713 rows.
2026-01-09 12:04:36 [E780.E780_IF_FILE_ATTACHMENT] Migrated 5,714 rows.
2026-01-09 12:04:36 [E780.E780_IF_FILE_ATTACHMENT] Migrated 5,715 rows.
2026-01-09 12:04:36 [E780.E780_IF_FILE_ATTACHMENT] Migrated 5,716 rows.
2026-01-09 12:04:36 [E780.E780_IF_FILE_ATTACHMENT] Migrated 5,717 rows.
2026-01-09 12:04:36 [E780.E780_IF_FILE_ATTACHMENT] Migrated 5,718 rows.
2026-01-09 12:04:36 [E780.E780_IF_FILE_ATTACHMENT] Migrated 5,719 rows.
2026-01-09 12:04:36 [E780.E780_IF_FILE_ATTACHMENT] Migrated 5,720 rows.
2026-01-09 12:04:36 [E780.E780_IF_FILE_ATTACHMENT] Migrated 5,721 rows.
2026-01-09 12:04:37 [E780.E780_IF_FILE_ATTACHMENT] Migrated 5,722 rows.
2026-01-09 12:04:37 [E780.E780_IF_FILE_ATTACHMENT] Migrated 5,723 rows.
2026-01-09 12:04:37 [E780.E780_IF_FILE_ATTACHMENT] Migrated 5,724 rows.
2026-01-09 12:04:37 [E780.E780_IF_FILE_ATTACHMENT] Migrated 5,725 rows.
2026-01-09 12:04:37 [E780.E780_IF_FILE_ATTACHMENT] Migrated 5,726 rows.
2026-01-09 12:04:37 [E780.E780_IF_FILE_ATTACHMENT] Migrated 5,727 rows.
2026-01-09 12:04:37 [E780.E780_IF_FILE_ATTACHMENT] Migrated 5,728 rows.
2026-01-09 12:04:37 [E780.E780_IF_FILE_ATTACHMENT] Migrated 5,729 rows.
2026-01-09 12:04:37 [E780.E780_IF_FILE_ATTACHMENT] Migrated 5,730 rows.
2026-01-09 12:04:37 [E780.E780_IF_FILE_ATTACHMENT] Migrated 5,731 rows.
2026-01-09 12:04:37 [E780.E780_IF_FILE_ATTACHMENT] Migrated 5,732 rows.
2026-01-09 12:04:38 [E780.E780_IF_FILE_ATTACHMENT] Migrated 5,733 rows.
2026-01-09 12:04:38 [E780.E780_IF_FILE_ATTACHMENT] Migrated 5,734 rows.
2026-01-09 12:04:38 [E780.E780_IF_FILE_ATTACHMENT] Migrated 5,735 rows.
2026-01-09 12:04:38 [E780.E780_IF_FILE_ATTACHMENT] Migrated 5,736 rows.
2026-01-09 12:04:38 [E780.E780_IF_FILE_ATTACHMENT] Migrated 5,737 rows.
2026-01-09 12:04:38 [E780.E780_IF_FILE_ATTACHMENT] Migrated 5,738 rows.
2026-01-09 12:04:38 [E780.E780_IF_FILE_ATTACHMENT] Migrated 5,739 rows.
2026-01-09 12:04:39 [E780.E780_IF_FILE_ATTACHMENT] Migrated 5,740 rows.
2026-01-09 12:04:39 [E780.E780_IF_FILE_ATTACHMENT] Migrated 5,741 rows.
2026-01-09 12:04:39 [E780.E780_IF_FILE_ATTACHMENT] Migrated 5,742 rows.
2026-01-09 12:04:39 [E780.E780_IF_FILE_ATTACHMENT] Migrated 5,743 rows.
2026-01-09 12:04:40 [E780.E780_IF_FILE_ATTACHMENT] Migrated 5,744 rows.
2026-01-09 12:04:40 [E780.E780_IF_FILE_ATTACHMENT] Migrated 5,745 rows.
2026-01-09 12:04:40 [E780.E780_IF_FILE_ATTACHMENT] Migrated 5,746 rows.
2026-01-09 12:04:40 [E780.E780_IF_FILE_ATTACHMENT] Migrated 5,747 rows.
2026-01-09 12:04:40 [E780.E780_IF_FILE_ATTACHMENT] Migrated 5,748 rows.
2026-01-09 12:04:41 [E780.E780_IF_FILE_ATTACHMENT] Migrated 5,749 rows.
2026-01-09 12:04:41 [E780.E780_IF_FILE_ATTACHMENT] Migrated 5,750 rows.
2026-01-09 12:04:41 [E780.E780_IF_FILE_ATTACHMENT] Migrated 5,751 rows.
2026-01-09 12:04:41 [E780.E780_IF_FILE_ATTACHMENT] Migrated 5,752 rows.
2026-01-09 12:04:41 [E780.E780_IF_FILE_ATTACHMENT] Migrated 5,753 rows.
2026-01-09 12:04:42 [E780.E780_IF_FILE_ATTACHMENT] Migrated 5,754 rows.
2026-01-09 12:04:42 [E780.E780_IF_FILE_ATTACHMENT] Migrated 5,755 rows.
2026-01-09 12:04:42 [E780.E780_IF_FILE_ATTACHMENT] Migrated 5,756 rows.
2026-01-09 12:04:42 [E780.E780_IF_FILE_ATTACHMENT] Migrated 5,757 rows.
2026-01-09 12:04:42 [E780.E780_IF_FILE_ATTACHMENT] Migrated 5,758 rows.
2026-01-09 12:04:43 [E780.E780_IF_FILE_ATTACHMENT] Migrated 5,759 rows.
2026-01-09 12:04:43 [E780.E780_IF_FILE_ATTACHMENT] Migrated 5,760 rows.
2026-01-09 12:04:43 [E780.E780_IF_FILE_ATTACHMENT] Migrated 5,761 rows.
2026-01-09 12:04:43 [E780.E780_IF_FILE_ATTACHMENT] Migrated 5,762 rows.
2026-01-09 12:04:43 [E780.E780_IF_FILE_ATTACHMENT] Migrated 5,763 rows.
2026-01-09 12:04:44 [E780.E780_IF_FILE_ATTACHMENT] Migrated 5,764 rows.
2026-01-09 12:04:44 [E780.E780_IF_FILE_ATTACHMENT] Migrated 5,765 rows.
2026-01-09 12:04:44 [E780.E780_IF_FILE_ATTACHMENT] Migrated 5,766 rows.
2026-01-09 12:04:44 [E780.E780_IF_FILE_ATTACHMENT] Migrated 5,767 rows.
2026-01-09 12:04:44 [E780.E780_IF_FILE_ATTACHMENT] Migrated 5,768 rows.
2026-01-09 12:04:44 [E780.E780_IF_FILE_ATTACHMENT] Migrated 5,769 rows.
2026-01-09 12:04:44 [E780.E780_IF_FILE_ATTACHMENT] Migrated 5,770 rows.
2026-01-09 12:04:45 [E780.E780_IF_FILE_ATTACHMENT] Migrated 5,771 rows.
2026-01-09 12:04:45 [E780.E780_IF_FILE_ATTACHMENT] Migrated 5,772 rows.
2026-01-09 12:04:45 [E780.E780_IF_FILE_ATTACHMENT] Migrated 5,773 rows.
2026-01-09 12:04:45 [E780.E780_IF_FILE_ATTACHMENT] Migrated 5,774 rows.
2026-01-09 12:04:46 [E780.E780_IF_FILE_ATTACHMENT] Migrated 5,775 rows.
2026-01-09 12:04:46 [E780.E780_IF_FILE_ATTACHMENT] Migrated 5,776 rows.
2026-01-09 12:04:46 [E780.E780_IF_FILE_ATTACHMENT] Migrated 5,777 rows.
2026-01-09 12:04:47 [E780.E780_IF_FILE_ATTACHMENT] Migrated 5,778 rows.
2026-01-09 12:04:47 [E780.E780_IF_FILE_ATTACHMENT] Migrated 5,779 rows.
2026-01-09 12:04:47 [E780.E780_IF_FILE_ATTACHMENT] Migrated 5,780 rows.
2026-01-09 12:04:47 [E780.E780_IF_FILE_ATTACHMENT] Migrated 5,781 rows.
2026-01-09 12:04:47 [E780.E780_IF_FILE_ATTACHMENT] Migrated 5,782 rows.
2026-01-09 12:04:48 [E780.E780_IF_FILE_ATTACHMENT] Migrated 5,783 rows.
2026-01-09 12:04:48 [E780.E780_IF_FILE_ATTACHMENT] Migrated 5,784 rows.
2026-01-09 12:04:48 [E780.E780_IF_FILE_ATTACHMENT] Migrated 5,785 rows.
2026-01-09 12:04:48 [E780.E780_IF_FILE_ATTACHMENT] Migrated 5,786 rows.
2026-01-09 12:04:48 [E780.E780_IF_FILE_ATTACHMENT] Migrated 5,787 rows.
2026-01-09 12:04:48 [E780.E780_IF_FILE_ATTACHMENT] Migrated 5,788 rows.
2026-01-09 12:04:48 [E780.E780_IF_FILE_ATTACHMENT] Migrated 5,789 rows.
2026-01-09 12:04:48 [E780.E780_IF_FILE_ATTACHMENT] Migrated 5,790 rows.
2026-01-09 12:04:48 [E780.E780_IF_FILE_ATTACHMENT] Migrated 5,791 rows.
2026-01-09 12:04:48 [E780.E780_IF_FILE_ATTACHMENT] Migrated 5,792 rows.
2026-01-09 12:04:49 [E780.E780_IF_FILE_ATTACHMENT] Migrated 5,793 rows.
2026-01-09 12:04:49 [E780.E780_IF_FILE_ATTACHMENT] Migrated 5,794 rows.
2026-01-09 12:04:49 [E780.E780_IF_FILE_ATTACHMENT] Migrated 5,795 rows.
2026-01-09 12:04:49 [E780.E780_IF_FILE_ATTACHMENT] Migrated 5,796 rows.
2026-01-09 12:04:50 [E780.E780_IF_FILE_ATTACHMENT] Migrated 5,797 rows.
2026-01-09 12:04:50 [E780.E780_IF_FILE_ATTACHMENT] Migrated 5,798 rows.
2026-01-09 12:04:50 [E780.E780_IF_FILE_ATTACHMENT] Migrated 5,799 rows.
2026-01-09 12:04:50 [E780.E780_IF_FILE_ATTACHMENT] Migrated 5,800 rows.
2026-01-09 12:04:50 [E780.E780_IF_FILE_ATTACHMENT] Migrated 5,801 rows.
2026-01-09 12:04:51 [E780.E780_IF_FILE_ATTACHMENT] Migrated 5,802 rows.
2026-01-09 12:04:51 [E780.E780_IF_FILE_ATTACHMENT] Migrated 5,803 rows.
2026-01-09 12:04:51 [E780.E780_IF_FILE_ATTACHMENT] Migrated 5,804 rows.
2026-01-09 12:04:51 [E780.E780_IF_FILE_ATTACHMENT] Migrated 5,805 rows.
2026-01-09 12:04:51 [E780.E780_IF_FILE_ATTACHMENT] Migrated 5,806 rows.
2026-01-09 12:04:52 [E780.E780_IF_FILE_ATTACHMENT] Migrated 5,807 rows.
2026-01-09 12:04:52 [E780.E780_IF_FILE_ATTACHMENT] Migrated 5,808 rows.
2026-01-09 12:04:52 [E780.E780_IF_FILE_ATTACHMENT] Migrated 5,809 rows.
2026-01-09 12:04:52 [E780.E780_IF_FILE_ATTACHMENT] Migrated 5,810 rows.
2026-01-09 12:04:53 [E780.E780_IF_FILE_ATTACHMENT] Migrated 5,811 rows.
2026-01-09 12:04:53 [E780.E780_IF_FILE_ATTACHMENT] Migrated 5,812 rows.
2026-01-09 12:04:53 [E780.E780_IF_FILE_ATTACHMENT] Migrated 5,813 rows.
2026-01-09 12:04:53 [E780.E780_IF_FILE_ATTACHMENT] Migrated 5,814 rows.
2026-01-09 12:04:53 [E780.E780_IF_FILE_ATTACHMENT] Migrated 5,815 rows.
2026-01-09 12:04:53 [E780.E780_IF_FILE_ATTACHMENT] Migrated 5,816 rows.
2026-01-09 12:04:54 [E780.E780_IF_FILE_ATTACHMENT] Migrated 5,817 rows.
2026-01-09 12:04:54 [E780.E780_IF_FILE_ATTACHMENT] Migrated 5,818 rows.
2026-01-09 12:04:54 [E780.E780_IF_FILE_ATTACHMENT] Migrated 5,819 rows.
2026-01-09 12:04:54 [E780.E780_IF_FILE_ATTACHMENT] Migrated 5,820 rows.
2026-01-09 12:04:54 [E780.E780_IF_FILE_ATTACHMENT] Migrated 5,821 rows.
2026-01-09 12:04:54 [E780.E780_IF_FILE_ATTACHMENT] Migrated 5,822 rows.
2026-01-09 12:04:55 [E780.E780_IF_FILE_ATTACHMENT] Migrated 5,823 rows.
2026-01-09 12:04:55 [E780.E780_IF_FILE_ATTACHMENT] Migrated 5,824 rows.
2026-01-09 12:04:55 [E780.E780_IF_FILE_ATTACHMENT] Migrated 5,825 rows.
2026-01-09 12:04:55 [E780.E780_IF_FILE_ATTACHMENT] Migrated 5,826 rows.
2026-01-09 12:04:56 [E780.E780_IF_FILE_ATTACHMENT] Migrated 5,827 rows.
2026-01-09 12:04:56 [E780.E780_IF_FILE_ATTACHMENT] Migrated 5,828 rows.
2026-01-09 12:04:56 [E780.E780_IF_FILE_ATTACHMENT] Migrated 5,829 rows.
2026-01-09 12:04:56 [E780.E780_IF_FILE_ATTACHMENT] Migrated 5,830 rows.
2026-01-09 12:04:56 [E780.E780_IF_FILE_ATTACHMENT] Migrated 5,831 rows.
2026-01-09 12:04:56 [E780.E780_IF_FILE_ATTACHMENT] Migrated 5,832 rows.
2026-01-09 12:04:56 [E780.E780_IF_FILE_ATTACHMENT] Migrated 5,833 rows.
2026-01-09 12:04:56 [E780.E780_IF_FILE_ATTACHMENT] Migrated 5,834 rows.
2026-01-09 12:04:56 [E780.E780_IF_FILE_ATTACHMENT] Migrated 5,835 rows.
2026-01-09 12:04:56 [E780.E780_IF_FILE_ATTACHMENT] Migrated 5,836 rows.
2026-01-09 12:04:57 [E780.E780_IF_FILE_ATTACHMENT] Migrated 5,837 rows.
2026-01-09 12:04:57 [E780.E780_IF_FILE_ATTACHMENT] Migrated 5,838 rows.
2026-01-09 12:04:57 [E780.E780_IF_FILE_ATTACHMENT] Migrated 5,839 rows.
2026-01-09 12:04:57 [E780.E780_IF_FILE_ATTACHMENT] Migrated 5,840 rows.
2026-01-09 12:04:57 [E780.E780_IF_FILE_ATTACHMENT] Migrated 5,841 rows.
2026-01-09 12:04:57 [E780.E780_IF_FILE_ATTACHMENT] Migrated 5,842 rows.
2026-01-09 12:04:57 [E780.E780_IF_FILE_ATTACHMENT] Migrated 5,843 rows.
2026-01-09 12:04:57 [E780.E780_IF_FILE_ATTACHMENT] Migrated 5,844 rows.
2026-01-09 12:04:57 [E780.E780_IF_FILE_ATTACHMENT] Migrated 5,845 rows.
2026-01-09 12:04:57 [E780.E780_IF_FILE_ATTACHMENT] Migrated 5,846 rows.
2026-01-09 12:04:58 [E780.E780_IF_FILE_ATTACHMENT] Migrated 5,847 rows.
2026-01-09 12:04:58 [E780.E780_IF_FILE_ATTACHMENT] Migrated 5,848 rows.
2026-01-09 12:04:58 [E780.E780_IF_FILE_ATTACHMENT] Migrated 5,849 rows.
2026-01-09 12:04:58 [E780.E780_IF_FILE_ATTACHMENT] Migrated 5,850 rows.
2026-01-09 12:04:58 [E780.E780_IF_FILE_ATTACHMENT] Migrated 5,851 rows.
2026-01-09 12:04:58 [E780.E780_IF_FILE_ATTACHMENT] Migrated 5,852 rows.
2026-01-09 12:04:58 [E780.E780_IF_FILE_ATTACHMENT] Migrated 5,853 rows.
2026-01-09 12:04:59 [E780.E780_IF_FILE_ATTACHMENT] Migrated 5,854 rows.
2026-01-09 12:04:59 [E780.E780_IF_FILE_ATTACHMENT] Migrated 5,855 rows.
2026-01-09 12:04:59 [E780.E780_IF_FILE_ATTACHMENT] Migrated 5,856 rows.
2026-01-09 12:04:59 [E780.E780_IF_FILE_ATTACHMENT] Migrated 5,857 rows.
2026-01-09 12:04:59 [E780.E780_IF_FILE_ATTACHMENT] Migrated 5,858 rows.
2026-01-09 12:04:59 [E780.E780_IF_FILE_ATTACHMENT] Migrated 5,859 rows.
2026-01-09 12:04:59 [E780.E780_IF_FILE_ATTACHMENT] Migrated 5,860 rows.
2026-01-09 12:05:00 [E780.E780_IF_FILE_ATTACHMENT] Migrated 5,861 rows.
2026-01-09 12:05:00 [E780.E780_IF_FILE_ATTACHMENT] Migrated 5,862 rows.
2026-01-09 12:05:00 [E780.E780_IF_FILE_ATTACHMENT] Migrated 5,863 rows.
2026-01-09 12:05:00 [E780.E780_IF_FILE_ATTACHMENT] Migrated 5,864 rows.
2026-01-09 12:05:00 [E780.E780_IF_FILE_ATTACHMENT] Migrated 5,865 rows.
2026-01-09 12:05:00 [E780.E780_IF_FILE_ATTACHMENT] Migrated 5,866 rows.
2026-01-09 12:05:01 [E780.E780_IF_FILE_ATTACHMENT] Migrated 5,867 rows.
2026-01-09 12:05:01 [E780.E780_IF_FILE_ATTACHMENT] Migrated 5,868 rows.
2026-01-09 12:05:01 [E780.E780_IF_FILE_ATTACHMENT] Migrated 5,869 rows.
2026-01-09 12:05:01 [E780.E780_IF_FILE_ATTACHMENT] Migrated 5,870 rows.
2026-01-09 12:05:01 [E780.E780_IF_FILE_ATTACHMENT] Migrated 5,871 rows.
2026-01-09 12:05:01 [E780.E780_IF_FILE_ATTACHMENT] Migrated 5,872 rows.
2026-01-09 12:05:01 [E780.E780_IF_FILE_ATTACHMENT] Migrated 5,873 rows.
2026-01-09 12:05:01 [E780.E780_IF_FILE_ATTACHMENT] Migrated 5,874 rows.
2026-01-09 12:05:01 [E780.E780_IF_FILE_ATTACHMENT] Migrated 5,875 rows.
2026-01-09 12:05:01 [E780.E780_IF_FILE_ATTACHMENT] Migrated 5,876 rows.
2026-01-09 12:05:01 [E780.E780_IF_FILE_ATTACHMENT] Migrated 5,877 rows.
2026-01-09 12:05:02 [E780.E780_IF_FILE_ATTACHMENT] Migrated 5,878 rows.
2026-01-09 12:05:02 [E780.E780_IF_FILE_ATTACHMENT] Migrated 5,879 rows.
2026-01-09 12:05:02 [E780.E780_IF_FILE_ATTACHMENT] Migrated 5,880 rows.
2026-01-09 12:05:02 [E780.E780_IF_FILE_ATTACHMENT] Migrated 5,881 rows.
2026-01-09 12:05:02 [E780.E780_IF_FILE_ATTACHMENT] Migrated 5,882 rows.
2026-01-09 12:05:02 [E780.E780_IF_FILE_ATTACHMENT] Migrated 5,883 rows.
2026-01-09 12:05:02 [E780.E780_IF_FILE_ATTACHMENT] Migrated 5,884 rows.
2026-01-09 12:05:02 [E780.E780_IF_FILE_ATTACHMENT] Migrated 5,885 rows.
2026-01-09 12:05:02 [E780.E780_IF_FILE_ATTACHMENT] Migrated 5,886 rows.
2026-01-09 12:05:02 [E780.E780_IF_FILE_ATTACHMENT] Migrated 5,887 rows.
2026-01-09 12:05:02 [E780.E780_IF_FILE_ATTACHMENT] Migrated 5,888 rows.
2026-01-09 12:05:02 [E780.E780_IF_FILE_ATTACHMENT] Migrated 5,889 rows.
2026-01-09 12:05:03 [E780.E780_IF_FILE_ATTACHMENT] Migrated 5,890 rows.
2026-01-09 12:05:03 [E780.E780_IF_FILE_ATTACHMENT] Migrated 5,891 rows.
2026-01-09 12:05:04 [E780.E780_IF_FILE_ATTACHMENT] Migrated 5,892 rows.
2026-01-09 12:05:04 [E780.E780_IF_FILE_ATTACHMENT] Migrated 5,893 rows.
2026-01-09 12:05:04 [E780.E780_IF_FILE_ATTACHMENT] Migrated 5,894 rows.
2026-01-09 12:05:04 [E780.E780_IF_FILE_ATTACHMENT] Migrated 5,895 rows.
2026-01-09 12:05:04 [E780.E780_IF_FILE_ATTACHMENT] Migrated 5,896 rows.
2026-01-09 12:05:05 [E780.E780_IF_FILE_ATTACHMENT] Migrated 5,897 rows.
2026-01-09 12:05:05 [E780.E780_IF_FILE_ATTACHMENT] Migrated 5,898 rows.
2026-01-09 12:05:05 [E780.E780_IF_FILE_ATTACHMENT] Migrated 5,899 rows.
2026-01-09 12:05:05 [E780.E780_IF_FILE_ATTACHMENT] Migrated 5,900 rows.
2026-01-09 12:05:06 [E780.E780_IF_FILE_ATTACHMENT] Migrated 5,901 rows.
2026-01-09 12:05:06 [E780.E780_IF_FILE_ATTACHMENT] Migrated 5,902 rows.
2026-01-09 12:05:06 [E780.E780_IF_FILE_ATTACHMENT] Migrated 5,903 rows.
2026-01-09 12:05:06 [E780.E780_IF_FILE_ATTACHMENT] Migrated 5,904 rows.
2026-01-09 12:05:06 [E780.E780_IF_FILE_ATTACHMENT] Migrated 5,905 rows.
2026-01-09 12:05:06 [E780.E780_IF_FILE_ATTACHMENT] Migrated 5,906 rows.
2026-01-09 12:05:06 [E780.E780_IF_FILE_ATTACHMENT] Migrated 5,907 rows.
2026-01-09 12:05:06 [E780.E780_IF_FILE_ATTACHMENT] Migrated 5,908 rows.
2026-01-09 12:05:06 [E780.E780_IF_FILE_ATTACHMENT] Migrated 5,909 rows.
2026-01-09 12:05:07 [E780.E780_IF_FILE_ATTACHMENT] Migrated 5,910 rows.
2026-01-09 12:05:07 [E780.E780_IF_FILE_ATTACHMENT] Migrated 5,911 rows.
2026-01-09 12:05:07 [E780.E780_IF_FILE_ATTACHMENT] Migrated 5,912 rows.
2026-01-09 12:05:08 [E780.E780_IF_FILE_ATTACHMENT] Migrated 5,913 rows.
2026-01-09 12:05:08 [E780.E780_IF_FILE_ATTACHMENT] Migrated 5,914 rows.
2026-01-09 12:05:08 [E780.E780_IF_FILE_ATTACHMENT] Migrated 5,915 rows.
2026-01-09 12:05:08 [E780.E780_IF_FILE_ATTACHMENT] Migrated 5,916 rows.
2026-01-09 12:05:08 [E780.E780_IF_FILE_ATTACHMENT] Migrated 5,917 rows.
2026-01-09 12:05:09 [E780.E780_IF_FILE_ATTACHMENT] Migrated 5,918 rows.
2026-01-09 12:05:09 [E780.E780_IF_FILE_ATTACHMENT] Migrated 5,919 rows.
2026-01-09 12:05:09 [E780.E780_IF_FILE_ATTACHMENT] Migrated 5,920 rows.
2026-01-09 12:05:10 [E780.E780_IF_FILE_ATTACHMENT] Migrated 5,921 rows.
2026-01-09 12:05:10 [E780.E780_IF_FILE_ATTACHMENT] Migrated 5,922 rows.
2026-01-09 12:05:10 [E780.E780_IF_FILE_ATTACHMENT] Migrated 5,923 rows.
2026-01-09 12:05:10 [E780.E780_IF_FILE_ATTACHMENT] Migrated 5,924 rows.
2026-01-09 12:05:10 [E780.E780_IF_FILE_ATTACHMENT] Migrated 5,925 rows.
2026-01-09 12:05:11 [E780.E780_IF_FILE_ATTACHMENT] Migrated 5,926 rows.
2026-01-09 12:05:11 [E780.E780_IF_FILE_ATTACHMENT] Migrated 5,927 rows.
2026-01-09 12:05:11 [E780.E780_IF_FILE_ATTACHMENT] Migrated 5,928 rows.
2026-01-09 12:05:11 [E780.E780_IF_FILE_ATTACHMENT] Migrated 5,929 rows.
2026-01-09 12:05:11 [E780.E780_IF_FILE_ATTACHMENT] Migrated 5,930 rows.
2026-01-09 12:05:11 [E780.E780_IF_FILE_ATTACHMENT] Migrated 5,931 rows.
2026-01-09 12:05:11 [E780.E780_IF_FILE_ATTACHMENT] Migrated 5,932 rows.
2026-01-09 12:05:11 [E780.E780_IF_FILE_ATTACHMENT] Migrated 5,933 rows.
2026-01-09 12:05:12 [E780.E780_IF_FILE_ATTACHMENT] Migrated 5,934 rows.
2026-01-09 12:05:12 [E780.E780_IF_FILE_ATTACHMENT] Migrated 5,935 rows.
2026-01-09 12:05:12 [E780.E780_IF_FILE_ATTACHMENT] Migrated 5,936 rows.
2026-01-09 12:05:13 [E780.E780_IF_FILE_ATTACHMENT] Migrated 5,937 rows.
2026-01-09 12:05:13 [E780.E780_IF_FILE_ATTACHMENT] Migrated 5,938 rows.
2026-01-09 12:05:13 [E780.E780_IF_FILE_ATTACHMENT] Migrated 5,939 rows.
2026-01-09 12:05:13 [E780.E780_IF_FILE_ATTACHMENT] Migrated 5,940 rows.
2026-01-09 12:05:13 [E780.E780_IF_FILE_ATTACHMENT] Migrated 5,941 rows.
2026-01-09 12:05:13 [E780.E780_IF_FILE_ATTACHMENT] Migrated 5,942 rows.
2026-01-09 12:05:13 [E780.E780_IF_FILE_ATTACHMENT] Migrated 5,943 rows.
2026-01-09 12:05:13 [E780.E780_IF_FILE_ATTACHMENT] Migrated 5,944 rows.
2026-01-09 12:05:13 [E780.E780_IF_FILE_ATTACHMENT] Migrated 5,945 rows.
2026-01-09 12:05:13 [E780.E780_IF_FILE_ATTACHMENT] Migrated 5,946 rows.
2026-01-09 12:05:13 [E780.E780_IF_FILE_ATTACHMENT] Migrated 5,947 rows.
2026-01-09 12:05:13 [E780.E780_IF_FILE_ATTACHMENT] Migrated 5,948 rows.
2026-01-09 12:05:13 [E780.E780_IF_FILE_ATTACHMENT] Migrated 5,949 rows.
2026-01-09 12:05:14 [E780.E780_IF_FILE_ATTACHMENT] Migrated 5,950 rows.
2026-01-09 12:05:14 [E780.E780_IF_FILE_ATTACHMENT] Migrated 5,951 rows.
2026-01-09 12:05:14 [E780.E780_IF_FILE_ATTACHMENT] Migrated 5,952 rows.
2026-01-09 12:05:15 [E780.E780_IF_FILE_ATTACHMENT] Migrated 5,953 rows.
2026-01-09 12:05:15 [E780.E780_IF_FILE_ATTACHMENT] Migrated 5,954 rows.
2026-01-09 12:05:15 [E780.E780_IF_FILE_ATTACHMENT] Migrated 5,955 rows.
2026-01-09 12:05:15 [E780.E780_IF_FILE_ATTACHMENT] Migrated 5,956 rows.
2026-01-09 12:05:15 [E780.E780_IF_FILE_ATTACHMENT] Migrated 5,957 rows.
2026-01-09 12:05:15 [E780.E780_IF_FILE_ATTACHMENT] Migrated 5,958 rows.
2026-01-09 12:05:15 [E780.E780_IF_FILE_ATTACHMENT] Migrated 5,959 rows.
2026-01-09 12:05:15 [E780.E780_IF_FILE_ATTACHMENT] Migrated 5,960 rows.
2026-01-09 12:05:16 [E780.E780_IF_FILE_ATTACHMENT] Migrated 5,961 rows.
2026-01-09 12:05:16 [E780.E780_IF_FILE_ATTACHMENT] Migrated 5,962 rows.
2026-01-09 12:05:17 [E780.E780_IF_FILE_ATTACHMENT] Migrated 5,963 rows.
2026-01-09 12:05:17 [E780.E780_IF_FILE_ATTACHMENT] Migrated 5,964 rows.
2026-01-09 12:05:17 [E780.E780_IF_FILE_ATTACHMENT] Migrated 5,965 rows.
2026-01-09 12:05:17 [E780.E780_IF_FILE_ATTACHMENT] Migrated 5,966 rows.
2026-01-09 12:05:17 [E780.E780_IF_FILE_ATTACHMENT] Migrated 5,967 rows.
2026-01-09 12:05:17 [E780.E780_IF_FILE_ATTACHMENT] Migrated 5,968 rows.
2026-01-09 12:05:17 [E780.E780_IF_FILE_ATTACHMENT] Migrated 5,969 rows.
2026-01-09 12:05:17 [E780.E780_IF_FILE_ATTACHMENT] Migrated 5,970 rows.
2026-01-09 12:05:17 [E780.E780_IF_FILE_ATTACHMENT] Migrated 5,971 rows.
2026-01-09 12:05:17 [E780.E780_IF_FILE_ATTACHMENT] Migrated 5,972 rows.
2026-01-09 12:05:17 [E780.E780_IF_FILE_ATTACHMENT] Migrated 5,973 rows.
2026-01-09 12:05:18 [E780.E780_IF_FILE_ATTACHMENT] Migrated 5,974 rows.
2026-01-09 12:05:18 [E780.E780_IF_FILE_ATTACHMENT] Migrated 5,975 rows.
2026-01-09 12:05:18 [E780.E780_IF_FILE_ATTACHMENT] Migrated 5,976 rows.
2026-01-09 12:05:18 [E780.E780_IF_FILE_ATTACHMENT] Migrated 5,977 rows.
2026-01-09 12:05:18 [E780.E780_IF_FILE_ATTACHMENT] Migrated 5,978 rows.
2026-01-09 12:05:18 [E780.E780_IF_FILE_ATTACHMENT] Migrated 5,979 rows.
2026-01-09 12:05:19 [E780.E780_IF_FILE_ATTACHMENT] Migrated 5,980 rows.
2026-01-09 12:05:19 [E780.E780_IF_FILE_ATTACHMENT] Migrated 5,981 rows.
2026-01-09 12:05:19 [E780.E780_IF_FILE_ATTACHMENT] Migrated 5,982 rows.
2026-01-09 12:05:19 [E780.E780_IF_FILE_ATTACHMENT] Migrated 5,983 rows.
2026-01-09 12:05:20 [E780.E780_IF_FILE_ATTACHMENT] Migrated 5,984 rows.
2026-01-09 12:05:20 [E780.E780_IF_FILE_ATTACHMENT] Migrated 5,985 rows.
2026-01-09 12:05:20 [E780.E780_IF_FILE_ATTACHMENT] Migrated 5,986 rows.
2026-01-09 12:05:20 [E780.E780_IF_FILE_ATTACHMENT] Migrated 5,987 rows.
2026-01-09 12:05:20 [E780.E780_IF_FILE_ATTACHMENT] Migrated 5,988 rows.
2026-01-09 12:05:20 [E780.E780_IF_FILE_ATTACHMENT] Migrated 5,989 rows.
2026-01-09 12:05:20 [E780.E780_IF_FILE_ATTACHMENT] Migrated 5,990 rows.
2026-01-09 12:05:20 [E780.E780_IF_FILE_ATTACHMENT] Migrated 5,991 rows.
2026-01-09 12:05:20 [E780.E780_IF_FILE_ATTACHMENT] Migrated 5,992 rows.
2026-01-09 12:05:20 [E780.E780_IF_FILE_ATTACHMENT] Migrated 5,993 rows.
2026-01-09 12:05:20 [E780.E780_IF_FILE_ATTACHMENT] Migrated 5,994 rows.
2026-01-09 12:05:21 [E780.E780_IF_FILE_ATTACHMENT] Migrated 5,995 rows.
2026-01-09 12:05:21 [E780.E780_IF_FILE_ATTACHMENT] Migrated 5,996 rows.
2026-01-09 12:05:21 [E780.E780_IF_FILE_ATTACHMENT] Migrated 5,997 rows.
2026-01-09 12:05:21 [E780.E780_IF_FILE_ATTACHMENT] Migrated 5,998 rows.
2026-01-09 12:05:22 [E780.E780_IF_FILE_ATTACHMENT] Migrated 5,999 rows.
2026-01-09 12:05:22 [E780.E780_IF_FILE_ATTACHMENT] Migrated 6,000 rows.
2026-01-09 12:05:22 [E780.E780_IF_FILE_ATTACHMENT] Migrated 6,001 rows.
2026-01-09 12:05:22 [E780.E780_IF_FILE_ATTACHMENT] Migrated 6,002 rows.
2026-01-09 12:05:22 [E780.E780_IF_FILE_ATTACHMENT] Migrated 6,003 rows.
2026-01-09 12:05:22 [E780.E780_IF_FILE_ATTACHMENT] Migrated 6,004 rows.
2026-01-09 12:05:22 [E780.E780_IF_FILE_ATTACHMENT] Migrated 6,005 rows.
2026-01-09 12:05:22 [E780.E780_IF_FILE_ATTACHMENT] Migrated 6,006 rows.
2026-01-09 12:05:23 [E780.E780_IF_FILE_ATTACHMENT] Migrated 6,007 rows.
2026-01-09 12:05:23 [E780.E780_IF_FILE_ATTACHMENT] Migrated 6,008 rows.
2026-01-09 12:05:25 [E780.E780_IF_FILE_ATTACHMENT] Migrated 6,009 rows.
2026-01-09 12:05:25 [E780.E780_IF_FILE_ATTACHMENT] Migrated 6,010 rows.
2026-01-09 12:05:25 [E780.E780_IF_FILE_ATTACHMENT] Migrated 6,011 rows.
2026-01-09 12:05:25 [E780.E780_IF_FILE_ATTACHMENT] Migrated 6,012 rows.
2026-01-09 12:05:25 [E780.E780_IF_FILE_ATTACHMENT] Migrated 6,013 rows.
2026-01-09 12:05:25 [E780.E780_IF_FILE_ATTACHMENT] Migrated 6,014 rows.
2026-01-09 12:05:25 [E780.E780_IF_FILE_ATTACHMENT] Migrated 6,015 rows.
2026-01-09 12:05:26 [E780.E780_IF_FILE_ATTACHMENT] Migrated 6,016 rows.
2026-01-09 12:05:26 [E780.E780_IF_FILE_ATTACHMENT] Migrated 6,017 rows.
2026-01-09 12:05:26 [E780.E780_IF_FILE_ATTACHMENT] Migrated 6,018 rows.
2026-01-09 12:05:26 [E780.E780_IF_FILE_ATTACHMENT] Migrated 6,019 rows.
2026-01-09 12:05:26 [E780.E780_IF_FILE_ATTACHMENT] Migrated 6,020 rows.
2026-01-09 12:05:26 [E780.E780_IF_FILE_ATTACHMENT] Migrated 6,021 rows.
2026-01-09 12:05:26 [E780.E780_IF_FILE_ATTACHMENT] Migrated 6,022 rows.
2026-01-09 12:05:26 [E780.E780_IF_FILE_ATTACHMENT] Migrated 6,023 rows.
2026-01-09 12:05:26 [E780.E780_IF_FILE_ATTACHMENT] Migrated 6,024 rows.
2026-01-09 12:05:26 [E780.E780_IF_FILE_ATTACHMENT] Migrated 6,025 rows.
2026-01-09 12:05:26 [E780.E780_IF_FILE_ATTACHMENT] Migrated 6,026 rows.
2026-01-09 12:05:26 [E780.E780_IF_FILE_ATTACHMENT] Migrated 6,027 rows.
2026-01-09 12:05:26 [E780.E780_IF_FILE_ATTACHMENT] Migrated 6,028 rows.
2026-01-09 12:05:27 [E780.E780_IF_FILE_ATTACHMENT] Migrated 6,029 rows.
2026-01-09 12:05:27 [E780.E780_IF_FILE_ATTACHMENT] Migrated 6,030 rows.
2026-01-09 12:05:28 [E780.E780_IF_FILE_ATTACHMENT] Migrated 6,031 rows.
2026-01-09 12:05:28 [E780.E780_IF_FILE_ATTACHMENT] Migrated 6,032 rows.
2026-01-09 12:05:28 [E780.E780_IF_FILE_ATTACHMENT] Migrated 6,033 rows.
2026-01-09 12:05:28 [E780.E780_IF_FILE_ATTACHMENT] Migrated 6,034 rows.
2026-01-09 12:05:30 [E780.E780_IF_FILE_ATTACHMENT] Migrated 6,035 rows.
2026-01-09 12:05:31 [E780.E780_IF_FILE_ATTACHMENT] Migrated 6,036 rows.
2026-01-09 12:05:31 [E780.E780_IF_FILE_ATTACHMENT] Migrated 6,037 rows.
2026-01-09 12:05:31 [E780.E780_IF_FILE_ATTACHMENT] Migrated 6,038 rows.
2026-01-09 12:05:31 [E780.E780_IF_FILE_ATTACHMENT] Migrated 6,039 rows.
2026-01-09 12:05:31 [E780.E780_IF_FILE_ATTACHMENT] Migrated 6,040 rows.
2026-01-09 12:05:31 [E780.E780_IF_FILE_ATTACHMENT] Migrated 6,041 rows.
2026-01-09 12:05:31 [E780.E780_IF_FILE_ATTACHMENT] Migrated 6,042 rows.
2026-01-09 12:05:32 [E780.E780_IF_FILE_ATTACHMENT] Migrated 6,043 rows.
2026-01-09 12:05:32 [E780.E780_IF_FILE_ATTACHMENT] Migrated 6,044 rows.
2026-01-09 12:05:32 [E780.E780_IF_FILE_ATTACHMENT] Migrated 6,045 rows.
2026-01-09 12:05:32 [E780.E780_IF_FILE_ATTACHMENT] Migrated 6,046 rows.
2026-01-09 12:05:32 [E780.E780_IF_FILE_ATTACHMENT] Migrated 6,047 rows.
2026-01-09 12:05:32 [E780.E780_IF_FILE_ATTACHMENT] Migrated 6,048 rows.
2026-01-09 12:05:32 [E780.E780_IF_FILE_ATTACHMENT] Migrated 6,049 rows.
2026-01-09 12:05:32 [E780.E780_IF_FILE_ATTACHMENT] Migrated 6,050 rows.
2026-01-09 12:05:32 [E780.E780_IF_FILE_ATTACHMENT] Migrated 6,051 rows.
2026-01-09 12:05:32 [E780.E780_IF_FILE_ATTACHMENT] Migrated 6,052 rows.
2026-01-09 12:05:33 [E780.E780_IF_FILE_ATTACHMENT] Migrated 6,053 rows.
2026-01-09 12:05:33 [E780.E780_IF_FILE_ATTACHMENT] Migrated 6,054 rows.
2026-01-09 12:05:33 [E780.E780_IF_FILE_ATTACHMENT] Migrated 6,055 rows.
2026-01-09 12:05:33 [E780.E780_IF_FILE_ATTACHMENT] Migrated 6,056 rows.
2026-01-09 12:05:33 [E780.E780_IF_FILE_ATTACHMENT] Migrated 6,057 rows.
2026-01-09 12:05:33 [E780.E780_IF_FILE_ATTACHMENT] Migrated 6,058 rows.
2026-01-09 12:05:33 [E780.E780_IF_FILE_ATTACHMENT] Migrated 6,059 rows.
2026-01-09 12:05:33 [E780.E780_IF_FILE_ATTACHMENT] Migrated 6,060 rows.
2026-01-09 12:05:34 [E780.E780_IF_FILE_ATTACHMENT] Migrated 6,061 rows.
2026-01-09 12:05:34 [E780.E780_IF_FILE_ATTACHMENT] Migrated 6,062 rows.
2026-01-09 12:05:34 [E780.E780_IF_FILE_ATTACHMENT] Migrated 6,063 rows.
2026-01-09 12:05:34 [E780.E780_IF_FILE_ATTACHMENT] Migrated 6,064 rows.
2026-01-09 12:05:34 [E780.E780_IF_FILE_ATTACHMENT] Migrated 6,065 rows.
2026-01-09 12:05:34 [E780.E780_IF_FILE_ATTACHMENT] Migrated 6,066 rows.
2026-01-09 12:05:34 [E780.E780_IF_FILE_ATTACHMENT] Migrated 6,067 rows.
2026-01-09 12:05:35 [E780.E780_IF_FILE_ATTACHMENT] Migrated 6,068 rows.
2026-01-09 12:05:35 [E780.E780_IF_FILE_ATTACHMENT] Migrated 6,069 rows.
2026-01-09 12:05:35 [E780.E780_IF_FILE_ATTACHMENT] Migrated 6,070 rows.
2026-01-09 12:05:35 [E780.E780_IF_FILE_ATTACHMENT] Migrated 6,071 rows.
2026-01-09 12:05:36 [E780.E780_IF_FILE_ATTACHMENT] Migrated 6,072 rows.
2026-01-09 12:05:36 [E780.E780_IF_FILE_ATTACHMENT] Migrated 6,073 rows.
2026-01-09 12:05:37 [E780.E780_IF_FILE_ATTACHMENT] Migrated 6,074 rows.
2026-01-09 12:05:39 [E780.E780_IF_FILE_ATTACHMENT] Migrated 6,075 rows.
2026-01-09 12:05:41 MTK-17000: Batch entry 0 INSERT INTO e780.E780_IF_FILE_ATTACHMENT(ID, CONTENT, FILE_NAME) VALUES (13006, ?, 'MostrarImgPDF7.pdf') was aborted: ERROR: out of memory
  Detail: Failed on request of size 16777216 in memory context "ErrorContext".  Call getNextException to see other errors in the batch.
DB-53200: java.sql.BatchUpdateException: Batch entry 0 INSERT INTO e780.E780_IF_FILE_ATTACHMENT(ID, CONTENT, FILE_NAME) VALUES (13006, ?, 'MostrarImgPDF7.pdf') was aborted: ERROR: out of memory
  Detail: Failed on request of size 16777216 in memory context "ErrorContext".  Call getNextException to see other errors in the batch.
DB-53200: com.edb.util.PSQLException: ERROR: out of memory
  Detail: Failed on request of size 16777216 in memory context "ErrorContext"., Skipping Batch
2026-01-09 12:05:41 MTK-17000:ERROR: out of memory
  Detail: Failed on request of size 16777216 in memory context "ErrorContext".
2026-01-09 12:05:41 Stack Trace:
com.edb.MTKException: MTK-17000: Batch entry 0 INSERT INTO e780.E780_IF_FILE_ATTACHMENT(ID, CONTENT, FILE_NAME) VALUES (13006, ?, 'MostrarImgPDF7.pdf') was aborted: ERROR: out of memory
  Detail: Failed on request of size 16777216 in memory context "ErrorContext".  Call getNextException to see other errors in the batch.
DB-53200: java.sql.BatchUpdateException: Batch entry 0 INSERT INTO e780.E780_IF_FILE_ATTACHMENT(ID, CONTENT, FILE_NAME) VALUES (13006, ?, 'MostrarImgPDF7.pdf') was aborted: ERROR: out of memory
  Detail: Failed on request of size 16777216 in memory context "ErrorContext".  Call getNextException to see other errors in the batch.
DB-53200: com.edb.util.PSQLException: ERROR: out of memory
  Detail: Failed on request of size 16777216 in memory context "ErrorContext".
	at com.edb.dbhandler.enterprisedb.RedwoodBridge.setTableData(RedwoodBridge.java:426) [edb-migrationtoolkit.jar:?]
	at com.edb.DataLoader.loadDataForLoMode(DataLoader.java:1208) [edb-migrationtoolkit.jar:?]
	at com.edb.DataLoader.run(DataLoader.java:238) [edb-migrationtoolkit.jar:?]
	at java.lang.Thread.run(Thread.java:750) [?:1.8.0_462]
Caused by: java.sql.BatchUpdateException: Batch entry 0 INSERT INTO e780.E780_IF_FILE_ATTACHMENT(ID, CONTENT, FILE_NAME) VALUES (13006, ?, 'MostrarImgPDF7.pdf') was aborted: ERROR: out of memory
  Detail: Failed on request of size 16777216 in memory context "ErrorContext".  Call getNextException to see other errors in the batch.
	at com.edb.jdbc.BatchResultHandler.handleError(BatchResultHandler.java:167) ~[edb-jdbc18.jar:42.3.3.1]
	at com.edb.core.ResultHandlerDelegate.handleError(ResultHandlerDelegate.java:55) ~[edb-jdbc18.jar:42.3.3.1]
	at com.edb.core.v3.QueryExecutorImpl.processResults(QueryExecutorImpl.java:2459) ~[edb-jdbc18.jar:42.3.3.1]
	at com.edb.core.v3.QueryExecutorImpl.execute(QueryExecutorImpl.java:593) ~[edb-jdbc18.jar:42.3.3.1]
	at com.edb.jdbc.PgStatement.internalExecuteBatch(PgStatement.java:921) ~[edb-jdbc18.jar:42.3.3.1]
	at com.edb.jdbc.PgStatement.executeBatch(PgStatement.java:945) ~[edb-jdbc18.jar:42.3.3.1]
	at com.edb.jdbc.PgPreparedStatement.executeBatch(PgPreparedStatement.java:2030) ~[edb-jdbc18.jar:42.3.3.1]
	at com.edb.dbhandler.enterprisedb.RedwoodBridge.setTableData(RedwoodBridge.java:414) ~[edb-migrationtoolkit.jar:?]
	... 3 more
Caused by: com.edb.util.PSQLException: ERROR: out of memory
  Detail: Failed on request of size 16777216 in memory context "ErrorContext".
	at com.edb.core.v3.QueryExecutorImpl.receiveErrorResponse(QueryExecutorImpl.java:2884) ~[edb-jdbc18.jar:42.3.3.1]
	at com.edb.core.v3.QueryExecutorImpl.processResults(QueryExecutorImpl.java:2458) ~[edb-jdbc18.jar:42.3.3.1]
	at com.edb.core.v3.QueryExecutorImpl.execute(QueryExecutorImpl.java:593) ~[edb-jdbc18.jar:42.3.3.1]
	at com.edb.jdbc.PgStatement.internalExecuteBatch(PgStatement.java:921) ~[edb-jdbc18.jar:42.3.3.1]
	at com.edb.jdbc.PgStatement.executeBatch(PgStatement.java:945) ~[edb-jdbc18.jar:42.3.3.1]
	at com.edb.jdbc.PgPreparedStatement.executeBatch(PgPreparedStatement.java:2030) ~[edb-jdbc18.jar:42.3.3.1]
	at com.edb.dbhandler.enterprisedb.RedwoodBridge.setTableData(RedwoodBridge.java:414) ~[edb-migrationtoolkit.jar:?]
	... 3 more
2026-01-09 12:05:42 [E780.E780_IF_FILE_ATTACHMENT] Migrated 6,077 rows.
2026-01-09 12:05:43 [E780.E780_IF_FILE_ATTACHMENT] Migrated 6,078 rows.
2026-01-09 12:05:44 [E780.E780_IF_FILE_ATTACHMENT] Migrated 6,079 rows.
2026-01-09 12:05:44 [E780.E780_IF_FILE_ATTACHMENT] Migrated 6,080 rows.
2026-01-09 12:05:44 [E780.E780_IF_FILE_ATTACHMENT] Migrated 6,081 rows.
2026-01-09 12:05:44 [E780.E780_IF_FILE_ATTACHMENT] Migrated 6,082 rows.
2026-01-09 12:05:44 [E780.E780_IF_FILE_ATTACHMENT] Migrated 6,083 rows.
2026-01-09 12:05:44 [E780.E780_IF_FILE_ATTACHMENT] Migrated 6,084 rows.
2026-01-09 12:05:44 [E780.E780_IF_FILE_ATTACHMENT] Migrated 6,085 rows.
2026-01-09 12:05:44 [E780.E780_IF_FILE_ATTACHMENT] Migrated 6,086 rows.
2026-01-09 12:05:44 [E780.E780_IF_FILE_ATTACHMENT] Migrated 6,087 rows.
2026-01-09 12:05:44 [E780.E780_IF_FILE_ATTACHMENT] Migrated 6,088 rows.
2026-01-09 12:05:44 [E780.E780_IF_FILE_ATTACHMENT] Migrated 6,089 rows.
2026-01-09 12:05:45 [E780.E780_IF_FILE_ATTACHMENT] Migrated 6,090 rows.
2026-01-09 12:05:49 [E780.E780_IF_FILE_ATTACHMENT] Migrated 6,091 rows.
2026-01-09 12:05:50 [E780.E780_IF_FILE_ATTACHMENT] Migrated 6,092 rows.
2026-01-09 12:05:51 [E780.E780_IF_FILE_ATTACHMENT] Migrated 6,093 rows.
2026-01-09 12:05:51 [E780.E780_IF_FILE_ATTACHMENT] Migrated 6,094 rows.
2026-01-09 12:05:53 [E780.E780_IF_FILE_ATTACHMENT] Migrated 6,095 rows.
2026-01-09 12:05:56 [E780.E780_IF_FILE_ATTACHMENT] Migrated 6,096 rows.
2026-01-09 12:05:59 [E780.E780_IF_FILE_ATTACHMENT] Migrated 6,097 rows.
2026-01-09 12:05:59 [E780.E780_IF_FILE_ATTACHMENT] Migrated 6,098 rows.
2026-01-09 12:06:01 [E780.E780_IF_FILE_ATTACHMENT] Migrated 6,099 rows.
2026-01-09 12:06:04 [E780.E780_IF_FILE_ATTACHMENT] Migrated 6,100 rows.
2026-01-09 12:06:07 [E780.E780_IF_FILE_ATTACHMENT] Migrated 6,101 rows.
2026-01-09 12:06:09 [E780.E780_IF_FILE_ATTACHMENT] Migrated 6,102 rows.
2026-01-09 12:06:10 [E780.E780_IF_FILE_ATTACHMENT] Migrated 6,103 rows.
2026-01-09 12:06:12 [E780.E780_IF_FILE_ATTACHMENT] Migrated 6,104 rows.
2026-01-09 12:06:13 [E780.E780_IF_FILE_ATTACHMENT] Migrated 6,105 rows.
2026-01-09 12:06:14 [E780.E780_IF_FILE_ATTACHMENT] Migrated 6,106 rows.
2026-01-09 12:06:16 [E780.E780_IF_FILE_ATTACHMENT] Migrated 6,107 rows.
2026-01-09 12:06:16 [E780.E780_IF_FILE_ATTACHMENT] Migrated 6,108 rows.
2026-01-09 12:06:18 [E780.E780_IF_FILE_ATTACHMENT] Migrated 6,109 rows.
2026-01-09 12:06:22 [E780.E780_IF_FILE_ATTACHMENT] Migrated 6,110 rows.
2026-01-09 12:06:24 [E780.E780_IF_FILE_ATTACHMENT] Migrated 6,111 rows.
2026-01-09 12:06:26 [E780.E780_IF_FILE_ATTACHMENT] Migrated 6,112 rows.
2026-01-09 12:06:28 [E780.E780_IF_FILE_ATTACHMENT] Migrated 6,113 rows.
2026-01-09 12:06:33 [E780.E780_IF_FILE_ATTACHMENT] Migrated 6,114 rows.
2026-01-09 12:06:33 [E780.E780_IF_FILE_ATTACHMENT] Migrated 6,115 rows.
2026-01-09 12:06:35 [E780.E780_IF_FILE_ATTACHMENT] Migrated 6,116 rows.
2026-01-09 12:06:35 [E780.E780_IF_FILE_ATTACHMENT] Migrated 6,117 rows.
2026-01-09 12:06:35 [E780.E780_IF_FILE_ATTACHMENT] Migrated 6,118 rows.
2026-01-09 12:06:36 [E780.E780_IF_FILE_ATTACHMENT] Migrated 6,119 rows.
2026-01-09 12:06:37 [E780.E780_IF_FILE_ATTACHMENT] Migrated 6,120 rows.
2026-01-09 12:06:41 [E780.E780_IF_FILE_ATTACHMENT] Migrated 6,121 rows.
2026-01-09 12:06:44 [E780.E780_IF_FILE_ATTACHMENT] Migrated 6,122 rows.
2026-01-09 12:06:46 [E780.E780_IF_FILE_ATTACHMENT] Migrated 6,123 rows.
2026-01-09 12:06:50 [E780.E780_IF_FILE_ATTACHMENT] Migrated 6,124 rows.
2026-01-09 12:06:54 [E780.E780_IF_FILE_ATTACHMENT] Migrated 6,125 rows.
2026-01-09 12:06:58 [E780.E780_IF_FILE_ATTACHMENT] Migrated 6,126 rows.
2026-01-09 12:06:59 [E780.E780_IF_FILE_ATTACHMENT] Migrated 6,127 rows.
2026-01-09 12:06:59 [E780.E780_IF_FILE_ATTACHMENT] Migrated 6,128 rows.
2026-01-09 12:06:59 [E780.E780_IF_FILE_ATTACHMENT] Migrated 6,129 rows.
2026-01-09 12:06:59 [E780.E780_IF_FILE_ATTACHMENT] Migrated 6,130 rows.
2026-01-09 12:06:59 [E780.E780_IF_FILE_ATTACHMENT] Migrated 6,131 rows.
2026-01-09 12:06:59 [E780.E780_IF_FILE_ATTACHMENT] Migrated 6,132 rows.
2026-01-09 12:07:00 [E780.E780_IF_FILE_ATTACHMENT] Migrated 6,133 rows.
2026-01-09 12:07:00 [E780.E780_IF_FILE_ATTACHMENT] Migrated 6,134 rows.
2026-01-09 12:07:00 [E780.E780_IF_FILE_ATTACHMENT] Migrated 6,135 rows.
2026-01-09 12:07:00 [E780.E780_IF_FILE_ATTACHMENT] Migrated 6,136 rows.
2026-01-09 12:07:00 [E780.E780_IF_FILE_ATTACHMENT] Migrated 6,137 rows.
2026-01-09 12:07:00 [E780.E780_IF_FILE_ATTACHMENT] Migrated 6,138 rows.
2026-01-09 12:07:00 [E780.E780_IF_FILE_ATTACHMENT] Migrated 6,139 rows.
2026-01-09 12:07:00 [E780.E780_IF_FILE_ATTACHMENT] Migrated 6,140 rows.
2026-01-09 12:07:00 [E780.E780_IF_FILE_ATTACHMENT] Migrated 6,141 rows.
2026-01-09 12:07:00 [E780.E780_IF_FILE_ATTACHMENT] Migrated 6,142 rows.
2026-01-09 12:07:01 [E780.E780_IF_FILE_ATTACHMENT] Migrated 6,143 rows.
2026-01-09 12:07:01 [E780.E780_IF_FILE_ATTACHMENT] Migrated 6,144 rows.
2026-01-09 12:07:01 [E780.E780_IF_FILE_ATTACHMENT] Migrated 6,145 rows.
2026-01-09 12:07:01 [E780.E780_IF_FILE_ATTACHMENT] Migrated 6,146 rows.
2026-01-09 12:07:01 [E780.E780_IF_FILE_ATTACHMENT] Migrated 6,147 rows.
2026-01-09 12:07:01 [E780.E780_IF_FILE_ATTACHMENT] Migrated 6,148 rows.
2026-01-09 12:07:01 [E780.E780_IF_FILE_ATTACHMENT] Migrated 6,149 rows.
2026-01-09 12:07:01 [E780.E780_IF_FILE_ATTACHMENT] Migrated 6,150 rows.
2026-01-09 12:07:01 [E780.E780_IF_FILE_ATTACHMENT] Migrated 6,151 rows.
2026-01-09 12:07:01 [E780.E780_IF_FILE_ATTACHMENT] Migrated 6,152 rows.
2026-01-09 12:07:01 [E780.E780_IF_FILE_ATTACHMENT] Migrated 6,153 rows.
2026-01-09 12:07:02 [E780.E780_IF_FILE_ATTACHMENT] Migrated 6,154 rows.
2026-01-09 12:07:02 [E780.E780_IF_FILE_ATTACHMENT] Migrated 6,155 rows.
2026-01-09 12:07:02 [E780.E780_IF_FILE_ATTACHMENT] Migrated 6,156 rows.
2026-01-09 12:07:02 [E780.E780_IF_FILE_ATTACHMENT] Migrated 6,157 rows.
2026-01-09 12:07:02 [E780.E780_IF_FILE_ATTACHMENT] Migrated 6,158 rows.
2026-01-09 12:07:02 [E780.E780_IF_FILE_ATTACHMENT] Migrated 6,159 rows.
2026-01-09 12:07:02 [E780.E780_IF_FILE_ATTACHMENT] Migrated 6,160 rows.
2026-01-09 12:07:02 [E780.E780_IF_FILE_ATTACHMENT] Migrated 6,161 rows.
2026-01-09 12:07:03 [E780.E780_IF_FILE_ATTACHMENT] Migrated 6,162 rows.
2026-01-09 12:07:03 [E780.E780_IF_FILE_ATTACHMENT] Migrated 6,163 rows.
2026-01-09 12:07:03 [E780.E780_IF_FILE_ATTACHMENT] Migrated 6,164 rows.
2026-01-09 12:07:03 [E780.E780_IF_FILE_ATTACHMENT] Migrated 6,165 rows.
2026-01-09 12:07:03 [E780.E780_IF_FILE_ATTACHMENT] Migrated 6,166 rows.
2026-01-09 12:07:03 [E780.E780_IF_FILE_ATTACHMENT] Migrated 6,167 rows.
2026-01-09 12:07:03 [E780.E780_IF_FILE_ATTACHMENT] Migrated 6,168 rows.
2026-01-09 12:07:03 [E780.E780_IF_FILE_ATTACHMENT] Migrated 6,169 rows.
2026-01-09 12:07:03 [E780.E780_IF_FILE_ATTACHMENT] Migrated 6,170 rows.
2026-01-09 12:07:03 [E780.E780_IF_FILE_ATTACHMENT] Migrated 6,171 rows.
2026-01-09 12:07:03 [E780.E780_IF_FILE_ATTACHMENT] Migrated 6,172 rows.
2026-01-09 12:07:03 [E780.E780_IF_FILE_ATTACHMENT] Migrated 6,173 rows.
2026-01-09 12:07:04 [E780.E780_IF_FILE_ATTACHMENT] Migrated 6,174 rows.
2026-01-09 12:07:04 [E780.E780_IF_FILE_ATTACHMENT] Migrated 6,175 rows.
2026-01-09 12:07:04 [E780.E780_IF_FILE_ATTACHMENT] Migrated 6,176 rows.
2026-01-09 12:07:04 [E780.E780_IF_FILE_ATTACHMENT] Migrated 6,177 rows.
2026-01-09 12:07:04 [E780.E780_IF_FILE_ATTACHMENT] Migrated 6,178 rows.
2026-01-09 12:07:04 [E780.E780_IF_FILE_ATTACHMENT] Migrated 6,179 rows.
2026-01-09 12:07:04 [E780.E780_IF_FILE_ATTACHMENT] Migrated 6,180 rows.
2026-01-09 12:07:04 [E780.E780_IF_FILE_ATTACHMENT] Migrated 6,181 rows.
2026-01-09 12:07:04 [E780.E780_IF_FILE_ATTACHMENT] Migrated 6,182 rows.
2026-01-09 12:07:04 [E780.E780_IF_FILE_ATTACHMENT] Migrated 6,183 rows.
2026-01-09 12:07:04 [E780.E780_IF_FILE_ATTACHMENT] Migrated 6,184 rows.
2026-01-09 12:07:06 [E780.E780_IF_FILE_ATTACHMENT] Migrated 6,185 rows.
2026-01-09 12:07:06 [E780.E780_IF_FILE_ATTACHMENT] Migrated 6,186 rows.
2026-01-09 12:07:06 [E780.E780_IF_FILE_ATTACHMENT] Migrated 6,187 rows.
2026-01-09 12:07:06 [E780.E780_IF_FILE_ATTACHMENT] Migrated 6,188 rows.
2026-01-09 12:07:06 [E780.E780_IF_FILE_ATTACHMENT] Migrated 6,189 rows.
2026-01-09 12:07:06 [E780.E780_IF_FILE_ATTACHMENT] Migrated 6,190 rows.
2026-01-09 12:07:06 [E780.E780_IF_FILE_ATTACHMENT] Migrated 6,191 rows.
2026-01-09 12:07:07 [E780.E780_IF_FILE_ATTACHMENT] Migrated 6,192 rows.
2026-01-09 12:07:07 [E780.E780_IF_FILE_ATTACHMENT] Migrated 6,193 rows.
2026-01-09 12:07:07 [E780.E780_IF_FILE_ATTACHMENT] Migrated 6,194 rows.
2026-01-09 12:07:07 [E780.E780_IF_FILE_ATTACHMENT] Migrated 6,195 rows.
2026-01-09 12:07:07 [E780.E780_IF_FILE_ATTACHMENT] Migrated 6,196 rows.
2026-01-09 12:07:07 [E780.E780_IF_FILE_ATTACHMENT] Migrated 6,197 rows.
2026-01-09 12:07:07 [E780.E780_IF_FILE_ATTACHMENT] Migrated 6,198 rows.
2026-01-09 12:07:07 [E780.E780_IF_FILE_ATTACHMENT] Migrated 6,199 rows.
2026-01-09 12:07:07 [E780.E780_IF_FILE_ATTACHMENT] Migrated 6,200 rows.
2026-01-09 12:07:07 [E780.E780_IF_FILE_ATTACHMENT] Migrated 6,201 rows.
2026-01-09 12:07:07 [E780.E780_IF_FILE_ATTACHMENT] Migrated 6,202 rows.
2026-01-09 12:07:07 [E780.E780_IF_FILE_ATTACHMENT] Migrated 6,203 rows.
2026-01-09 12:07:08 [E780.E780_IF_FILE_ATTACHMENT] Migrated 6,204 rows.
2026-01-09 12:07:08 [E780.E780_IF_FILE_ATTACHMENT] Migrated 6,205 rows.
2026-01-09 12:07:09 [E780.E780_IF_FILE_ATTACHMENT] Migrated 6,206 rows.
2026-01-09 12:07:09 [E780.E780_IF_FILE_ATTACHMENT] Migrated 6,207 rows.
2026-01-09 12:07:09 [E780.E780_IF_FILE_ATTACHMENT] Migrated 6,208 rows.
2026-01-09 12:07:09 [E780.E780_IF_FILE_ATTACHMENT] Migrated 6,209 rows.
2026-01-09 12:07:09 [E780.E780_IF_FILE_ATTACHMENT] Migrated 6,210 rows.
2026-01-09 12:07:09 [E780.E780_IF_FILE_ATTACHMENT] Migrated 6,211 rows.
2026-01-09 12:07:09 [E780.E780_IF_FILE_ATTACHMENT] Migrated 6,212 rows.
2026-01-09 12:07:09 [E780.E780_IF_FILE_ATTACHMENT] Migrated 6,213 rows.
2026-01-09 12:07:09 [E780.E780_IF_FILE_ATTACHMENT] Migrated 6,214 rows.
2026-01-09 12:07:09 [E780.E780_IF_FILE_ATTACHMENT] Migrated 6,215 rows.
2026-01-09 12:07:09 [E780.E780_IF_FILE_ATTACHMENT] Migrated 6,216 rows.
2026-01-09 12:07:09 [E780.E780_IF_FILE_ATTACHMENT] Migrated 6,217 rows.
2026-01-09 12:07:10 [E780.E780_IF_FILE_ATTACHMENT] Migrated 6,218 rows.
2026-01-09 12:07:10 [E780.E780_IF_FILE_ATTACHMENT] Migrated 6,219 rows.
2026-01-09 12:07:10 [E780.E780_IF_FILE_ATTACHMENT] Migrated 6,220 rows.
2026-01-09 12:07:10 [E780.E780_IF_FILE_ATTACHMENT] Migrated 6,221 rows.
2026-01-09 12:07:10 [E780.E780_IF_FILE_ATTACHMENT] Migrated 6,222 rows.
2026-01-09 12:07:10 [E780.E780_IF_FILE_ATTACHMENT] Migrated 6,223 rows.
2026-01-09 12:07:10 [E780.E780_IF_FILE_ATTACHMENT] Migrated 6,224 rows.
2026-01-09 12:07:10 [E780.E780_IF_FILE_ATTACHMENT] Migrated 6,225 rows.
2026-01-09 12:07:10 [E780.E780_IF_FILE_ATTACHMENT] Migrated 6,226 rows.
2026-01-09 12:07:10 [E780.E780_IF_FILE_ATTACHMENT] Migrated 6,227 rows.
2026-01-09 12:07:10 [E780.E780_IF_FILE_ATTACHMENT] Migrated 6,228 rows.
2026-01-09 12:07:10 [E780.E780_IF_FILE_ATTACHMENT] Migrated 6,229 rows.
2026-01-09 12:07:11 [E780.E780_IF_FILE_ATTACHMENT] Migrated 6,230 rows.
2026-01-09 12:07:11 [E780.E780_IF_FILE_ATTACHMENT] Migrated 6,231 rows.
2026-01-09 12:07:11 [E780.E780_IF_FILE_ATTACHMENT] Migrated 6,232 rows.
2026-01-09 12:07:11 [E780.E780_IF_FILE_ATTACHMENT] Migrated 6,233 rows.
2026-01-09 12:07:11 [E780.E780_IF_FILE_ATTACHMENT] Migrated 6,234 rows.
2026-01-09 12:07:11 [E780.E780_IF_FILE_ATTACHMENT] Migrated 6,235 rows.
2026-01-09 12:07:12 [E780.E780_IF_FILE_ATTACHMENT] Migrated 6,236 rows.
2026-01-09 12:07:12 [E780.E780_IF_FILE_ATTACHMENT] Migrated 6,237 rows.
2026-01-09 12:07:12 [E780.E780_IF_FILE_ATTACHMENT] Migrated 6,238 rows.
2026-01-09 12:07:12 [E780.E780_IF_FILE_ATTACHMENT] Migrated 6,239 rows.
2026-01-09 12:07:13 [E780.E780_IF_FILE_ATTACHMENT] Migrated 6,240 rows.
2026-01-09 12:07:13 [E780.E780_IF_FILE_ATTACHMENT] Migrated 6,241 rows.
2026-01-09 12:07:14 [E780.E780_IF_FILE_ATTACHMENT] Migrated 6,242 rows.
2026-01-09 12:07:14 [E780.E780_IF_FILE_ATTACHMENT] Migrated 6,243 rows.
2026-01-09 12:07:14 [E780.E780_IF_FILE_ATTACHMENT] Migrated 6,244 rows.
2026-01-09 12:07:15 [E780.E780_IF_FILE_ATTACHMENT] Migrated 6,245 rows.
2026-01-09 12:07:15 [E780.E780_IF_FILE_ATTACHMENT] Migrated 6,246 rows.
2026-01-09 12:07:15 [E780.E780_IF_FILE_ATTACHMENT] Migrated 6,247 rows.
2026-01-09 12:07:15 [E780.E780_IF_FILE_ATTACHMENT] Migrated 6,248 rows.
2026-01-09 12:07:15 [E780.E780_IF_FILE_ATTACHMENT] Migrated 6,249 rows.
2026-01-09 12:07:15 [E780.E780_IF_FILE_ATTACHMENT] Migrated 6,250 rows.
2026-01-09 12:07:15 [E780.E780_IF_FILE_ATTACHMENT] Migrated 6,251 rows.
2026-01-09 12:07:15 [E780.E780_IF_FILE_ATTACHMENT] Migrated 6,252 rows.
2026-01-09 12:07:15 [E780.E780_IF_FILE_ATTACHMENT] Migrated 6,253 rows.
2026-01-09 12:07:15 [E780.E780_IF_FILE_ATTACHMENT] Migrated 6,254 rows.
2026-01-09 12:07:16 [E780.E780_IF_FILE_ATTACHMENT] Migrated 6,255 rows.
2026-01-09 12:07:16 [E780.E780_IF_FILE_ATTACHMENT] Migrated 6,256 rows.
2026-01-09 12:07:16 [E780.E780_IF_FILE_ATTACHMENT] Migrated 6,257 rows.
2026-01-09 12:07:16 [E780.E780_IF_FILE_ATTACHMENT] Migrated 6,258 rows.
2026-01-09 12:07:16 [E780.E780_IF_FILE_ATTACHMENT] Migrated 6,259 rows.
2026-01-09 12:07:16 [E780.E780_IF_FILE_ATTACHMENT] Migrated 6,260 rows.
2026-01-09 12:07:16 [E780.E780_IF_FILE_ATTACHMENT] Migrated 6,261 rows.
2026-01-09 12:07:16 [E780.E780_IF_FILE_ATTACHMENT] Migrated 6,262 rows.
2026-01-09 12:07:16 [E780.E780_IF_FILE_ATTACHMENT] Migrated 6,263 rows.
2026-01-09 12:07:16 [E780.E780_IF_FILE_ATTACHMENT] Migrated 6,264 rows.
2026-01-09 12:07:17 [E780.E780_IF_FILE_ATTACHMENT] Migrated 6,265 rows.
2026-01-09 12:07:17 [E780.E780_IF_FILE_ATTACHMENT] Migrated 6,266 rows.
2026-01-09 12:07:17 [E780.E780_IF_FILE_ATTACHMENT] Migrated 6,267 rows.
2026-01-09 12:07:17 [E780.E780_IF_FILE_ATTACHMENT] Migrated 6,268 rows.
2026-01-09 12:07:17 [E780.E780_IF_FILE_ATTACHMENT] Migrated 6,269 rows.
2026-01-09 12:07:17 [E780.E780_IF_FILE_ATTACHMENT] Migrated 6,270 rows.
2026-01-09 12:07:17 [E780.E780_IF_FILE_ATTACHMENT] Migrated 6,271 rows.
2026-01-09 12:07:18 [E780.E780_IF_FILE_ATTACHMENT] Migrated 6,272 rows.
2026-01-09 12:07:18 [E780.E780_IF_FILE_ATTACHMENT] Migrated 6,273 rows.
2026-01-09 12:07:18 [E780.E780_IF_FILE_ATTACHMENT] Migrated 6,274 rows.
2026-01-09 12:07:18 [E780.E780_IF_FILE_ATTACHMENT] Migrated 6,275 rows.
2026-01-09 12:07:18 [E780.E780_IF_FILE_ATTACHMENT] Migrated 6,276 rows.
2026-01-09 12:07:18 [E780.E780_IF_FILE_ATTACHMENT] Migrated 6,277 rows.
2026-01-09 12:07:18 [E780.E780_IF_FILE_ATTACHMENT] Migrated 6,278 rows.
2026-01-09 12:07:19 [E780.E780_IF_FILE_ATTACHMENT] Migrated 6,279 rows.
2026-01-09 12:07:19 [E780.E780_IF_FILE_ATTACHMENT] Migrated 6,280 rows.
2026-01-09 12:07:19 [E780.E780_IF_FILE_ATTACHMENT] Migrated 6,281 rows.
2026-01-09 12:07:20 [E780.E780_IF_FILE_ATTACHMENT] Migrated 6,282 rows.
2026-01-09 12:07:20 [E780.E780_IF_FILE_ATTACHMENT] Migrated 6,283 rows.
2026-01-09 12:07:20 [E780.E780_IF_FILE_ATTACHMENT] Migrated 6,284 rows.
2026-01-09 12:07:20 [E780.E780_IF_FILE_ATTACHMENT] Migrated 6,285 rows.
2026-01-09 12:07:20 [E780.E780_IF_FILE_ATTACHMENT] Migrated 6,286 rows.
2026-01-09 12:07:20 [E780.E780_IF_FILE_ATTACHMENT] Migrated 6,287 rows.
2026-01-09 12:07:20 [E780.E780_IF_FILE_ATTACHMENT] Migrated 6,288 rows.
2026-01-09 12:07:20 [E780.E780_IF_FILE_ATTACHMENT] Migrated 6,289 rows.
2026-01-09 12:07:20 [E780.E780_IF_FILE_ATTACHMENT] Migrated 6,290 rows.
2026-01-09 12:07:21 [E780.E780_IF_FILE_ATTACHMENT] Migrated 6,291 rows.
2026-01-09 12:07:21 [E780.E780_IF_FILE_ATTACHMENT] Migrated 6,292 rows.
2026-01-09 12:07:21 [E780.E780_IF_FILE_ATTACHMENT] Migrated 6,293 rows.
2026-01-09 12:07:21 [E780.E780_IF_FILE_ATTACHMENT] Migrated 6,294 rows.
2026-01-09 12:07:21 [E780.E780_IF_FILE_ATTACHMENT] Migrated 6,295 rows.
2026-01-09 12:07:21 [E780.E780_IF_FILE_ATTACHMENT] Migrated 6,296 rows.
2026-01-09 12:07:21 [E780.E780_IF_FILE_ATTACHMENT] Migrated 6,297 rows.
2026-01-09 12:07:21 [E780.E780_IF_FILE_ATTACHMENT] Migrated 6,298 rows.
2026-01-09 12:07:22 [E780.E780_IF_FILE_ATTACHMENT] Migrated 6,299 rows.
2026-01-09 12:07:22 [E780.E780_IF_FILE_ATTACHMENT] Migrated 6,300 rows.
2026-01-09 12:07:22 [E780.E780_IF_FILE_ATTACHMENT] Migrated 6,301 rows.
2026-01-09 12:07:22 [E780.E780_IF_FILE_ATTACHMENT] Migrated 6,302 rows.
2026-01-09 12:07:23 [E780.E780_IF_FILE_ATTACHMENT] Migrated 6,303 rows.
2026-01-09 12:07:23 [E780.E780_IF_FILE_ATTACHMENT] Migrated 6,304 rows.
2026-01-09 12:07:23 [E780.E780_IF_FILE_ATTACHMENT] Migrated 6,305 rows.
2026-01-09 12:07:23 [E780.E780_IF_FILE_ATTACHMENT] Migrated 6,306 rows.
2026-01-09 12:07:23 [E780.E780_IF_FILE_ATTACHMENT] Migrated 6,307 rows.
2026-01-09 12:07:23 [E780.E780_IF_FILE_ATTACHMENT] Migrated 6,308 rows.
2026-01-09 12:07:23 [E780.E780_IF_FILE_ATTACHMENT] Migrated 6,309 rows.
2026-01-09 12:07:23 [E780.E780_IF_FILE_ATTACHMENT] Migrated 6,310 rows.
2026-01-09 12:07:23 [E780.E780_IF_FILE_ATTACHMENT] Migrated 6,311 rows.
2026-01-09 12:07:23 [E780.E780_IF_FILE_ATTACHMENT] Migrated 6,312 rows.
2026-01-09 12:07:24 [E780.E780_IF_FILE_ATTACHMENT] Migrated 6,313 rows.
2026-01-09 12:07:24 [E780.E780_IF_FILE_ATTACHMENT] Migrated 6,314 rows.
2026-01-09 12:07:24 [E780.E780_IF_FILE_ATTACHMENT] Migrated 6,315 rows.
2026-01-09 12:07:24 [E780.E780_IF_FILE_ATTACHMENT] Migrated 6,316 rows.
2026-01-09 12:07:25 [E780.E780_IF_FILE_ATTACHMENT] Migrated 6,317 rows.
2026-01-09 12:07:25 [E780.E780_IF_FILE_ATTACHMENT] Migrated 6,318 rows.
2026-01-09 12:07:25 [E780.E780_IF_FILE_ATTACHMENT] Migrated 6,319 rows.
2026-01-09 12:07:25 [E780.E780_IF_FILE_ATTACHMENT] Migrated 6,320 rows.
2026-01-09 12:07:25 [E780.E780_IF_FILE_ATTACHMENT] Migrated 6,321 rows.
2026-01-09 12:07:25 [E780.E780_IF_FILE_ATTACHMENT] Migrated 6,322 rows.
2026-01-09 12:07:25 [E780.E780_IF_FILE_ATTACHMENT] Migrated 6,323 rows.
2026-01-09 12:07:25 [E780.E780_IF_FILE_ATTACHMENT] Migrated 6,324 rows.
2026-01-09 12:07:25 [E780.E780_IF_FILE_ATTACHMENT] Migrated 6,325 rows.
2026-01-09 12:07:26 [E780.E780_IF_FILE_ATTACHMENT] Migrated 6,326 rows.
2026-01-09 12:07:26 [E780.E780_IF_FILE_ATTACHMENT] Migrated 6,327 rows.
2026-01-09 12:07:26 [E780.E780_IF_FILE_ATTACHMENT] Migrated 6,328 rows.
2026-01-09 12:07:26 [E780.E780_IF_FILE_ATTACHMENT] Migrated 6,329 rows.
2026-01-09 12:07:26 [E780.E780_IF_FILE_ATTACHMENT] Migrated 6,330 rows.
2026-01-09 12:07:26 [E780.E780_IF_FILE_ATTACHMENT] Migrated 6,331 rows.
2026-01-09 12:07:26 [E780.E780_IF_FILE_ATTACHMENT] Migrated 6,332 rows.
2026-01-09 12:07:27 [E780.E780_IF_FILE_ATTACHMENT] Migrated 6,333 rows.
2026-01-09 12:07:27 [E780.E780_IF_FILE_ATTACHMENT] Migrated 6,334 rows.
2026-01-09 12:07:27 [E780.E780_IF_FILE_ATTACHMENT] Migrated 6,335 rows.
2026-01-09 12:07:27 [E780.E780_IF_FILE_ATTACHMENT] Migrated 6,336 rows.
2026-01-09 12:07:27 [E780.E780_IF_FILE_ATTACHMENT] Migrated 6,337 rows.
2026-01-09 12:07:27 [E780.E780_IF_FILE_ATTACHMENT] Migrated 6,338 rows.
2026-01-09 12:07:27 [E780.E780_IF_FILE_ATTACHMENT] Migrated 6,339 rows.
2026-01-09 12:07:27 [E780.E780_IF_FILE_ATTACHMENT] Migrated 6,340 rows.
2026-01-09 12:07:27 [E780.E780_IF_FILE_ATTACHMENT] Migrated 6,341 rows.
2026-01-09 12:07:27 [E780.E780_IF_FILE_ATTACHMENT] Migrated 6,342 rows.
2026-01-09 12:07:27 [E780.E780_IF_FILE_ATTACHMENT] Migrated 6,343 rows.
2026-01-09 12:07:28 [E780.E780_IF_FILE_ATTACHMENT] Migrated 6,344 rows.
2026-01-09 12:07:28 [E780.E780_IF_FILE_ATTACHMENT] Migrated 6,345 rows.
2026-01-09 12:07:28 [E780.E780_IF_FILE_ATTACHMENT] Migrated 6,346 rows.
2026-01-09 12:07:28 [E780.E780_IF_FILE_ATTACHMENT] Migrated 6,347 rows.
2026-01-09 12:07:28 [E780.E780_IF_FILE_ATTACHMENT] Migrated 6,348 rows.
2026-01-09 12:07:28 [E780.E780_IF_FILE_ATTACHMENT] Migrated 6,349 rows.
2026-01-09 12:07:28 [E780.E780_IF_FILE_ATTACHMENT] Migrated 6,350 rows.
2026-01-09 12:07:28 [E780.E780_IF_FILE_ATTACHMENT] Migrated 6,351 rows.
2026-01-09 12:07:28 [E780.E780_IF_FILE_ATTACHMENT] Migrated 6,352 rows.
2026-01-09 12:07:28 [E780.E780_IF_FILE_ATTACHMENT] Migrated 6,353 rows.
2026-01-09 12:07:28 [E780.E780_IF_FILE_ATTACHMENT] Migrated 6,354 rows.
2026-01-09 12:07:28 [E780.E780_IF_FILE_ATTACHMENT] Migrated 6,355 rows.
2026-01-09 12:07:28 [E780.E780_IF_FILE_ATTACHMENT] Migrated 6,356 rows.
2026-01-09 12:07:29 [E780.E780_IF_FILE_ATTACHMENT] Migrated 6,357 rows.
2026-01-09 12:07:29 [E780.E780_IF_FILE_ATTACHMENT] Migrated 6,358 rows.
2026-01-09 12:07:29 [E780.E780_IF_FILE_ATTACHMENT] Migrated 6,359 rows.
2026-01-09 12:07:29 [E780.E780_IF_FILE_ATTACHMENT] Migrated 6,360 rows.
2026-01-09 12:07:29 [E780.E780_IF_FILE_ATTACHMENT] Migrated 6,361 rows.
2026-01-09 12:07:29 [E780.E780_IF_FILE_ATTACHMENT] Migrated 6,362 rows.
2026-01-09 12:07:29 [E780.E780_IF_FILE_ATTACHMENT] Migrated 6,363 rows.
2026-01-09 12:07:29 [E780.E780_IF_FILE_ATTACHMENT] Migrated 6,364 rows.
2026-01-09 12:07:29 [E780.E780_IF_FILE_ATTACHMENT] Migrated 6,365 rows.
2026-01-09 12:07:29 [E780.E780_IF_FILE_ATTACHMENT] Migrated 6,366 rows.
2026-01-09 12:07:29 [E780.E780_IF_FILE_ATTACHMENT] Migrated 6,367 rows.
2026-01-09 12:07:29 [E780.E780_IF_FILE_ATTACHMENT] Migrated 6,368 rows.
2026-01-09 12:07:30 [E780.E780_IF_FILE_ATTACHMENT] Migrated 6,369 rows.
2026-01-09 12:07:30 [E780.E780_IF_FILE_ATTACHMENT] Migrated 6,370 rows.
2026-01-09 12:07:30 [E780.E780_IF_FILE_ATTACHMENT] Migrated 6,371 rows.
2026-01-09 12:07:30 [E780.E780_IF_FILE_ATTACHMENT] Migrated 6,372 rows.
2026-01-09 12:07:30 [E780.E780_IF_FILE_ATTACHMENT] Migrated 6,373 rows.
2026-01-09 12:07:30 [E780.E780_IF_FILE_ATTACHMENT] Migrated 6,374 rows.
2026-01-09 12:07:30 [E780.E780_IF_FILE_ATTACHMENT] Migrated 6,375 rows.
2026-01-09 12:07:30 [E780.E780_IF_FILE_ATTACHMENT] Migrated 6,376 rows.
2026-01-09 12:07:30 [E780.E780_IF_FILE_ATTACHMENT] Migrated 6,377 rows.
2026-01-09 12:07:30 [E780.E780_IF_FILE_ATTACHMENT] Migrated 6,378 rows.
2026-01-09 12:07:30 [E780.E780_IF_FILE_ATTACHMENT] Migrated 6,379 rows.
2026-01-09 12:07:31 [E780.E780_IF_FILE_ATTACHMENT] Migrated 6,380 rows.
2026-01-09 12:07:31 [E780.E780_IF_FILE_ATTACHMENT] Migrated 6,381 rows.
2026-01-09 12:07:31 [E780.E780_IF_FILE_ATTACHMENT] Migrated 6,382 rows.
2026-01-09 12:07:31 [E780.E780_IF_FILE_ATTACHMENT] Migrated 6,383 rows.
2026-01-09 12:07:31 [E780.E780_IF_FILE_ATTACHMENT] Migrated 6,384 rows.
2026-01-09 12:07:31 [E780.E780_IF_FILE_ATTACHMENT] Migrated 6,385 rows.
2026-01-09 12:07:31 [E780.E780_IF_FILE_ATTACHMENT] Migrated 6,386 rows.
2026-01-09 12:07:31 [E780.E780_IF_FILE_ATTACHMENT] Migrated 6,387 rows.
2026-01-09 12:07:31 [E780.E780_IF_FILE_ATTACHMENT] Migrated 6,388 rows.
2026-01-09 12:07:32 [E780.E780_IF_FILE_ATTACHMENT] Migrated 6,389 rows.
2026-01-09 12:07:32 [E780.E780_IF_FILE_ATTACHMENT] Migrated 6,390 rows.
2026-01-09 12:07:32 [E780.E780_IF_FILE_ATTACHMENT] Migrated 6,391 rows.
2026-01-09 12:07:32 [E780.E780_IF_FILE_ATTACHMENT] Migrated 6,392 rows.
2026-01-09 12:07:32 [E780.E780_IF_FILE_ATTACHMENT] Migrated 6,393 rows.
2026-01-09 12:07:32 [E780.E780_IF_FILE_ATTACHMENT] Migrated 6,394 rows.
2026-01-09 12:07:32 [E780.E780_IF_FILE_ATTACHMENT] Migrated 6,395 rows.
2026-01-09 12:07:32 [E780.E780_IF_FILE_ATTACHMENT] Migrated 6,396 rows.
2026-01-09 12:07:32 [E780.E780_IF_FILE_ATTACHMENT] Migrated 6,397 rows.
2026-01-09 12:07:32 [E780.E780_IF_FILE_ATTACHMENT] Migrated 6,398 rows.
2026-01-09 12:07:33 [E780.E780_IF_FILE_ATTACHMENT] Migrated 6,399 rows.
2026-01-09 12:07:33 [E780.E780_IF_FILE_ATTACHMENT] Migrated 6,400 rows.
2026-01-09 12:07:33 [E780.E780_IF_FILE_ATTACHMENT] Migrated 6,401 rows.
2026-01-09 12:07:33 [E780.E780_IF_FILE_ATTACHMENT] Migrated 6,402 rows.
2026-01-09 12:07:33 [E780.E780_IF_FILE_ATTACHMENT] Migrated 6,403 rows.
2026-01-09 12:07:33 [E780.E780_IF_FILE_ATTACHMENT] Migrated 6,404 rows.
2026-01-09 12:07:33 [E780.E780_IF_FILE_ATTACHMENT] Migrated 6,405 rows.
2026-01-09 12:07:33 [E780.E780_IF_FILE_ATTACHMENT] Migrated 6,406 rows.
2026-01-09 12:07:33 [E780.E780_IF_FILE_ATTACHMENT] Migrated 6,407 rows.
2026-01-09 12:07:33 [E780.E780_IF_FILE_ATTACHMENT] Migrated 6,408 rows.
2026-01-09 12:07:34 [E780.E780_IF_FILE_ATTACHMENT] Migrated 6,409 rows.
2026-01-09 12:07:34 [E780.E780_IF_FILE_ATTACHMENT] Migrated 6,410 rows.
2026-01-09 12:07:34 [E780.E780_IF_FILE_ATTACHMENT] Migrated 6,411 rows.
2026-01-09 12:07:34 [E780.E780_IF_FILE_ATTACHMENT] Migrated 6,412 rows.
2026-01-09 12:07:34 [E780.E780_IF_FILE_ATTACHMENT] Migrated 6,413 rows.
2026-01-09 12:07:34 [E780.E780_IF_FILE_ATTACHMENT] Migrated 6,414 rows.
2026-01-09 12:07:34 [E780.E780_IF_FILE_ATTACHMENT] Migrated 6,415 rows.
2026-01-09 12:07:34 [E780.E780_IF_FILE_ATTACHMENT] Migrated 6,416 rows.
2026-01-09 12:07:34 [E780.E780_IF_FILE_ATTACHMENT] Migrated 6,417 rows.
2026-01-09 12:07:35 [E780.E780_IF_FILE_ATTACHMENT] Migrated 6,418 rows.
2026-01-09 12:07:35 [E780.E780_IF_FILE_ATTACHMENT] Migrated 6,419 rows.
2026-01-09 12:07:35 [E780.E780_IF_FILE_ATTACHMENT] Migrated 6,420 rows.
2026-01-09 12:07:35 [E780.E780_IF_FILE_ATTACHMENT] Migrated 6,421 rows.
2026-01-09 12:07:35 [E780.E780_IF_FILE_ATTACHMENT] Migrated 6,422 rows.
2026-01-09 12:07:35 [E780.E780_IF_FILE_ATTACHMENT] Migrated 6,423 rows.
2026-01-09 12:07:35 [E780.E780_IF_FILE_ATTACHMENT] Migrated 6,424 rows.
2026-01-09 12:07:36 [E780.E780_IF_FILE_ATTACHMENT] Migrated 6,425 rows.
2026-01-09 12:07:36 [E780.E780_IF_FILE_ATTACHMENT] Migrated 6,426 rows.
2026-01-09 12:07:36 [E780.E780_IF_FILE_ATTACHMENT] Migrated 6,427 rows.
2026-01-09 12:07:36 [E780.E780_IF_FILE_ATTACHMENT] Migrated 6,428 rows.
2026-01-09 12:07:37 [E780.E780_IF_FILE_ATTACHMENT] Migrated 6,429 rows.
2026-01-09 12:07:37 [E780.E780_IF_FILE_ATTACHMENT] Migrated 6,430 rows.
2026-01-09 12:07:37 [E780.E780_IF_FILE_ATTACHMENT] Migrated 6,431 rows.
2026-01-09 12:07:37 [E780.E780_IF_FILE_ATTACHMENT] Migrated 6,432 rows.
2026-01-09 12:07:37 [E780.E780_IF_FILE_ATTACHMENT] Migrated 6,433 rows.
2026-01-09 12:07:37 [E780.E780_IF_FILE_ATTACHMENT] Migrated 6,434 rows.
2026-01-09 12:07:37 [E780.E780_IF_FILE_ATTACHMENT] Migrated 6,435 rows.
2026-01-09 12:07:38 [E780.E780_IF_FILE_ATTACHMENT] Migrated 6,436 rows.
2026-01-09 12:07:38 [E780.E780_IF_FILE_ATTACHMENT] Migrated 6,437 rows.
2026-01-09 12:07:38 [E780.E780_IF_FILE_ATTACHMENT] Migrated 6,438 rows.
2026-01-09 12:07:38 [E780.E780_IF_FILE_ATTACHMENT] Migrated 6,439 rows.
2026-01-09 12:07:38 [E780.E780_IF_FILE_ATTACHMENT] Migrated 6,440 rows.
2026-01-09 12:07:39 [E780.E780_IF_FILE_ATTACHMENT] Migrated 6,441 rows.
